记录年月,设备编号,设备类型,所属变电站,月平均负荷率,月最大负荷率,环境温度（℃）,油温（℃）,绕组温度（℃）,绝缘电阻（MΩ）,介质损耗角tanδ,局部放电量（pC）,SF6气体压力（MPa）,距离故障月份,故障时间,故障类型
2023-01-01,EQ-0093,断路器,前海110kV变电站,0.571,0.6602,11.9,,,9517.0,,,0.539,0,2023-01-02 00:19:00,拒动/误动
2023-01-01,EQ-0038,GIS组合电器,龙华220kV变电站,0.5785,0.751,7.1,53.1,71.4,10040.0,,3.4,0.487,0,2023-01-02 19:12:00,机械故障
2023-01-01,EQ-0008,断路器,龙华220kV变电站,0.505,0.6125,10.5,,,6508.0,,,0.517,0,2023-01-04 12:47:00,外力因素
2023-01-01,EQ-0028,避雷器,龙华220kV变电站,0.6604,0.7951,9.1,,,,,,,0,2023-01-05 15:13:00,阀片劣化
2023-01-01,EQ-0394,GIS组合电器,重庆两江220kV变电站,0.6496,0.771,7.0,48.7,65.3,10586.0,,16.5,0.479,0,2023-01-06 11:11:00,机械故障
2023-01-01,EQ-0079,隔离开关,南沙110kV变电站,0.6337,0.8299,8.2,,,,,,,0,2023-01-12 08:29:00,机械故障
2023-01-01,EQ-0154,断路器,苏州工业园220kV变电站,0.5864,0.68,3.6,,,10093.0,,,0.529,0,2023-01-15 11:32:00,机械故障
2023-01-01,EQ-0067,GIS组合电器,松山湖220kV变电站,0.5907,0.7532,11.7,50.1,68.1,9563.0,,14.3,0.482,0,2023-01-18 19:13:00,SF6泄漏
2023-01-01,EQ-0301,断路器,武昌110kV变电站,0.4482,0.5534,2.3,,,9022.0,,,0.436,0,2023-01-27 14:31:00,拒动/误动
2023-01-01,EQ-0072,断路器,南沙110kV变电站,0.6086,0.7397,4.6,,,10230.0,,,0.44,0,2023-01-29 13:34:00,拒动/误动
2023-01-01,EQ-0043,断路器,松山湖220kV变电站,0.4852,0.581,8.4,,,9732.0,,,0.523,-1,2023-02-04 06:56:00,机械故障
2023-02-01,EQ-0043,断路器,松山湖220kV变电站,0.4227,0.5063,12.6,,,8068.0,,,0.442,0,2023-02-04 06:56:00,机械故障
2023-01-01,EQ-0250,避雷器,通州35kV变电站,0.6533,0.8316,3.0,,,,,,,-1,2023-02-07 00:55:00,阀片劣化
2023-02-01,EQ-0250,避雷器,通州35kV变电站,0.5294,0.6526,1.1,,,,,,,0,2023-02-07 00:55:00,阀片劣化
2023-01-01,EQ-0069,电力变压器,南沙110kV变电站,0.5723,0.6682,9.9,47.3,66.0,7888.0,0.00519,6.7,,-1,2023-02-07 11:50:00,油系统故障
2023-02-01,EQ-0069,电力变压器,南沙110kV变电站,0.5276,0.666,10.5,49.5,66.6,11268.0,0.00432,13.2,,0,2023-02-07 11:50:00,油系统故障
2023-01-01,EQ-0396,电力变压器,成都高新35kV变电站,0.5263,0.6216,6.6,43.0,59.5,9283.0,0.00431,13.5,,-1,2023-02-20 19:51:00,保护动作
2023-02-01,EQ-0396,电力变压器,成都高新35kV变电站,0.4565,0.5558,7.3,41.0,53.5,12277.0,0.00414,3.1,,0,2023-02-20 19:51:00,保护动作
2023-01-01,EQ-0399,断路器,成都高新35kV变电站,0.6478,0.822,2.1,,,10259.0,,,0.443,-1,2023-02-22 01:01:00,机械故障
2023-02-01,EQ-0399,断路器,成都高新35kV变电站,0.5501,0.6618,8.4,,,10749.0,,,0.491,0,2023-02-22 01:01:00,机械故障
2023-01-01,EQ-0129,电力变压器,临港110kV变电站,0.4946,0.6671,4.5,40.9,54.5,8699.0,0.00506,5.0,,-1,2023-02-22 14:18:00,保护动作
2023-02-01,EQ-0129,电力变压器,临港110kV变电站,0.4139,0.5288,6.8,40.4,57.3,12159.0,0.00487,11.1,,0,2023-02-22 14:18:00,保护动作
2023-01-01,EQ-0048,断路器,松山湖220kV变电站,0.5845,0.78,10.4,,,8073.0,,,0.467,-1,2023-02-22 23:05:00,外力因素
2023-02-01,EQ-0048,断路器,松山湖220kV变电站,0.4942,0.5819,10.3,,,6647.0,,,0.52,0,2023-02-22 23:05:00,外力因素
2023-01-01,EQ-0434,隔离开关,大连开发区35kV变电站,0.5161,0.6393,-2.8,,,,,,,-1,2023-02-24 09:25:00,机械故障
2023-02-01,EQ-0434,隔离开关,大连开发区35kV变电站,0.4337,0.5139,-3.8,,,,,,,0,2023-02-24 09:25:00,机械故障
2023-01-01,EQ-0208,隔离开关,昆山35kV变电站,0.5909,0.7297,3.0,,,,,,,-2,2023-03-02 01:55:00,绝缘故障
2023-02-01,EQ-0208,隔离开关,昆山35kV变电站,0.4607,0.5522,8.0,,,,,,,-1,2023-03-02 01:55:00,绝缘故障
2023-03-01,EQ-0208,隔离开关,昆山35kV变电站,0.4335,0.5062,10.5,,,,,,,0,2023-03-02 01:55:00,绝缘故障
2023-01-01,EQ-0333,断路器,长沙星沙110kV变电站,0.5961,0.7226,2.5,,,7667.0,,,0.504,-2,2023-03-02 18:11:00,拒动/误动
2023-02-01,EQ-0333,断路器,长沙星沙110kV变电站,0.5214,0.6724,4.3,,,10749.0,,,0.484,-1,2023-03-02 18:11:00,拒动/误动
2023-03-01,EQ-0333,断路器,长沙星沙110kV变电站,0.5289,0.626,11.7,,,8862.0,,,0.525,0,2023-03-02 18:11:00,拒动/误动
2023-01-01,EQ-0129,电力变压器,临港110kV变电站,0.4946,0.6671,4.5,40.9,54.5,8699.0,0.00506,5.0,,-2,2023-03-06 14:18:00,油系统故障
2023-02-01,EQ-0129,电力变压器,临港110kV变电站,0.4139,0.5288,6.8,40.4,57.3,12159.0,0.00487,11.1,,-1,2023-03-06 14:18:00,油系统故障
2023-03-01,EQ-0129,电力变压器,临港110kV变电站,0.398,0.497,13.9,55.4,68.3,13434.0,0.00258,6.7,,0,2023-03-06 14:18:00,油系统故障
2023-01-01,EQ-0146,避雷器,临港110kV变电站,0.4575,0.611,4.9,,,,,,,-2,2023-03-08 05:23:00,密封失效
2023-02-01,EQ-0146,避雷器,临港110kV变电站,0.4379,0.5836,8.2,,,,,,,-1,2023-03-08 05:23:00,密封失效
2023-03-01,EQ-0146,避雷器,临港110kV变电站,0.3765,0.5057,10.9,,,,,,,0,2023-03-08 05:23:00,密封失效
2023-01-01,EQ-0148,电力变压器,苏州工业园220kV变电站,0.6329,0.832,7.2,49.4,69.5,11110.0,0.00445,8.2,,-2,2023-03-08 09:48:00,油系统故障
2023-02-01,EQ-0148,电力变压器,苏州工业园220kV变电站,0.4956,0.6175,7.2,44.6,58.1,8732.0,0.00323,3.9,,-1,2023-03-08 09:48:00,油系统故障
2023-03-01,EQ-0148,电力变压器,苏州工业园220kV变电站,0.4661,0.5903,12.7,48.7,62.9,7502.0,0.00577,12.9,,0,2023-03-08 09:48:00,油系统故障
2023-01-01,EQ-0119,隔离开关,张江110kV变电站,0.5079,0.6336,7.9,,,,,,,-2,2023-03-08 17:59:00,接触不良
2023-02-01,EQ-0119,隔离开关,张江110kV变电站,0.4547,0.5913,7.2,,,,,,,-1,2023-03-08 17:59:00,接触不良
2023-03-01,EQ-0119,隔离开关,张江110kV变电站,0.4186,0.4944,15.1,,,,,,,0,2023-03-08 17:59:00,接触不良
2023-01-01,EQ-0424,避雷器,沈阳浑南110kV变电站,0.4927,0.6117,-1.9,,,,,,,-2,2023-03-21 16:22:00,阀片劣化
2023-02-01,EQ-0424,避雷器,沈阳浑南110kV变电站,0.4217,0.5115,0.0,,,,,,,-1,2023-03-21 16:22:00,阀片劣化
2023-03-01,EQ-0424,避雷器,沈阳浑南110kV变电站,0.4755,0.582,5.9,,,,,,,0,2023-03-21 16:22:00,阀片劣化
2023-01-01,EQ-0099,电容器组,前海110kV变电站,0.6463,0.8604,7.8,,,,0.00567,,,-2,2023-03-26 16:14:00,鼓肚渗油
2023-02-01,EQ-0099,电容器组,前海110kV变电站,0.512,0.6199,12.4,,,,0.00429,,,-1,2023-03-26 16:14:00,鼓肚渗油
2023-03-01,EQ-0099,电容器组,前海110kV变电站,0.5172,0.6319,16.5,,,,0.00489,,,0,2023-03-26 16:14:00,鼓肚渗油
2023-01-01,EQ-0424,避雷器,沈阳浑南110kV变电站,0.4927,0.6117,-1.9,,,,,,,-3,2023-04-02 11:42:00,阀片劣化
2023-02-01,EQ-0424,避雷器,沈阳浑南110kV变电站,0.4217,0.5115,0.0,,,,,,,-2,2023-04-02 11:42:00,阀片劣化
2023-03-01,EQ-0424,避雷器,沈阳浑南110kV变电站,0.4755,0.582,5.9,,,,,,,-1,2023-04-02 11:42:00,阀片劣化
2023-04-01,EQ-0424,避雷器,沈阳浑南110kV变电站,0.441,0.591,13.7,,,,,,,0,2023-04-02 11:42:00,阀片劣化
2023-01-01,EQ-0187,断路器,杭州滨江110kV变电站,0.6056,0.7976,2.6,,,10488.0,,,0.489,-3,2023-04-14 20:20:00,绝缘故障
2023-02-01,EQ-0187,断路器,杭州滨江110kV变电站,0.5914,0.7324,8.7,,,11994.0,,,0.513,-2,2023-04-14 20:20:00,绝缘故障
2023-03-01,EQ-0187,断路器,杭州滨江110kV变电站,0.5175,0.6101,17.2,,,10836.0,,,0.523,-1,2023-04-14 20:20:00,绝缘故障
2023-04-01,EQ-0187,断路器,杭州滨江110kV变电站,0.5309,0.6768,17.0,,,9643.0,,,0.512,0,2023-04-14 20:20:00,绝缘故障
2023-01-01,EQ-0404,电容器组,成都高新35kV变电站,0.6143,0.7459,7.6,,,,0.0032,,,-3,2023-04-17 01:35:00,绝缘击穿
2023-02-01,EQ-0404,电容器组,成都高新35kV变电站,0.5867,0.7364,9.6,,,,0.00497,,,-2,2023-04-17 01:35:00,绝缘击穿
2023-03-01,EQ-0404,电容器组,成都高新35kV变电站,0.5857,0.7412,12.8,,,,0.00317,,,-1,2023-04-17 01:35:00,绝缘击穿
2023-04-01,EQ-0404,电容器组,成都高新35kV变电站,0.5493,0.6785,18.7,,,,0.00427,,,0,2023-04-17 01:35:00,绝缘击穿
2023-01-01,EQ-0082,避雷器,南沙110kV变电站,0.6818,0.9124,13.4,,,,,,,-3,2023-04-20 18:18:00,密封失效
2023-02-01,EQ-0082,避雷器,南沙110kV变电站,0.5772,0.7023,11.2,,,,,,,-2,2023-04-20 18:18:00,密封失效
2023-03-01,EQ-0082,避雷器,南沙110kV变电站,0.5294,0.6445,16.1,,,,,,,-1,2023-04-20 18:18:00,密封失效
2023-04-01,EQ-0082,避雷器,南沙110kV变电站,0.5624,0.7343,25.6,,,,,,,0,2023-04-20 18:18:00,密封失效
2023-01-01,EQ-0283,电力变压器,石家庄高新35kV变电站,0.6405,0.7763,-0.2,46.7,65.2,9476.0,0.00557,2.6,,-3,2023-04-26 14:56:00,机械故障
2023-02-01,EQ-0283,电力变压器,石家庄高新35kV变电站,0.591,0.7484,4.8,41.9,58.0,10274.0,0.00316,7.3,,-2,2023-04-26 14:56:00,机械故障
2023-03-01,EQ-0283,电力变压器,石家庄高新35kV变电站,0.5535,0.7009,10.7,47.7,65.2,9438.0,0.00493,4.0,,-1,2023-04-26 14:56:00,机械故障
2023-04-01,EQ-0283,电力变压器,石家庄高新35kV变电站,0.5273,0.6779,12.5,50.0,68.3,8140.0,0.00412,12.7,,0,2023-04-26 14:56:00,机械故障
2023-01-01,EQ-0361,避雷器,武侯110kV变电站,0.6864,0.7936,9.4,,,,,,,-3,2023-04-27 19:47:00,接地故障
2023-02-01,EQ-0361,避雷器,武侯110kV变电站,0.5778,0.7115,5.3,,,,,,,-2,2023-04-27 19:47:00,接地故障
2023-03-01,EQ-0361,避雷器,武侯110kV变电站,0.5292,0.6376,15.1,,,,,,,-1,2023-04-27 19:47:00,接地故障
2023-04-01,EQ-0361,避雷器,武侯110kV变电站,0.5262,0.6981,17.8,,,,,,,0,2023-04-27 19:47:00,接地故障
2023-02-01,EQ-0106,GIS组合电器,前海110kV变电站,0.4844,0.6176,12.8,45.7,57.3,10181.0,,14.9,0.469,-3,2023-05-04 06:19:00,SF6泄漏
2023-03-01,EQ-0106,GIS组合电器,前海110kV变电站,0.4623,0.5991,17.8,53.9,67.8,8925.0,,14.7,0.498,-2,2023-05-04 06:19:00,SF6泄漏
2023-04-01,EQ-0106,GIS组合电器,前海110kV变电站,0.4855,0.6192,22.2,63.1,76.6,12466.0,,3.5,0.527,-1,2023-05-04 06:19:00,SF6泄漏
2023-05-01,EQ-0106,GIS组合电器,前海110kV变电站,0.5322,0.6361,31.2,69.1,84.5,7897.0,,9.4,0.488,0,2023-05-04 06:19:00,SF6泄漏
2023-02-01,EQ-0347,电力变压器,武侯110kV变电站,0.4138,0.5318,4.6,39.1,53.2,10197.0,0.0032,9.1,,-3,2023-05-08 20:57:00,过热故障
2023-03-01,EQ-0347,电力变压器,武侯110kV变电站,0.4178,0.536,14.5,49.6,66.6,9488.0,0.00514,7.2,,-2,2023-05-08 20:57:00,过热故障
2023-04-01,EQ-0347,电力变压器,武侯110kV变电站,0.4175,0.487,16.1,46.7,61.3,10149.0,0.00258,5.9,,-1,2023-05-08 20:57:00,过热故障
2023-05-01,EQ-0347,电力变压器,武侯110kV变电站,0.494,0.5682,23.5,59.1,71.0,6399.0,0.00363,6.8,,0,2023-05-08 20:57:00,过热故障
2023-02-01,EQ-0075,断路器,南沙110kV变电站,0.4647,0.5426,9.1,,,11730.0,,,0.508,-3,2023-05-19 20:49:00,外力因素
2023-03-01,EQ-0075,断路器,南沙110kV变电站,0.4368,0.5096,21.1,,,12855.0,,,0.47,-2,2023-05-19 20:49:00,外力因素
2023-04-01,EQ-0075,断路器,南沙110kV变电站,0.4211,0.5088,24.0,,,6398.0,,,0.494,-1,2023-05-19 20:49:00,外力因素
2023-05-01,EQ-0075,断路器,南沙110kV变电站,0.5641,0.6847,31.6,,,9133.0,,,0.504,0,2023-05-19 20:49:00,外力因素
2023-02-01,EQ-0364,GIS组合电器,武侯110kV变电站,0.4399,0.5255,5.6,45.2,58.7,8194.0,,5.9,0.467,-3,2023-05-21 00:45:00,机械故障
2023-03-01,EQ-0364,GIS组合电器,武侯110kV变电站,0.3802,0.4861,15.3,48.8,60.6,9384.0,,9.9,0.478,-2,2023-05-21 00:45:00,机械故障
2023-04-01,EQ-0364,GIS组合电器,武侯110kV变电站,0.3597,0.4391,14.4,43.2,58.8,12083.0,,2.8,0.501,-1,2023-05-21 00:45:00,机械故障
2023-05-01,EQ-0364,GIS组合电器,武侯110kV变电站,0.4111,0.4974,23.4,61.4,81.4,10706.0,,5.4,0.481,0,2023-05-21 00:45:00,机械故障
2023-02-01,EQ-0004,电力变压器,龙华220kV变电站,0.5244,0.6999,14.2,54.1,73.1,10155.0,0.00604,3.8,,-3,2023-05-21 09:04:00,绝缘故障
2023-03-01,EQ-0004,电力变压器,龙华220kV变电站,0.5298,0.6406,19.6,56.4,73.8,9506.0,0.00496,3.7,,-2,2023-05-21 09:04:00,绝缘故障
2023-04-01,EQ-0004,电力变压器,龙华220kV变电站,0.4932,0.5686,20.8,57.4,73.5,8028.0,0.00293,6.4,,-1,2023-05-21 09:04:00,绝缘故障
2023-05-01,EQ-0004,电力变压器,龙华220kV变电站,0.5404,0.6487,29.0,66.2,81.6,8880.0,0.00471,8.7,,0,2023-05-21 09:04:00,绝缘故障
2023-02-01,EQ-0409,电力变压器,沈阳浑南110kV变电站,0.5369,0.645,-1.4,40.4,56.4,6768.0,0.00469,4.7,,-3,2023-05-22 03:39:00,油系统故障
2023-03-01,EQ-0409,电力变压器,沈阳浑南110kV变电站,0.5268,0.6153,1.3,34.0,49.5,11683.0,0.00469,4.7,,-2,2023-05-22 03:39:00,油系统故障
2023-04-01,EQ-0409,电力变压器,沈阳浑南110kV变电站,0.5536,0.6619,11.4,51.0,66.1,9057.0,0.00324,2.7,,-1,2023-05-22 03:39:00,油系统故障
2023-05-01,EQ-0409,电力变压器,沈阳浑南110kV变电站,0.6166,0.7451,17.5,60.8,77.8,7937.0,0.00511,4.1,,0,2023-05-22 03:39:00,油系统故障
2023-02-01,EQ-0396,电力变压器,成都高新35kV变电站,0.4565,0.5558,7.3,41.0,53.5,12277.0,0.00414,3.1,,-3,2023-05-24 06:51:00,保护动作
2023-03-01,EQ-0396,电力变压器,成都高新35kV变电站,0.3945,0.4753,14.1,43.5,55.5,10690.0,0.00432,8.7,,-2,2023-05-24 06:51:00,保护动作
2023-04-01,EQ-0396,电力变压器,成都高新35kV变电站,0.4628,0.5415,19.7,52.8,71.8,10067.0,0.00375,9.1,,-1,2023-05-24 06:51:00,保护动作
2023-05-01,EQ-0396,电力变压器,成都高新35kV变电站,0.5335,0.6849,23.8,72.0,87.2,9903.0,0.00521,5.1,,0,2023-05-24 06:51:00,保护动作
2023-02-01,EQ-0180,GIS组合电器,苏州工业园220kV变电站,0.4389,0.5548,7.0,42.9,57.3,7097.0,,10.7,0.438,-3,2023-05-25 05:56:00,局部放电
2023-03-01,EQ-0180,GIS组合电器,苏州工业园220kV变电站,0.3579,0.463,13.3,52.2,67.3,9165.0,,24.6,0.492,-2,2023-05-25 05:56:00,局部放电
2023-04-01,EQ-0180,GIS组合电器,苏州工业园220kV变电站,0.4037,0.5297,21.0,52.2,67.8,8403.0,,6.7,0.509,-1,2023-05-25 05:56:00,局部放电
2023-05-01,EQ-0180,GIS组合电器,苏州工业园220kV变电站,0.4575,0.5337,24.3,65.2,79.0,11266.0,,16.6,0.439,0,2023-05-25 05:56:00,局部放电
2023-02-01,EQ-0336,隔离开关,长沙星沙110kV变电站,0.5381,0.7193,3.5,,,,,,,-3,2023-05-25 19:03:00,机械故障
2023-03-01,EQ-0336,隔离开关,长沙星沙110kV变电站,0.5351,0.6469,11.5,,,,,,,-2,2023-05-25 19:03:00,机械故障
2023-04-01,EQ-0336,隔离开关,长沙星沙110kV变电站,0.5382,0.7206,19.3,,,,,,,-1,2023-05-25 19:03:00,机械故障
2023-05-01,EQ-0336,隔离开关,长沙星沙110kV变电站,0.6443,0.8209,22.8,,,,,,,0,2023-05-25 19:03:00,机械故障
2023-02-01,EQ-0071,断路器,南沙110kV变电站,0.4291,0.5042,10.1,,,10604.0,,,0.457,-3,2023-05-26 00:51:00,绝缘故障
2023-03-01,EQ-0071,断路器,南沙110kV变电站,0.4079,0.5409,14.4,,,13167.0,,,0.437,-2,2023-05-26 00:51:00,绝缘故障
2023-04-01,EQ-0071,断路器,南沙110kV变电站,0.4077,0.5154,21.4,,,9674.0,,,0.452,-1,2023-05-26 00:51:00,绝缘故障
2023-05-01,EQ-0071,断路器,南沙110kV变电站,0.4339,0.5343,29.5,,,9974.0,,,0.532,0,2023-05-26 00:51:00,绝缘故障
2023-02-01,EQ-0404,电容器组,成都高新35kV变电站,0.5867,0.7364,9.6,,,,0.00497,,,-3,2023-05-26 01:35:00,外力因素
2023-03-01,EQ-0404,电容器组,成都高新35kV变电站,0.5857,0.7412,12.8,,,,0.00317,,,-2,2023-05-26 01:35:00,外力因素
2023-04-01,EQ-0404,电容器组,成都高新35kV变电站,0.5493,0.6785,18.7,,,,0.00427,,,-1,2023-05-26 01:35:00,外力因素
2023-05-01,EQ-0404,电容器组,成都高新35kV变电站,0.5741,0.7051,21.4,,,,0.0047,,,0,2023-05-26 01:35:00,外力因素
2023-02-01,EQ-0039,电力变压器,松山湖220kV变电站,0.5484,0.6409,12.3,55.8,70.3,12295.0,0.0021,9.5,,-3,2023-05-31 05:43:00,机械故障
2023-03-01,EQ-0039,电力变压器,松山湖220kV变电站,0.5139,0.6885,17.3,53.8,74.1,10297.0,0.003,1.9,,-2,2023-05-31 05:43:00,机械故障
2023-04-01,EQ-0039,电力变压器,松山湖220kV变电站,0.5425,0.6386,22.5,65.4,80.1,13007.0,0.00333,9.8,,-1,2023-05-31 05:43:00,机械故障
2023-05-01,EQ-0039,电力变压器,松山湖220kV变电站,0.5773,0.7195,32.0,72.2,89.3,7029.0,0.00393,11.4,,0,2023-05-31 05:43:00,机械故障
2023-03-01,EQ-0232,避雷器,亦庄110kV变电站,0.4842,0.604,10.0,,,,,,,-3,2023-06-02 12:27:00,密封失效
2023-04-01,EQ-0232,避雷器,亦庄110kV变电站,0.4894,0.6171,15.5,,,,,,,-2,2023-06-02 12:27:00,密封失效
2023-05-01,EQ-0232,避雷器,亦庄110kV变电站,0.5935,0.7991,22.3,,,,,,,-1,2023-06-02 12:27:00,密封失效
2023-06-01,EQ-0232,避雷器,亦庄110kV变电站,0.6417,0.7953,24.8,,,,,,,0,2023-06-02 12:27:00,密封失效
2023-03-01,EQ-0391,避雷器,重庆两江220kV变电站,0.4293,0.5061,12.6,,,,,,,-3,2023-06-05 20:36:00,密封失效
2023-04-01,EQ-0391,避雷器,重庆两江220kV变电站,0.4123,0.4828,15.7,,,,,,,-2,2023-06-05 20:36:00,密封失效
2023-05-01,EQ-0391,避雷器,重庆两江220kV变电站,0.4404,0.5866,23.8,,,,,,,-1,2023-06-05 20:36:00,密封失效
2023-06-01,EQ-0391,避雷器,重庆两江220kV变电站,0.555,0.6454,28.1,,,,,,,0,2023-06-05 20:36:00,密封失效
2023-03-01,EQ-0008,断路器,龙华220kV变电站,0.375,0.4792,19.7,,,9445.0,,,0.493,-3,2023-06-06 19:04:00,绝缘故障
2023-04-01,EQ-0008,断路器,龙华220kV变电站,0.4421,0.5922,26.9,,,9625.0,,,0.518,-2,2023-06-06 19:04:00,绝缘故障
2023-05-01,EQ-0008,断路器,龙华220kV变电站,0.4848,0.6336,30.6,,,6559.0,,,0.524,-1,2023-06-06 19:04:00,绝缘故障
2023-06-01,EQ-0008,断路器,龙华220kV变电站,0.5807,0.7569,34.0,,,7274.0,,,0.461,0,2023-06-06 19:04:00,绝缘故障
2023-03-01,EQ-0326,避雷器,江夏35kV变电站,0.3928,0.5068,9.4,,,,,,,-3,2023-06-08 03:32:00,阀片劣化
2023-04-01,EQ-0326,避雷器,江夏35kV变电站,0.4092,0.5134,17.3,,,,,,,-2,2023-06-08 03:32:00,阀片劣化
2023-05-01,EQ-0326,避雷器,江夏35kV变电站,0.4509,0.5557,22.6,,,,,,,-1,2023-06-08 03:32:00,阀片劣化
2023-06-01,EQ-0326,避雷器,江夏35kV变电站,0.5552,0.6516,28.8,,,,,,,0,2023-06-08 03:32:00,阀片劣化
2023-03-01,EQ-0412,断路器,沈阳浑南110kV变电站,0.4942,0.5945,3.8,,,8408.0,,,0.535,-3,2023-06-19 22:44:00,机械故障
2023-04-01,EQ-0412,断路器,沈阳浑南110kV变电站,0.4989,0.6538,12.3,,,6662.0,,,0.431,-2,2023-06-19 22:44:00,机械故障
2023-05-01,EQ-0412,断路器,沈阳浑南110kV变电站,0.5366,0.6431,19.5,,,11093.0,,,0.476,-1,2023-06-19 22:44:00,机械故障
2023-06-01,EQ-0412,断路器,沈阳浑南110kV变电站,0.6593,0.8366,22.1,,,7165.0,,,0.526,0,2023-06-19 22:44:00,机械故障
2023-03-01,EQ-0186,断路器,杭州滨江110kV变电站,0.5212,0.62,16.1,,,11475.0,,,0.534,-3,2023-06-20 19:48:00,机械故障
2023-04-01,EQ-0186,断路器,杭州滨江110kV变电站,0.5354,0.6581,19.8,,,9392.0,,,0.521,-2,2023-06-20 19:48:00,机械故障
2023-05-01,EQ-0186,断路器,杭州滨江110kV变电站,0.6003,0.7967,19.9,,,8623.0,,,0.527,-1,2023-06-20 19:48:00,机械故障
2023-06-01,EQ-0186,断路器,杭州滨江110kV变电站,0.7138,0.9298,27.4,,,5601.0,,,0.495,0,2023-06-20 19:48:00,机械故障
2023-03-01,EQ-0076,隔离开关,南沙110kV变电站,0.4072,0.4779,17.4,,,,,,,-3,2023-06-22 18:03:00,外力因素
2023-04-01,EQ-0076,隔离开关,南沙110kV变电站,0.3952,0.4852,25.6,,,,,,,-2,2023-06-22 18:03:00,外力因素
2023-05-01,EQ-0076,隔离开关,南沙110kV变电站,0.4761,0.5952,29.7,,,,,,,-1,2023-06-22 18:03:00,外力因素
2023-06-01,EQ-0076,隔离开关,南沙110kV变电站,0.5786,0.6703,33.4,,,,,,,0,2023-06-22 18:03:00,外力因素
2023-03-01,EQ-0072,断路器,南沙110kV变电站,0.4703,0.6285,15.8,,,10839.0,,,0.479,-3,2023-06-25 12:50:00,拒动/误动
2023-04-01,EQ-0072,断路器,南沙110kV变电站,0.4794,0.577,22.1,,,8412.0,,,0.484,-2,2023-06-25 12:50:00,拒动/误动
2023-05-01,EQ-0072,断路器,南沙110kV变电站,0.5746,0.683,30.2,,,10971.0,,,0.476,-1,2023-06-25 12:50:00,拒动/误动
2023-06-01,EQ-0072,断路器,南沙110kV变电站,0.6261,0.8073,30.8,,,9953.0,,,0.445,0,2023-06-25 12:50:00,拒动/误动
2023-03-01,EQ-0415,断路器,沈阳浑南110kV变电站,0.4128,0.5151,0.8,,,6060.0,,,0.47,-3,2023-06-27 02:25:00,绝缘故障
2023-04-01,EQ-0415,断路器,沈阳浑南110kV变电站,0.4225,0.5371,12.2,,,7339.0,,,0.496,-2,2023-06-27 02:25:00,绝缘故障
2023-05-01,EQ-0415,断路器,沈阳浑南110kV变电站,0.4677,0.57,19.3,,,10305.0,,,0.477,-1,2023-06-27 02:25:00,绝缘故障
2023-06-01,EQ-0415,断路器,沈阳浑南110kV变电站,0.5174,0.6215,17.9,,,9486.0,,,0.518,0,2023-06-27 02:25:00,绝缘故障
2023-03-01,EQ-0108,电力变压器,张江110kV变电站,0.5667,0.6666,15.0,54.6,68.1,7870.0,0.00357,7.8,,-3,2023-06-27 05:57:00,油系统故障
2023-04-01,EQ-0108,电力变压器,张江110kV变电站,0.6097,0.7437,23.0,66.7,82.3,11713.0,0.00556,11.2,,-2,2023-06-27 05:57:00,油系统故障
2023-05-01,EQ-0108,电力变压器,张江110kV变电站,0.5831,0.7183,27.1,65.4,80.5,8233.0,0.00417,8.6,,-1,2023-06-27 05:57:00,油系统故障
2023-06-01,EQ-0108,电力变压器,张江110kV变电站,0.7847,0.9284,25.0,70.8,90.9,8786.0,0.00512,6.3,,0,2023-06-27 05:57:00,油系统故障
2023-04-01,EQ-0415,断路器,沈阳浑南110kV变电站,0.4225,0.5371,12.2,,,7339.0,,,0.496,-3,2023-07-04 02:25:00,拒动/误动
2023-05-01,EQ-0415,断路器,沈阳浑南110kV变电站,0.4677,0.57,19.3,,,10305.0,,,0.477,-2,2023-07-04 02:25:00,拒动/误动
2023-06-01,EQ-0415,断路器,沈阳浑南110kV变电站,0.5174,0.6215,17.9,,,9486.0,,,0.518,-1,2023-07-04 02:25:00,拒动/误动
2023-07-01,EQ-0415,断路器,沈阳浑南110kV变电站,0.6027,0.7944,26.8,,,10034.0,,,0.515,0,2023-07-04 02:25:00,拒动/误动
2023-04-01,EQ-0084,避雷器,南沙110kV变电站,0.5571,0.6847,22.8,,,,,,,-3,2023-07-06 09:47:00,阀片劣化
2023-05-01,EQ-0084,避雷器,南沙110kV变电站,0.6442,0.8622,30.0,,,,,,,-2,2023-07-06 09:47:00,阀片劣化
2023-06-01,EQ-0084,避雷器,南沙110kV变电站,0.7458,0.9642,36.3,,,,,,,-1,2023-07-06 09:47:00,阀片劣化
2023-07-01,EQ-0084,避雷器,南沙110kV变电站,0.9397,1.1,35.6,,,,,,,0,2023-07-06 09:47:00,阀片劣化
2023-04-01,EQ-0142,电容器组,临港110kV变电站,0.5174,0.6718,19.2,,,,0.00305,,,-3,2023-07-13 11:29:00,绝缘击穿
2023-05-01,EQ-0142,电容器组,临港110kV变电站,0.5597,0.6833,22.1,,,,0.00215,,,-2,2023-07-13 11:29:00,绝缘击穿
2023-06-01,EQ-0142,电容器组,临港110kV变电站,0.6016,0.7258,32.4,,,,0.00475,,,-1,2023-07-13 11:29:00,绝缘击穿
2023-07-01,EQ-0142,电容器组,临港110kV变电站,0.8967,1.0364,35.4,,,,0.00378,,,0,2023-07-13 11:29:00,绝缘击穿
2023-04-01,EQ-0329,电力变压器,长沙星沙110kV变电站,0.4583,0.5757,14.6,54.4,68.2,12734.0,0.00381,9.1,,-3,2023-07-14 20:11:00,外力因素
2023-05-01,EQ-0329,电力变压器,长沙星沙110kV变电站,0.4621,0.5956,22.6,58.1,73.4,9085.0,0.00379,6.7,,-2,2023-07-14 20:11:00,外力因素
2023-06-01,EQ-0329,电力变压器,长沙星沙110kV变电站,0.5876,0.7388,30.9,72.5,90.9,9073.0,0.00336,2.4,,-1,2023-07-14 20:11:00,外力因素
2023-07-01,EQ-0329,电力变压器,长沙星沙110kV变电站,0.6965,0.9152,31.0,73.2,87.7,9066.0,0.00313,11.8,,0,2023-07-14 20:11:00,外力因素
2023-04-01,EQ-0189,断路器,杭州滨江110kV变电站,0.4707,0.609,19.6,,,10146.0,,,0.525,-3,2023-07-17 12:01:00,拒动/误动
2023-05-01,EQ-0189,断路器,杭州滨江110kV变电站,0.5211,0.6571,28.0,,,10026.0,,,0.537,-2,2023-07-17 12:01:00,拒动/误动
2023-06-01,EQ-0189,断路器,杭州滨江110kV变电站,0.5392,0.7034,29.9,,,8120.0,,,0.515,-1,2023-07-17 12:01:00,拒动/误动
2023-07-01,EQ-0189,断路器,杭州滨江110kV变电站,0.7787,0.9261,35.1,,,7519.0,,,0.454,0,2023-07-17 12:01:00,拒动/误动
2023-04-01,EQ-0004,电力变压器,龙华220kV变电站,0.4932,0.5686,20.8,57.4,73.5,8028.0,0.00293,6.4,,-3,2023-07-17 13:20:00,绝缘故障
2023-05-01,EQ-0004,电力变压器,龙华220kV变电站,0.5404,0.6487,29.0,66.2,81.6,8880.0,0.00471,8.7,,-2,2023-07-17 13:20:00,绝缘故障
2023-06-01,EQ-0004,电力变压器,龙华220kV变电站,0.614,0.8123,36.5,76.4,93.7,9933.0,0.00311,8.4,,-1,2023-07-17 13:20:00,绝缘故障
2023-07-01,EQ-0004,电力变压器,龙华220kV变电站,0.7519,0.9652,38.3,85.7,102.8,7784.0,0.00334,11.6,,0,2023-07-17 13:20:00,绝缘故障
2023-04-01,EQ-0354,隔离开关,武侯110kV变电站,0.3978,0.5076,17.0,,,,,,,-3,2023-07-20 19:50:00,接触不良
2023-05-01,EQ-0354,隔离开关,武侯110kV变电站,0.4333,0.5505,24.0,,,,,,,-2,2023-07-20 19:50:00,接触不良
2023-06-01,EQ-0354,隔离开关,武侯110kV变电站,0.5249,0.6928,30.0,,,,,,,-1,2023-07-20 19:50:00,接触不良
2023-07-01,EQ-0354,隔离开关,武侯110kV变电站,0.6992,0.8799,32.6,,,,,,,0,2023-07-20 19:50:00,接触不良
2023-04-01,EQ-0187,断路器,杭州滨江110kV变电站,0.5309,0.6768,17.0,,,9643.0,,,0.512,-3,2023-07-23 20:03:00,机械故障
2023-05-01,EQ-0187,断路器,杭州滨江110kV变电站,0.6048,0.7542,24.1,,,7890.0,,,0.493,-2,2023-07-23 20:03:00,机械故障
2023-06-01,EQ-0187,断路器,杭州滨江110kV变电站,0.7349,0.8697,26.6,,,10133.0,,,0.526,-1,2023-07-23 20:03:00,机械故障
2023-07-01,EQ-0187,断路器,杭州滨江110kV变电站,0.9083,1.1,29.4,,,9136.0,,,0.441,0,2023-07-23 20:03:00,机械故障
2023-04-01,EQ-0276,避雷器,天津滨海220kV变电站,0.4763,0.548,12.5,,,,,,,-3,2023-07-25 16:09:00,密封失效
2023-05-01,EQ-0276,避雷器,天津滨海220kV变电站,0.4793,0.6237,24.4,,,,,,,-2,2023-07-25 16:09:00,密封失效
2023-06-01,EQ-0276,避雷器,天津滨海220kV变电站,0.6612,0.7908,25.7,,,,,,,-1,2023-07-25 16:09:00,密封失效
2023-07-01,EQ-0276,避雷器,天津滨海220kV变电站,0.744,0.9427,29.6,,,,,,,0,2023-07-25 16:09:00,密封失效
2023-04-01,EQ-0036,GIS组合电器,龙华220kV变电站,0.5481,0.7114,23.4,61.0,76.5,11603.0,,5.1,0.434,-3,2023-07-26 07:29:00,SF6泄漏
2023-05-01,EQ-0036,GIS组合电器,龙华220kV变电站,0.5373,0.6665,28.3,69.4,86.3,9497.0,,6.5,0.54,-2,2023-07-26 07:29:00,SF6泄漏
2023-06-01,EQ-0036,GIS组合电器,龙华220kV变电站,0.6708,0.8669,33.5,80.9,97.9,9431.0,,19.4,0.532,-1,2023-07-26 07:29:00,SF6泄漏
2023-07-01,EQ-0036,GIS组合电器,龙华220kV变电站,0.8517,1.1,35.4,83.0,103.6,6453.0,,16.3,0.493,0,2023-07-26 07:29:00,SF6泄漏
2023-04-01,EQ-0043,断路器,松山湖220kV变电站,0.3916,0.5215,23.2,,,10295.0,,,0.466,-3,2023-07-31 08:44:00,绝缘故障
2023-05-01,EQ-0043,断路器,松山湖220kV变电站,0.4644,0.6043,27.9,,,7184.0,,,0.442,-2,2023-07-31 08:44:00,绝缘故障
2023-06-01,EQ-0043,断路器,松山湖220kV变电站,0.5536,0.6967,34.4,,,7375.0,,,0.532,-1,2023-07-31 08:44:00,绝缘故障
2023-07-01,EQ-0043,断路器,松山湖220kV变电站,0.6743,0.8768,32.6,,,9165.0,,,0.472,0,2023-07-31 08:44:00,绝缘故障
2023-05-01,EQ-0295,电力变压器,武昌110kV变电站,0.5873,0.708,24.9,63.0,83.3,10749.0,0.00465,15.2,,-3,2023-08-02 06:39:00,油系统故障
2023-06-01,EQ-0295,电力变压器,武昌110kV变电站,0.7095,0.93,30.8,76.7,92.3,10415.0,0.00487,4.0,,-2,2023-08-02 06:39:00,油系统故障
2023-07-01,EQ-0295,电力变压器,武昌110kV变电站,0.7961,0.9775,29.3,76.0,98.3,9477.0,0.00325,5.4,,-1,2023-08-02 06:39:00,油系统故障
2023-08-01,EQ-0295,电力变压器,武昌110kV变电站,0.8227,0.9825,27.9,81.3,104.1,6068.0,0.00393,3.9,,0,2023-08-02 06:39:00,油系统故障
2023-05-01,EQ-0248,电容器组,通州35kV变电站,0.4886,0.617,22.8,,,,0.00505,,,-3,2023-08-06 01:02:00,鼓肚渗油
2023-06-01,EQ-0248,电容器组,通州35kV变电站,0.5565,0.7476,24.2,,,,0.00438,,,-2,2023-08-06 01:02:00,鼓肚渗油
2023-07-01,EQ-0248,电容器组,通州35kV变电站,0.6096,0.7024,29.5,,,,0.00587,,,-1,2023-08-06 01:02:00,鼓肚渗油
2023-08-01,EQ-0248,电容器组,通州35kV变电站,0.7045,0.8404,27.1,,,,0.00554,,,0,2023-08-06 01:02:00,鼓肚渗油
2023-05-01,EQ-0073,断路器,南沙110kV变电站,0.5148,0.6237,28.8,,,12915.0,,,0.527,-3,2023-08-15 06:08:00,过热故障
2023-06-01,EQ-0073,断路器,南沙110kV变电站,0.6405,0.8444,39.6,,,12222.0,,,0.492,-2,2023-08-15 06:08:00,过热故障
2023-07-01,EQ-0073,断路器,南沙110kV变电站,0.7552,0.9605,35.3,,,6721.0,,,0.527,-1,2023-08-15 06:08:00,过热故障
2023-08-01,EQ-0073,断路器,南沙110kV变电站,0.7317,0.9737,33.2,,,9896.0,,,0.509,0,2023-08-15 06:08:00,过热故障
2023-05-01,EQ-0326,避雷器,江夏35kV变电站,0.4509,0.5557,22.6,,,,,,,-3,2023-08-15 14:10:00,密封失效
2023-06-01,EQ-0326,避雷器,江夏35kV变电站,0.5552,0.6516,28.8,,,,,,,-2,2023-08-15 14:10:00,密封失效
2023-07-01,EQ-0326,避雷器,江夏35kV变电站,0.6428,0.758,31.0,,,,,,,-1,2023-08-15 14:10:00,密封失效
2023-08-01,EQ-0326,避雷器,江夏35kV变电站,0.6853,0.8691,29.4,,,,,,,0,2023-08-15 14:10:00,密封失效
2023-05-01,EQ-0316,断路器,江夏35kV变电站,0.5541,0.7358,24.5,,,7488.0,,,0.479,-3,2023-08-15 19:44:00,绝缘故障
2023-06-01,EQ-0316,断路器,江夏35kV变电站,0.7093,0.9364,29.4,,,8190.0,,,0.479,-2,2023-08-15 19:44:00,绝缘故障
2023-07-01,EQ-0316,断路器,江夏35kV变电站,0.893,1.1,27.5,,,8169.0,,,0.47,-1,2023-08-15 19:44:00,绝缘故障
2023-08-01,EQ-0316,断路器,江夏35kV变电站,0.8855,1.1,32.6,,,7927.0,,,0.438,0,2023-08-15 19:44:00,绝缘故障
2023-05-01,EQ-0020,隔离开关,龙华220kV变电站,0.5205,0.6139,28.2,,,,,,,-3,2023-08-15 21:34:00,绝缘故障
2023-06-01,EQ-0020,隔离开关,龙华220kV变电站,0.5906,0.7789,35.9,,,,,,,-2,2023-08-15 21:34:00,绝缘故障
2023-07-01,EQ-0020,隔离开关,龙华220kV变电站,0.6914,0.8006,36.2,,,,,,,-1,2023-08-15 21:34:00,绝缘故障
2023-08-01,EQ-0020,隔离开关,龙华220kV变电站,0.6837,0.9223,34.2,,,,,,,0,2023-08-15 21:34:00,绝缘故障
2023-05-01,EQ-0169,电容器组,苏州工业园220kV变电站,0.5314,0.6188,24.2,,,,0.00491,,,-3,2023-08-17 13:12:00,保护动作
2023-06-01,EQ-0169,电容器组,苏州工业园220kV变电站,0.5608,0.7477,29.1,,,,0.00472,,,-2,2023-08-17 13:12:00,保护动作
2023-07-01,EQ-0169,电容器组,苏州工业园220kV变电站,0.7813,1.0032,31.9,,,,0.00689,,,-1,2023-08-17 13:12:00,保护动作
2023-08-01,EQ-0169,电容器组,苏州工业园220kV变电站,0.7282,0.8388,30.1,,,,0.00613,,,0,2023-08-17 13:12:00,保护动作
2023-05-01,EQ-0082,避雷器,南沙110kV变电站,0.587,0.684,33.2,,,,,,,-3,2023-08-18 04:37:00,阀片劣化
2023-06-01,EQ-0082,避雷器,南沙110kV变电站,0.7071,0.9298,34.4,,,,,,,-2,2023-08-18 04:37:00,阀片劣化
2023-07-01,EQ-0082,避雷器,南沙110kV变电站,0.8435,1.0439,40.5,,,,,,,-1,2023-08-18 04:37:00,阀片劣化
2023-08-01,EQ-0082,避雷器,南沙110kV变电站,0.8601,1.0575,36.7,,,,,,,0,2023-08-18 04:37:00,阀片劣化
2023-05-01,EQ-0381,隔离开关,重庆两江220kV变电站,0.5793,0.7169,22.6,,,,,,,-3,2023-08-20 03:48:00,绝缘故障
2023-06-01,EQ-0381,隔离开关,重庆两江220kV变电站,0.7555,0.9863,28.5,,,,,,,-2,2023-08-20 03:48:00,绝缘故障
2023-07-01,EQ-0381,隔离开关,重庆两江220kV变电站,0.8866,1.1,33.3,,,,,,,-1,2023-08-20 03:48:00,绝缘故障
2023-08-01,EQ-0381,隔离开关,重庆两江220kV变电站,0.9272,1.0664,34.6,,,,,,,0,2023-08-20 03:48:00,绝缘故障
2023-05-01,EQ-0089,电力变压器,前海110kV变电站,0.6504,0.8136,26.7,72.5,92.6,11231.0,0.00224,7.7,,-3,2023-08-22 05:08:00,机械故障
2023-06-01,EQ-0089,电力变压器,前海110kV变电站,0.7188,0.9602,37.2,74.3,92.3,6387.0,0.00221,8.2,,-2,2023-08-22 05:08:00,机械故障
2023-07-01,EQ-0089,电力变压器,前海110kV变电站,0.8899,1.1,33.2,80.6,102.3,13055.0,0.00441,8.7,,-1,2023-08-22 05:08:00,机械故障
2023-08-01,EQ-0089,电力变压器,前海110kV变电站,0.8768,1.1,37.6,89.7,110.7,7383.0,0.00467,11.0,,0,2023-08-22 05:08:00,机械故障
2023-05-01,EQ-0363,避雷器,武侯110kV变电站,0.4613,0.578,24.3,,,,,,,-3,2023-08-23 18:47:00,密封失效
2023-06-01,EQ-0363,避雷器,武侯110kV变电站,0.5788,0.7663,30.9,,,,,,,-2,2023-08-23 18:47:00,密封失效
2023-07-01,EQ-0363,避雷器,武侯110kV变电站,0.6665,0.8046,28.9,,,,,,,-1,2023-08-23 18:47:00,密封失效
2023-08-01,EQ-0363,避雷器,武侯110kV变电站,0.6661,0.8098,30.0,,,,,,,0,2023-08-23 18:47:00,密封失效
2023-05-01,EQ-0270,电容器组,天津滨海220kV变电站,0.5559,0.715,23.0,,,,0.00454,,,-3,2023-08-24 14:04:00,接线故障
2023-06-01,EQ-0270,电容器组,天津滨海220kV变电站,0.6274,0.8362,26.3,,,,0.00513,,,-2,2023-08-24 14:04:00,接线故障
2023-07-01,EQ-0270,电容器组,天津滨海220kV变电站,0.7552,0.905,28.1,,,,0.00523,,,-1,2023-08-24 14:04:00,接线故障
2023-08-01,EQ-0270,电容器组,天津滨海220kV变电站,0.8778,1.1,27.2,,,,0.00688,,,0,2023-08-24 14:04:00,接线故障
2023-05-01,EQ-0374,断路器,重庆两江220kV变电站,0.5608,0.6603,22.9,,,7984.0,,,0.463,-3,2023-08-26 06:04:00,过热故障
2023-06-01,EQ-0374,断路器,重庆两江220kV变电站,0.645,0.7488,26.7,,,9267.0,,,0.461,-2,2023-08-26 06:04:00,过热故障
2023-07-01,EQ-0374,断路器,重庆两江220kV变电站,0.9313,1.1,32.4,,,7419.0,,,0.527,-1,2023-08-26 06:04:00,过热故障
2023-08-01,EQ-0374,断路器,重庆两江220kV变电站,0.8552,1.0472,33.4,,,7990.0,,,0.535,0,2023-08-26 06:04:00,过热故障
2023-05-01,EQ-0014,断路器,龙华220kV变电站,0.49,0.6301,30.1,,,8678.0,,,0.455,-3,2023-08-30 20:24:00,机械故障
2023-06-01,EQ-0014,断路器,龙华220kV变电站,0.6179,0.8229,35.9,,,6912.0,,,0.504,-2,2023-08-30 20:24:00,机械故障
2023-07-01,EQ-0014,断路器,龙华220kV变电站,0.7369,0.8994,42.2,,,6816.0,,,0.479,-1,2023-08-30 20:24:00,机械故障
2023-08-01,EQ-0014,断路器,龙华220kV变电站,0.7359,0.9034,37.4,,,9269.0,,,0.526,0,2023-08-30 20:24:00,机械故障
2023-06-01,EQ-0189,断路器,杭州滨江110kV变电站,0.5392,0.7034,29.9,,,8120.0,,,0.515,-3,2023-09-03 05:22:00,拒动/误动
2023-07-01,EQ-0189,断路器,杭州滨江110kV变电站,0.7787,0.9261,35.1,,,7519.0,,,0.454,-2,2023-09-03 05:22:00,拒动/误动
2023-08-01,EQ-0189,断路器,杭州滨江110kV变电站,0.7465,0.8713,30.4,,,6521.0,,,0.498,-1,2023-09-03 05:22:00,拒动/误动
2023-09-01,EQ-0189,断路器,杭州滨江110kV变电站,0.6015,0.7416,29.0,,,9731.0,,,0.482,0,2023-09-03 05:22:00,拒动/误动
2023-06-01,EQ-0359,电容器组,武侯110kV变电站,0.5957,0.6998,29.1,,,,0.00488,,,-3,2023-09-03 14:06:00,接线故障
2023-07-01,EQ-0359,电容器组,武侯110kV变电站,0.6583,0.877,31.8,,,,0.00401,,,-2,2023-09-03 14:06:00,接线故障
2023-08-01,EQ-0359,电容器组,武侯110kV变电站,0.7646,0.9565,31.6,,,,0.00596,,,-1,2023-09-03 14:06:00,接线故障
2023-09-01,EQ-0359,电容器组,武侯110kV变电站,0.58,0.7099,29.3,,,,0.00555,,,0,2023-09-03 14:06:00,接线故障
2023-06-01,EQ-0398,断路器,成都高新35kV变电站,0.676,0.8953,29.4,,,8700.0,,,0.481,-3,2023-09-06 00:02:00,过热故障
2023-07-01,EQ-0398,断路器,成都高新35kV变电站,0.8181,0.9725,30.7,,,10856.0,,,0.509,-2,2023-09-06 00:02:00,过热故障
2023-08-01,EQ-0398,断路器,成都高新35kV变电站,0.8481,1.0085,28.7,,,8519.0,,,0.454,-1,2023-09-06 00:02:00,过热故障
2023-09-01,EQ-0398,断路器,成都高新35kV变电站,0.6311,0.7998,27.8,,,7182.0,,,0.466,0,2023-09-06 00:02:00,过热故障
2023-06-01,EQ-0046,断路器,松山湖220kV变电站,0.6499,0.8406,32.8,,,7093.0,,,0.538,-3,2023-09-18 20:41:00,拒动/误动
2023-07-01,EQ-0046,断路器,松山湖220kV变电站,0.88,1.0489,38.0,,,8927.0,,,0.532,-2,2023-09-18 20:41:00,拒动/误动
2023-08-01,EQ-0046,断路器,松山湖220kV变电站,0.9274,1.1,35.9,,,8005.0,,,0.492,-1,2023-09-18 20:41:00,拒动/误动
2023-09-01,EQ-0046,断路器,松山湖220kV变电站,0.7591,0.9557,31.1,,,7470.0,,,0.493,0,2023-09-18 20:41:00,拒动/误动
2023-06-01,EQ-0267,隔离开关,天津滨海220kV变电站,0.5891,0.6825,28.1,,,,,,,-3,2023-09-19 13:22:00,机械故障
2023-07-01,EQ-0267,隔离开关,天津滨海220kV变电站,0.7338,0.899,30.8,,,,,,,-2,2023-09-19 13:22:00,机械故障
2023-08-01,EQ-0267,隔离开关,天津滨海220kV变电站,0.7031,0.8715,24.1,,,,,,,-1,2023-09-19 13:22:00,机械故障
2023-09-01,EQ-0267,隔离开关,天津滨海220kV变电站,0.5563,0.7134,25.1,,,,,,,0,2023-09-19 13:22:00,机械故障
2023-06-01,EQ-0253,电力变压器,天津滨海220kV变电站,0.5213,0.609,25.5,65.5,80.1,9414.0,0.0051,9.8,,-3,2023-09-22 09:41:00,油系统故障
2023-07-01,EQ-0253,电力变压器,天津滨海220kV变电站,0.7266,0.8811,30.9,73.7,95.0,6109.0,0.00479,9.0,,-2,2023-09-22 09:41:00,油系统故障
2023-08-01,EQ-0253,电力变压器,天津滨海220kV变电站,0.7203,0.8572,29.1,72.6,92.2,10721.0,0.00644,9.0,,-1,2023-09-22 09:41:00,油系统故障
2023-09-01,EQ-0253,电力变压器,天津滨海220kV变电站,0.5096,0.6176,19.6,55.2,70.3,8189.0,0.00455,17.5,,0,2023-09-22 09:41:00,油系统故障
2023-06-01,EQ-0426,GIS组合电器,沈阳浑南110kV变电站,0.7141,0.8632,21.9,64.7,83.8,9365.0,,10.4,0.51,-3,2023-09-25 19:16:00,SF6泄漏
2023-07-01,EQ-0426,GIS组合电器,沈阳浑南110kV变电站,0.7576,0.8843,26.6,77.2,97.5,6804.0,,14.2,0.52,-2,2023-09-25 19:16:00,SF6泄漏
2023-08-01,EQ-0426,GIS组合电器,沈阳浑南110kV变电站,0.8252,1.0922,22.8,79.5,97.2,9015.0,,7.8,0.47,-1,2023-09-25 19:16:00,SF6泄漏
2023-09-01,EQ-0426,GIS组合电器,沈阳浑南110kV变电站,0.6338,0.78,16.8,60.2,81.0,9277.0,,13.0,0.466,0,2023-09-25 19:16:00,SF6泄漏
2023-06-01,EQ-0249,避雷器,通州35kV变电站,0.5915,0.6874,24.2,,,,,,,-3,2023-09-25 20:15:00,密封失效
2023-07-01,EQ-0249,避雷器,通州35kV变电站,0.7143,0.8847,31.8,,,,,,,-2,2023-09-25 20:15:00,密封失效
2023-08-01,EQ-0249,避雷器,通州35kV变电站,0.7502,0.9771,30.1,,,,,,,-1,2023-09-25 20:15:00,密封失效
2023-09-01,EQ-0249,避雷器,通州35kV变电站,0.6149,0.7745,23.7,,,,,,,0,2023-09-25 20:15:00,密封失效
2023-06-01,EQ-0188,断路器,杭州滨江110kV变电站,0.7316,0.9398,30.7,,,9175.0,,,0.441,-3,2023-09-26 23:45:00,拒动/误动
2023-07-01,EQ-0188,断路器,杭州滨江110kV变电站,0.934,1.1,31.0,,,7572.0,,,0.485,-2,2023-09-26 23:45:00,拒动/误动
2023-08-01,EQ-0188,断路器,杭州滨江110kV变电站,0.871,1.0294,32.7,,,5909.0,,,0.45,-1,2023-09-26 23:45:00,拒动/误动
2023-09-01,EQ-0188,断路器,杭州滨江110kV变电站,0.6925,0.7999,28.1,,,10990.0,,,0.458,0,2023-09-26 23:45:00,拒动/误动
2023-06-01,EQ-0294,避雷器,石家庄高新35kV变电站,0.6865,0.8155,29.2,,,,,,,-3,2023-09-30 01:27:00,密封失效
2023-07-01,EQ-0294,避雷器,石家庄高新35kV变电站,0.9078,1.0793,29.6,,,,,,,-2,2023-09-30 01:27:00,密封失效
2023-08-01,EQ-0294,避雷器,石家庄高新35kV变电站,0.8457,1.1,28.3,,,,,,,-1,2023-09-30 01:27:00,密封失效
2023-09-01,EQ-0294,避雷器,石家庄高新35kV变电站,0.6505,0.7588,21.6,,,,,,,0,2023-09-30 01:27:00,密封失效
2023-07-01,EQ-0254,电力变压器,天津滨海220kV变电站,0.8319,0.9645,29.6,73.8,96.7,5896.0,0.00395,12.6,,-3,2023-10-01 02:59:00,绝缘故障
2023-08-01,EQ-0254,电力变压器,天津滨海220kV变电站,0.8523,0.996,29.9,77.9,101.2,9231.0,0.00335,6.8,,-2,2023-10-01 02:59:00,绝缘故障
2023-09-01,EQ-0254,电力变压器,天津滨海220kV变电站,0.6279,0.7399,23.7,71.9,87.4,9424.0,0.00282,11.6,,-1,2023-10-01 02:59:00,绝缘故障
2023-10-01,EQ-0254,电力变压器,天津滨海220kV变电站,0.5669,0.7535,16.6,57.5,70.9,6535.0,0.00424,6.9,,0,2023-10-01 02:59:00,绝缘故障
2023-07-01,EQ-0171,电容器组,苏州工业园220kV变电站,0.7364,0.9856,33.8,,,,0.00243,,,-3,2023-10-03 05:27:00,鼓肚渗油
2023-08-01,EQ-0171,电容器组,苏州工业园220kV变电站,0.8005,1.0606,30.5,,,,0.00452,,,-2,2023-10-03 05:27:00,鼓肚渗油
2023-09-01,EQ-0171,电容器组,苏州工业园220kV变电站,0.5825,0.7199,26.8,,,,0.00443,,,-1,2023-10-03 05:27:00,鼓肚渗油
2023-10-01,EQ-0171,电容器组,苏州工业园220kV变电站,0.5116,0.6043,19.6,,,,0.00603,,,0,2023-10-03 05:27:00,鼓肚渗油
2023-07-01,EQ-0306,隔离开关,武昌110kV变电站,0.7433,0.9547,29.3,,,,,,,-3,2023-10-07 00:35:00,接触不良
2023-08-01,EQ-0306,隔离开关,武昌110kV变电站,0.7875,0.9322,29.4,,,,,,,-2,2023-10-07 00:35:00,接触不良
2023-09-01,EQ-0306,隔离开关,武昌110kV变电站,0.5978,0.7861,23.6,,,,,,,-1,2023-10-07 00:35:00,接触不良
2023-10-01,EQ-0306,隔离开关,武昌110kV变电站,0.5029,0.6684,15.0,,,,,,,0,2023-10-07 00:35:00,接触不良
2023-07-01,EQ-0209,隔离开关,昆山35kV变电站,0.7684,0.9515,32.2,,,,,,,-3,2023-10-07 01:49:00,机械故障
2023-08-01,EQ-0209,隔离开关,昆山35kV变电站,0.7773,0.967,31.8,,,,,,,-2,2023-10-07 01:49:00,机械故障
2023-09-01,EQ-0209,隔离开关,昆山35kV变电站,0.6069,0.7688,29.9,,,,,,,-1,2023-10-07 01:49:00,机械故障
2023-10-01,EQ-0209,隔离开关,昆山35kV变电站,0.4846,0.6069,21.5,,,,,,,0,2023-10-07 01:49:00,机械故障
2023-07-01,EQ-0144,避雷器,临港110kV变电站,0.7167,0.9073,33.9,,,,,,,-3,2023-10-08 13:03:00,阀片劣化
2023-08-01,EQ-0144,避雷器,临港110kV变电站,0.7636,1.014,34.0,,,,,,,-2,2023-10-08 13:03:00,阀片劣化
2023-09-01,EQ-0144,避雷器,临港110kV变电站,0.6351,0.7541,24.3,,,,,,,-1,2023-10-08 13:03:00,阀片劣化
2023-10-01,EQ-0144,避雷器,临港110kV变电站,0.5011,0.6387,19.2,,,,,,,0,2023-10-08 13:03:00,阀片劣化
2023-07-01,EQ-0012,断路器,龙华220kV变电站,0.7441,0.9068,36.9,,,10145.0,,,0.485,-3,2023-10-17 21:35:00,拒动/误动
2023-08-01,EQ-0012,断路器,龙华220kV变电站,0.7611,0.9823,36.3,,,6699.0,,,0.514,-2,2023-10-17 21:35:00,拒动/误动
2023-09-01,EQ-0012,断路器,龙华220kV变电站,0.6264,0.7928,33.6,,,10631.0,,,0.447,-1,2023-10-17 21:35:00,拒动/误动
2023-10-01,EQ-0012,断路器,龙华220kV变电站,0.5403,0.6736,24.2,,,6791.0,,,0.463,0,2023-10-17 21:35:00,拒动/误动
2023-07-01,EQ-0301,断路器,武昌110kV变电站,0.6553,0.7776,33.1,,,7485.0,,,0.497,-3,2023-10-20 05:06:00,绝缘故障
2023-08-01,EQ-0301,断路器,武昌110kV变电站,0.628,0.7946,30.7,,,10492.0,,,0.444,-2,2023-10-20 05:06:00,绝缘故障
2023-09-01,EQ-0301,断路器,武昌110kV变电站,0.564,0.7311,27.0,,,8912.0,,,0.492,-1,2023-10-20 05:06:00,绝缘故障
2023-10-01,EQ-0301,断路器,武昌110kV变电站,0.4135,0.4863,18.7,,,9165.0,,,0.533,0,2023-10-20 05:06:00,绝缘故障
2023-07-01,EQ-0017,隔离开关,龙华220kV变电站,0.8655,1.0278,38.9,,,,,,,-3,2023-10-23 22:14:00,外力因素
2023-08-01,EQ-0017,隔离开关,龙华220kV变电站,0.8564,1.0546,34.0,,,,,,,-2,2023-10-23 22:14:00,外力因素
2023-09-01,EQ-0017,隔离开关,龙华220kV变电站,0.7341,0.9067,30.1,,,,,,,-1,2023-10-23 22:14:00,外力因素
2023-10-01,EQ-0017,隔离开关,龙华220kV变电站,0.5491,0.6349,23.6,,,,,,,0,2023-10-23 22:14:00,外力因素
2023-07-01,EQ-0194,电容器组,杭州滨江110kV变电站,0.6088,0.786,34.7,,,,0.00429,,,-3,2023-10-26 18:04:00,保护动作
2023-08-01,EQ-0194,电容器组,杭州滨江110kV变电站,0.6605,0.8617,32.8,,,,0.00468,,,-2,2023-10-26 18:04:00,保护动作
2023-09-01,EQ-0194,电容器组,杭州滨江110kV变电站,0.5041,0.5959,30.3,,,,0.00368,,,-1,2023-10-26 18:04:00,保护动作
2023-10-01,EQ-0194,电容器组,杭州滨江110kV变电站,0.4559,0.5265,20.4,,,,0.00505,,,0,2023-10-26 18:04:00,保护动作
2023-07-01,EQ-0084,避雷器,南沙110kV变电站,0.9397,1.1,35.6,,,,,,,-3,2023-10-27 05:59:00,阀片劣化
2023-08-01,EQ-0084,避雷器,南沙110kV变电站,0.9716,1.1,37.0,,,,,,,-2,2023-10-27 05:59:00,阀片劣化
2023-09-01,EQ-0084,避雷器,南沙110kV变电站,0.6777,0.8746,29.9,,,,,,,-1,2023-10-27 05:59:00,阀片劣化
2023-10-01,EQ-0084,避雷器,南沙110kV变电站,0.5274,0.6972,21.9,,,,,,,0,2023-10-27 05:59:00,阀片劣化
2023-07-01,EQ-0239,电力变压器,通州35kV变电站,0.7396,0.8521,28.6,76.4,96.5,6900.0,0.00519,4.5,,-3,2023-10-29 08:13:00,绝缘故障
2023-08-01,EQ-0239,电力变压器,通州35kV变电站,0.6615,0.8365,26.6,71.0,89.3,10136.0,0.00311,10.4,,-2,2023-10-29 08:13:00,绝缘故障
2023-09-01,EQ-0239,电力变压器,通州35kV变电站,0.4881,0.6334,23.4,64.2,80.1,9379.0,0.00567,5.4,,-1,2023-10-29 08:13:00,绝缘故障
2023-10-01,EQ-0239,电力变压器,通州35kV变电站,0.4611,0.6063,17.2,48.2,63.2,11710.0,0.00406,4.1,,0,2023-10-29 08:13:00,绝缘故障
2023-08-01,EQ-0243,断路器,通州35kV变电站,0.6629,0.7906,25.6,,,8952.0,,,0.438,-3,2023-11-01 02:12:00,拒动/误动
2023-09-01,EQ-0243,断路器,通州35kV变电站,0.5308,0.709,25.3,,,8905.0,,,0.489,-2,2023-11-01 02:12:00,拒动/误动
2023-10-01,EQ-0243,断路器,通州35kV变电站,0.4402,0.5581,16.2,,,8509.0,,,0.451,-1,2023-11-01 02:12:00,拒动/误动
2023-11-01,EQ-0243,断路器,通州35kV变电站,0.4473,0.5882,9.3,,,6096.0,,,0.501,0,2023-11-01 02:12:00,拒动/误动
2023-08-01,EQ-0044,断路器,松山湖220kV变电站,0.8107,0.9324,35.9,,,6984.0,,,0.437,-3,2023-11-03 12:57:00,机械故障
2023-09-01,EQ-0044,断路器,松山湖220kV变电站,0.5708,0.719,31.7,,,10940.0,,,0.442,-2,2023-11-03 12:57:00,机械故障
2023-10-01,EQ-0044,断路器,松山湖220kV变电站,0.5208,0.6088,21.6,,,7001.0,,,0.531,-1,2023-11-03 12:57:00,机械故障
2023-11-01,EQ-0044,断路器,松山湖220kV变电站,0.5253,0.6913,14.9,,,10394.0,,,0.453,0,2023-11-03 12:57:00,机械故障
2023-08-01,EQ-0080,电容器组,南沙110kV变电站,0.886,1.0875,40.7,,,,0.00424,,,-3,2023-11-10 14:21:00,外力因素
2023-09-01,EQ-0080,电容器组,南沙110kV变电站,0.6023,0.8049,32.2,,,,0.00624,,,-2,2023-11-10 14:21:00,外力因素
2023-10-01,EQ-0080,电容器组,南沙110kV变电站,0.5511,0.671,25.7,,,,0.00477,,,-1,2023-11-10 14:21:00,外力因素
2023-11-01,EQ-0080,电容器组,南沙110kV变电站,0.5529,0.6508,20.4,,,,0.00373,,,0,2023-11-10 14:21:00,外力因素
2023-08-01,EQ-0397,断路器,成都高新35kV变电站,0.7545,0.8983,30.2,,,6754.0,,,0.539,-3,2023-11-12 22:53:00,拒动/误动
2023-09-01,EQ-0397,断路器,成都高新35kV变电站,0.6497,0.7654,27.1,,,7884.0,,,0.473,-2,2023-11-12 22:53:00,拒动/误动
2023-10-01,EQ-0397,断路器,成都高新35kV变电站,0.524,0.6528,20.2,,,7424.0,,,0.451,-1,2023-11-12 22:53:00,拒动/误动
2023-11-01,EQ-0397,断路器,成都高新35kV变电站,0.5803,0.7178,11.7,,,8506.0,,,0.477,0,2023-11-12 22:53:00,拒动/误动
2023-08-01,EQ-0370,断路器,重庆两江220kV变电站,0.639,0.8072,33.1,,,8300.0,,,0.521,-3,2023-11-23 22:13:00,拒动/误动
2023-09-01,EQ-0370,断路器,重庆两江220kV变电站,0.5374,0.6653,26.5,,,10949.0,,,0.45,-2,2023-11-23 22:13:00,拒动/误动
2023-10-01,EQ-0370,断路器,重庆两江220kV变电站,0.4333,0.538,19.6,,,9283.0,,,0.477,-1,2023-11-23 22:13:00,拒动/误动
2023-11-01,EQ-0370,断路器,重庆两江220kV变电站,0.4745,0.6095,8.8,,,10940.0,,,0.477,0,2023-11-23 22:13:00,拒动/误动
2023-08-01,EQ-0151,电力变压器,苏州工业园220kV变电站,0.7004,0.9338,31.7,77.7,94.5,9289.0,0.00364,12.4,,-3,2023-11-24 13:39:00,绝缘故障
2023-09-01,EQ-0151,电力变压器,苏州工业园220kV变电站,0.5413,0.65,28.2,63.3,80.1,6370.0,0.00577,12.1,,-2,2023-11-24 13:39:00,绝缘故障
2023-10-01,EQ-0151,电力变压器,苏州工业园220kV变电站,0.4556,0.5936,20.6,58.8,71.7,6535.0,0.00565,12.2,,-1,2023-11-24 13:39:00,绝缘故障
2023-11-01,EQ-0151,电力变压器,苏州工业园220kV变电站,0.4617,0.5371,10.9,49.2,64.0,7650.0,0.00276,15.3,,0,2023-11-24 13:39:00,绝缘故障
2023-09-01,EQ-0211,电容器组,昆山35kV变电站,0.5364,0.7205,28.0,,,,0.00451,,,-3,2023-12-06 14:12:00,鼓肚渗油
2023-10-01,EQ-0211,电容器组,昆山35kV变电站,0.4632,0.5576,22.9,,,,0.00415,,,-2,2023-12-06 14:12:00,鼓肚渗油
2023-11-01,EQ-0211,电容器组,昆山35kV变电站,0.4835,0.5607,9.5,,,,0.00287,,,-1,2023-12-06 14:12:00,鼓肚渗油
2023-12-01,EQ-0211,电容器组,昆山35kV变电站,0.5595,0.669,8.1,,,,0.00369,,,0,2023-12-06 14:12:00,鼓肚渗油
2023-09-01,EQ-0437,避雷器,大连开发区35kV变电站,0.5209,0.666,22.2,,,,,,,-3,2023-12-06 16:21:00,瓷套破裂
2023-10-01,EQ-0437,避雷器,大连开发区35kV变电站,0.4896,0.6172,14.0,,,,,,,-2,2023-12-06 16:21:00,瓷套破裂
2023-11-01,EQ-0437,避雷器,大连开发区35kV变电站,0.465,0.535,-0.3,,,,,,,-1,2023-12-06 16:21:00,瓷套破裂
2023-12-01,EQ-0437,避雷器,大连开发区35kV变电站,0.5408,0.7073,-3.4,,,,,,,0,2023-12-06 16:21:00,瓷套破裂
2023-09-01,EQ-0092,断路器,前海110kV变电站,0.5724,0.6926,34.1,,,7931.0,,,0.473,-3,2023-12-10 02:10:00,机械故障
2023-10-01,EQ-0092,断路器,前海110kV变电站,0.4824,0.6119,21.2,,,12996.0,,,0.449,-2,2023-12-10 02:10:00,机械故障
2023-11-01,EQ-0092,断路器,前海110kV变电站,0.4858,0.5795,15.6,,,7352.0,,,0.456,-1,2023-12-10 02:10:00,机械故障
2023-12-01,EQ-0092,断路器,前海110kV变电站,0.5632,0.7264,5.5,,,10037.0,,,0.518,0,2023-12-10 02:10:00,机械故障
2023-09-01,EQ-0421,电容器组,沈阳浑南110kV变电站,0.5475,0.6875,21.4,,,,0.00432,,,-3,2023-12-10 15:19:00,鼓肚渗油
2023-10-01,EQ-0421,电容器组,沈阳浑南110kV变电站,0.4568,0.5364,12.4,,,,0.00352,,,-2,2023-12-10 15:19:00,鼓肚渗油
2023-11-01,EQ-0421,电容器组,沈阳浑南110kV变电站,0.456,0.5519,2.7,,,,0.00567,,,-1,2023-12-10 15:19:00,鼓肚渗油
2023-12-01,EQ-0421,电容器组,沈阳浑南110kV变电站,0.5592,0.738,2.5,,,,0.00601,,,0,2023-12-10 15:19:00,鼓肚渗油
2023-09-01,EQ-0132,断路器,临港110kV变电站,0.7072,0.9422,24.5,,,10410.0,,,0.522,-3,2023-12-12 08:56:00,机械故障
2023-10-01,EQ-0132,断路器,临港110kV变电站,0.5642,0.6811,18.2,,,7200.0,,,0.478,-2,2023-12-12 08:56:00,机械故障
2023-11-01,EQ-0132,断路器,临港110kV变电站,0.6098,0.7082,10.1,,,7656.0,,,0.487,-1,2023-12-12 08:56:00,机械故障
2023-12-01,EQ-0132,断路器,临港110kV变电站,0.6474,0.7744,4.4,,,11117.0,,,0.502,0,2023-12-12 08:56:00,机械故障
2023-09-01,EQ-0397,断路器,成都高新35kV变电站,0.6497,0.7654,27.1,,,7884.0,,,0.473,-3,2023-12-17 22:17:00,拒动/误动
2023-10-01,EQ-0397,断路器,成都高新35kV变电站,0.524,0.6528,20.2,,,7424.0,,,0.451,-2,2023-12-17 22:17:00,拒动/误动
2023-11-01,EQ-0397,断路器,成都高新35kV变电站,0.5803,0.7178,11.7,,,8506.0,,,0.477,-1,2023-12-17 22:17:00,拒动/误动
2023-12-01,EQ-0397,断路器,成都高新35kV变电站,0.5904,0.7011,2.4,,,9227.0,,,0.514,0,2023-12-17 22:17:00,拒动/误动
2023-09-01,EQ-0427,电力变压器,大连开发区35kV变电站,0.5653,0.7568,16.8,53.0,71.2,9139.0,0.00383,4.0,,-3,2023-12-21 23:43:00,油系统故障
2023-10-01,EQ-0427,电力变压器,大连开发区35kV变电站,0.5143,0.6394,9.4,48.0,66.4,10693.0,0.00525,3.8,,-2,2023-12-21 23:43:00,油系统故障
2023-11-01,EQ-0427,电力变压器,大连开发区35kV变电站,0.5132,0.6714,4.0,44.1,61.3,7357.0,0.00425,7.4,,-1,2023-12-21 23:43:00,油系统故障
2023-12-01,EQ-0427,电力变压器,大连开发区35kV变电站,0.6072,0.7515,-4.7,35.1,51.1,10086.0,0.00427,9.7,,0,2023-12-21 23:43:00,油系统故障
2023-09-01,EQ-0295,电力变压器,武昌110kV变电站,0.5966,0.751,23.5,68.5,84.0,6705.0,0.00473,3.7,,-3,2023-12-24 15:28:00,绝缘故障
2023-10-01,EQ-0295,电力变压器,武昌110kV变电站,0.5648,0.7339,18.1,57.3,71.7,8149.0,0.00476,6.7,,-2,2023-12-24 15:28:00,绝缘故障
2023-11-01,EQ-0295,电力变压器,武昌110kV变电站,0.6033,0.7385,9.4,48.3,66.0,7525.0,0.00486,7.8,,-1,2023-12-24 15:28:00,绝缘故障
2023-12-01,EQ-0295,电力变压器,武昌110kV变电站,0.6861,0.859,2.3,45.7,65.0,7222.0,0.00374,13.6,,0,2023-12-24 15:28:00,绝缘故障
2023-09-01,EQ-0006,断路器,龙华220kV变电站,0.5581,0.7515,30.0,,,8875.0,,,0.507,-3,2023-12-25 19:51:00,绝缘故障
2023-10-01,EQ-0006,断路器,龙华220kV变电站,0.4745,0.576,26.9,,,7816.0,,,0.455,-2,2023-12-25 19:51:00,绝缘故障
2023-11-01,EQ-0006,断路器,龙华220kV变电站,0.4528,0.5557,15.2,,,8113.0,,,0.506,-1,2023-12-25 19:51:00,绝缘故障
2023-12-01,EQ-0006,断路器,龙华220kV变电站,0.5157,0.6331,7.8,,,9385.0,,,0.447,0,2023-12-25 19:51:00,绝缘故障
2023-09-01,EQ-0198,避雷器,杭州滨江110kV变电站,0.6579,0.7982,22.3,,,,,,,-3,2023-12-28 01:31:00,接地故障
2023-10-01,EQ-0198,避雷器,杭州滨江110kV变电站,0.5537,0.6462,18.8,,,,,,,-2,2023-12-28 01:31:00,接地故障
2023-11-01,EQ-0198,避雷器,杭州滨江110kV变电站,0.5833,0.6737,11.8,,,,,,,-1,2023-12-28 01:31:00,接地故障
2023-12-01,EQ-0198,避雷器,杭州滨江110kV变电站,0.681,0.7888,3.7,,,,,,,0,2023-12-28 01:31:00,接地故障
2023-10-01,EQ-0439,避雷器,大连开发区35kV变电站,0.4992,0.636,13.4,,,,,,,-3,2024-01-01 07:12:00,阀片劣化
2023-11-01,EQ-0439,避雷器,大连开发区35kV变电站,0.5301,0.6323,0.4,,,,,,,-2,2024-01-01 07:12:00,阀片劣化
2023-12-01,EQ-0439,避雷器,大连开发区35kV变电站,0.5917,0.7402,-7.1,,,,,,,-1,2024-01-01 07:12:00,阀片劣化
2024-01-01,EQ-0439,避雷器,大连开发区35kV变电站,0.5691,0.6853,-3.6,,,,,,,0,2024-01-01 07:12:00,阀片劣化
2023-10-01,EQ-0371,断路器,重庆两江220kV变电站,0.5012,0.6614,17.8,,,8739.0,,,0.516,-3,2024-01-08 09:30:00,过热故障
2023-11-01,EQ-0371,断路器,重庆两江220kV变电站,0.4713,0.5553,8.6,,,7634.0,,,0.529,-2,2024-01-08 09:30:00,过热故障
2023-12-01,EQ-0371,断路器,重庆两江220kV变电站,0.5309,0.6211,2.8,,,10255.0,,,0.477,-1,2024-01-08 09:30:00,过热故障
2024-01-01,EQ-0371,断路器,重庆两江220kV变电站,0.5788,0.702,4.5,,,8707.0,,,0.502,0,2024-01-08 09:30:00,过热故障
2023-10-01,EQ-0318,断路器,江夏35kV变电站,0.4581,0.5953,17.5,,,8079.0,,,0.494,-3,2024-01-12 16:22:00,机械故障
2023-11-01,EQ-0318,断路器,江夏35kV变电站,0.4638,0.6078,14.1,,,6614.0,,,0.45,-2,2024-01-12 16:22:00,机械故障
2023-12-01,EQ-0318,断路器,江夏35kV变电站,0.5225,0.6364,3.4,,,5869.0,,,0.491,-1,2024-01-12 16:22:00,机械故障
2024-01-01,EQ-0318,断路器,江夏35kV变电站,0.5411,0.7168,0.4,,,10601.0,,,0.479,0,2024-01-12 16:22:00,机械故障
2023-10-01,EQ-0367,电力变压器,重庆两江220kV变电站,0.502,0.595,19.5,56.8,72.1,7269.0,0.00241,13.1,,-3,2024-01-15 21:03:00,油系统故障
2023-11-01,EQ-0367,电力变压器,重庆两江220kV变电站,0.5188,0.6156,11.8,50.6,66.1,8824.0,0.00408,8.7,,-2,2024-01-15 21:03:00,油系统故障
2023-12-01,EQ-0367,电力变压器,重庆两江220kV变电站,0.585,0.7401,5.6,51.6,67.1,10880.0,0.00303,6.8,,-1,2024-01-15 21:03:00,油系统故障
2024-01-01,EQ-0367,电力变压器,重庆两江220kV变电站,0.5988,0.7565,4.2,44.6,63.5,10197.0,0.00294,9.5,,0,2024-01-15 21:03:00,油系统故障
2023-10-01,EQ-0393,GIS组合电器,重庆两江220kV变电站,0.5138,0.6417,20.4,60.7,81.0,8588.0,,9.3,0.478,-3,2024-01-16 13:24:00,SF6泄漏
2023-11-01,EQ-0393,GIS组合电器,重庆两江220kV变电站,0.5885,0.7461,10.5,49.3,65.8,9210.0,,11.4,0.458,-2,2024-01-16 13:24:00,SF6泄漏
2023-12-01,EQ-0393,GIS组合电器,重庆两江220kV变电站,0.6453,0.7898,5.7,47.0,66.0,7463.0,,14.9,0.518,-1,2024-01-16 13:24:00,SF6泄漏
2024-01-01,EQ-0393,GIS组合电器,重庆两江220kV变电站,0.6644,0.8433,2.9,46.4,63.9,9511.0,,13.6,0.46,0,2024-01-16 13:24:00,SF6泄漏
2023-10-01,EQ-0188,断路器,杭州滨江110kV变电站,0.626,0.7362,20.7,,,10493.0,,,0.461,-3,2024-01-17 09:25:00,拒动/误动
2023-11-01,EQ-0188,断路器,杭州滨江110kV变电站,0.6087,0.7584,12.4,,,6936.0,,,0.532,-2,2024-01-17 09:25:00,拒动/误动
2023-12-01,EQ-0188,断路器,杭州滨江110kV变电站,0.6947,0.8715,3.9,,,11441.0,,,0.473,-1,2024-01-17 09:25:00,拒动/误动
2024-01-01,EQ-0188,断路器,杭州滨江110kV变电站,0.732,0.8573,3.9,,,10023.0,,,0.503,0,2024-01-17 09:25:00,拒动/误动
2023-10-01,EQ-0301,断路器,武昌110kV变电站,0.4135,0.4863,18.7,,,9165.0,,,0.533,-3,2024-01-17 11:56:00,绝缘故障
2023-11-01,EQ-0301,断路器,武昌110kV变电站,0.4835,0.6009,11.0,,,6412.0,,,0.479,-2,2024-01-17 11:56:00,绝缘故障
2023-12-01,EQ-0301,断路器,武昌110kV变电站,0.5155,0.65,5.3,,,9695.0,,,0.468,-1,2024-01-17 11:56:00,绝缘故障
2024-01-01,EQ-0301,断路器,武昌110kV变电站,0.5402,0.722,4.3,,,10732.0,,,0.472,0,2024-01-17 11:56:00,绝缘故障
2023-10-01,EQ-0232,避雷器,亦庄110kV变电站,0.5194,0.6496,19.1,,,,,,,-3,2024-01-21 07:49:00,密封失效
2023-11-01,EQ-0232,避雷器,亦庄110kV变电站,0.4877,0.5713,5.7,,,,,,,-2,2024-01-21 07:49:00,密封失效
2023-12-01,EQ-0232,避雷器,亦庄110kV变电站,0.5935,0.7062,-0.2,,,,,,,-1,2024-01-21 07:49:00,密封失效
2024-01-01,EQ-0232,避雷器,亦庄110kV变电站,0.6026,0.8041,-0.3,,,,,,,0,2024-01-21 07:49:00,密封失效
2023-10-01,EQ-0393,GIS组合电器,重庆两江220kV变电站,0.5138,0.6417,20.4,60.7,81.0,8588.0,,9.3,0.478,-3,2024-01-25 13:24:00,机械故障
2023-11-01,EQ-0393,GIS组合电器,重庆两江220kV变电站,0.5885,0.7461,10.5,49.3,65.8,9210.0,,11.4,0.458,-2,2024-01-25 13:24:00,机械故障
2023-12-01,EQ-0393,GIS组合电器,重庆两江220kV变电站,0.6453,0.7898,5.7,47.0,66.0,7463.0,,14.9,0.518,-1,2024-01-25 13:24:00,机械故障
2024-01-01,EQ-0393,GIS组合电器,重庆两江220kV变电站,0.6644,0.8433,2.9,46.4,63.9,9511.0,,13.6,0.46,0,2024-01-25 13:24:00,机械故障
2023-10-01,EQ-0316,断路器,江夏35kV变电站,0.6177,0.8279,19.2,,,7784.0,,,0.527,-3,2024-01-27 01:38:00,绝缘故障
2023-11-01,EQ-0316,断路器,江夏35kV变电站,0.6346,0.8098,9.5,,,7259.0,,,0.464,-2,2024-01-27 01:38:00,绝缘故障
2023-12-01,EQ-0316,断路器,江夏35kV变电站,0.6331,0.8277,4.4,,,6561.0,,,0.483,-1,2024-01-27 01:38:00,绝缘故障
2024-01-01,EQ-0316,断路器,江夏35kV变电站,0.6717,0.8737,3.2,,,8075.0,,,0.476,0,2024-01-27 01:38:00,绝缘故障
2023-10-01,EQ-0121,电容器组,张江110kV变电站,0.6118,0.7971,18.2,,,,0.00527,,,-3,2024-01-29 10:34:00,接线故障
2023-11-01,EQ-0121,电容器组,张江110kV变电站,0.5702,0.7551,11.9,,,,0.00577,,,-2,2024-01-29 10:34:00,接线故障
2023-12-01,EQ-0121,电容器组,张江110kV变电站,0.6792,0.8942,3.0,,,,0.0037,,,-1,2024-01-29 10:34:00,接线故障
2024-01-01,EQ-0121,电容器组,张江110kV变电站,0.6354,0.7386,5.5,,,,0.00327,,,0,2024-01-29 10:34:00,接线故障
2023-11-01,EQ-0351,断路器,武侯110kV变电站,0.4989,0.6639,10.6,,,11788.0,,,0.483,-3,2024-02-03 19:06:00,绝缘故障
2023-12-01,EQ-0351,断路器,武侯110kV变电站,0.5427,0.6301,7.2,,,11939.0,,,0.499,-2,2024-02-03 19:06:00,绝缘故障
2024-01-01,EQ-0351,断路器,武侯110kV变电站,0.5752,0.7066,5.8,,,7615.0,,,0.446,-1,2024-02-03 19:06:00,绝缘故障
2024-02-01,EQ-0351,断路器,武侯110kV变电站,0.4516,0.5294,3.9,,,13305.0,,,0.514,0,2024-02-03 19:06:00,绝缘故障
2023-11-01,EQ-0374,断路器,重庆两江220kV变电站,0.5919,0.7411,11.4,,,8933.0,,,0.469,-3,2024-02-03 23:51:00,外力因素
2023-12-01,EQ-0374,断路器,重庆两江220kV变电站,0.6356,0.7605,5.9,,,12158.0,,,0.498,-2,2024-02-03 23:51:00,外力因素
2024-01-01,EQ-0374,断路器,重庆两江220kV变电站,0.6029,0.7294,5.3,,,8882.0,,,0.456,-1,2024-02-03 23:51:00,外力因素
2024-02-01,EQ-0374,断路器,重庆两江220kV变电站,0.5184,0.6322,5.9,,,12140.0,,,0.491,0,2024-02-03 23:51:00,外力因素
2023-11-01,EQ-0301,断路器,武昌110kV变电站,0.4835,0.6009,11.0,,,6412.0,,,0.479,-3,2024-02-05 11:56:00,拒动/误动
2023-12-01,EQ-0301,断路器,武昌110kV变电站,0.5155,0.65,5.3,,,9695.0,,,0.468,-2,2024-02-05 11:56:00,拒动/误动
2024-01-01,EQ-0301,断路器,武昌110kV变电站,0.5402,0.722,4.3,,,10732.0,,,0.472,-1,2024-02-05 11:56:00,拒动/误动
2024-02-01,EQ-0301,断路器,武昌110kV变电站,0.4371,0.5659,3.4,,,8728.0,,,0.493,0,2024-02-05 11:56:00,拒动/误动
2023-11-01,EQ-0021,隔离开关,龙华220kV变电站,0.6877,0.8659,17.8,,,,,,,-3,2024-02-06 08:02:00,机械故障
2023-12-01,EQ-0021,隔离开关,龙华220kV变电站,0.6857,0.8462,12.2,,,,,,,-2,2024-02-06 08:02:00,机械故障
2024-01-01,EQ-0021,隔离开关,龙华220kV变电站,0.6656,0.8275,12.5,,,,,,,-1,2024-02-06 08:02:00,机械故障
2024-02-01,EQ-0021,隔离开关,龙华220kV变电站,0.6134,0.74,13.8,,,,,,,0,2024-02-06 08:02:00,机械故障
2023-11-01,EQ-0294,避雷器,石家庄高新35kV变电站,0.5958,0.7411,7.6,,,,,,,-3,2024-02-10 16:44:00,接地故障
2023-12-01,EQ-0294,避雷器,石家庄高新35kV变电站,0.6567,0.8627,3.6,,,,,,,-2,2024-02-10 16:44:00,接地故障
2024-01-01,EQ-0294,避雷器,石家庄高新35kV变电站,0.6696,0.814,2.3,,,,,,,-1,2024-02-10 16:44:00,接地故障
2024-02-01,EQ-0294,避雷器,石家庄高新35kV变电站,0.5995,0.7302,2.3,,,,,,,0,2024-02-10 16:44:00,接地故障
2023-11-01,EQ-0211,电容器组,昆山35kV变电站,0.4835,0.5607,9.5,,,,0.00287,,,-3,2024-02-10 22:44:00,保护动作
2023-12-01,EQ-0211,电容器组,昆山35kV变电站,0.5595,0.669,8.1,,,,0.00369,,,-2,2024-02-10 22:44:00,保护动作
2024-01-01,EQ-0211,电容器组,昆山35kV变电站,0.4858,0.5947,6.0,,,,0.00403,,,-1,2024-02-10 22:44:00,保护动作
2024-02-01,EQ-0211,电容器组,昆山35kV变电站,0.4726,0.6086,6.3,,,,0.00565,,,0,2024-02-10 22:44:00,保护动作
2023-11-01,EQ-0254,电力变压器,天津滨海220kV变电站,0.6135,0.7648,4.3,42.4,60.2,10821.0,0.00411,4.5,,-3,2024-02-12 17:10:00,过热故障
2023-12-01,EQ-0254,电力变压器,天津滨海220kV变电站,0.6468,0.7557,4.1,48.3,66.6,8882.0,0.00262,13.5,,-2,2024-02-12 17:10:00,过热故障
2024-01-01,EQ-0254,电力变压器,天津滨海220kV变电站,0.6271,0.7856,0.7,43.0,62.4,8446.0,0.0064,5.9,,-1,2024-02-12 17:10:00,过热故障
2024-02-01,EQ-0254,电力变压器,天津滨海220kV变电站,0.5634,0.7559,2.6,37.8,55.1,11395.0,0.00277,10.4,,0,2024-02-12 17:10:00,过热故障
2023-11-01,EQ-0189,断路器,杭州滨江110kV变电站,0.5161,0.6328,11.3,,,8258.0,,,0.472,-3,2024-02-19 04:32:00,过热故障
2023-12-01,EQ-0189,断路器,杭州滨江110kV变电站,0.5741,0.6823,3.6,,,11441.0,,,0.529,-2,2024-02-19 04:32:00,过热故障
2024-01-01,EQ-0189,断路器,杭州滨江110kV变电站,0.5999,0.7055,2.7,,,10167.0,,,0.471,-1,2024-02-19 04:32:00,过热故障
2024-02-01,EQ-0189,断路器,杭州滨江110kV变电站,0.5622,0.6999,8.6,,,6182.0,,,0.496,0,2024-02-19 04:32:00,过热故障
2023-11-01,EQ-0281,GIS组合电器,天津滨海220kV变电站,0.6374,0.7965,7.2,49.0,64.5,11195.0,,8.3,0.445,-3,2024-02-19 17:52:00,绝缘故障
2023-12-01,EQ-0281,GIS组合电器,天津滨海220kV变电站,0.7171,0.8256,3.1,46.8,66.8,7351.0,,10.0,0.498,-2,2024-02-19 17:52:00,绝缘故障
2024-01-01,EQ-0281,GIS组合电器,天津滨海220kV变电站,0.6488,0.7907,-1.4,39.6,56.0,11209.0,,3.0,0.503,-1,2024-02-19 17:52:00,绝缘故障
2024-02-01,EQ-0281,GIS组合电器,天津滨海220kV变电站,0.5881,0.758,2.8,46.2,61.3,10745.0,,12.6,0.493,0,2024-02-19 17:52:00,绝缘故障
2023-11-01,EQ-0082,避雷器,南沙110kV变电站,0.5759,0.6726,12.6,,,,,,,-3,2024-02-23 10:01:00,接地故障
2023-12-01,EQ-0082,避雷器,南沙110kV变电站,0.6736,0.874,10.0,,,,,,,-2,2024-02-23 10:01:00,接地故障
2024-01-01,EQ-0082,避雷器,南沙110kV变电站,0.7436,0.8969,8.5,,,,,,,-1,2024-02-23 10:01:00,接地故障
2024-02-01,EQ-0082,避雷器,南沙110kV变电站,0.6508,0.8365,12.9,,,,,,,0,2024-02-23 10:01:00,接地故障
2023-11-01,EQ-0217,电力变压器,亦庄110kV变电站,0.5988,0.7508,6.5,45.7,60.8,10488.0,0.00517,9.9,,-3,2024-02-24 04:38:00,外力因素
2023-12-01,EQ-0217,电力变压器,亦庄110kV变电站,0.6931,0.8604,3.7,48.9,67.1,7625.0,0.00391,4.9,,-2,2024-02-24 04:38:00,外力因素
2024-01-01,EQ-0217,电力变压器,亦庄110kV变电站,0.6577,0.8682,2.0,47.4,62.0,7081.0,0.00526,8.7,,-1,2024-02-24 04:38:00,外力因素
2024-02-01,EQ-0217,电力变压器,亦庄110kV变电站,0.6052,0.7258,0.3,39.5,60.6,6389.0,0.00396,6.0,,0,2024-02-24 04:38:00,外力因素
2023-11-01,EQ-0372,断路器,重庆两江220kV变电站,0.5103,0.6621,8.7,,,9273.0,,,0.495,-3,2024-02-27 18:37:00,拒动/误动
2023-12-01,EQ-0372,断路器,重庆两江220kV变电站,0.5692,0.71,4.7,,,6467.0,,,0.454,-2,2024-02-27 18:37:00,拒动/误动
2024-01-01,EQ-0372,断路器,重庆两江220kV变电站,0.5568,0.686,6.0,,,10588.0,,,0.455,-1,2024-02-27 18:37:00,拒动/误动
2024-02-01,EQ-0372,断路器,重庆两江220kV变电站,0.52,0.6407,5.2,,,6698.0,,,0.519,0,2024-02-27 18:37:00,拒动/误动
2023-12-01,EQ-0351,断路器,武侯110kV变电站,0.5427,0.6301,7.2,,,11939.0,,,0.499,-3,2024-03-04 16:55:00,拒动/误动
2024-01-01,EQ-0351,断路器,武侯110kV变电站,0.5752,0.7066,5.8,,,7615.0,,,0.446,-2,2024-03-04 16:55:00,拒动/误动
2024-02-01,EQ-0351,断路器,武侯110kV变电站,0.4516,0.5294,3.9,,,13305.0,,,0.514,-1,2024-03-04 16:55:00,拒动/误动
2024-03-01,EQ-0351,断路器,武侯110kV变电站,0.4438,0.5184,12.9,,,9460.0,,,0.462,0,2024-03-04 16:55:00,拒动/误动
2023-12-01,EQ-0358,电容器组,武侯110kV变电站,0.5628,0.6563,7.7,,,,0.0065,,,-3,2024-03-06 01:36:00,保护动作
2024-01-01,EQ-0358,电容器组,武侯110kV变电站,0.6394,0.7894,2.1,,,,0.00539,,,-2,2024-03-06 01:36:00,保护动作
2024-02-01,EQ-0358,电容器组,武侯110kV变电站,0.5699,0.7597,5.5,,,,0.00554,,,-1,2024-03-06 01:36:00,保护动作
2024-03-01,EQ-0358,电容器组,武侯110kV变电站,0.5163,0.6527,7.9,,,,0.00554,,,0,2024-03-06 01:36:00,保护动作
2023-12-01,EQ-0117,隔离开关,张江110kV变电站,0.6106,0.7299,4.3,,,,,,,-3,2024-03-06 04:23:00,外力因素
2024-01-01,EQ-0117,隔离开关,张江110kV变电站,0.6349,0.8137,7.6,,,,,,,-2,2024-03-06 04:23:00,外力因素
2024-02-01,EQ-0117,隔离开关,张江110kV变电站,0.5671,0.7146,3.6,,,,,,,-1,2024-03-06 04:23:00,外力因素
2024-03-01,EQ-0117,隔离开关,张江110kV变电站,0.542,0.7155,16.7,,,,,,,0,2024-03-06 04:23:00,外力因素
2023-12-01,EQ-0153,断路器,苏州工业园220kV变电站,0.5279,0.6748,7.2,,,6650.0,,,0.478,-3,2024-03-15 11:03:00,外力因素
2024-01-01,EQ-0153,断路器,苏州工业园220kV变电站,0.5079,0.6125,5.9,,,10299.0,,,0.512,-2,2024-03-15 11:03:00,外力因素
2024-02-01,EQ-0153,断路器,苏州工业园220kV变电站,0.4331,0.5174,4.9,,,10737.0,,,0.436,-1,2024-03-15 11:03:00,外力因素
2024-03-01,EQ-0153,断路器,苏州工业园220kV变电站,0.3476,0.4567,11.3,,,10671.0,,,0.498,0,2024-03-15 11:03:00,外力因素
2023-12-01,EQ-0373,断路器,重庆两江220kV变电站,0.6835,0.797,6.0,,,11227.0,,,0.46,-3,2024-03-16 09:18:00,外力因素
2024-01-01,EQ-0373,断路器,重庆两江220kV变电站,0.6535,0.7916,0.2,,,10208.0,,,0.535,-2,2024-03-16 09:18:00,外力因素
2024-02-01,EQ-0373,断路器,重庆两江220kV变电站,0.5839,0.772,6.3,,,8787.0,,,0.474,-1,2024-03-16 09:18:00,外力因素
2024-03-01,EQ-0373,断路器,重庆两江220kV变电站,0.5196,0.6614,12.3,,,8032.0,,,0.53,0,2024-03-16 09:18:00,外力因素
2023-12-01,EQ-0392,GIS组合电器,重庆两江220kV变电站,0.513,0.6369,4.1,48.9,65.7,8027.0,,9.6,0.455,-3,2024-03-25 19:18:00,机械故障
2024-01-01,EQ-0392,GIS组合电器,重庆两江220kV变电站,0.5217,0.6716,6.1,46.1,65.2,7755.0,,7.8,0.469,-2,2024-03-25 19:18:00,机械故障
2024-02-01,EQ-0392,GIS组合电器,重庆两江220kV变电站,0.4071,0.4879,5.3,41.4,53.3,7131.0,,3.5,0.455,-1,2024-03-25 19:18:00,机械故障
2024-03-01,EQ-0392,GIS组合电器,重庆两江220kV变电站,0.4296,0.577,13.1,50.5,67.2,9607.0,,2.3,0.455,0,2024-03-25 19:18:00,机械故障
2024-01-01,EQ-0220,断路器,亦庄110kV变电站,0.6156,0.7258,4.7,,,12215.0,,,0.503,-3,2024-04-01 19:53:00,机械故障
2024-02-01,EQ-0220,断路器,亦庄110kV变电站,0.571,0.7302,6.2,,,8523.0,,,0.519,-2,2024-04-01 19:53:00,机械故障
2024-03-01,EQ-0220,断路器,亦庄110kV变电站,0.565,0.722,12.3,,,9120.0,,,0.499,-1,2024-04-01 19:53:00,机械故障
2024-04-01,EQ-0220,断路器,亦庄110kV变电站,0.5963,0.7187,17.7,,,7688.0,,,0.462,0,2024-04-01 19:53:00,机械故障
2024-01-01,EQ-0196,避雷器,杭州滨江110kV变电站,0.5771,0.7547,8.3,,,,,,,-3,2024-04-10 11:10:00,接地故障
2024-02-01,EQ-0196,避雷器,杭州滨江110kV变电站,0.4882,0.6138,5.4,,,,,,,-2,2024-04-10 11:10:00,接地故障
2024-03-01,EQ-0196,避雷器,杭州滨江110kV变电站,0.4529,0.5722,13.8,,,,,,,-1,2024-04-10 11:10:00,接地故障
2024-04-01,EQ-0196,避雷器,杭州滨江110kV变电站,0.4431,0.5359,18.7,,,,,,,0,2024-04-10 11:10:00,接地故障
2024-01-01,EQ-0028,避雷器,龙华220kV变电站,0.6782,0.8077,8.7,,,,,,,-3,2024-04-13 22:38:00,密封失效
2024-02-01,EQ-0028,避雷器,龙华220kV变电站,0.5769,0.6911,12.9,,,,,,,-2,2024-04-13 22:38:00,密封失效
2024-03-01,EQ-0028,避雷器,龙华220kV变电站,0.5992,0.7436,14.7,,,,,,,-1,2024-04-13 22:38:00,密封失效
2024-04-01,EQ-0028,避雷器,龙华220kV变电站,0.5427,0.6526,19.3,,,,,,,0,2024-04-13 22:38:00,密封失效
2024-01-01,EQ-0330,断路器,长沙星沙110kV变电站,0.68,0.8683,1.8,,,10112.0,,,0.53,-3,2024-04-18 19:08:00,拒动/误动
2024-02-01,EQ-0330,断路器,长沙星沙110kV变电站,0.5768,0.6666,3.4,,,7862.0,,,0.461,-2,2024-04-18 19:08:00,拒动/误动
2024-03-01,EQ-0330,断路器,长沙星沙110kV变电站,0.524,0.6477,10.3,,,8775.0,,,0.444,-1,2024-04-18 19:08:00,拒动/误动
2024-04-01,EQ-0330,断路器,长沙星沙110kV变电站,0.5227,0.669,17.9,,,11448.0,,,0.5,0,2024-04-18 19:08:00,拒动/误动
2024-01-01,EQ-0024,电容器组,龙华220kV变电站,0.5455,0.6609,6.5,,,,0.00358,,,-3,2024-04-22 06:57:00,绝缘击穿
2024-02-01,EQ-0024,电容器组,龙华220kV变电站,0.4756,0.618,12.5,,,,0.00283,,,-2,2024-04-22 06:57:00,绝缘击穿
2024-03-01,EQ-0024,电容器组,龙华220kV变电站,0.4046,0.5392,17.2,,,,0.00378,,,-1,2024-04-22 06:57:00,绝缘击穿
2024-04-01,EQ-0024,电容器组,龙华220kV变电站,0.4559,0.5373,25.6,,,,0.00414,,,0,2024-04-22 06:57:00,绝缘击穿
2024-01-01,EQ-0078,隔离开关,南沙110kV变电站,0.721,0.858,6.5,,,,,,,-3,2024-04-28 13:12:00,接触不良
2024-02-01,EQ-0078,隔离开关,南沙110kV变电站,0.5829,0.6831,10.9,,,,,,,-2,2024-04-28 13:12:00,接触不良
2024-03-01,EQ-0078,隔离开关,南沙110kV变电站,0.5296,0.6943,15.3,,,,,,,-1,2024-04-28 13:12:00,接触不良
2024-04-01,EQ-0078,隔离开关,南沙110kV变电站,0.5488,0.718,25.5,,,,,,,0,2024-04-28 13:12:00,接触不良
2024-01-01,EQ-0120,隔离开关,张江110kV变电站,0.5586,0.6933,4.1,,,,,,,-3,2024-04-28 15:48:00,外力因素
2024-02-01,EQ-0120,隔离开关,张江110kV变电站,0.4827,0.5901,7.9,,,,,,,-2,2024-04-28 15:48:00,外力因素
2024-03-01,EQ-0120,隔离开关,张江110kV变电站,0.4587,0.6014,15.7,,,,,,,-1,2024-04-28 15:48:00,外力因素
2024-04-01,EQ-0120,隔离开关,张江110kV变电站,0.4243,0.5441,16.2,,,,,,,0,2024-04-28 15:48:00,外力因素
2024-02-01,EQ-0372,断路器,重庆两江220kV变电站,0.52,0.6407,5.2,,,6698.0,,,0.519,-3,2024-05-01 03:52:00,拒动/误动
2024-03-01,EQ-0372,断路器,重庆两江220kV变电站,0.472,0.6292,11.3,,,11858.0,,,0.484,-2,2024-05-01 03:52:00,拒动/误动
2024-04-01,EQ-0372,断路器,重庆两江220kV变电站,0.4791,0.6143,20.0,,,6817.0,,,0.518,-1,2024-05-01 03:52:00,拒动/误动
2024-05-01,EQ-0372,断路器,重庆两江220kV变电站,0.5405,0.6581,22.6,,,6594.0,,,0.518,0,2024-05-01 03:52:00,拒动/误动
2024-02-01,EQ-0373,断路器,重庆两江220kV变电站,0.5839,0.772,6.3,,,8787.0,,,0.474,-3,2024-05-01 09:18:00,机械故障
2024-03-01,EQ-0373,断路器,重庆两江220kV变电站,0.5196,0.6614,12.3,,,8032.0,,,0.53,-2,2024-05-01 09:18:00,机械故障
2024-04-01,EQ-0373,断路器,重庆两江220kV变电站,0.5876,0.7816,17.4,,,9830.0,,,0.473,-1,2024-05-01 09:18:00,机械故障
2024-05-01,EQ-0373,断路器,重庆两江220kV变电站,0.6007,0.7827,23.0,,,7203.0,,,0.48,0,2024-05-01 09:18:00,机械故障
2024-02-01,EQ-0277,避雷器,天津滨海220kV变电站,0.5178,0.6764,0.0,,,,,,,-3,2024-05-04 09:04:00,瓷套破裂
2024-03-01,EQ-0277,避雷器,天津滨海220kV变电站,0.4381,0.5287,9.1,,,,,,,-2,2024-05-04 09:04:00,瓷套破裂
2024-04-01,EQ-0277,避雷器,天津滨海220kV变电站,0.4504,0.5928,14.5,,,,,,,-1,2024-05-04 09:04:00,瓷套破裂
2024-05-01,EQ-0277,避雷器,天津滨海220kV变电站,0.4931,0.588,22.7,,,,,,,0,2024-05-04 09:04:00,瓷套破裂
2024-02-01,EQ-0048,断路器,松山湖220kV变电站,0.5331,0.6306,7.3,,,8916.0,,,0.464,-3,2024-05-06 10:24:00,绝缘故障
2024-03-01,EQ-0048,断路器,松山湖220kV变电站,0.4638,0.6179,20.2,,,9982.0,,,0.498,-2,2024-05-06 10:24:00,绝缘故障
2024-04-01,EQ-0048,断路器,松山湖220kV变电站,0.5721,0.7404,22.5,,,6851.0,,,0.465,-1,2024-05-06 10:24:00,绝缘故障
2024-05-01,EQ-0048,断路器,松山湖220kV变电站,0.5362,0.6357,29.8,,,10740.0,,,0.468,0,2024-05-06 10:24:00,绝缘故障
2024-02-01,EQ-0425,避雷器,沈阳浑南110kV变电站,0.5658,0.6724,-3.1,,,,,,,-3,2024-05-06 22:20:00,阀片劣化
2024-03-01,EQ-0425,避雷器,沈阳浑南110kV变电站,0.5622,0.7005,5.4,,,,,,,-2,2024-05-06 22:20:00,阀片劣化
2024-04-01,EQ-0425,避雷器,沈阳浑南110kV变电站,0.5657,0.7331,14.9,,,,,,,-1,2024-05-06 22:20:00,阀片劣化
2024-05-01,EQ-0425,避雷器,沈阳浑南110kV变电站,0.5887,0.7425,12.4,,,,,,,0,2024-05-06 22:20:00,阀片劣化
2024-02-01,EQ-0129,电力变压器,临港110kV变电站,0.4417,0.5789,5.2,37.0,50.6,7237.0,0.00521,6.9,,-3,2024-05-13 14:04:00,过热故障
2024-03-01,EQ-0129,电力变压器,临港110kV变电站,0.3716,0.4947,13.7,43.4,54.1,7883.0,0.00259,6.3,,-2,2024-05-13 14:04:00,过热故障
2024-04-01,EQ-0129,电力变压器,临港110kV变电站,0.4059,0.5324,21.4,57.6,73.7,12901.0,0.00267,17.0,,-1,2024-05-13 14:04:00,过热故障
2024-05-01,EQ-0129,电力变压器,临港110kV变电站,0.4282,0.5227,21.6,57.0,75.5,12365.0,0.00244,9.5,,0,2024-05-13 14:04:00,过热故障
2024-02-01,EQ-0436,电容器组,大连开发区35kV变电站,0.525,0.6664,-2.7,,,,0.00662,,,-3,2024-05-22 14:56:00,接线故障
2024-03-01,EQ-0436,电容器组,大连开发区35kV变电站,0.4367,0.5467,6.3,,,,0.00493,,,-2,2024-05-22 14:56:00,接线故障
2024-04-01,EQ-0436,电容器组,大连开发区35kV变电站,0.4878,0.5919,14.7,,,,0.0047,,,-1,2024-05-22 14:56:00,接线故障
2024-05-01,EQ-0436,电容器组,大连开发区35kV变电站,0.5147,0.6158,16.8,,,,0.00507,,,0,2024-05-22 14:56:00,接线故障
2024-02-01,EQ-0095,隔离开关,前海110kV变电站,0.5674,0.7159,12.6,,,,,,,-3,2024-05-26 21:22:00,接触不良
2024-03-01,EQ-0095,隔离开关,前海110kV变电站,0.5489,0.6993,18.3,,,,,,,-2,2024-05-26 21:22:00,接触不良
2024-04-01,EQ-0095,隔离开关,前海110kV变电站,0.5053,0.6274,22.9,,,,,,,-1,2024-05-26 21:22:00,接触不良
2024-05-01,EQ-0095,隔离开关,前海110kV变电站,0.5543,0.6906,30.8,,,,,,,0,2024-05-26 21:22:00,接触不良
2024-02-01,EQ-0240,断路器,通州35kV变电站,0.5162,0.6094,2.8,,,7411.0,,,0.437,-3,2024-05-29 04:51:00,拒动/误动
2024-03-01,EQ-0240,断路器,通州35kV变电站,0.4615,0.5695,13.4,,,11063.0,,,0.503,-2,2024-05-29 04:51:00,拒动/误动
2024-04-01,EQ-0240,断路器,通州35kV变电站,0.4639,0.5708,13.7,,,7234.0,,,0.517,-1,2024-05-29 04:51:00,拒动/误动
2024-05-01,EQ-0240,断路器,通州35kV变电站,0.5222,0.674,24.0,,,11440.0,,,0.522,0,2024-05-29 04:51:00,拒动/误动
2024-03-01,EQ-0292,避雷器,石家庄高新35kV变电站,0.4373,0.5284,7.5,,,,,,,-3,2024-06-04 00:42:00,接地故障
2024-04-01,EQ-0292,避雷器,石家庄高新35kV变电站,0.4715,0.6211,13.8,,,,,,,-2,2024-06-04 00:42:00,接地故障
2024-05-01,EQ-0292,避雷器,石家庄高新35kV变电站,0.4902,0.573,21.7,,,,,,,-1,2024-06-04 00:42:00,接地故障
2024-06-01,EQ-0292,避雷器,石家庄高新35kV变电站,0.5803,0.6984,26.7,,,,,,,0,2024-06-04 00:42:00,接地故障
2024-03-01,EQ-0316,断路器,江夏35kV变电站,0.5644,0.6588,9.2,,,8076.0,,,0.45,-3,2024-06-04 19:05:00,绝缘故障
2024-04-01,EQ-0316,断路器,江夏35kV变电站,0.5427,0.7105,17.2,,,9331.0,,,0.486,-2,2024-06-04 19:05:00,绝缘故障
2024-05-01,EQ-0316,断路器,江夏35kV变电站,0.6226,0.809,23.1,,,9666.0,,,0.515,-1,2024-06-04 19:05:00,绝缘故障
2024-06-01,EQ-0316,断路器,江夏35kV变电站,0.7675,0.9026,25.7,,,6654.0,,,0.531,0,2024-06-04 19:05:00,绝缘故障
2024-03-01,EQ-0435,电容器组,大连开发区35kV变电站,0.465,0.6242,6.1,,,,0.00346,,,-3,2024-06-07 23:05:00,绝缘击穿
2024-04-01,EQ-0435,电容器组,大连开发区35kV变电站,0.475,0.6202,14.5,,,,0.00611,,,-2,2024-06-07 23:05:00,绝缘击穿
2024-05-01,EQ-0435,电容器组,大连开发区35kV变电站,0.4569,0.5646,17.2,,,,0.0059,,,-1,2024-06-07 23:05:00,绝缘击穿
2024-06-01,EQ-0435,电容器组,大连开发区35kV变电站,0.5916,0.7232,24.7,,,,0.00785,,,0,2024-06-07 23:05:00,绝缘击穿
2024-03-01,EQ-0330,断路器,长沙星沙110kV变电站,0.524,0.6477,10.3,,,8775.0,,,0.444,-3,2024-06-08 19:08:00,过热故障
2024-04-01,EQ-0330,断路器,长沙星沙110kV变电站,0.5227,0.669,17.9,,,11448.0,,,0.5,-2,2024-06-08 19:08:00,过热故障
2024-05-01,EQ-0330,断路器,长沙星沙110kV变电站,0.6345,0.8109,23.5,,,7291.0,,,0.495,-1,2024-06-08 19:08:00,过热故障
2024-06-01,EQ-0330,断路器,长沙星沙110kV变电站,0.7519,0.9218,25.7,,,9553.0,,,0.446,0,2024-06-08 19:08:00,过热故障
2024-03-01,EQ-0248,电容器组,通州35kV变电站,0.4385,0.517,11.7,,,,0.00503,,,-3,2024-06-09 08:50:00,鼓肚渗油
2024-04-01,EQ-0248,电容器组,通州35kV变电站,0.4365,0.5334,11.7,,,,0.00533,,,-2,2024-06-09 08:50:00,鼓肚渗油
2024-05-01,EQ-0248,电容器组,通州35kV变电站,0.4593,0.5323,21.0,,,,0.00493,,,-1,2024-06-09 08:50:00,鼓肚渗油
2024-06-01,EQ-0248,电容器组,通州35kV变电站,0.6281,0.8209,24.4,,,,0.00631,,,0,2024-06-09 08:50:00,鼓肚渗油
2024-03-01,EQ-0335,隔离开关,长沙星沙110kV变电站,0.5588,0.6445,9.9,,,,,,,-3,2024-06-18 00:24:00,绝缘故障
2024-04-01,EQ-0335,隔离开关,长沙星沙110kV变电站,0.5348,0.7031,20.1,,,,,,,-2,2024-06-18 00:24:00,绝缘故障
2024-05-01,EQ-0335,隔离开关,长沙星沙110kV变电站,0.6887,0.9248,23.2,,,,,,,-1,2024-06-18 00:24:00,绝缘故障
2024-06-01,EQ-0335,隔离开关,长沙星沙110kV变电站,0.7028,0.8113,30.5,,,,,,,0,2024-06-18 00:24:00,绝缘故障
2024-03-01,EQ-0176,避雷器,苏州工业园220kV变电站,0.5106,0.6332,12.1,,,,,,,-3,2024-06-22 04:59:00,接地故障
2024-04-01,EQ-0176,避雷器,苏州工业园220kV变电站,0.543,0.7325,16.8,,,,,,,-2,2024-06-22 04:59:00,接地故障
2024-05-01,EQ-0176,避雷器,苏州工业园220kV变电站,0.6026,0.7419,26.3,,,,,,,-1,2024-06-22 04:59:00,接地故障
2024-06-01,EQ-0176,避雷器,苏州工业园220kV变电站,0.679,0.872,29.9,,,,,,,0,2024-06-22 04:59:00,接地故障
2024-03-01,EQ-0153,断路器,苏州工业园220kV变电站,0.3476,0.4567,11.3,,,10671.0,,,0.498,-3,2024-06-22 13:57:00,机械故障
2024-04-01,EQ-0153,断路器,苏州工业园220kV变电站,0.424,0.5708,18.6,,,8567.0,,,0.433,-2,2024-06-22 13:57:00,机械故障
2024-05-01,EQ-0153,断路器,苏州工业园220kV变电站,0.4357,0.5566,24.3,,,8860.0,,,0.45,-1,2024-06-22 13:57:00,机械故障
2024-06-01,EQ-0153,断路器,苏州工业园220kV变电站,0.5404,0.6455,27.7,,,9662.0,,,0.443,0,2024-06-22 13:57:00,机械故障
2024-04-01,EQ-0420,电容器组,沈阳浑南110kV变电站,0.5098,0.6195,11.0,,,,0.00253,,,-3,2024-07-01 01:27:00,保护动作
2024-05-01,EQ-0420,电容器组,沈阳浑南110kV变电站,0.5506,0.732,17.7,,,,0.00596,,,-2,2024-07-01 01:27:00,保护动作
2024-06-01,EQ-0420,电容器组,沈阳浑南110kV变电站,0.6367,0.8591,22.4,,,,0.00253,,,-1,2024-07-01 01:27:00,保护动作
2024-07-01,EQ-0420,电容器组,沈阳浑南110kV变电站,0.8306,1.0745,19.8,,,,0.00392,,,0,2024-07-01 01:27:00,保护动作
2024-04-01,EQ-0159,断路器,苏州工业园220kV变电站,0.5469,0.704,16.1,,,9023.0,,,0.529,-3,2024-07-01 20:26:00,过热故障
2024-05-01,EQ-0159,断路器,苏州工业园220kV变电站,0.588,0.7642,27.3,,,9887.0,,,0.477,-2,2024-07-01 20:26:00,过热故障
2024-06-01,EQ-0159,断路器,苏州工业园220kV变电站,0.741,0.9977,28.3,,,7496.0,,,0.496,-1,2024-07-01 20:26:00,过热故障
2024-07-01,EQ-0159,断路器,苏州工业园220kV变电站,0.8646,1.1,32.9,,,6883.0,,,0.462,0,2024-07-01 20:26:00,过热故障
2024-04-01,EQ-0078,隔离开关,南沙110kV变电站,0.5488,0.718,25.5,,,,,,,-3,2024-07-03 03:10:00,绝缘故障
2024-05-01,EQ-0078,隔离开关,南沙110kV变电站,0.6097,0.74,24.8,,,,,,,-2,2024-07-03 03:10:00,绝缘故障
2024-06-01,EQ-0078,隔离开关,南沙110kV变电站,0.7417,0.9015,33.8,,,,,,,-1,2024-07-03 03:10:00,绝缘故障
2024-07-01,EQ-0078,隔离开关,南沙110kV变电站,0.9835,1.1,37.2,,,,,,,0,2024-07-03 03:10:00,绝缘故障
2024-04-01,EQ-0290,电容器组,石家庄高新35kV变电站,0.5318,0.7048,16.9,,,,0.0053,,,-3,2024-07-06 16:16:00,鼓肚渗油
2024-05-01,EQ-0290,电容器组,石家庄高新35kV变电站,0.5924,0.7798,18.3,,,,0.00589,,,-2,2024-07-06 16:16:00,鼓肚渗油
2024-06-01,EQ-0290,电容器组,石家庄高新35kV变电站,0.6856,0.8508,25.8,,,,0.00631,,,-1,2024-07-06 16:16:00,鼓肚渗油
2024-07-01,EQ-0290,电容器组,石家庄高新35kV变电站,0.9069,1.0589,25.7,,,,0.00608,,,0,2024-07-06 16:16:00,鼓肚渗油
2024-04-01,EQ-0437,避雷器,大连开发区35kV变电站,0.4636,0.5344,10.8,,,,,,,-3,2024-07-08 10:16:00,阀片劣化
2024-05-01,EQ-0437,避雷器,大连开发区35kV变电站,0.51,0.5939,15.2,,,,,,,-2,2024-07-08 10:16:00,阀片劣化
2024-06-01,EQ-0437,避雷器,大连开发区35kV变电站,0.5746,0.6706,20.4,,,,,,,-1,2024-07-08 10:16:00,阀片劣化
2024-07-01,EQ-0437,避雷器,大连开发区35kV变电站,0.6997,0.8904,21.9,,,,,,,0,2024-07-08 10:16:00,阀片劣化
2024-04-01,EQ-0396,电力变压器,成都高新35kV变电站,0.4851,0.6399,16.5,53.1,68.7,9771.0,0.00232,8.6,,-3,2024-07-11 21:18:00,保护动作
2024-05-01,EQ-0396,电力变压器,成都高新35kV变电站,0.5167,0.6756,25.7,63.0,79.1,8497.0,0.00506,18.8,,-2,2024-07-11 21:18:00,保护动作
2024-06-01,EQ-0396,电力变压器,成都高新35kV变电站,0.5887,0.7028,29.8,71.5,87.8,8126.0,0.00322,9.8,,-1,2024-07-11 21:18:00,保护动作
2024-07-01,EQ-0396,电力变压器,成都高新35kV变电站,0.6336,0.7747,32.8,79.2,91.2,10737.0,0.00381,9.9,,0,2024-07-11 21:18:00,保护动作
2024-04-01,EQ-0076,隔离开关,南沙110kV变电站,0.4298,0.5366,22.2,,,,,,,-3,2024-07-13 19:43:00,外力因素
2024-05-01,EQ-0076,隔离开关,南沙110kV变电站,0.5107,0.5912,32.5,,,,,,,-2,2024-07-13 19:43:00,外力因素
2024-06-01,EQ-0076,隔离开关,南沙110kV变电站,0.6384,0.7534,34.3,,,,,,,-1,2024-07-13 19:43:00,外力因素
2024-07-01,EQ-0076,隔离开关,南沙110kV变电站,0.7227,0.8786,37.2,,,,,,,0,2024-07-13 19:43:00,外力因素
2024-04-01,EQ-0202,电力变压器,昆山35kV变电站,0.5127,0.6133,21.7,61.1,76.5,8554.0,0.00334,7.9,,-3,2024-07-14 07:10:00,油系统故障
2024-05-01,EQ-0202,电力变压器,昆山35kV变电站,0.5807,0.7632,19.7,60.1,80.9,7042.0,0.00773,20.5,,-2,2024-07-14 07:10:00,油系统故障
2024-06-01,EQ-0202,电力变压器,昆山35kV变电站,0.728,0.9096,29.6,80.4,99.5,8965.0,0.00438,8.6,,-1,2024-07-14 07:10:00,油系统故障
2024-07-01,EQ-0202,电力变压器,昆山35kV变电站,0.7757,0.9646,35.0,82.5,104.3,5999.0,0.00675,10.6,,0,2024-07-14 07:10:00,油系统故障
2024-04-01,EQ-0176,避雷器,苏州工业园220kV变电站,0.543,0.7325,16.8,,,,,,,-3,2024-07-16 04:59:00,阀片劣化
2024-05-01,EQ-0176,避雷器,苏州工业园220kV变电站,0.6026,0.7419,26.3,,,,,,,-2,2024-07-16 04:59:00,阀片劣化
2024-06-01,EQ-0176,避雷器,苏州工业园220kV变电站,0.679,0.872,29.9,,,,,,,-1,2024-07-16 04:59:00,阀片劣化
2024-07-01,EQ-0176,避雷器,苏州工业园220kV变电站,0.8406,1.0827,30.0,,,,,,,0,2024-07-16 04:59:00,阀片劣化
2024-04-01,EQ-0089,电力变压器,前海110kV变电站,0.5538,0.7104,21.6,63.4,81.3,11111.0,0.00307,13.9,,-3,2024-07-18 00:58:00,油系统故障
2024-05-01,EQ-0089,电力变压器,前海110kV变电站,0.6588,0.7921,30.0,75.6,93.3,8485.0,0.0035,8.7,,-2,2024-07-18 00:58:00,油系统故障
2024-06-01,EQ-0089,电力变压器,前海110kV变电站,0.7658,1.0134,33.4,79.6,96.9,10795.0,0.00357,9.0,,-1,2024-07-18 00:58:00,油系统故障
2024-07-01,EQ-0089,电力变压器,前海110kV变电站,0.9355,1.1,37.5,94.6,115.8,10192.0,0.00386,7.4,,0,2024-07-18 00:58:00,油系统故障
2024-04-01,EQ-0161,断路器,苏州工业园220kV变电站,0.4006,0.4666,18.2,,,12143.0,,,0.503,-3,2024-07-18 15:14:00,绝缘故障
2024-05-01,EQ-0161,断路器,苏州工业园220kV变电站,0.427,0.542,25.4,,,6738.0,,,0.443,-2,2024-07-18 15:14:00,绝缘故障
2024-06-01,EQ-0161,断路器,苏州工业园220kV变电站,0.5904,0.755,31.7,,,5621.0,,,0.48,-1,2024-07-18 15:14:00,绝缘故障
2024-07-01,EQ-0161,断路器,苏州工业园220kV变电站,0.6907,0.9304,35.7,,,7956.0,,,0.463,0,2024-07-18 15:14:00,绝缘故障
2024-04-01,EQ-0375,断路器,重庆两江220kV变电站,0.5375,0.6263,18.5,,,8344.0,,,0.441,-3,2024-07-19 12:58:00,机械故障
2024-05-01,EQ-0375,断路器,重庆两江220kV变电站,0.6655,0.863,23.5,,,7587.0,,,0.446,-2,2024-07-19 12:58:00,机械故障
2024-06-01,EQ-0375,断路器,重庆两江220kV变电站,0.7207,0.893,27.8,,,8407.0,,,0.528,-1,2024-07-19 12:58:00,机械故障
2024-07-01,EQ-0375,断路器,重庆两江220kV变电站,0.8865,1.0553,29.5,,,8840.0,,,0.461,0,2024-07-19 12:58:00,机械故障
2024-04-01,EQ-0367,电力变压器,重庆两江220kV变电站,0.4931,0.5741,19.7,53.8,68.9,8563.0,0.00647,8.1,,-3,2024-07-22 00:11:00,过热故障
2024-05-01,EQ-0367,电力变压器,重庆两江220kV变电站,0.5822,0.7212,24.9,70.7,89.3,9888.0,0.003,7.3,,-2,2024-07-22 00:11:00,过热故障
2024-06-01,EQ-0367,电力变压器,重庆两江220kV变电站,0.5843,0.7124,29.7,70.5,89.6,10268.0,0.00544,11.3,,-1,2024-07-22 00:11:00,过热故障
2024-07-01,EQ-0367,电力变压器,重庆两江220kV变电站,0.7231,0.9754,29.3,73.5,89.3,7749.0,0.0024,13.6,,0,2024-07-22 00:11:00,过热故障
2024-04-01,EQ-0160,断路器,苏州工业园220kV变电站,0.3847,0.489,19.5,,,9365.0,,,0.441,-3,2024-07-23 07:41:00,机械故障
2024-05-01,EQ-0160,断路器,苏州工业园220kV变电站,0.4941,0.65,31.6,,,7364.0,,,0.521,-2,2024-07-23 07:41:00,机械故障
2024-06-01,EQ-0160,断路器,苏州工业园220kV变电站,0.5613,0.666,30.1,,,5312.0,,,0.484,-1,2024-07-23 07:41:00,机械故障
2024-07-01,EQ-0160,断路器,苏州工业园220kV变电站,0.6476,0.8249,35.7,,,6500.0,,,0.499,0,2024-07-23 07:41:00,机械故障
2024-04-01,EQ-0195,电容器组,杭州滨江110kV变电站,0.5554,0.7396,18.0,,,,0.00455,,,-3,2024-07-26 18:54:00,鼓肚渗油
2024-05-01,EQ-0195,电容器组,杭州滨江110kV变电站,0.5969,0.7169,24.8,,,,0.0047,,,-2,2024-07-26 18:54:00,鼓肚渗油
2024-06-01,EQ-0195,电容器组,杭州滨江110kV变电站,0.665,0.861,31.1,,,,0.00611,,,-1,2024-07-26 18:54:00,鼓肚渗油
2024-07-01,EQ-0195,电容器组,杭州滨江110kV变电站,0.7695,0.9815,28.7,,,,0.00349,,,0,2024-07-26 18:54:00,鼓肚渗油
2024-04-01,EQ-0305,隔离开关,武昌110kV变电站,0.4404,0.5145,20.2,,,,,,,-3,2024-07-27 11:02:00,机械故障
2024-05-01,EQ-0305,隔离开关,武昌110kV变电站,0.4778,0.5628,24.9,,,,,,,-2,2024-07-27 11:02:00,机械故障
2024-06-01,EQ-0305,隔离开关,武昌110kV变电站,0.5283,0.6249,32.8,,,,,,,-1,2024-07-27 11:02:00,机械故障
2024-07-01,EQ-0305,隔离开关,武昌110kV变电站,0.6632,0.8349,29.6,,,,,,,0,2024-07-27 11:02:00,机械故障
2024-04-01,EQ-0420,电容器组,沈阳浑南110kV变电站,0.5098,0.6195,11.0,,,,0.00253,,,-3,2024-07-28 01:27:00,外力因素
2024-05-01,EQ-0420,电容器组,沈阳浑南110kV变电站,0.5506,0.732,17.7,,,,0.00596,,,-2,2024-07-28 01:27:00,外力因素
2024-06-01,EQ-0420,电容器组,沈阳浑南110kV变电站,0.6367,0.8591,22.4,,,,0.00253,,,-1,2024-07-28 01:27:00,外力因素
2024-07-01,EQ-0420,电容器组,沈阳浑南110kV变电站,0.8306,1.0745,19.8,,,,0.00392,,,0,2024-07-28 01:27:00,外力因素
2024-04-01,EQ-0372,断路器,重庆两江220kV变电站,0.4791,0.6143,20.0,,,6817.0,,,0.518,-3,2024-07-30 19:29:00,机械故障
2024-05-01,EQ-0372,断路器,重庆两江220kV变电站,0.5405,0.6581,22.6,,,6594.0,,,0.518,-2,2024-07-30 19:29:00,机械故障
2024-06-01,EQ-0372,断路器,重庆两江220kV变电站,0.5845,0.7587,27.8,,,9803.0,,,0.437,-1,2024-07-30 19:29:00,机械故障
2024-07-01,EQ-0372,断路器,重庆两江220kV变电站,0.7023,0.9046,31.7,,,8478.0,,,0.509,0,2024-07-30 19:29:00,机械故障
2024-04-01,EQ-0113,断路器,张江110kV变电站,0.5261,0.6285,19.5,,,8876.0,,,0.471,-3,2024-07-31 06:36:00,机械故障
2024-05-01,EQ-0113,断路器,张江110kV变电站,0.6254,0.8191,25.8,,,7246.0,,,0.496,-2,2024-07-31 06:36:00,机械故障
2024-06-01,EQ-0113,断路器,张江110kV变电站,0.7243,0.9562,28.9,,,9170.0,,,0.534,-1,2024-07-31 06:36:00,机械故障
2024-07-01,EQ-0113,断路器,张江110kV变电站,0.9425,1.1,32.1,,,6517.0,,,0.444,0,2024-07-31 06:36:00,机械故障
2024-05-01,EQ-0016,隔离开关,龙华220kV变电站,0.5931,0.7532,29.6,,,,,,,-3,2024-08-02 05:37:00,绝缘故障
2024-06-01,EQ-0016,隔离开关,龙华220kV变电站,0.7167,0.8595,34.1,,,,,,,-2,2024-08-02 05:37:00,绝缘故障
2024-07-01,EQ-0016,隔离开关,龙华220kV变电站,0.9194,1.078,37.8,,,,,,,-1,2024-08-02 05:37:00,绝缘故障
2024-08-01,EQ-0016,隔离开关,龙华220kV变电站,0.9913,1.1,34.8,,,,,,,0,2024-08-02 05:37:00,绝缘故障
2024-05-01,EQ-0201,电力变压器,昆山35kV变电站,0.5654,0.6944,27.7,68.6,86.2,7927.0,0.00306,12.8,,-3,2024-08-02 21:48:00,保护动作
2024-06-01,EQ-0201,电力变压器,昆山35kV变电站,0.6597,0.8402,30.4,73.1,91.4,7543.0,0.0028,13.0,,-2,2024-08-02 21:48:00,保护动作
2024-07-01,EQ-0201,电力变压器,昆山35kV变电站,0.7466,0.9108,33.3,76.8,97.8,8485.0,0.00328,7.9,,-1,2024-08-02 21:48:00,保护动作
2024-08-01,EQ-0201,电力变压器,昆山35kV变电站,0.7225,0.8325,34.3,78.2,100.7,9427.0,0.00514,19.1,,0,2024-08-02 21:48:00,保护动作
2024-05-01,EQ-0013,断路器,龙华220kV变电站,0.6633,0.8446,30.1,,,7877.0,,,0.444,-3,2024-08-06 11:34:00,机械故障
2024-06-01,EQ-0013,断路器,龙华220kV变电站,0.7693,0.9214,31.8,,,6961.0,,,0.531,-2,2024-08-06 11:34:00,机械故障
2024-07-01,EQ-0013,断路器,龙华220kV变电站,0.7883,1.0139,38.3,,,7994.0,,,0.491,-1,2024-08-06 11:34:00,机械故障
2024-08-01,EQ-0013,断路器,龙华220kV变电站,0.8531,1.1,33.5,,,6743.0,,,0.455,0,2024-08-06 11:34:00,机械故障
2024-05-01,EQ-0256,断路器,天津滨海220kV变电站,0.5069,0.6791,20.8,,,5674.0,,,0.527,-3,2024-08-09 17:48:00,外力因素
2024-06-01,EQ-0256,断路器,天津滨海220kV变电站,0.5787,0.7443,27.8,,,7689.0,,,0.471,-2,2024-08-09 17:48:00,外力因素
2024-07-01,EQ-0256,断路器,天津滨海220kV变电站,0.6781,0.7854,27.4,,,9184.0,,,0.484,-1,2024-08-09 17:48:00,外力因素
2024-08-01,EQ-0256,断路器,天津滨海220kV变电站,0.7377,0.8939,30.0,,,9882.0,,,0.442,0,2024-08-09 17:48:00,外力因素
2024-05-01,EQ-0354,隔离开关,武侯110kV变电站,0.4946,0.5715,24.6,,,,,,,-3,2024-08-11 02:25:00,接触不良
2024-06-01,EQ-0354,隔离开关,武侯110kV变电站,0.5441,0.6815,25.1,,,,,,,-2,2024-08-11 02:25:00,接触不良
2024-07-01,EQ-0354,隔离开关,武侯110kV变电站,0.7625,0.9999,31.3,,,,,,,-1,2024-08-11 02:25:00,接触不良
2024-08-01,EQ-0354,隔离开关,武侯110kV变电站,0.7871,0.9638,31.7,,,,,,,0,2024-08-11 02:25:00,接触不良
2024-05-01,EQ-0133,断路器,临港110kV变电站,0.4586,0.5889,29.3,,,6493.0,,,0.484,-3,2024-08-13 11:26:00,拒动/误动
2024-06-01,EQ-0133,断路器,临港110kV变电站,0.5435,0.6608,29.8,,,9069.0,,,0.525,-2,2024-08-13 11:26:00,拒动/误动
2024-07-01,EQ-0133,断路器,临港110kV变电站,0.6946,0.9112,32.7,,,10578.0,,,0.448,-1,2024-08-13 11:26:00,拒动/误动
2024-08-01,EQ-0133,断路器,临港110kV变电站,0.6617,0.7966,34.2,,,7937.0,,,0.467,0,2024-08-13 11:26:00,拒动/误动
2024-05-01,EQ-0334,断路器,长沙星沙110kV变电站,0.4395,0.5535,23.8,,,7790.0,,,0.529,-3,2024-08-14 06:47:00,机械故障
2024-06-01,EQ-0334,断路器,长沙星沙110kV变电站,0.6163,0.7994,31.8,,,11210.0,,,0.54,-2,2024-08-14 06:47:00,机械故障
2024-07-01,EQ-0334,断路器,长沙星沙110kV变电站,0.7851,1.0323,29.7,,,6877.0,,,0.522,-1,2024-08-14 06:47:00,机械故障
2024-08-01,EQ-0334,断路器,长沙星沙110kV变电站,0.732,0.9767,28.9,,,10799.0,,,0.451,0,2024-08-14 06:47:00,机械故障
2024-05-01,EQ-0210,电容器组,昆山35kV变电站,0.6097,0.8163,26.8,,,,0.00612,,,-3,2024-08-17 12:55:00,接线故障
2024-06-01,EQ-0210,电容器组,昆山35kV变电站,0.7034,0.873,30.0,,,,0.00466,,,-2,2024-08-17 12:55:00,接线故障
2024-07-01,EQ-0210,电容器组,昆山35kV变电站,0.9378,1.0857,35.0,,,,0.00451,,,-1,2024-08-17 12:55:00,接线故障
2024-08-01,EQ-0210,电容器组,昆山35kV变电站,0.8832,1.1,33.7,,,,0.00371,,,0,2024-08-17 12:55:00,接线故障
2024-05-01,EQ-0352,断路器,武侯110kV变电站,0.5732,0.728,25.0,,,7052.0,,,0.54,-3,2024-08-18 10:28:00,绝缘故障
2024-06-01,EQ-0352,断路器,武侯110kV变电站,0.7592,0.963,27.6,,,10410.0,,,0.524,-2,2024-08-18 10:28:00,绝缘故障
2024-07-01,EQ-0352,断路器,武侯110kV变电站,0.8193,1.0422,35.2,,,8029.0,,,0.47,-1,2024-08-18 10:28:00,绝缘故障
2024-08-01,EQ-0352,断路器,武侯110kV变电站,0.9074,1.1,33.0,,,9621.0,,,0.458,0,2024-08-18 10:28:00,绝缘故障
2024-05-01,EQ-0195,电容器组,杭州滨江110kV变电站,0.5969,0.7169,24.8,,,,0.0047,,,-3,2024-08-22 18:54:00,接线故障
2024-06-01,EQ-0195,电容器组,杭州滨江110kV变电站,0.665,0.861,31.1,,,,0.00611,,,-2,2024-08-22 18:54:00,接线故障
2024-07-01,EQ-0195,电容器组,杭州滨江110kV变电站,0.7695,0.9815,28.7,,,,0.00349,,,-1,2024-08-22 18:54:00,接线故障
2024-08-01,EQ-0195,电容器组,杭州滨江110kV变电站,0.8522,1.0778,31.9,,,,0.00502,,,0,2024-08-22 18:54:00,接线故障
2024-05-01,EQ-0171,电容器组,苏州工业园220kV变电站,0.5202,0.6225,19.8,,,,0.00325,,,-3,2024-08-22 23:26:00,绝缘击穿
2024-06-01,EQ-0171,电容器组,苏州工业园220kV变电站,0.6578,0.8788,30.5,,,,0.00537,,,-2,2024-08-22 23:26:00,绝缘击穿
2024-07-01,EQ-0171,电容器组,苏州工业园220kV变电站,0.8006,1.0062,29.8,,,,0.00392,,,-1,2024-08-22 23:26:00,绝缘击穿
2024-08-01,EQ-0171,电容器组,苏州工业园220kV变电站,0.7734,0.9302,31.9,,,,0.00363,,,0,2024-08-22 23:26:00,绝缘击穿
2024-05-01,EQ-0238,电力变压器,通州35kV变电站,0.5394,0.7181,22.0,57.2,73.3,10327.0,0.00394,16.5,,-3,2024-08-26 23:56:00,保护动作
2024-06-01,EQ-0238,电力变压器,通州35kV变电站,0.6386,0.8278,25.0,62.2,81.8,7307.0,0.00498,12.8,,-2,2024-08-26 23:56:00,保护动作
2024-07-01,EQ-0238,电力变压器,通州35kV变电站,0.7389,0.9757,23.9,70.7,88.7,7907.0,0.00495,14.4,,-1,2024-08-26 23:56:00,保护动作
2024-08-01,EQ-0238,电力变压器,通州35kV变电站,0.8064,0.9744,30.7,80.2,96.1,10539.0,0.0039,8.9,,0,2024-08-26 23:56:00,保护动作
2024-05-01,EQ-0310,避雷器,武昌110kV变电站,0.5166,0.6278,25.1,,,,,,,-3,2024-08-30 10:20:00,阀片劣化
2024-06-01,EQ-0310,避雷器,武昌110kV变电站,0.5189,0.6384,26.4,,,,,,,-2,2024-08-30 10:20:00,阀片劣化
2024-07-01,EQ-0310,避雷器,武昌110kV变电站,0.6687,0.8549,28.7,,,,,,,-1,2024-08-30 10:20:00,阀片劣化
2024-08-01,EQ-0310,避雷器,武昌110kV变电站,0.6694,0.7985,28.8,,,,,,,0,2024-08-30 10:20:00,阀片劣化
2024-05-01,EQ-0397,断路器,成都高新35kV变电站,0.5622,0.6888,21.9,,,10205.0,,,0.477,-3,2024-08-31 21:13:00,机械故障
2024-06-01,EQ-0397,断路器,成都高新35kV变电站,0.6571,0.8756,29.6,,,10990.0,,,0.448,-2,2024-08-31 21:13:00,机械故障
2024-07-01,EQ-0397,断路器,成都高新35kV变电站,0.8266,0.9631,34.4,,,7457.0,,,0.462,-1,2024-08-31 21:13:00,机械故障
2024-08-01,EQ-0397,断路器,成都高新35kV变电站,0.8804,1.1,29.3,,,9851.0,,,0.496,0,2024-08-31 21:13:00,机械故障
2024-06-01,EQ-0040,电力变压器,松山湖220kV变电站,0.7867,0.9682,30.9,76.9,95.1,8095.0,0.00388,5.0,,-3,2024-09-04 22:58:00,过热故障
2024-07-01,EQ-0040,电力变压器,松山湖220kV变电站,0.9082,1.1,36.6,90.3,111.0,9068.0,0.00405,15.5,,-2,2024-09-04 22:58:00,过热故障
2024-08-01,EQ-0040,电力变压器,松山湖220kV变电站,0.9509,1.1,40.8,92.4,113.0,5886.0,0.00458,6.5,,-1,2024-09-04 22:58:00,过热故障
2024-09-01,EQ-0040,电力变压器,松山湖220kV变电站,0.734,0.9147,31.0,74.0,91.7,10898.0,0.00393,10.7,,0,2024-09-04 22:58:00,过热故障
2024-06-01,EQ-0281,GIS组合电器,天津滨海220kV变电站,0.742,0.9708,25.5,72.1,91.1,8787.0,,5.0,0.5,-3,2024-09-08 06:06:00,局部放电
2024-07-01,EQ-0281,GIS组合电器,天津滨海220kV变电站,0.8392,0.9692,27.9,79.6,102.4,7764.0,,8.1,0.478,-2,2024-09-08 06:06:00,局部放电
2024-08-01,EQ-0281,GIS组合电器,天津滨海220kV变电站,0.9446,1.1,24.2,77.1,100.5,6411.0,,8.2,0.467,-1,2024-09-08 06:06:00,局部放电
2024-09-01,EQ-0281,GIS组合电器,天津滨海220kV变电站,0.7251,0.9549,19.7,62.6,78.7,10337.0,,12.2,0.424,0,2024-09-08 06:06:00,局部放电
2024-06-01,EQ-0120,隔离开关,张江110kV变电站,0.5742,0.7133,31.0,,,,,,,-3,2024-09-11 10:31:00,绝缘故障
2024-07-01,EQ-0120,隔离开关,张江110kV变电站,0.795,0.9903,33.9,,,,,,,-2,2024-09-11 10:31:00,绝缘故障
2024-08-01,EQ-0120,隔离开关,张江110kV变电站,0.7035,0.8827,32.3,,,,,,,-1,2024-09-11 10:31:00,绝缘故障
2024-09-01,EQ-0120,隔离开关,张江110kV变电站,0.5716,0.7294,28.7,,,,,,,0,2024-09-11 10:31:00,绝缘故障
2024-06-01,EQ-0025,电容器组,龙华220kV变电站,0.7179,0.9592,36.1,,,,0.00453,,,-3,2024-09-15 09:25:00,鼓肚渗油
2024-07-01,EQ-0025,电容器组,龙华220kV变电站,0.8496,1.0419,38.3,,,,0.00264,,,-2,2024-09-15 09:25:00,鼓肚渗油
2024-08-01,EQ-0025,电容器组,龙华220kV变电站,0.9446,1.1,38.9,,,,0.00384,,,-1,2024-09-15 09:25:00,鼓肚渗油
2024-09-01,EQ-0025,电容器组,龙华220kV变电站,0.6877,0.8555,29.5,,,,0.00375,,,0,2024-09-15 09:25:00,鼓肚渗油
2024-06-01,EQ-0292,避雷器,石家庄高新35kV变电站,0.5803,0.6984,26.7,,,,,,,-3,2024-09-16 22:37:00,瓷套破裂
2024-07-01,EQ-0292,避雷器,石家庄高新35kV变电站,0.6556,0.8103,27.8,,,,,,,-2,2024-09-16 22:37:00,瓷套破裂
2024-08-01,EQ-0292,避雷器,石家庄高新35kV变电站,0.7546,1.0072,31.1,,,,,,,-1,2024-09-16 22:37:00,瓷套破裂
2024-09-01,EQ-0292,避雷器,石家庄高新35kV变电站,0.5575,0.7436,21.4,,,,,,,0,2024-09-16 22:37:00,瓷套破裂
2024-06-01,EQ-0142,电容器组,临港110kV变电站,0.7331,0.9185,24.4,,,,0.00224,,,-3,2024-09-25 10:40:00,外力因素
2024-07-01,EQ-0142,电容器组,临港110kV变电站,0.8532,1.0968,30.0,,,,0.00499,,,-2,2024-09-25 10:40:00,外力因素
2024-08-01,EQ-0142,电容器组,临港110kV变电站,0.8655,1.1,32.6,,,,0.00566,,,-1,2024-09-25 10:40:00,外力因素
2024-09-01,EQ-0142,电容器组,临港110kV变电站,0.6499,0.7668,25.1,,,,0.00565,,,0,2024-09-25 10:40:00,外力因素
2024-06-01,EQ-0380,隔离开关,重庆两江220kV变电站,0.608,0.7539,30.3,,,,,,,-3,2024-09-25 13:38:00,机械故障
2024-07-01,EQ-0380,隔离开关,重庆两江220kV变电站,0.7328,0.8604,33.7,,,,,,,-2,2024-09-25 13:38:00,机械故障
2024-08-01,EQ-0380,隔离开关,重庆两江220kV变电站,0.7947,0.9986,32.5,,,,,,,-1,2024-09-25 13:38:00,机械故障
2024-09-01,EQ-0380,隔离开关,重庆两江220kV变电站,0.6373,0.8093,29.6,,,,,,,0,2024-09-25 13:38:00,机械故障
2024-07-01,EQ-0081,电容器组,南沙110kV变电站,0.8347,0.9719,36.8,,,,0.00438,,,-3,2024-10-01 02:39:00,鼓肚渗油
2024-08-01,EQ-0081,电容器组,南沙110kV变电站,0.779,1.0067,34.9,,,,0.00241,,,-2,2024-10-01 02:39:00,鼓肚渗油
2024-09-01,EQ-0081,电容器组,南沙110kV变电站,0.6575,0.8456,32.1,,,,0.00631,,,-1,2024-10-01 02:39:00,鼓肚渗油
2024-10-01,EQ-0081,电容器组,南沙110kV变电站,0.5673,0.754,22.1,,,,0.00314,,,0,2024-10-01 02:39:00,鼓肚渗油
2024-07-01,EQ-0292,避雷器,石家庄高新35kV变电站,0.6556,0.8103,27.8,,,,,,,-3,2024-10-03 00:48:00,阀片劣化
2024-08-01,EQ-0292,避雷器,石家庄高新35kV变电站,0.7546,1.0072,31.1,,,,,,,-2,2024-10-03 00:48:00,阀片劣化
2024-09-01,EQ-0292,避雷器,石家庄高新35kV变电站,0.5575,0.7436,21.4,,,,,,,-1,2024-10-03 00:48:00,阀片劣化
2024-10-01,EQ-0292,避雷器,石家庄高新35kV变电站,0.5085,0.6406,18.8,,,,,,,0,2024-10-03 00:48:00,阀片劣化
2024-07-01,EQ-0131,电力变压器,临港110kV变电站,0.6459,0.7506,34.9,72.8,91.5,10776.0,0.00562,2.7,,-3,2024-10-04 20:19:00,保护动作
2024-08-01,EQ-0131,电力变压器,临港110kV变电站,0.6922,0.8411,30.8,67.7,87.5,9662.0,0.00404,2.4,,-2,2024-10-04 20:19:00,保护动作
2024-09-01,EQ-0131,电力变压器,临港110kV变电站,0.5514,0.6785,24.9,65.5,83.1,9451.0,0.00237,9.3,,-1,2024-10-04 20:19:00,保护动作
2024-10-01,EQ-0131,电力变压器,临港110kV变电站,0.4295,0.5148,23.0,57.8,71.0,7748.0,0.00363,9.0,,0,2024-10-04 20:19:00,保护动作
2024-07-01,EQ-0242,断路器,通州35kV变电站,0.9075,1.1,28.6,,,8782.0,,,0.447,-3,2024-10-07 09:23:00,拒动/误动
2024-08-01,EQ-0242,断路器,通州35kV变电站,0.9496,1.1,27.7,,,9240.0,,,0.515,-2,2024-10-07 09:23:00,拒动/误动
2024-09-01,EQ-0242,断路器,通州35kV变电站,0.7681,0.945,21.7,,,10346.0,,,0.531,-1,2024-10-07 09:23:00,拒动/误动
2024-10-01,EQ-0242,断路器,通州35kV变电站,0.7068,0.8332,19.0,,,7056.0,,,0.44,0,2024-10-07 09:23:00,拒动/误动
2024-07-01,EQ-0316,断路器,江夏35kV变电站,0.8952,1.1,32.4,,,8219.0,,,0.456,-3,2024-10-13 19:11:00,机械故障
2024-08-01,EQ-0316,断路器,江夏35kV变电站,0.951,1.1,30.8,,,9878.0,,,0.495,-2,2024-10-13 19:11:00,机械故障
2024-09-01,EQ-0316,断路器,江夏35kV变电站,0.7991,0.9354,26.9,,,8907.0,,,0.454,-1,2024-10-13 19:11:00,机械故障
2024-10-01,EQ-0316,断路器,江夏35kV变电站,0.6537,0.8571,16.6,,,6440.0,,,0.484,0,2024-10-13 19:11:00,机械故障
2024-07-01,EQ-0423,避雷器,沈阳浑南110kV变电站,0.7299,0.9614,24.7,,,,,,,-3,2024-10-20 15:04:00,密封失效
2024-08-01,EQ-0423,避雷器,沈阳浑南110kV变电站,0.7539,0.9209,22.9,,,,,,,-2,2024-10-20 15:04:00,密封失效
2024-09-01,EQ-0423,避雷器,沈阳浑南110kV变电站,0.6088,0.7218,22.8,,,,,,,-1,2024-10-20 15:04:00,密封失效
2024-10-01,EQ-0423,避雷器,沈阳浑南110kV变电站,0.5321,0.709,12.3,,,,,,,0,2024-10-20 15:04:00,密封失效
2024-07-01,EQ-0011,断路器,龙华220kV变电站,0.661,0.8723,37.8,,,7729.0,,,0.47,-3,2024-10-23 13:01:00,过热故障
2024-08-01,EQ-0011,断路器,龙华220kV变电站,0.68,0.8055,35.2,,,6997.0,,,0.46,-2,2024-10-23 13:01:00,过热故障
2024-09-01,EQ-0011,断路器,龙华220kV变电站,0.5935,0.7062,29.3,,,9539.0,,,0.442,-1,2024-10-23 13:01:00,过热故障
2024-10-01,EQ-0011,断路器,龙华220kV变电站,0.4542,0.6019,19.9,,,7470.0,,,0.463,0,2024-10-23 13:01:00,过热故障
2024-07-01,EQ-0302,断路器,武昌110kV变电站,0.6795,0.8222,32.8,,,6837.0,,,0.507,-3,2024-10-23 15:43:00,机械故障
2024-08-01,EQ-0302,断路器,武昌110kV变电站,0.7963,1.0387,31.0,,,9375.0,,,0.492,-2,2024-10-23 15:43:00,机械故障
2024-09-01,EQ-0302,断路器,武昌110kV变电站,0.6395,0.7502,22.5,,,6966.0,,,0.459,-1,2024-10-23 15:43:00,机械故障
2024-10-01,EQ-0302,断路器,武昌110kV变电站,0.4828,0.5558,16.7,,,10741.0,,,0.456,0,2024-10-23 15:43:00,机械故障
2024-08-01,EQ-0427,电力变压器,大连开发区35kV变电站,0.7646,1.024,26.3,77.3,100.2,7695.0,0.00446,11.8,,-3,2024-11-05 19:39:00,过热故障
2024-09-01,EQ-0427,电力变压器,大连开发区35kV变电站,0.6212,0.761,22.9,63.2,74.8,7259.0,0.00576,2.5,,-2,2024-11-05 19:39:00,过热故障
2024-10-01,EQ-0427,电力变压器,大连开发区35kV变电站,0.5194,0.6645,14.4,55.2,74.3,5876.0,0.00564,3.0,,-1,2024-11-05 19:39:00,过热故障
2024-11-01,EQ-0427,电力变压器,大连开发区35kV变电站,0.55,0.7085,3.4,38.1,54.3,7154.0,0.00287,7.1,,0,2024-11-05 19:39:00,过热故障
2024-08-01,EQ-0349,断路器,武侯110kV变电站,0.6933,0.8759,31.0,,,8044.0,,,0.452,-3,2024-11-07 18:11:00,过热故障
2024-09-01,EQ-0349,断路器,武侯110kV变电站,0.5692,0.7422,25.1,,,8290.0,,,0.536,-2,2024-11-07 18:11:00,过热故障
2024-10-01,EQ-0349,断路器,武侯110kV变电站,0.4737,0.6131,21.4,,,11259.0,,,0.459,-1,2024-11-07 18:11:00,过热故障
2024-11-01,EQ-0349,断路器,武侯110kV变电站,0.4699,0.5645,14.6,,,9557.0,,,0.46,0,2024-11-07 18:11:00,过热故障
2024-08-01,EQ-0156,断路器,苏州工业园220kV变电站,0.6686,0.8642,30.9,,,8197.0,,,0.533,-3,2024-11-11 00:06:00,绝缘故障
2024-09-01,EQ-0156,断路器,苏州工业园220kV变电站,0.4998,0.6616,27.1,,,10487.0,,,0.445,-2,2024-11-11 00:06:00,绝缘故障
2024-10-01,EQ-0156,断路器,苏州工业园220kV变电站,0.4633,0.5941,20.3,,,6874.0,,,0.474,-1,2024-11-11 00:06:00,绝缘故障
2024-11-01,EQ-0156,断路器,苏州工业园220kV变电站,0.4663,0.6022,14.8,,,9361.0,,,0.478,0,2024-11-11 00:06:00,绝缘故障
2024-08-01,EQ-0051,隔离开关,松山湖220kV变电站,0.9473,1.1,41.1,,,,,,,-3,2024-11-12 08:16:00,接触不良
2024-09-01,EQ-0051,隔离开关,松山湖220kV变电站,0.7259,0.9304,31.4,,,,,,,-2,2024-11-12 08:16:00,接触不良
2024-10-01,EQ-0051,隔离开关,松山湖220kV变电站,0.5901,0.7772,25.4,,,,,,,-1,2024-11-12 08:16:00,接触不良
2024-11-01,EQ-0051,隔离开关,松山湖220kV变电站,0.6205,0.802,17.4,,,,,,,0,2024-11-12 08:16:00,接触不良
2024-08-01,EQ-0299,断路器,武昌110kV变电站,0.9186,1.1,30.3,,,7896.0,,,0.491,-3,2024-11-13 20:55:00,拒动/误动
2024-09-01,EQ-0299,断路器,武昌110kV变电站,0.7272,0.8842,24.2,,,9678.0,,,0.489,-2,2024-11-13 20:55:00,拒动/误动
2024-10-01,EQ-0299,断路器,武昌110kV变电站,0.5801,0.725,16.0,,,10652.0,,,0.508,-1,2024-11-13 20:55:00,拒动/误动
2024-11-01,EQ-0299,断路器,武昌110kV变电站,0.5379,0.6927,11.9,,,9231.0,,,0.53,0,2024-11-13 20:55:00,拒动/误动
2024-08-01,EQ-0214,避雷器,昆山35kV变电站,0.9154,1.1,32.7,,,,,,,-3,2024-11-14 12:27:00,接地故障
2024-09-01,EQ-0214,避雷器,昆山35kV变电站,0.6094,0.7047,27.7,,,,,,,-2,2024-11-14 12:27:00,接地故障
2024-10-01,EQ-0214,避雷器,昆山35kV变电站,0.5637,0.7555,20.5,,,,,,,-1,2024-11-14 12:27:00,接地故障
2024-11-01,EQ-0214,避雷器,昆山35kV变电站,0.5541,0.692,11.8,,,,,,,0,2024-11-14 12:27:00,接地故障
2024-08-01,EQ-0199,避雷器,杭州滨江110kV变电站,0.8791,1.1,31.0,,,,,,,-3,2024-11-16 00:00:00,阀片劣化
2024-09-01,EQ-0199,避雷器,杭州滨江110kV变电站,0.6649,0.8022,27.0,,,,,,,-2,2024-11-16 00:00:00,阀片劣化
2024-10-01,EQ-0199,避雷器,杭州滨江110kV变电站,0.6139,0.789,20.9,,,,,,,-1,2024-11-16 00:00:00,阀片劣化
2024-11-01,EQ-0199,避雷器,杭州滨江110kV变电站,0.6209,0.7932,14.4,,,,,,,0,2024-11-16 00:00:00,阀片劣化
2024-08-01,EQ-0291,电容器组,石家庄高新35kV变电站,0.9731,1.1,24.7,,,,0.00526,,,-3,2024-11-17 07:21:00,鼓肚渗油
2024-09-01,EQ-0291,电容器组,石家庄高新35kV变电站,0.7066,0.9475,22.1,,,,0.00628,,,-2,2024-11-17 07:21:00,鼓肚渗油
2024-10-01,EQ-0291,电容器组,石家庄高新35kV变电站,0.5917,0.7893,15.2,,,,0.00576,,,-1,2024-11-17 07:21:00,鼓肚渗油
2024-11-01,EQ-0291,电容器组,石家庄高新35kV变电站,0.6304,0.7767,6.1,,,,0.00378,,,0,2024-11-17 07:21:00,鼓肚渗油
2024-08-01,EQ-0435,电容器组,大连开发区35kV变电站,0.7175,0.8718,23.9,,,,0.00639,,,-3,2024-11-18 22:21:00,保护动作
2024-09-01,EQ-0435,电容器组,大连开发区35kV变电站,0.5862,0.7357,19.4,,,,0.00682,,,-2,2024-11-18 22:21:00,保护动作
2024-10-01,EQ-0435,电容器组,大连开发区35kV变电站,0.4735,0.6367,10.7,,,,0.00355,,,-1,2024-11-18 22:21:00,保护动作
2024-11-01,EQ-0435,电容器组,大连开发区35kV变电站,0.4811,0.6204,2.8,,,,0.00282,,,0,2024-11-18 22:21:00,保护动作
2024-08-01,EQ-0177,避雷器,苏州工业园220kV变电站,0.6874,0.836,29.4,,,,,,,-3,2024-11-22 04:32:00,阀片劣化
2024-09-01,EQ-0177,避雷器,苏州工业园220kV变电站,0.6133,0.7157,26.0,,,,,,,-2,2024-11-22 04:32:00,阀片劣化
2024-10-01,EQ-0177,避雷器,苏州工业园220kV变电站,0.5359,0.6516,19.0,,,,,,,-1,2024-11-22 04:32:00,阀片劣化
2024-11-01,EQ-0177,避雷器,苏州工业园220kV变电站,0.5208,0.6531,10.2,,,,,,,0,2024-11-22 04:32:00,阀片劣化
2024-08-01,EQ-0109,电力变压器,张江110kV变电站,0.9155,1.0831,31.8,82.5,104.0,6482.0,0.00472,9.2,,-3,2024-11-26 15:19:00,过热故障
2024-09-01,EQ-0109,电力变压器,张江110kV变电站,0.7289,0.9551,28.6,69.2,86.7,11706.0,0.00389,3.9,,-2,2024-11-26 15:19:00,过热故障
2024-10-01,EQ-0109,电力变压器,张江110kV变电站,0.6025,0.7174,18.8,57.7,76.4,6627.0,0.00313,5.9,,-1,2024-11-26 15:19:00,过热故障
2024-11-01,EQ-0109,电力变压器,张江110kV变电站,0.6086,0.8176,10.1,55.3,72.2,7023.0,0.00618,12.8,,0,2024-11-26 15:19:00,过热故障
2024-09-01,EQ-0090,断路器,前海110kV变电站,0.6847,0.9172,31.2,,,10648.0,,,0.505,-3,2024-12-01 21:55:00,拒动/误动
2024-10-01,EQ-0090,断路器,前海110kV变电站,0.5429,0.644,26.8,,,9459.0,,,0.482,-2,2024-12-01 21:55:00,拒动/误动
2024-11-01,EQ-0090,断路器,前海110kV变电站,0.5101,0.6115,13.3,,,12763.0,,,0.503,-1,2024-12-01 21:55:00,拒动/误动
2024-12-01,EQ-0090,断路器,前海110kV变电站,0.7128,0.8647,9.5,,,8081.0,,,0.51,0,2024-12-01 21:55:00,拒动/误动
2024-09-01,EQ-0210,电容器组,昆山35kV变电站,0.6638,0.7942,24.4,,,,0.00444,,,-3,2024-12-04 05:38:00,保护动作
2024-10-01,EQ-0210,电容器组,昆山35kV变电站,0.5454,0.6446,23.8,,,,0.00492,,,-2,2024-12-04 05:38:00,保护动作
2024-11-01,EQ-0210,电容器组,昆山35kV变电站,0.5981,0.7013,13.2,,,,0.00362,,,-1,2024-12-04 05:38:00,保护动作
2024-12-01,EQ-0210,电容器组,昆山35kV变电站,0.6464,0.7784,7.4,,,,0.0059,,,0,2024-12-04 05:38:00,保护动作
2024-09-01,EQ-0005,电力变压器,龙华220kV变电站,0.6547,0.854,34.7,73.8,90.4,7915.0,0.0042,5.5,,-3,2024-12-13 13:19:00,过热故障
2024-10-01,EQ-0005,电力变压器,龙华220kV变电站,0.4973,0.6528,26.9,63.7,77.1,8624.0,0.00734,16.6,,-2,2024-12-13 13:19:00,过热故障
2024-11-01,EQ-0005,电力变压器,龙华220kV变电站,0.5701,0.6689,14.1,60.2,78.7,8041.0,0.00636,15.6,,-1,2024-12-13 13:19:00,过热故障
2024-12-01,EQ-0005,电力变压器,龙华220kV变电站,0.5901,0.7474,10.6,47.8,62.1,7443.0,0.00605,14.3,,0,2024-12-13 13:19:00,过热故障
2024-09-01,EQ-0286,断路器,石家庄高新35kV变电站,0.6419,0.7712,23.5,,,8944.0,,,0.49,-3,2024-12-21 04:57:00,机械故障
2024-10-01,EQ-0286,断路器,石家庄高新35kV变电站,0.5076,0.6389,10.7,,,9758.0,,,0.469,-2,2024-12-21 04:57:00,机械故障
2024-11-01,EQ-0286,断路器,石家庄高新35kV变电站,0.4817,0.6277,7.7,,,7963.0,,,0.508,-1,2024-12-21 04:57:00,机械故障
2024-12-01,EQ-0286,断路器,石家庄高新35kV变电站,0.5684,0.7195,1.8,,,9618.0,,,0.425,0,2024-12-21 04:57:00,机械故障
2024-09-01,EQ-0095,隔离开关,前海110kV变电站,0.6583,0.884,32.7,,,,,,,-3,2024-12-23 14:46:00,外力因素
2024-10-01,EQ-0095,隔离开关,前海110kV变电站,0.5648,0.7152,24.8,,,,,,,-2,2024-12-23 14:46:00,外力因素
2024-11-01,EQ-0095,隔离开关,前海110kV变电站,0.571,0.7579,16.6,,,,,,,-1,2024-12-23 14:46:00,外力因素
2024-12-01,EQ-0095,隔离开关,前海110kV变电站,0.6661,0.8931,14.3,,,,,,,0,2024-12-23 14:46:00,外力因素
2024-09-01,EQ-0287,隔离开关,石家庄高新35kV变电站,0.5634,0.7439,22.3,,,,,,,-3,2024-12-28 20:30:00,外力因素
2024-10-01,EQ-0287,隔离开关,石家庄高新35kV变电站,0.4978,0.579,16.5,,,,,,,-2,2024-12-28 20:30:00,外力因素
2024-11-01,EQ-0287,隔离开关,石家庄高新35kV变电站,0.5301,0.6942,6.2,,,,,,,-1,2024-12-28 20:30:00,外力因素
2024-12-01,EQ-0287,隔离开关,石家庄高新35kV变电站,0.5353,0.716,1.2,,,,,,,0,2024-12-28 20:30:00,外力因素
2024-09-01,EQ-0271,电容器组,天津滨海220kV变电站,0.6162,0.7607,23.6,,,,0.00289,,,-3,2024-12-31 12:36:00,绝缘击穿
2024-10-01,EQ-0271,电容器组,天津滨海220kV变电站,0.5238,0.6485,13.6,,,,0.00601,,,-2,2024-12-31 12:36:00,绝缘击穿
2024-11-01,EQ-0271,电容器组,天津滨海220kV变电站,0.532,0.6988,9.3,,,,0.00258,,,-1,2024-12-31 12:36:00,绝缘击穿
2024-12-01,EQ-0271,电容器组,天津滨海220kV变电站,0.5785,0.6982,4.4,,,,0.00328,,,0,2024-12-31 12:36:00,绝缘击穿
2024-10-01,EQ-0179,GIS组合电器,苏州工业园220kV变电站,0.5338,0.6607,20.1,51.5,70.6,9474.0,,12.1,0.521,-3,2025-01-07 22:45:00,机械故障
2024-11-01,EQ-0179,GIS组合电器,苏州工业园220kV变电站,0.606,0.7494,11.6,53.8,76.0,6105.0,,11.4,0.459,-2,2025-01-07 22:45:00,机械故障
2024-12-01,EQ-0179,GIS组合电器,苏州工业园220kV变电站,0.7049,0.8728,3.4,44.6,67.6,6698.0,,15.4,0.45,-1,2025-01-07 22:45:00,机械故障
2025-01-01,EQ-0179,GIS组合电器,苏州工业园220kV变电站,0.6785,0.8399,6.1,53.6,70.8,7092.0,,4.8,0.473,0,2025-01-07 22:45:00,机械故障
2024-10-01,EQ-0138,隔离开关,临港110kV变电站,0.4611,0.553,19.8,,,,,,,-3,2025-01-08 16:18:00,绝缘故障
2024-11-01,EQ-0138,隔离开关,临港110kV变电站,0.5127,0.6594,11.7,,,,,,,-2,2025-01-08 16:18:00,绝缘故障
2024-12-01,EQ-0138,隔离开关,临港110kV变电站,0.5317,0.6564,8.7,,,,,,,-1,2025-01-08 16:18:00,绝缘故障
2025-01-01,EQ-0138,隔离开关,临港110kV变电站,0.5182,0.6313,5.6,,,,,,,0,2025-01-08 16:18:00,绝缘故障
2024-10-01,EQ-0271,电容器组,天津滨海220kV变电站,0.5238,0.6485,13.6,,,,0.00601,,,-3,2025-01-10 12:36:00,接线故障
2024-11-01,EQ-0271,电容器组,天津滨海220kV变电站,0.532,0.6988,9.3,,,,0.00258,,,-2,2025-01-10 12:36:00,接线故障
2024-12-01,EQ-0271,电容器组,天津滨海220kV变电站,0.5785,0.6982,4.4,,,,0.00328,,,-1,2025-01-10 12:36:00,接线故障
2025-01-01,EQ-0271,电容器组,天津滨海220kV变电站,0.6305,0.7366,5.9,,,,0.00343,,,0,2025-01-10 12:36:00,接线故障
2024-10-01,EQ-0404,电容器组,成都高新35kV变电站,0.635,0.7593,21.0,,,,0.0037,,,-3,2025-01-11 00:26:00,鼓肚渗油
2024-11-01,EQ-0404,电容器组,成都高新35kV变电站,0.7192,0.8715,13.7,,,,0.00382,,,-2,2025-01-11 00:26:00,鼓肚渗油
2024-12-01,EQ-0404,电容器组,成都高新35kV变电站,0.7236,0.8678,8.0,,,,0.00349,,,-1,2025-01-11 00:26:00,鼓肚渗油
2025-01-01,EQ-0404,电容器组,成都高新35kV变电站,0.6752,0.7779,4.4,,,,0.00514,,,0,2025-01-11 00:26:00,鼓肚渗油
2024-10-01,EQ-0129,电力变压器,临港110kV变电站,0.4446,0.5915,22.2,57.6,70.3,13044.0,0.00277,10.5,,-3,2025-01-13 14:51:00,过热故障
2024-11-01,EQ-0129,电力变压器,临港110kV变电站,0.4855,0.5917,14.4,52.1,65.5,9375.0,0.0029,4.6,,-2,2025-01-13 14:51:00,过热故障
2024-12-01,EQ-0129,电力变压器,临港110kV变电站,0.5344,0.6898,5.0,45.1,61.4,12031.0,0.00321,8.6,,-1,2025-01-13 14:51:00,过热故障
2025-01-01,EQ-0129,电力变压器,临港110kV变电站,0.5111,0.6408,6.8,50.3,62.1,10972.0,0.0033,15.7,,0,2025-01-13 14:51:00,过热故障
2024-10-01,EQ-0086,GIS组合电器,南沙110kV变电站,0.5429,0.7132,24.0,63.9,79.9,11154.0,,6.5,0.444,-3,2025-01-19 11:16:00,绝缘故障
2024-11-01,EQ-0086,GIS组合电器,南沙110kV变电站,0.5639,0.7241,19.6,54.6,71.2,8340.0,,3.4,0.47,-2,2025-01-19 11:16:00,绝缘故障
2024-12-01,EQ-0086,GIS组合电器,南沙110kV变电站,0.6486,0.7796,10.8,50.2,68.8,13279.0,,4.8,0.461,-1,2025-01-19 11:16:00,绝缘故障
2025-01-01,EQ-0086,GIS组合电器,南沙110kV变电站,0.6927,0.9029,8.6,51.4,67.4,9286.0,,10.3,0.444,0,2025-01-19 11:16:00,绝缘故障
2024-10-01,EQ-0063,避雷器,松山湖220kV变电站,0.5269,0.6714,25.7,,,,,,,-3,2025-01-24 07:11:00,瓷套破裂
2024-11-01,EQ-0063,避雷器,松山湖220kV变电站,0.4906,0.581,13.8,,,,,,,-2,2025-01-24 07:11:00,瓷套破裂
2024-12-01,EQ-0063,避雷器,松山湖220kV变电站,0.559,0.7098,9.5,,,,,,,-1,2025-01-24 07:11:00,瓷套破裂
2025-01-01,EQ-0063,避雷器,松山湖220kV变电站,0.5936,0.7916,8.2,,,,,,,0,2025-01-24 07:11:00,瓷套破裂
2024-11-01,EQ-0046,断路器,松山湖220kV变电站,0.5786,0.6868,16.8,,,8323.0,,,0.505,-3,2025-02-12 01:09:00,绝缘故障
2024-12-01,EQ-0046,断路器,松山湖220kV变电站,0.7166,0.8673,10.7,,,10810.0,,,0.515,-2,2025-02-12 01:09:00,绝缘故障
2025-01-01,EQ-0046,断路器,松山湖220kV变电站,0.7088,0.849,11.6,,,8753.0,,,0.486,-1,2025-02-12 01:09:00,绝缘故障
2025-02-01,EQ-0046,断路器,松山湖220kV变电站,0.6287,0.7353,11.2,,,9417.0,,,0.532,0,2025-02-12 01:09:00,绝缘故障
2024-11-01,EQ-0121,电容器组,张江110kV变电站,0.6207,0.8273,11.4,,,,0.00261,,,-3,2025-02-12 02:36:00,鼓肚渗油
2024-12-01,EQ-0121,电容器组,张江110kV变电站,0.7054,0.8236,5.8,,,,0.0042,,,-2,2025-02-12 02:36:00,鼓肚渗油
2025-01-01,EQ-0121,电容器组,张江110kV变电站,0.6056,0.8013,9.0,,,,0.00404,,,-1,2025-02-12 02:36:00,鼓肚渗油
2025-02-01,EQ-0121,电容器组,张江110kV变电站,0.6031,0.7116,8.7,,,,0.00677,,,0,2025-02-12 02:36:00,鼓肚渗油
2024-11-01,EQ-0135,断路器,临港110kV变电站,0.516,0.617,10.5,,,11812.0,,,0.459,-3,2025-02-13 01:30:00,外力因素
2024-12-01,EQ-0135,断路器,临港110kV变电站,0.5704,0.7311,4.9,,,7625.0,,,0.5,-2,2025-02-13 01:30:00,外力因素
2025-01-01,EQ-0135,断路器,临港110kV变电站,0.5926,0.7419,3.0,,,8012.0,,,0.496,-1,2025-02-13 01:30:00,外力因素
2025-02-01,EQ-0135,断路器,临港110kV变电站,0.4968,0.5721,6.8,,,11943.0,,,0.448,0,2025-02-13 01:30:00,外力因素
2024-11-01,EQ-0262,断路器,天津滨海220kV变电站,0.5135,0.6366,3.4,,,9773.0,,,0.443,-3,2025-02-13 07:18:00,绝缘故障
2024-12-01,EQ-0262,断路器,天津滨海220kV变电站,0.6243,0.8345,-0.7,,,8004.0,,,0.516,-2,2025-02-13 07:18:00,绝缘故障
2025-01-01,EQ-0262,断路器,天津滨海220kV变电站,0.5094,0.6371,1.4,,,7137.0,,,0.492,-1,2025-02-13 07:18:00,绝缘故障
2025-02-01,EQ-0262,断路器,天津滨海220kV变电站,0.5405,0.6558,2.9,,,9697.0,,,0.467,0,2025-02-13 07:18:00,绝缘故障
2024-11-01,EQ-0079,隔离开关,南沙110kV变电站,0.5551,0.6457,17.9,,,,,,,-3,2025-02-15 01:28:00,机械故障
2024-12-01,EQ-0079,隔离开关,南沙110kV变电站,0.6385,0.7378,6.6,,,,,,,-2,2025-02-15 01:28:00,机械故障
2025-01-01,EQ-0079,隔离开关,南沙110kV变电站,0.6243,0.7439,9.9,,,,,,,-1,2025-02-15 01:28:00,机械故障
2025-02-01,EQ-0079,隔离开关,南沙110kV变电站,0.4993,0.6469,11.0,,,,,,,0,2025-02-15 01:28:00,机械故障
2024-11-01,EQ-0260,断路器,天津滨海220kV变电站,0.6089,0.8088,5.0,,,9000.0,,,0.479,-3,2025-02-16 09:16:00,绝缘故障
2024-12-01,EQ-0260,断路器,天津滨海220kV变电站,0.6955,0.9051,1.1,,,8006.0,,,0.449,-2,2025-02-16 09:16:00,绝缘故障
2025-01-01,EQ-0260,断路器,天津滨海220kV变电站,0.6185,0.8096,2.8,,,10508.0,,,0.494,-1,2025-02-16 09:16:00,绝缘故障
2025-02-01,EQ-0260,断路器,天津滨海220kV变电站,0.6116,0.7785,3.9,,,7257.0,,,0.48,0,2025-02-16 09:16:00,绝缘故障
2024-11-01,EQ-0049,断路器,松山湖220kV变电站,0.5544,0.741,16.2,,,7124.0,,,0.487,-3,2025-02-17 21:26:00,外力因素
2024-12-01,EQ-0049,断路器,松山湖220kV变电站,0.6173,0.749,9.2,,,10338.0,,,0.521,-2,2025-02-17 21:26:00,外力因素
2025-01-01,EQ-0049,断路器,松山湖220kV变电站,0.5871,0.769,6.7,,,8262.0,,,0.526,-1,2025-02-17 21:26:00,外力因素
2025-02-01,EQ-0049,断路器,松山湖220kV变电站,0.5227,0.6497,8.6,,,11789.0,,,0.457,0,2025-02-17 21:26:00,外力因素
2024-11-01,EQ-0021,隔离开关,龙华220kV变电站,0.5985,0.7227,18.9,,,,,,,-3,2025-02-22 22:47:00,接触不良
2024-12-01,EQ-0021,隔离开关,龙华220kV变电站,0.7417,0.9839,10.7,,,,,,,-2,2025-02-22 22:47:00,接触不良
2025-01-01,EQ-0021,隔离开关,龙华220kV变电站,0.6955,0.8183,11.2,,,,,,,-1,2025-02-22 22:47:00,接触不良
2025-02-01,EQ-0021,隔离开关,龙华220kV变电站,0.6194,0.7753,14.3,,,,,,,0,2025-02-22 22:47:00,接触不良
2024-11-01,EQ-0210,电容器组,昆山35kV变电站,0.5981,0.7013,13.2,,,,0.00362,,,-3,2025-02-23 03:38:00,鼓肚渗油
2024-12-01,EQ-0210,电容器组,昆山35kV变电站,0.6464,0.7784,7.4,,,,0.0059,,,-2,2025-02-23 03:38:00,鼓肚渗油
2025-01-01,EQ-0210,电容器组,昆山35kV变电站,0.6751,0.826,4.8,,,,0.0035,,,-1,2025-02-23 03:38:00,鼓肚渗油
2025-02-01,EQ-0210,电容器组,昆山35kV变电站,0.6149,0.8128,7.8,,,,0.00598,,,0,2025-02-23 03:38:00,鼓肚渗油
2024-12-01,EQ-0376,断路器,重庆两江220kV变电站,0.5716,0.6678,3.5,,,10686.0,,,0.482,-3,2025-03-04 23:34:00,拒动/误动
2025-01-01,EQ-0376,断路器,重庆两江220kV变电站,0.5628,0.6564,6.3,,,9542.0,,,0.524,-2,2025-03-04 23:34:00,拒动/误动
2025-02-01,EQ-0376,断路器,重庆两江220kV变电站,0.4697,0.5419,9.6,,,7688.0,,,0.479,-1,2025-03-04 23:34:00,拒动/误动
2025-03-01,EQ-0376,断路器,重庆两江220kV变电站,0.4333,0.5448,11.3,,,10425.0,,,0.506,0,2025-03-04 23:34:00,拒动/误动
2024-12-01,EQ-0128,GIS组合电器,张江110kV变电站,0.6611,0.807,6.4,52.7,71.2,9120.0,,12.2,0.492,-3,2025-03-07 04:33:00,绝缘故障
2025-01-01,EQ-0128,GIS组合电器,张江110kV变电站,0.6042,0.7907,6.2,47.7,62.3,9133.0,,3.8,0.469,-2,2025-03-07 04:33:00,绝缘故障
2025-02-01,EQ-0128,GIS组合电器,张江110kV变电站,0.5096,0.687,6.0,39.6,55.2,7853.0,,2.9,0.469,-1,2025-03-07 04:33:00,绝缘故障
2025-03-01,EQ-0128,GIS组合电器,张江110kV变电站,0.5002,0.5908,9.8,52.3,66.5,10976.0,,11.6,0.456,0,2025-03-07 04:33:00,绝缘故障
2024-12-01,EQ-0089,电力变压器,前海110kV变电站,0.6669,0.7864,9.5,54.3,71.6,8080.0,0.00499,12.8,,-3,2025-03-07 09:12:00,油系统故障
2025-01-01,EQ-0089,电力变压器,前海110kV变电站,0.679,0.8385,11.1,53.6,70.2,13095.0,0.00257,6.1,,-2,2025-03-07 09:12:00,油系统故障
2025-02-01,EQ-0089,电力变压器,前海110kV变电站,0.5535,0.7202,10.4,52.1,66.7,11335.0,0.00458,4.6,,-1,2025-03-07 09:12:00,油系统故障
2025-03-01,EQ-0089,电力变压器,前海110kV变电站,0.5387,0.7061,16.6,51.8,66.5,11858.0,0.00565,14.6,,0,2025-03-07 09:12:00,油系统故障
2024-12-01,EQ-0276,避雷器,天津滨海220kV变电站,0.5994,0.7713,-0.6,,,,,,,-3,2025-03-13 01:25:00,瓷套破裂
2025-01-01,EQ-0276,避雷器,天津滨海220kV变电站,0.597,0.7847,-1.0,,,,,,,-2,2025-03-13 01:25:00,瓷套破裂
2025-02-01,EQ-0276,避雷器,天津滨海220kV变电站,0.5089,0.5917,2.8,,,,,,,-1,2025-03-13 01:25:00,瓷套破裂
2025-03-01,EQ-0276,避雷器,天津滨海220kV变电站,0.5048,0.5863,8.4,,,,,,,0,2025-03-13 01:25:00,瓷套破裂
2024-12-01,EQ-0309,避雷器,武昌110kV变电站,0.6541,0.8035,5.4,,,,,,,-3,2025-03-13 05:50:00,阀片劣化
2025-01-01,EQ-0309,避雷器,武昌110kV变电站,0.6029,0.6989,7.2,,,,,,,-2,2025-03-13 05:50:00,阀片劣化
2025-02-01,EQ-0309,避雷器,武昌110kV变电站,0.546,0.7177,1.8,,,,,,,-1,2025-03-13 05:50:00,阀片劣化
2025-03-01,EQ-0309,避雷器,武昌110kV变电站,0.5043,0.5999,9.9,,,,,,,0,2025-03-13 05:50:00,阀片劣化
2024-12-01,EQ-0186,断路器,杭州滨江110kV变电站,0.6842,0.8108,6.4,,,11044.0,,,0.468,-3,2025-03-14 11:52:00,过热故障
2025-01-01,EQ-0186,断路器,杭州滨江110kV变电站,0.6729,0.819,4.4,,,6535.0,,,0.473,-2,2025-03-14 11:52:00,过热故障
2025-02-01,EQ-0186,断路器,杭州滨江110kV变电站,0.6296,0.7808,10.5,,,8093.0,,,0.437,-1,2025-03-14 11:52:00,过热故障
2025-03-01,EQ-0186,断路器,杭州滨江110kV变电站,0.58,0.7575,14.8,,,7779.0,,,0.45,0,2025-03-14 11:52:00,过热故障
2024-12-01,EQ-0219,断路器,亦庄110kV变电站,0.7109,0.8815,3.5,,,11429.0,,,0.459,-3,2025-03-16 19:37:00,机械故障
2025-01-01,EQ-0219,断路器,亦庄110kV变电站,0.6763,0.8262,2.4,,,10448.0,,,0.445,-2,2025-03-16 19:37:00,机械故障
2025-02-01,EQ-0219,断路器,亦庄110kV变电站,0.5723,0.7175,6.0,,,7771.0,,,0.482,-1,2025-03-16 19:37:00,机械故障
2025-03-01,EQ-0219,断路器,亦庄110kV变电站,0.5347,0.6528,10.3,,,10748.0,,,0.512,0,2025-03-16 19:37:00,机械故障
2024-12-01,EQ-0372,断路器,重庆两江220kV变电站,0.5429,0.6815,4.0,,,8450.0,,,0.442,-3,2025-03-23 14:51:00,机械故障
2025-01-01,EQ-0372,断路器,重庆两江220kV变电站,0.5604,0.6532,4.9,,,7478.0,,,0.497,-2,2025-03-23 14:51:00,机械故障
2025-02-01,EQ-0372,断路器,重庆两江220kV变电站,0.521,0.6698,6.1,,,8108.0,,,0.52,-1,2025-03-23 14:51:00,机械故障
2025-03-01,EQ-0372,断路器,重庆两江220kV变电站,0.4621,0.5499,10.2,,,10686.0,,,0.482,0,2025-03-23 14:51:00,机械故障
2024-12-01,EQ-0399,断路器,成都高新35kV变电站,0.7335,0.9788,5.7,,,7921.0,,,0.458,-3,2025-03-24 04:50:00,机械故障
2025-01-01,EQ-0399,断路器,成都高新35kV变电站,0.681,0.8062,2.8,,,9958.0,,,0.455,-2,2025-03-24 04:50:00,机械故障
2025-02-01,EQ-0399,断路器,成都高新35kV变电站,0.5985,0.7233,7.0,,,7843.0,,,0.463,-1,2025-03-24 04:50:00,机械故障
2025-03-01,EQ-0399,断路器,成都高新35kV变电站,0.5928,0.6992,12.7,,,11231.0,,,0.462,0,2025-03-24 04:50:00,机械故障
2024-12-01,EQ-0332,断路器,长沙星沙110kV变电站,0.5392,0.7082,1.2,,,9295.0,,,0.48,-3,2025-03-25 00:58:00,过热故障
2025-01-01,EQ-0332,断路器,长沙星沙110kV变电站,0.5077,0.6437,0.9,,,12057.0,,,0.489,-2,2025-03-25 00:58:00,过热故障
2025-02-01,EQ-0332,断路器,长沙星沙110kV变电站,0.4283,0.5257,5.8,,,7763.0,,,0.437,-1,2025-03-25 00:58:00,过热故障
2025-03-01,EQ-0332,断路器,长沙星沙110kV变电站,0.3959,0.5132,10.4,,,11640.0,,,0.527,0,2025-03-25 00:58:00,过热故障
2024-12-01,EQ-0352,断路器,武侯110kV变电站,0.586,0.7674,6.6,,,8912.0,,,0.523,-3,2025-03-30 23:33:00,机械故障
2025-01-01,EQ-0352,断路器,武侯110kV变电站,0.568,0.6862,3.4,,,12356.0,,,0.473,-2,2025-03-30 23:33:00,机械故障
2025-02-01,EQ-0352,断路器,武侯110kV变电站,0.5332,0.6477,5.3,,,8166.0,,,0.455,-1,2025-03-30 23:33:00,机械故障
2025-03-01,EQ-0352,断路器,武侯110kV变电站,0.5165,0.5961,13.7,,,11066.0,,,0.53,0,2025-03-30 23:33:00,机械故障
2025-01-01,EQ-0121,电容器组,张江110kV变电站,0.6056,0.8013,9.0,,,,0.00404,,,-3,2025-04-02 02:36:00,保护动作
2025-02-01,EQ-0121,电容器组,张江110kV变电站,0.6031,0.7116,8.7,,,,0.00677,,,-2,2025-04-02 02:36:00,保护动作
2025-03-01,EQ-0121,电容器组,张江110kV变电站,0.5733,0.7688,13.7,,,,0.0048,,,-1,2025-04-02 02:36:00,保护动作
2025-04-01,EQ-0121,电容器组,张江110kV变电站,0.5407,0.6898,19.7,,,,0.00371,,,0,2025-04-02 02:36:00,保护动作
2025-01-01,EQ-0276,避雷器,天津滨海220kV变电站,0.597,0.7847,-1.0,,,,,,,-3,2025-04-03 23:17:00,密封失效
2025-02-01,EQ-0276,避雷器,天津滨海220kV变电站,0.5089,0.5917,2.8,,,,,,,-2,2025-04-03 23:17:00,密封失效
2025-03-01,EQ-0276,避雷器,天津滨海220kV变电站,0.5048,0.5863,8.4,,,,,,,-1,2025-04-03 23:17:00,密封失效
2025-04-01,EQ-0276,避雷器,天津滨海220kV变电站,0.5431,0.6889,15.5,,,,,,,0,2025-04-03 23:17:00,密封失效
2025-01-01,EQ-0022,隔离开关,龙华220kV变电站,0.568,0.6805,7.5,,,,,,,-3,2025-04-08 05:33:00,机械故障
2025-02-01,EQ-0022,隔离开关,龙华220kV变电站,0.5615,0.6953,9.3,,,,,,,-2,2025-04-08 05:33:00,机械故障
2025-03-01,EQ-0022,隔离开关,龙华220kV变电站,0.5051,0.6522,14.5,,,,,,,-1,2025-04-08 05:33:00,机械故障
2025-04-01,EQ-0022,隔离开关,龙华220kV变电站,0.4921,0.6612,23.1,,,,,,,0,2025-04-08 05:33:00,机械故障
2025-01-01,EQ-0074,断路器,南沙110kV变电站,0.6529,0.7779,7.5,,,13417.0,,,0.52,-3,2025-04-08 11:19:00,机械故障
2025-02-01,EQ-0074,断路器,南沙110kV变电站,0.553,0.6822,13.2,,,7892.0,,,0.446,-2,2025-04-08 11:19:00,机械故障
2025-03-01,EQ-0074,断路器,南沙110kV变电站,0.5419,0.6359,16.7,,,12539.0,,,0.519,-1,2025-04-08 11:19:00,机械故障
2025-04-01,EQ-0074,断路器,南沙110kV变电站,0.5651,0.6986,24.3,,,9460.0,,,0.493,0,2025-04-08 11:19:00,机械故障
2025-01-01,EQ-0280,GIS组合电器,天津滨海220kV变电站,0.5041,0.672,4.6,41.1,57.9,8655.0,,10.4,0.503,-3,2025-04-14 14:39:00,机械故障
2025-02-01,EQ-0280,GIS组合电器,天津滨海220kV变电站,0.4688,0.6165,-0.4,35.1,51.3,6110.0,,16.3,0.523,-2,2025-04-14 14:39:00,机械故障
2025-03-01,EQ-0280,GIS组合电器,天津滨海220kV变电站,0.4181,0.5013,7.7,48.1,67.3,8336.0,,9.1,0.485,-1,2025-04-14 14:39:00,机械故障
2025-04-01,EQ-0280,GIS组合电器,天津滨海220kV变电站,0.3894,0.4529,13.3,44.3,56.5,7863.0,,12.1,0.503,0,2025-04-14 14:39:00,机械故障
2025-02-01,EQ-0029,避雷器,龙华220kV变电站,0.6057,0.778,11.8,,,,,,,-3,2025-05-03 19:19:00,瓷套破裂
2025-03-01,EQ-0029,避雷器,龙华220kV变电站,0.6274,0.7238,19.3,,,,,,,-2,2025-05-03 19:19:00,瓷套破裂
2025-04-01,EQ-0029,避雷器,龙华220kV变电站,0.5597,0.6524,20.6,,,,,,,-1,2025-05-03 19:19:00,瓷套破裂
2025-05-01,EQ-0029,避雷器,龙华220kV变电站,0.605,0.7576,31.0,,,,,,,0,2025-05-03 19:19:00,瓷套破裂
2025-02-01,EQ-0092,断路器,前海110kV变电站,0.4945,0.6002,10.0,,,9128.0,,,0.54,-3,2025-05-06 18:52:00,机械故障
2025-03-01,EQ-0092,断路器,前海110kV变电站,0.4563,0.565,15.9,,,10070.0,,,0.471,-2,2025-05-06 18:52:00,机械故障
2025-04-01,EQ-0092,断路器,前海110kV变电站,0.4862,0.6285,21.9,,,10936.0,,,0.456,-1,2025-05-06 18:52:00,机械故障
2025-05-01,EQ-0092,断路器,前海110kV变电站,0.4797,0.5633,29.7,,,9043.0,,,0.465,0,2025-05-06 18:52:00,机械故障
2025-02-01,EQ-0280,GIS组合电器,天津滨海220kV变电站,0.4688,0.6165,-0.4,35.1,51.3,6110.0,,16.3,0.523,-3,2025-05-14 14:39:00,外力因素
2025-03-01,EQ-0280,GIS组合电器,天津滨海220kV变电站,0.4181,0.5013,7.7,48.1,67.3,8336.0,,9.1,0.485,-2,2025-05-14 14:39:00,外力因素
2025-04-01,EQ-0280,GIS组合电器,天津滨海220kV变电站,0.3894,0.4529,13.3,44.3,56.5,7863.0,,12.1,0.503,-1,2025-05-14 14:39:00,外力因素
2025-05-01,EQ-0280,GIS组合电器,天津滨海220kV变电站,0.5163,0.6634,21.8,59.5,75.3,10063.0,,11.0,0.493,0,2025-05-14 14:39:00,外力因素
2025-02-01,EQ-0205,断路器,昆山35kV变电站,0.473,0.6371,4.3,,,7686.0,,,0.487,-3,2025-05-16 09:40:00,过热故障
2025-03-01,EQ-0205,断路器,昆山35kV变电站,0.4208,0.5237,15.1,,,6833.0,,,0.518,-2,2025-05-16 09:40:00,过热故障
2025-04-01,EQ-0205,断路器,昆山35kV变电站,0.4512,0.556,21.7,,,10794.0,,,0.519,-1,2025-05-16 09:40:00,过热故障
2025-05-01,EQ-0205,断路器,昆山35kV变电站,0.5164,0.6627,25.2,,,9759.0,,,0.439,0,2025-05-16 09:40:00,过热故障
2025-02-01,EQ-0352,断路器,武侯110kV变电站,0.5332,0.6477,5.3,,,8166.0,,,0.455,-3,2025-05-27 23:33:00,过热故障
2025-03-01,EQ-0352,断路器,武侯110kV变电站,0.5165,0.5961,13.7,,,11066.0,,,0.53,-2,2025-05-27 23:33:00,过热故障
2025-04-01,EQ-0352,断路器,武侯110kV变电站,0.5727,0.743,17.8,,,10281.0,,,0.445,-1,2025-05-27 23:33:00,过热故障
2025-05-01,EQ-0352,断路器,武侯110kV变电站,0.625,0.7979,26.2,,,12892.0,,,0.526,0,2025-05-27 23:33:00,过热故障
2025-02-01,EQ-0415,断路器,沈阳浑南110kV变电站,0.4435,0.5462,-0.1,,,9703.0,,,0.507,-3,2025-05-28 22:51:00,外力因素
2025-03-01,EQ-0415,断路器,沈阳浑南110kV变电站,0.4453,0.5863,5.1,,,8702.0,,,0.521,-2,2025-05-28 22:51:00,外力因素
2025-04-01,EQ-0415,断路器,沈阳浑南110kV变电站,0.4236,0.5612,12.6,,,9893.0,,,0.522,-1,2025-05-28 22:51:00,外力因素
2025-05-01,EQ-0415,断路器,沈阳浑南110kV变电站,0.5041,0.5894,15.1,,,9233.0,,,0.505,0,2025-05-28 22:51:00,外力因素
2025-02-01,EQ-0166,隔离开关,苏州工业园220kV变电站,0.4836,0.6,7.8,,,,,,,-3,2025-05-31 08:24:00,外力因素
2025-03-01,EQ-0166,隔离开关,苏州工业园220kV变电站,0.46,0.5971,10.2,,,,,,,-2,2025-05-31 08:24:00,外力因素
2025-04-01,EQ-0166,隔离开关,苏州工业园220kV变电站,0.4374,0.5484,18.7,,,,,,,-1,2025-05-31 08:24:00,外力因素
2025-05-01,EQ-0166,隔离开关,苏州工业园220kV变电站,0.4785,0.5562,25.9,,,,,,,0,2025-05-31 08:24:00,外力因素
2025-03-01,EQ-0102,避雷器,前海110kV变电站,0.5049,0.5912,16.0,,,,,,,-3,2025-06-02 15:12:00,密封失效
2025-04-01,EQ-0102,避雷器,前海110kV变电站,0.536,0.7128,23.3,,,,,,,-2,2025-06-02 15:12:00,密封失效
2025-05-01,EQ-0102,避雷器,前海110kV变电站,0.6187,0.7219,31.8,,,,,,,-1,2025-06-02 15:12:00,密封失效
2025-06-01,EQ-0102,避雷器,前海110kV变电站,0.7244,0.9191,34.7,,,,,,,0,2025-06-02 15:12:00,密封失效
2025-03-01,EQ-0415,断路器,沈阳浑南110kV变电站,0.4453,0.5863,5.1,,,8702.0,,,0.521,-3,2025-06-02 22:51:00,拒动/误动
2025-04-01,EQ-0415,断路器,沈阳浑南110kV变电站,0.4236,0.5612,12.6,,,9893.0,,,0.522,-2,2025-06-02 22:51:00,拒动/误动
2025-05-01,EQ-0415,断路器,沈阳浑南110kV变电站,0.5041,0.5894,15.1,,,9233.0,,,0.505,-1,2025-06-02 22:51:00,拒动/误动
2025-06-01,EQ-0415,断路器,沈阳浑南110kV变电站,0.5547,0.7415,21.0,,,10186.0,,,0.528,0,2025-06-02 22:51:00,拒动/误动
2025-03-01,EQ-0192,隔离开关,杭州滨江110kV变电站,0.5113,0.6474,16.2,,,,,,,-3,2025-06-04 04:05:00,机械故障
2025-04-01,EQ-0192,隔离开关,杭州滨江110kV变电站,0.6069,0.7259,18.5,,,,,,,-2,2025-06-04 04:05:00,机械故障
2025-05-01,EQ-0192,隔离开关,杭州滨江110kV变电站,0.6387,0.8283,25.0,,,,,,,-1,2025-06-04 04:05:00,机械故障
2025-06-01,EQ-0192,隔离开关,杭州滨江110kV变电站,0.767,1.0083,27.6,,,,,,,0,2025-06-04 04:05:00,机械故障
2025-03-01,EQ-0056,隔离开关,松山湖220kV变电站,0.4256,0.5612,18.2,,,,,,,-3,2025-06-07 10:27:00,机械故障
2025-04-01,EQ-0056,隔离开关,松山湖220kV变电站,0.4627,0.553,20.4,,,,,,,-2,2025-06-07 10:27:00,机械故障
2025-05-01,EQ-0056,隔离开关,松山湖220kV变电站,0.4941,0.583,26.8,,,,,,,-1,2025-06-07 10:27:00,机械故障
2025-06-01,EQ-0056,隔离开关,松山湖220kV变电站,0.5839,0.7175,35.4,,,,,,,0,2025-06-07 10:27:00,机械故障
2025-03-01,EQ-0303,隔离开关,武昌110kV变电站,0.5239,0.6048,14.2,,,,,,,-3,2025-06-07 14:00:00,外力因素
2025-04-01,EQ-0303,隔离开关,武昌110kV变电站,0.5069,0.6048,18.5,,,,,,,-2,2025-06-07 14:00:00,外力因素
2025-05-01,EQ-0303,隔离开关,武昌110kV变电站,0.5435,0.7253,22.4,,,,,,,-1,2025-06-07 14:00:00,外力因素
2025-06-01,EQ-0303,隔离开关,武昌110kV变电站,0.6056,0.7066,26.8,,,,,,,0,2025-06-07 14:00:00,外力因素
2025-03-01,EQ-0050,断路器,松山湖220kV变电站,0.5082,0.5862,19.0,,,10981.0,,,0.485,-3,2025-06-10 08:32:00,机械故障
2025-04-01,EQ-0050,断路器,松山湖220kV变电站,0.4925,0.5956,25.0,,,7073.0,,,0.467,-2,2025-06-10 08:32:00,机械故障
2025-05-01,EQ-0050,断路器,松山湖220kV变电站,0.5506,0.6378,28.5,,,9521.0,,,0.497,-1,2025-06-10 08:32:00,机械故障
2025-06-01,EQ-0050,断路器,松山湖220kV变电站,0.6459,0.8081,35.1,,,6236.0,,,0.482,0,2025-06-10 08:32:00,机械故障
2025-03-01,EQ-0164,隔离开关,苏州工业园220kV变电站,0.4917,0.6212,12.8,,,,,,,-3,2025-06-12 10:36:00,机械故障
2025-04-01,EQ-0164,隔离开关,苏州工业园220kV变电站,0.5099,0.6125,19.0,,,,,,,-2,2025-06-12 10:36:00,机械故障
2025-05-01,EQ-0164,隔离开关,苏州工业园220kV变电站,0.5939,0.7946,22.3,,,,,,,-1,2025-06-12 10:36:00,机械故障
2025-06-01,EQ-0164,隔离开关,苏州工业园220kV变电站,0.6726,0.8203,28.6,,,,,,,0,2025-06-12 10:36:00,机械故障
2025-03-01,EQ-0203,断路器,昆山35kV变电站,0.4552,0.5517,9.6,,,8872.0,,,0.477,-3,2025-06-17 19:41:00,拒动/误动
2025-04-01,EQ-0203,断路器,昆山35kV变电站,0.4641,0.5644,17.2,,,7796.0,,,0.502,-2,2025-06-17 19:41:00,拒动/误动
2025-05-01,EQ-0203,断路器,昆山35kV变电站,0.5086,0.6234,25.1,,,5791.0,,,0.507,-1,2025-06-17 19:41:00,拒动/误动
2025-06-01,EQ-0203,断路器,昆山35kV变电站,0.6469,0.792,29.3,,,10951.0,,,0.519,0,2025-06-17 19:41:00,拒动/误动
2025-03-01,EQ-0384,电容器组,重庆两江220kV变电站,0.4766,0.5668,10.9,,,,0.00298,,,-3,2025-06-18 02:40:00,鼓肚渗油
2025-04-01,EQ-0384,电容器组,重庆两江220kV变电站,0.53,0.6188,14.5,,,,0.00525,,,-2,2025-06-18 02:40:00,鼓肚渗油
2025-05-01,EQ-0384,电容器组,重庆两江220kV变电站,0.5298,0.6872,24.5,,,,0.005,,,-1,2025-06-18 02:40:00,鼓肚渗油
2025-06-01,EQ-0384,电容器组,重庆两江220kV变电站,0.6584,0.8182,29.3,,,,0.00423,,,0,2025-06-18 02:40:00,鼓肚渗油
2025-03-01,EQ-0049,断路器,松山湖220kV变电站,0.4688,0.5884,15.6,,,11429.0,,,0.496,-3,2025-06-23 03:06:00,外力因素
2025-04-01,EQ-0049,断路器,松山湖220kV变电站,0.4869,0.6255,25.3,,,9901.0,,,0.52,-2,2025-06-23 03:06:00,外力因素
2025-05-01,EQ-0049,断路器,松山湖220kV变电站,0.5237,0.6311,31.4,,,12081.0,,,0.499,-1,2025-06-23 03:06:00,外力因素
2025-06-01,EQ-0049,断路器,松山湖220kV变电站,0.5716,0.7416,36.8,,,11554.0,,,0.512,0,2025-06-23 03:06:00,外力因素
2025-03-01,EQ-0431,断路器,大连开发区35kV变电站,0.5877,0.7864,6.2,,,7034.0,,,0.492,-3,2025-06-24 16:58:00,拒动/误动
2025-04-01,EQ-0431,断路器,大连开发区35kV变电站,0.5874,0.7273,10.6,,,6220.0,,,0.478,-2,2025-06-24 16:58:00,拒动/误动
2025-05-01,EQ-0431,断路器,大连开发区35kV变电站,0.647,0.8011,15.8,,,5448.0,,,0.524,-1,2025-06-24 16:58:00,拒动/误动
2025-06-01,EQ-0431,断路器,大连开发区35kV变电站,0.7779,1.0012,19.9,,,5779.0,,,0.522,0,2025-06-24 16:58:00,拒动/误动
2025-03-01,EQ-0124,避雷器,张江110kV变电站,0.6168,0.7719,12.7,,,,,,,-3,2025-06-27 06:05:00,阀片劣化
2025-04-01,EQ-0124,避雷器,张江110kV变电站,0.5998,0.7449,20.4,,,,,,,-2,2025-06-27 06:05:00,阀片劣化
2025-05-01,EQ-0124,避雷器,张江110kV变电站,0.6921,0.8605,25.7,,,,,,,-1,2025-06-27 06:05:00,阀片劣化
2025-06-01,EQ-0124,避雷器,张江110kV变电站,0.8148,0.9582,32.0,,,,,,,0,2025-06-27 06:05:00,阀片劣化
2025-03-01,EQ-0001,电力变压器,龙华220kV变电站,0.4641,0.6119,18.2,59.1,75.6,9921.0,0.00453,8.0,,-3,2025-06-27 12:57:00,油系统故障
2025-04-01,EQ-0001,电力变压器,龙华220kV变电站,0.4614,0.5386,21.1,61.7,77.7,8642.0,0.00307,15.8,,-2,2025-06-27 12:57:00,油系统故障
2025-05-01,EQ-0001,电力变压器,龙华220kV变电站,0.5394,0.7219,28.8,64.5,80.5,9489.0,0.00398,10.4,,-1,2025-06-27 12:57:00,油系统故障
2025-06-01,EQ-0001,电力变压器,龙华220kV变电站,0.6902,0.885,35.7,82.5,102.8,9701.0,0.00401,8.7,,0,2025-06-27 12:57:00,油系统故障
2025-04-01,EQ-0022,隔离开关,龙华220kV变电站,0.4921,0.6612,23.1,,,,,,,-3,2025-07-03 01:44:00,机械故障
2025-05-01,EQ-0022,隔离开关,龙华220kV变电站,0.5957,0.7683,28.3,,,,,,,-2,2025-07-03 01:44:00,机械故障
2025-06-01,EQ-0022,隔离开关,龙华220kV变电站,0.6424,0.8203,33.5,,,,,,,-1,2025-07-03 01:44:00,机械故障
2025-07-01,EQ-0022,隔离开关,龙华220kV变电站,0.8292,1.1,35.2,,,,,,,0,2025-07-03 01:44:00,机械故障
2025-04-01,EQ-0221,断路器,亦庄110kV变电站,0.5532,0.6639,12.9,,,11288.0,,,0.492,-3,2025-07-05 21:05:00,机械故障
2025-05-01,EQ-0221,断路器,亦庄110kV变电站,0.6499,0.8283,18.6,,,10009.0,,,0.496,-2,2025-07-05 21:05:00,机械故障
2025-06-01,EQ-0221,断路器,亦庄110kV变电站,0.7966,0.9384,25.1,,,6829.0,,,0.495,-1,2025-07-05 21:05:00,机械故障
2025-07-01,EQ-0221,断路器,亦庄110kV变电站,0.9298,1.1,32.1,,,7672.0,,,0.48,0,2025-07-05 21:05:00,机械故障
2025-04-01,EQ-0199,避雷器,杭州滨江110kV变电站,0.5402,0.6463,17.4,,,,,,,-3,2025-07-07 14:13:00,阀片劣化
2025-05-01,EQ-0199,避雷器,杭州滨江110kV变电站,0.636,0.8251,26.7,,,,,,,-2,2025-07-07 14:13:00,阀片劣化
2025-06-01,EQ-0199,避雷器,杭州滨江110kV变电站,0.7837,1.0139,31.6,,,,,,,-1,2025-07-07 14:13:00,阀片劣化
2025-07-01,EQ-0199,避雷器,杭州滨江110kV变电站,0.8617,1.0078,31.1,,,,,,,0,2025-07-07 14:13:00,阀片劣化
2025-04-01,EQ-0037,GIS组合电器,龙华220kV变电站,0.5759,0.7402,25.0,64.7,80.6,10785.0,,8.7,0.489,-3,2025-07-08 22:01:00,SF6泄漏
2025-05-01,EQ-0037,GIS组合电器,龙华220kV变电站,0.6165,0.7868,29.2,69.5,86.0,9545.0,,13.1,0.439,-2,2025-07-08 22:01:00,SF6泄漏
2025-06-01,EQ-0037,GIS组合电器,龙华220kV变电站,0.7522,0.9452,35.0,82.0,102.4,9315.0,,20.9,0.441,-1,2025-07-08 22:01:00,SF6泄漏
2025-07-01,EQ-0037,GIS组合电器,龙华220kV变电站,0.8284,0.9925,37.0,82.5,102.7,7041.0,,10.9,0.494,0,2025-07-08 22:01:00,SF6泄漏
2025-04-01,EQ-0094,断路器,前海110kV变电站,0.4442,0.5667,20.2,,,12074.0,,,0.524,-3,2025-07-08 22:19:00,外力因素
2025-05-01,EQ-0094,断路器,前海110kV变电站,0.5072,0.6021,27.8,,,7676.0,,,0.454,-2,2025-07-08 22:19:00,外力因素
2025-06-01,EQ-0094,断路器,前海110kV变电站,0.5992,0.7773,37.6,,,9275.0,,,0.471,-1,2025-07-08 22:19:00,外力因素
2025-07-01,EQ-0094,断路器,前海110kV变电站,0.7108,0.9238,40.4,,,9543.0,,,0.482,0,2025-07-08 22:19:00,外力因素
2025-04-01,EQ-0316,断路器,江夏35kV变电站,0.6291,0.7543,15.3,,,7867.0,,,0.529,-3,2025-07-09 05:08:00,机械故障
2025-05-01,EQ-0316,断路器,江夏35kV变电站,0.6832,0.9197,24.1,,,10395.0,,,0.451,-2,2025-07-09 05:08:00,机械故障
2025-06-01,EQ-0316,断路器,江夏35kV变电站,0.7327,0.9369,28.4,,,7606.0,,,0.472,-1,2025-07-09 05:08:00,机械故障
2025-07-01,EQ-0316,断路器,江夏35kV变电站,0.9471,1.1,29.8,,,6207.0,,,0.506,0,2025-07-09 05:08:00,机械故障
2025-04-01,EQ-0239,电力变压器,通州35kV变电站,0.4427,0.5941,16.3,54.5,68.5,10482.0,0.00422,3.3,,-3,2025-07-09 10:06:00,过热故障
2025-05-01,EQ-0239,电力变压器,通州35kV变电站,0.4847,0.5962,22.5,58.6,74.1,9043.0,0.00326,18.3,,-2,2025-07-09 10:06:00,过热故障
2025-06-01,EQ-0239,电力变压器,通州35kV变电站,0.5808,0.6828,24.6,66.1,84.7,6254.0,0.00532,8.5,,-1,2025-07-09 10:06:00,过热故障
2025-07-01,EQ-0239,电力变压器,通州35kV变电站,0.7561,0.9714,25.8,68.3,90.9,6453.0,0.00498,11.4,,0,2025-07-09 10:06:00,过热故障
2025-04-01,EQ-0309,避雷器,武昌110kV变电站,0.4774,0.5938,18.3,,,,,,,-3,2025-07-09 17:00:00,阀片劣化
2025-05-01,EQ-0309,避雷器,武昌110kV变电站,0.5819,0.7175,25.9,,,,,,,-2,2025-07-09 17:00:00,阀片劣化
2025-06-01,EQ-0309,避雷器,武昌110kV变电站,0.7527,0.9429,23.4,,,,,,,-1,2025-07-09 17:00:00,阀片劣化
2025-07-01,EQ-0309,避雷器,武昌110kV变电站,0.9209,1.1,31.7,,,,,,,0,2025-07-09 17:00:00,阀片劣化
2025-04-01,EQ-0293,避雷器,石家庄高新35kV变电站,0.5648,0.6667,11.3,,,,,,,-3,2025-07-11 02:14:00,密封失效
2025-05-01,EQ-0293,避雷器,石家庄高新35kV变电站,0.5775,0.7598,22.1,,,,,,,-2,2025-07-11 02:14:00,密封失效
2025-06-01,EQ-0293,避雷器,石家庄高新35kV变电站,0.7465,0.8749,23.1,,,,,,,-1,2025-07-11 02:14:00,密封失效
2025-07-01,EQ-0293,避雷器,石家庄高新35kV变电站,0.8621,1.0669,27.1,,,,,,,0,2025-07-11 02:14:00,密封失效
2025-04-01,EQ-0346,电力变压器,武侯110kV变电站,0.4774,0.5917,15.0,49.7,67.8,9403.0,0.00424,11.7,,-3,2025-07-13 02:35:00,机械故障
2025-05-01,EQ-0346,电力变压器,武侯110kV变电站,0.5701,0.6829,23.8,65.0,84.2,10322.0,0.00648,6.1,,-2,2025-07-13 02:35:00,机械故障
2025-06-01,EQ-0346,电力变压器,武侯110kV变电站,0.599,0.6975,32.1,70.7,84.3,10595.0,0.00307,3.5,,-1,2025-07-13 02:35:00,机械故障
2025-07-01,EQ-0346,电力变压器,武侯110kV变电站,0.781,1.0107,29.9,78.4,97.9,8979.0,0.00285,10.2,,0,2025-07-13 02:35:00,机械故障
2025-04-01,EQ-0317,断路器,江夏35kV变电站,0.4362,0.5775,17.8,,,7983.0,,,0.493,-3,2025-07-24 23:56:00,绝缘故障
2025-05-01,EQ-0317,断路器,江夏35kV变电站,0.4811,0.6412,25.4,,,9277.0,,,0.483,-2,2025-07-24 23:56:00,绝缘故障
2025-06-01,EQ-0317,断路器,江夏35kV变电站,0.5485,0.6556,29.3,,,8998.0,,,0.52,-1,2025-07-24 23:56:00,绝缘故障
2025-07-01,EQ-0317,断路器,江夏35kV变电站,0.7084,0.8558,31.9,,,7047.0,,,0.53,0,2025-07-24 23:56:00,绝缘故障
2025-04-01,EQ-0427,电力变压器,大连开发区35kV变电站,0.5183,0.6582,10.0,50.4,69.8,7368.0,0.00641,16.8,,-3,2025-07-27 17:53:00,油系统故障
2025-05-01,EQ-0427,电力变压器,大连开发区35kV变电站,0.576,0.6772,16.0,52.7,71.2,8859.0,0.00288,19.4,,-2,2025-07-27 17:53:00,油系统故障
2025-06-01,EQ-0427,电力变压器,大连开发区35kV变电站,0.7115,0.8694,24.2,69.5,86.9,6577.0,0.00664,13.8,,-1,2025-07-27 17:53:00,油系统故障
2025-07-01,EQ-0427,电力变压器,大连开发区35kV变电站,0.7394,0.8885,22.0,69.2,88.4,7150.0,0.00564,2.3,,0,2025-07-27 17:53:00,油系统故障
2025-04-01,EQ-0095,隔离开关,前海110kV变电站,0.5524,0.7322,19.8,,,,,,,-3,2025-07-28 01:09:00,外力因素
2025-05-01,EQ-0095,隔离开关,前海110kV变电站,0.5955,0.7314,29.1,,,,,,,-2,2025-07-28 01:09:00,外力因素
2025-06-01,EQ-0095,隔离开关,前海110kV变电站,0.6982,0.9389,33.5,,,,,,,-1,2025-07-28 01:09:00,外力因素
2025-07-01,EQ-0095,隔离开关,前海110kV变电站,0.8265,1.1,39.3,,,,,,,0,2025-07-28 01:09:00,外力因素
2025-04-01,EQ-0346,电力变压器,武侯110kV变电站,0.4774,0.5917,15.0,49.7,67.8,9403.0,0.00424,11.7,,-3,2025-07-29 02:35:00,保护动作
2025-05-01,EQ-0346,电力变压器,武侯110kV变电站,0.5701,0.6829,23.8,65.0,84.2,10322.0,0.00648,6.1,,-2,2025-07-29 02:35:00,保护动作
2025-06-01,EQ-0346,电力变压器,武侯110kV变电站,0.599,0.6975,32.1,70.7,84.3,10595.0,0.00307,3.5,,-1,2025-07-29 02:35:00,保护动作
2025-07-01,EQ-0346,电力变压器,武侯110kV变电站,0.781,1.0107,29.9,78.4,97.9,8979.0,0.00285,10.2,,0,2025-07-29 02:35:00,保护动作
2025-05-01,EQ-0271,电容器组,天津滨海220kV变电站,0.5146,0.6807,22.1,,,,0.00364,,,-3,2025-08-01 04:07:00,接线故障
2025-06-01,EQ-0271,电容器组,天津滨海220kV变电站,0.5821,0.7287,27.3,,,,0.00343,,,-2,2025-08-01 04:07:00,接线故障
2025-07-01,EQ-0271,电容器组,天津滨海220kV变电站,0.7489,0.8703,27.7,,,,0.00298,,,-1,2025-08-01 04:07:00,接线故障
2025-08-01,EQ-0271,电容器组,天津滨海220kV变电站,0.8291,1.0848,25.9,,,,0.00455,,,0,2025-08-01 04:07:00,接线故障
2025-05-01,EQ-0323,电容器组,江夏35kV变电站,0.5819,0.7809,20.7,,,,0.0071,,,-3,2025-08-01 05:21:00,接线故障
2025-06-01,EQ-0323,电容器组,江夏35kV变电站,0.6625,0.7819,28.9,,,,0.00403,,,-2,2025-08-01 05:21:00,接线故障
2025-07-01,EQ-0323,电容器组,江夏35kV变电站,0.8724,1.0706,32.8,,,,0.00608,,,-1,2025-08-01 05:21:00,接线故障
2025-08-01,EQ-0323,电容器组,江夏35kV变电站,0.8805,1.0344,31.2,,,,0.00649,,,0,2025-08-01 05:21:00,接线故障
2025-05-01,EQ-0410,电力变压器,沈阳浑南110kV变电站,0.5096,0.6429,21.0,56.8,70.2,7804.0,0.00411,4.6,,-3,2025-08-01 14:31:00,过热故障
2025-06-01,EQ-0410,电力变压器,沈阳浑南110kV变电站,0.6601,0.8036,24.6,65.8,80.8,7407.0,0.00516,9.5,,-2,2025-08-01 14:31:00,过热故障
2025-07-01,EQ-0410,电力变压器,沈阳浑南110kV变电站,0.793,0.9714,23.2,72.0,93.5,6692.0,0.0038,10.3,,-1,2025-08-01 14:31:00,过热故障
2025-08-01,EQ-0410,电力变压器,沈阳浑南110kV变电站,0.7491,0.8925,21.8,68.5,86.4,7654.0,0.00351,3.0,,0,2025-08-01 14:31:00,过热故障
2025-05-01,EQ-0186,断路器,杭州滨江110kV变电站,0.686,0.8229,22.9,,,9129.0,,,0.471,-3,2025-08-02 01:38:00,过热故障
2025-06-01,EQ-0186,断路器,杭州滨江110kV变电站,0.8399,1.0219,29.4,,,7979.0,,,0.455,-2,2025-08-02 01:38:00,过热故障
2025-07-01,EQ-0186,断路器,杭州滨江110kV变电站,0.9392,1.1,32.4,,,8227.0,,,0.483,-1,2025-08-02 01:38:00,过热故障
2025-08-01,EQ-0186,断路器,杭州滨江110kV变电站,1.0394,1.1,28.0,,,5437.0,,,0.515,0,2025-08-02 01:38:00,过热故障
2025-05-01,EQ-0107,电力变压器,张江110kV变电站,0.4491,0.5838,25.6,65.9,80.4,10305.0,0.00601,11.3,,-3,2025-08-04 04:25:00,机械故障
2025-06-01,EQ-0107,电力变压器,张江110kV变电站,0.5579,0.6476,29.6,70.2,86.9,10046.0,0.0039,2.5,,-2,2025-08-04 04:25:00,机械故障
2025-07-01,EQ-0107,电力变压器,张江110kV变电站,0.6771,0.8621,32.0,76.0,97.7,9038.0,0.00532,8.3,,-1,2025-08-04 04:25:00,机械故障
2025-08-01,EQ-0107,电力变压器,张江110kV变电站,0.6316,0.8031,32.2,72.5,90.2,9825.0,0.00358,4.9,,0,2025-08-04 04:25:00,机械故障
2025-05-01,EQ-0238,电力变压器,通州35kV变电站,0.5475,0.6656,19.9,61.5,76.2,7851.0,0.00478,12.4,,-3,2025-08-05 14:00:00,过热故障
2025-06-01,EQ-0238,电力变压器,通州35kV变电站,0.634,0.8044,28.3,70.6,88.9,9681.0,0.00417,25.3,,-2,2025-08-05 14:00:00,过热故障
2025-07-01,EQ-0238,电力变压器,通州35kV变电站,0.7532,0.9425,28.5,73.1,96.1,7563.0,0.0068,14.2,,-1,2025-08-05 14:00:00,过热故障
2025-08-01,EQ-0238,电力变压器,通州35kV变电站,0.7833,0.9135,27.1,77.3,92.7,7850.0,0.00526,9.9,,0,2025-08-05 14:00:00,过热故障
2025-05-01,EQ-0046,断路器,松山湖220kV变电站,0.6329,0.8058,27.9,,,7131.0,,,0.45,-3,2025-08-06 00:23:00,拒动/误动
2025-06-01,EQ-0046,断路器,松山湖220kV变电站,0.7095,0.9548,34.0,,,10461.0,,,0.513,-2,2025-08-06 00:23:00,拒动/误动
2025-07-01,EQ-0046,断路器,松山湖220kV变电站,0.8822,1.1,37.9,,,8744.0,,,0.516,-1,2025-08-06 00:23:00,拒动/误动
2025-08-01,EQ-0046,断路器,松山湖220kV变电站,0.9935,1.1,37.5,,,10683.0,,,0.453,0,2025-08-06 00:23:00,拒动/误动
2025-05-01,EQ-0089,电力变压器,前海110kV变电站,0.6715,0.8794,28.2,73.0,91.2,11005.0,0.00452,8.3,,-3,2025-08-07 01:45:00,过热故障
2025-06-01,EQ-0089,电力变压器,前海110kV变电站,0.7833,0.9391,37.5,84.6,104.4,7811.0,0.00479,6.4,,-2,2025-08-07 01:45:00,过热故障
2025-07-01,EQ-0089,电力变压器,前海110kV变电站,1.0006,1.1,36.7,95.9,118.1,8407.0,0.00346,13.6,,-1,2025-08-07 01:45:00,过热故障
2025-08-01,EQ-0089,电力变压器,前海110kV变电站,0.9748,1.1,37.1,93.9,114.5,7054.0,0.004,4.3,,0,2025-08-07 01:45:00,过热故障
2025-05-01,EQ-0130,电力变压器,临港110kV变电站,0.5031,0.656,23.5,63.0,79.5,11701.0,0.00411,10.6,,-3,2025-08-07 16:50:00,机械故障
2025-06-01,EQ-0130,电力变压器,临港110kV变电站,0.6441,0.8586,31.7,76.0,93.6,11270.0,0.00458,9.1,,-2,2025-08-07 16:50:00,机械故障
2025-07-01,EQ-0130,电力变压器,临港110kV变电站,0.7631,0.9295,31.9,77.7,91.3,9350.0,0.00306,5.9,,-1,2025-08-07 16:50:00,机械故障
2025-08-01,EQ-0130,电力变压器,临港110kV变电站,0.8074,1.007,32.0,80.7,98.7,8126.0,0.00223,3.3,,0,2025-08-07 16:50:00,机械故障
2025-05-01,EQ-0260,断路器,天津滨海220kV变电站,0.6802,0.8401,22.1,,,11192.0,,,0.494,-3,2025-08-08 11:56:00,拒动/误动
2025-06-01,EQ-0260,断路器,天津滨海220kV变电站,0.7191,0.9001,24.9,,,9409.0,,,0.436,-2,2025-08-08 11:56:00,拒动/误动
2025-07-01,EQ-0260,断路器,天津滨海220kV变电站,0.9321,1.1,25.5,,,8684.0,,,0.5,-1,2025-08-08 11:56:00,拒动/误动
2025-08-01,EQ-0260,断路器,天津滨海220kV变电站,0.9526,1.1,27.9,,,11159.0,,,0.474,0,2025-08-08 11:56:00,拒动/误动
2025-05-01,EQ-0216,电力变压器,亦庄110kV变电站,0.6967,0.9281,22.0,70.5,88.5,7118.0,0.00302,15.3,,-3,2025-08-10 11:03:00,保护动作
2025-06-01,EQ-0216,电力变压器,亦庄110kV变电站,0.7773,1.0419,28.9,67.6,84.3,10458.0,0.00522,4.1,,-2,2025-08-10 11:03:00,保护动作
2025-07-01,EQ-0216,电力变压器,亦庄110kV变电站,1.0059,1.1,28.2,85.1,109.1,10388.0,0.00322,13.4,,-1,2025-08-10 11:03:00,保护动作
2025-08-01,EQ-0216,电力变压器,亦庄110kV变电站,0.8899,1.1,26.1,81.7,104.9,8913.0,0.00533,4.8,,0,2025-08-10 11:03:00,保护动作
2025-05-01,EQ-0093,断路器,前海110kV变电站,0.5929,0.6938,28.5,,,11822.0,,,0.5,-3,2025-08-15 11:57:00,绝缘故障
2025-06-01,EQ-0093,断路器,前海110kV变电站,0.6797,0.8441,33.1,,,9540.0,,,0.456,-2,2025-08-15 11:57:00,绝缘故障
2025-07-01,EQ-0093,断路器,前海110kV变电站,0.8118,1.0671,42.0,,,11336.0,,,0.488,-1,2025-08-15 11:57:00,绝缘故障
2025-08-01,EQ-0093,断路器,前海110kV变电站,0.8409,1.0135,34.0,,,9871.0,,,0.462,0,2025-08-15 11:57:00,绝缘故障
2025-05-01,EQ-0188,断路器,杭州滨江110kV变电站,0.6882,0.8145,23.0,,,10089.0,,,0.454,-3,2025-08-15 16:07:00,过热故障
2025-06-01,EQ-0188,断路器,杭州滨江110kV变电站,0.7924,0.9157,28.4,,,6218.0,,,0.504,-2,2025-08-15 16:07:00,过热故障
2025-07-01,EQ-0188,断路器,杭州滨江110kV变电站,0.8592,1.0953,35.9,,,6408.0,,,0.49,-1,2025-08-15 16:07:00,过热故障
2025-08-01,EQ-0188,断路器,杭州滨江110kV变电站,1.0365,1.1,30.0,,,9916.0,,,0.527,0,2025-08-15 16:07:00,过热故障
2025-05-01,EQ-0398,断路器,成都高新35kV变电站,0.6004,0.7859,23.0,,,11407.0,,,0.456,-3,2025-08-17 20:57:00,拒动/误动
2025-06-01,EQ-0398,断路器,成都高新35kV变电站,0.7279,0.9298,31.4,,,9012.0,,,0.518,-2,2025-08-17 20:57:00,拒动/误动
2025-07-01,EQ-0398,断路器,成都高新35kV变电站,0.8499,1.0504,32.4,,,8645.0,,,0.453,-1,2025-08-17 20:57:00,拒动/误动
2025-08-01,EQ-0398,断路器,成都高新35kV变电站,0.893,1.0503,27.8,,,5869.0,,,0.508,0,2025-08-17 20:57:00,拒动/误动
2025-05-01,EQ-0003,电力变压器,龙华220kV变电站,0.5152,0.638,29.5,66.1,80.1,6272.0,0.00277,14.5,,-3,2025-08-22 21:04:00,绝缘故障
2025-06-01,EQ-0003,电力变压器,龙华220kV变电站,0.6387,0.8033,32.2,74.6,94.6,8946.0,0.00639,4.8,,-2,2025-08-22 21:04:00,绝缘故障
2025-07-01,EQ-0003,电力变压器,龙华220kV变电站,0.7492,0.9373,36.2,82.0,104.9,6182.0,0.00679,4.1,,-1,2025-08-22 21:04:00,绝缘故障
2025-08-01,EQ-0003,电力变压器,龙华220kV变电站,0.7293,0.9026,34.5,86.6,106.4,9357.0,0.00506,14.7,,0,2025-08-22 21:04:00,绝缘故障
2025-05-01,EQ-0080,电容器组,南沙110kV变电站,0.6003,0.7874,30.8,,,,0.0023,,,-3,2025-08-23 22:29:00,鼓肚渗油
2025-06-01,EQ-0080,电容器组,南沙110kV变电站,0.755,1.0177,32.4,,,,0.00209,,,-2,2025-08-23 22:29:00,鼓肚渗油
2025-07-01,EQ-0080,电容器组,南沙110kV变电站,0.9365,1.1,35.3,,,,0.0034,,,-1,2025-08-23 22:29:00,鼓肚渗油
2025-08-01,EQ-0080,电容器组,南沙110kV变电站,0.922,1.0963,37.3,,,,0.00469,,,0,2025-08-23 22:29:00,鼓肚渗油
2025-05-01,EQ-0223,断路器,亦庄110kV变电站,0.5469,0.6733,22.0,,,7532.0,,,0.521,-3,2025-08-25 16:14:00,外力因素
2025-06-01,EQ-0223,断路器,亦庄110kV变电站,0.6534,0.7594,29.8,,,10797.0,,,0.455,-2,2025-08-25 16:14:00,外力因素
2025-07-01,EQ-0223,断路器,亦庄110kV变电站,0.7948,1.0631,29.4,,,8036.0,,,0.471,-1,2025-08-25 16:14:00,外力因素
2025-08-01,EQ-0223,断路器,亦庄110kV变电站,0.8067,0.9491,27.6,,,6849.0,,,0.505,0,2025-08-25 16:14:00,外力因素
2025-05-01,EQ-0325,避雷器,江夏35kV变电站,0.4908,0.6203,23.2,,,,,,,-3,2025-08-28 06:43:00,密封失效
2025-06-01,EQ-0325,避雷器,江夏35kV变电站,0.5413,0.6845,28.5,,,,,,,-2,2025-08-28 06:43:00,密封失效
2025-07-01,EQ-0325,避雷器,江夏35kV变电站,0.6692,0.856,32.4,,,,,,,-1,2025-08-28 06:43:00,密封失效
2025-08-01,EQ-0325,避雷器,江夏35kV变电站,0.7246,0.8789,34.3,,,,,,,0,2025-08-28 06:43:00,密封失效
2025-05-01,EQ-0044,断路器,松山湖220kV变电站,0.5572,0.7096,29.3,,,9682.0,,,0.491,-3,2025-08-28 11:20:00,机械故障
2025-06-01,EQ-0044,断路器,松山湖220kV变电站,0.5975,0.7728,33.0,,,8738.0,,,0.467,-2,2025-08-28 11:20:00,机械故障
2025-07-01,EQ-0044,断路器,松山湖220kV变电站,0.8086,1.0578,34.3,,,6383.0,,,0.481,-1,2025-08-28 11:20:00,机械故障
2025-08-01,EQ-0044,断路器,松山湖220kV变电站,0.8634,1.0604,39.1,,,7909.0,,,0.458,0,2025-08-28 11:20:00,机械故障
2025-05-01,EQ-0403,电容器组,成都高新35kV变电站,0.4645,0.5565,19.5,,,,0.00493,,,-3,2025-08-28 17:34:00,绝缘击穿
2025-06-01,EQ-0403,电容器组,成都高新35kV变电站,0.5935,0.7391,29.5,,,,0.00247,,,-2,2025-08-28 17:34:00,绝缘击穿
2025-07-01,EQ-0403,电容器组,成都高新35kV变电站,0.6805,0.8187,29.2,,,,0.00632,,,-1,2025-08-28 17:34:00,绝缘击穿
2025-08-01,EQ-0403,电容器组,成都高新35kV变电站,0.657,0.7589,29.8,,,,0.00338,,,0,2025-08-28 17:34:00,绝缘击穿
2025-05-01,EQ-0388,避雷器,重庆两江220kV变电站,0.6017,0.6925,19.6,,,,,,,-3,2025-08-30 20:17:00,瓷套破裂
2025-06-01,EQ-0388,避雷器,重庆两江220kV变电站,0.7487,0.9717,26.3,,,,,,,-2,2025-08-30 20:17:00,瓷套破裂
2025-07-01,EQ-0388,避雷器,重庆两江220kV变电站,0.851,1.0697,32.6,,,,,,,-1,2025-08-30 20:17:00,瓷套破裂
2025-08-01,EQ-0388,避雷器,重庆两江220kV变电站,0.8579,1.0209,33.4,,,,,,,0,2025-08-30 20:17:00,瓷套破裂
2025-05-01,EQ-0221,断路器,亦庄110kV变电站,0.6499,0.8283,18.6,,,10009.0,,,0.496,-3,2025-08-31 15:34:00,拒动/误动
2025-06-01,EQ-0221,断路器,亦庄110kV变电站,0.7966,0.9384,25.1,,,6829.0,,,0.495,-2,2025-08-31 15:34:00,拒动/误动
2025-07-01,EQ-0221,断路器,亦庄110kV变电站,0.9298,1.1,32.1,,,7672.0,,,0.48,-1,2025-08-31 15:34:00,拒动/误动
2025-08-01,EQ-0221,断路器,亦庄110kV变电站,0.8881,1.1,25.8,,,10425.0,,,0.536,0,2025-08-31 15:34:00,拒动/误动
2025-06-01,EQ-0294,避雷器,石家庄高新35kV变电站,0.7468,0.9233,28.0,,,,,,,-3,2025-09-09 22:44:00,接地故障
2025-07-01,EQ-0294,避雷器,石家庄高新35kV变电站,0.9812,1.1,29.2,,,,,,,-2,2025-09-09 22:44:00,接地故障
2025-08-01,EQ-0294,避雷器,石家庄高新35kV变电站,0.9923,1.1,25.1,,,,,,,-1,2025-09-09 22:44:00,接地故障
2025-09-01,EQ-0294,避雷器,石家庄高新35kV变电站,0.7903,0.9843,24.5,,,,,,,0,2025-09-09 22:44:00,接地故障
2025-06-01,EQ-0217,电力变压器,亦庄110kV变电站,0.7231,0.9189,24.0,68.3,86.3,8499.0,0.00332,9.3,,-3,2025-09-10 13:45:00,机械故障
2025-07-01,EQ-0217,电力变压器,亦庄110kV变电站,0.8248,1.0998,27.0,77.4,99.6,9944.0,0.00578,16.0,,-2,2025-09-10 13:45:00,机械故障
2025-08-01,EQ-0217,电力变压器,亦庄110kV变电站,0.9445,1.095,26.8,78.9,99.2,10100.0,0.0031,8.1,,-1,2025-09-10 13:45:00,机械故障
2025-09-01,EQ-0217,电力变压器,亦庄110kV变电站,0.7836,0.9534,23.4,69.8,91.4,6303.0,0.00623,13.6,,0,2025-09-10 13:45:00,机械故障
2025-06-01,EQ-0290,电容器组,石家庄高新35kV变电站,0.7895,0.9346,30.0,,,,0.00299,,,-3,2025-09-11 18:10:00,鼓肚渗油
2025-07-01,EQ-0290,电容器组,石家庄高新35kV变电站,0.9117,1.053,28.6,,,,0.00378,,,-2,2025-09-11 18:10:00,鼓肚渗油
2025-08-01,EQ-0290,电容器组,石家庄高新35kV变电站,0.8203,0.9437,27.6,,,,0.00404,,,-1,2025-09-11 18:10:00,鼓肚渗油
2025-09-01,EQ-0290,电容器组,石家庄高新35kV变电站,0.6385,0.8199,22.3,,,,0.00436,,,0,2025-09-11 18:10:00,鼓肚渗油
2025-06-01,EQ-0155,断路器,苏州工业园220kV变电站,0.6449,0.7436,30.3,,,9253.0,,,0.528,-3,2025-09-13 03:25:00,拒动/误动
2025-07-01,EQ-0155,断路器,苏州工业园220kV变电站,0.6159,0.8119,31.7,,,7596.0,,,0.484,-2,2025-09-13 03:25:00,拒动/误动
2025-08-01,EQ-0155,断路器,苏州工业园220kV变电站,0.6879,0.8648,32.6,,,5725.0,,,0.52,-1,2025-09-13 03:25:00,拒动/误动
2025-09-01,EQ-0155,断路器,苏州工业园220kV变电站,0.5797,0.7006,28.9,,,7954.0,,,0.459,0,2025-09-13 03:25:00,拒动/误动
2025-06-01,EQ-0050,断路器,松山湖220kV变电站,0.6459,0.8081,35.1,,,6236.0,,,0.482,-3,2025-09-22 01:07:00,过热故障
2025-07-01,EQ-0050,断路器,松山湖220kV变电站,0.7931,0.9331,34.1,,,7665.0,,,0.462,-2,2025-09-22 01:07:00,过热故障
2025-08-01,EQ-0050,断路器,松山湖220kV变电站,0.7399,0.8743,35.5,,,7386.0,,,0.447,-1,2025-09-22 01:07:00,过热故障
2025-09-01,EQ-0050,断路器,松山湖220kV变电站,0.6215,0.7778,32.3,,,11324.0,,,0.48,0,2025-09-22 01:07:00,过热故障
2025-06-01,EQ-0016,隔离开关,龙华220kV变电站,0.7886,1.0316,36.2,,,,,,,-3,2025-09-23 07:32:00,绝缘故障
2025-07-01,EQ-0016,隔离开关,龙华220kV变电站,1.0224,1.1,38.7,,,,,,,-2,2025-09-23 07:32:00,绝缘故障
2025-08-01,EQ-0016,隔离开关,龙华220kV变电站,0.9785,1.1,34.7,,,,,,,-1,2025-09-23 07:32:00,绝缘故障
2025-09-01,EQ-0016,隔离开关,龙华220kV变电站,0.724,0.9502,37.4,,,,,,,0,2025-09-23 07:32:00,绝缘故障
2025-06-01,EQ-0126,避雷器,张江110kV变电站,0.7221,0.8793,31.6,,,,,,,-3,2025-09-26 23:03:00,阀片劣化
2025-07-01,EQ-0126,避雷器,张江110kV变电站,0.8185,0.9944,33.8,,,,,,,-2,2025-09-26 23:03:00,阀片劣化
2025-08-01,EQ-0126,避雷器,张江110kV变电站,0.9494,1.1,34.9,,,,,,,-1,2025-09-26 23:03:00,阀片劣化
2025-09-01,EQ-0126,避雷器,张江110kV变电站,0.6821,0.7907,27.6,,,,,,,0,2025-09-26 23:03:00,阀片劣化
2025-06-01,EQ-0322,电容器组,江夏35kV变电站,0.5816,0.7311,27.1,,,,0.00524,,,-3,2025-09-28 18:44:00,鼓肚渗油
2025-07-01,EQ-0322,电容器组,江夏35kV变电站,0.7154,0.9489,29.4,,,,0.00526,,,-2,2025-09-28 18:44:00,鼓肚渗油
2025-08-01,EQ-0322,电容器组,江夏35kV变电站,0.823,1.0088,28.4,,,,0.00657,,,-1,2025-09-28 18:44:00,鼓肚渗油
2025-09-01,EQ-0322,电容器组,江夏35kV变电站,0.5384,0.6405,25.4,,,,0.00412,,,0,2025-09-28 18:44:00,鼓肚渗油
2025-06-01,EQ-0260,断路器,天津滨海220kV变电站,0.7191,0.9001,24.9,,,9409.0,,,0.436,-3,2025-09-29 08:05:00,机械故障
2025-07-01,EQ-0260,断路器,天津滨海220kV变电站,0.9321,1.1,25.5,,,8684.0,,,0.5,-2,2025-09-29 08:05:00,机械故障
2025-08-01,EQ-0260,断路器,天津滨海220kV变电站,0.9526,1.1,27.9,,,11159.0,,,0.474,-1,2025-09-29 08:05:00,机械故障
2025-09-01,EQ-0260,断路器,天津滨海220kV变电站,0.7479,0.9119,22.0,,,7104.0,,,0.43,0,2025-09-29 08:05:00,机械故障
2025-07-01,EQ-0365,电力变压器,重庆两江220kV变电站,1.0081,1.1,28.1,89.4,111.5,7741.0,0.0033,4.3,,-3,2025-10-03 05:03:00,油系统故障
2025-08-01,EQ-0365,电力变压器,重庆两江220kV变电站,0.9759,1.1,32.1,89.7,111.4,9955.0,0.00538,14.5,,-2,2025-10-03 05:03:00,油系统故障
2025-09-01,EQ-0365,电力变压器,重庆两江220kV变电站,0.7064,0.843,25.1,70.3,89.2,9314.0,0.00414,13.4,,-1,2025-10-03 05:03:00,油系统故障
2025-10-01,EQ-0365,电力变压器,重庆两江220kV变电站,0.5565,0.7402,19.7,55.5,68.5,8499.0,0.00317,3.2,,0,2025-10-03 05:03:00,油系统故障
2025-07-01,EQ-0385,电容器组,重庆两江220kV变电站,0.7446,0.8649,31.3,,,,0.006,,,-3,2025-10-03 16:25:00,绝缘击穿
2025-08-01,EQ-0385,电容器组,重庆两江220kV变电站,0.7661,0.9908,30.2,,,,0.00383,,,-2,2025-10-03 16:25:00,绝缘击穿
2025-09-01,EQ-0385,电容器组,重庆两江220kV变电站,0.6811,0.8836,26.2,,,,0.00598,,,-1,2025-10-03 16:25:00,绝缘击穿
2025-10-01,EQ-0385,电容器组,重庆两江220kV变电站,0.5232,0.6311,13.8,,,,0.00391,,,0,2025-10-03 16:25:00,绝缘击穿
2025-07-01,EQ-0294,避雷器,石家庄高新35kV变电站,0.9812,1.1,29.2,,,,,,,-3,2025-10-08 05:50:00,阀片劣化
2025-08-01,EQ-0294,避雷器,石家庄高新35kV变电站,0.9923,1.1,25.1,,,,,,,-2,2025-10-08 05:50:00,阀片劣化
2025-09-01,EQ-0294,避雷器,石家庄高新35kV变电站,0.7903,0.9843,24.5,,,,,,,-1,2025-10-08 05:50:00,阀片劣化
2025-10-01,EQ-0294,避雷器,石家庄高新35kV变电站,0.6815,0.8054,17.9,,,,,,,0,2025-10-08 05:50:00,阀片劣化
2025-07-01,EQ-0212,避雷器,昆山35kV变电站,0.8539,1.0235,35.9,,,,,,,-3,2025-10-11 02:52:00,阀片劣化
2025-08-01,EQ-0212,避雷器,昆山35kV变电站,0.9334,1.1,31.1,,,,,,,-2,2025-10-11 02:52:00,阀片劣化
2025-09-01,EQ-0212,避雷器,昆山35kV变电站,0.6397,0.861,27.2,,,,,,,-1,2025-10-11 02:52:00,阀片劣化
2025-10-01,EQ-0212,避雷器,昆山35kV变电站,0.5406,0.729,17.8,,,,,,,0,2025-10-11 02:52:00,阀片劣化
2025-07-01,EQ-0296,电力变压器,武昌110kV变电站,0.8915,1.054,30.8,80.2,102.4,7355.0,0.00448,2.5,,-3,2025-10-12 07:10:00,保护动作
2025-08-01,EQ-0296,电力变压器,武昌110kV变电站,0.8323,0.9867,30.6,79.2,100.1,6904.0,0.00618,6.4,,-2,2025-10-12 07:10:00,保护动作
2025-09-01,EQ-0296,电力变压器,武昌110kV变电站,0.7652,1.0275,21.8,63.4,81.5,8172.0,0.00247,4.8,,-1,2025-10-12 07:10:00,保护动作
2025-10-01,EQ-0296,电力变压器,武昌110kV变电站,0.6099,0.7502,20.1,61.7,78.0,10338.0,0.00412,8.1,,0,2025-10-12 07:10:00,保护动作
2025-07-01,EQ-0312,避雷器,武昌110kV变电站,0.8035,1.0063,30.9,,,,,,,-3,2025-10-14 19:26:00,阀片劣化
2025-08-01,EQ-0312,避雷器,武昌110kV变电站,0.9046,1.1,26.1,,,,,,,-2,2025-10-14 19:26:00,阀片劣化
2025-09-01,EQ-0312,避雷器,武昌110kV变电站,0.7011,0.8138,22.5,,,,,,,-1,2025-10-14 19:26:00,阀片劣化
2025-10-01,EQ-0312,避雷器,武昌110kV变电站,0.5532,0.6967,19.3,,,,,,,0,2025-10-14 19:26:00,阀片劣化
2025-07-01,EQ-0328,电力变压器,长沙星沙110kV变电站,0.7993,0.9945,32.4,79.5,99.2,10084.0,0.00368,9.1,,-3,2025-10-17 21:44:00,机械故障
2025-08-01,EQ-0328,电力变压器,长沙星沙110kV变电站,0.9209,1.1,29.1,82.9,102.9,10725.0,0.00488,8.0,,-2,2025-10-17 21:44:00,机械故障
2025-09-01,EQ-0328,电力变压器,长沙星沙110kV变电站,0.6986,0.8312,29.3,72.7,91.4,11231.0,0.00237,3.8,,-1,2025-10-17 21:44:00,机械故障
2025-10-01,EQ-0328,电力变压器,长沙星沙110kV变电站,0.5886,0.7087,17.7,54.1,71.0,11148.0,0.00328,11.5,,0,2025-10-17 21:44:00,机械故障
2025-07-01,EQ-0326,避雷器,江夏35kV变电站,0.7012,0.9069,29.0,,,,,,,-3,2025-10-21 19:04:00,阀片劣化
2025-08-01,EQ-0326,避雷器,江夏35kV变电站,0.7142,0.8814,30.4,,,,,,,-2,2025-10-21 19:04:00,阀片劣化
2025-09-01,EQ-0326,避雷器,江夏35kV变电站,0.5515,0.6929,28.8,,,,,,,-1,2025-10-21 19:04:00,阀片劣化
2025-10-01,EQ-0326,避雷器,江夏35kV变电站,0.464,0.5656,19.6,,,,,,,0,2025-10-21 19:04:00,阀片劣化
2025-07-01,EQ-0307,电容器组,武昌110kV变电站,0.8621,1.1,28.9,,,,0.00516,,,-3,2025-10-22 12:49:00,外力因素
2025-08-01,EQ-0307,电容器组,武昌110kV变电站,0.7557,0.9642,33.3,,,,0.00301,,,-2,2025-10-22 12:49:00,外力因素
2025-09-01,EQ-0307,电容器组,武昌110kV变电站,0.5618,0.7239,26.3,,,,0.00413,,,-1,2025-10-22 12:49:00,外力因素
2025-10-01,EQ-0307,电容器组,武昌110kV变电站,0.51,0.602,17.5,,,,0.00376,,,0,2025-10-22 12:49:00,外力因素
2025-07-01,EQ-0393,GIS组合电器,重庆两江220kV变电站,0.87,1.0882,30.8,84.4,104.6,8546.0,,5.7,0.493,-3,2025-10-27 13:04:00,SF6泄漏
2025-08-01,EQ-0393,GIS组合电器,重庆两江220kV变电站,0.967,1.1,33.6,86.6,110.9,7088.0,,7.8,0.467,-2,2025-10-27 13:04:00,SF6泄漏
2025-09-01,EQ-0393,GIS组合电器,重庆两江220kV变电站,0.6861,0.8334,26.0,73.1,92.4,6720.0,,15.9,0.445,-1,2025-10-27 13:04:00,SF6泄漏
2025-10-01,EQ-0393,GIS组合电器,重庆两江220kV变电站,0.5704,0.7357,19.2,59.2,75.7,7955.0,,18.2,0.439,0,2025-10-27 13:04:00,SF6泄漏
2025-07-01,EQ-0068,电力变压器,南沙110kV变电站,0.6493,0.8495,38.6,83.1,99.2,9287.0,0.00344,12.9,,-3,2025-10-30 21:12:00,绝缘故障
2025-08-01,EQ-0068,电力变压器,南沙110kV变电站,0.6905,0.842,34.4,74.5,94.2,10243.0,0.00454,15.6,,-2,2025-10-30 21:12:00,绝缘故障
2025-09-01,EQ-0068,电力变压器,南沙110kV变电站,0.5703,0.6738,29.1,68.5,86.1,10918.0,0.00492,9.4,,-1,2025-10-30 21:12:00,绝缘故障
2025-10-01,EQ-0068,电力变压器,南沙110kV变电站,0.4427,0.5827,25.9,59.8,73.2,8325.0,0.00237,5.4,,0,2025-10-30 21:12:00,绝缘故障
2025-08-01,EQ-0253,电力变压器,天津滨海220kV变电站,0.7283,0.8883,25.8,69.8,90.2,9371.0,0.00286,8.3,,-3,2025-11-02 10:28:00,绝缘故障
2025-09-01,EQ-0253,电力变压器,天津滨海220kV变电站,0.5408,0.7208,22.5,58.5,73.7,7639.0,0.00496,4.5,,-2,2025-11-02 10:28:00,绝缘故障
2025-10-01,EQ-0253,电力变压器,天津滨海220kV变电站,0.4997,0.6484,11.6,55.4,70.9,10978.0,0.00315,10.1,,-1,2025-11-02 10:28:00,绝缘故障
2025-11-01,EQ-0253,电力变压器,天津滨海220kV变电站,0.5055,0.6717,10.1,54.0,70.6,10327.0,0.00464,5.6,,0,2025-11-02 10:28:00,绝缘故障
2025-08-01,EQ-0060,避雷器,松山湖220kV变电站,0.741,0.8613,34.4,,,,,,,-3,2025-11-07 00:45:00,密封失效
2025-09-01,EQ-0060,避雷器,松山湖220kV变电站,0.612,0.7785,37.2,,,,,,,-2,2025-11-07 00:45:00,密封失效
2025-10-01,EQ-0060,避雷器,松山湖220kV变电站,0.4807,0.6471,18.9,,,,,,,-1,2025-11-07 00:45:00,密封失效
2025-11-01,EQ-0060,避雷器,松山湖220kV变电站,0.4948,0.5831,16.4,,,,,,,0,2025-11-07 00:45:00,密封失效
2025-08-01,EQ-0398,断路器,成都高新35kV变电站,0.893,1.0503,27.8,,,5869.0,,,0.508,-3,2025-11-08 00:10:00,拒动/误动
2025-09-01,EQ-0398,断路器,成都高新35kV变电站,0.718,0.932,26.2,,,6755.0,,,0.519,-2,2025-11-08 00:10:00,拒动/误动
2025-10-01,EQ-0398,断路器,成都高新35kV变电站,0.5473,0.7017,20.1,,,9692.0,,,0.47,-1,2025-11-08 00:10:00,拒动/误动
2025-11-01,EQ-0398,断路器,成都高新35kV变电站,0.6156,0.7297,9.1,,,8064.0,,,0.512,0,2025-11-08 00:10:00,拒动/误动
2025-08-01,EQ-0417,隔离开关,沈阳浑南110kV变电站,0.724,0.8447,27.6,,,,,,,-3,2025-11-08 14:42:00,机械故障
2025-09-01,EQ-0417,隔离开关,沈阳浑南110kV变电站,0.5397,0.654,18.6,,,,,,,-2,2025-11-08 14:42:00,机械故障
2025-10-01,EQ-0417,隔离开关,沈阳浑南110kV变电站,0.4311,0.502,11.0,,,,,,,-1,2025-11-08 14:42:00,机械故障
2025-11-01,EQ-0417,隔离开关,沈阳浑南110kV变电站,0.4927,0.5914,4.8,,,,,,,0,2025-11-08 14:42:00,机械故障
2025-08-01,EQ-0249,避雷器,通州35kV变电站,0.7828,1.0019,27.8,,,,,,,-3,2025-11-10 03:34:00,阀片劣化
2025-09-01,EQ-0249,避雷器,通州35kV变电站,0.5747,0.7664,21.7,,,,,,,-2,2025-11-10 03:34:00,阀片劣化
2025-10-01,EQ-0249,避雷器,通州35kV变电站,0.5441,0.7344,16.5,,,,,,,-1,2025-11-10 03:34:00,阀片劣化
2025-11-01,EQ-0249,避雷器,通州35kV变电站,0.5357,0.69,4.4,,,,,,,0,2025-11-10 03:34:00,阀片劣化
2025-08-01,EQ-0169,电容器组,苏州工业园220kV变电站,0.7422,0.9807,31.0,,,,0.00287,,,-3,2025-11-10 06:57:00,鼓肚渗油
2025-09-01,EQ-0169,电容器组,苏州工业园220kV变电站,0.5744,0.7258,30.6,,,,0.00362,,,-2,2025-11-10 06:57:00,鼓肚渗油
2025-10-01,EQ-0169,电容器组,苏州工业园220kV变电站,0.5583,0.6728,22.1,,,,0.00519,,,-1,2025-11-10 06:57:00,鼓肚渗油
2025-11-01,EQ-0169,电容器组,苏州工业园220kV变电站,0.5686,0.7544,13.9,,,,0.00314,,,0,2025-11-10 06:57:00,鼓肚渗油
2025-08-01,EQ-0200,GIS组合电器,杭州滨江110kV变电站,0.7098,0.8786,36.2,83.9,98.6,6628.0,,16.2,0.478,-3,2025-11-22 05:02:00,外力因素
2025-09-01,EQ-0200,GIS组合电器,杭州滨江110kV变电站,0.5108,0.6357,28.2,65.9,77.5,12089.0,,8.9,0.456,-2,2025-11-22 05:02:00,外力因素
2025-10-01,EQ-0200,GIS组合电器,杭州滨江110kV变电站,0.4758,0.5839,21.4,58.1,73.3,9683.0,,2.9,0.467,-1,2025-11-22 05:02:00,外力因素
2025-11-01,EQ-0200,GIS组合电器,杭州滨江110kV变电站,0.4965,0.6271,11.4,49.1,64.0,10959.0,,3.3,0.507,0,2025-11-22 05:02:00,外力因素
2025-09-01,EQ-0383,电容器组,重庆两江220kV变电站,0.569,0.7223,22.0,,,,0.00314,,,-3,2025-12-02 22:29:00,鼓肚渗油
2025-10-01,EQ-0383,电容器组,重庆两江220kV变电站,0.4876,0.6386,19.5,,,,0.00323,,,-2,2025-12-02 22:29:00,鼓肚渗油
2025-11-01,EQ-0383,电容器组,重庆两江220kV变电站,0.4889,0.6346,9.3,,,,0.00622,,,-1,2025-12-02 22:29:00,鼓肚渗油
2025-12-01,EQ-0383,电容器组,重庆两江220kV变电站,0.602,0.7611,6.4,,,,0.00288,,,0,2025-12-02 22:29:00,鼓肚渗油
2025-09-01,EQ-0328,电力变压器,长沙星沙110kV变电站,0.6986,0.8312,29.3,72.7,91.4,11231.0,0.00237,3.8,,-3,2025-12-04 00:23:00,油系统故障
2025-10-01,EQ-0328,电力变压器,长沙星沙110kV变电站,0.5886,0.7087,17.7,54.1,71.0,11148.0,0.00328,11.5,,-2,2025-12-04 00:23:00,油系统故障
2025-11-01,EQ-0328,电力变压器,长沙星沙110kV变电站,0.6768,0.8772,15.2,59.5,78.0,7585.0,0.00314,17.0,,-1,2025-12-04 00:23:00,油系统故障
2025-12-01,EQ-0328,电力变压器,长沙星沙110kV变电站,0.7262,0.8571,3.6,53.2,74.8,8894.0,0.00317,9.1,,0,2025-12-04 00:23:00,油系统故障
2025-09-01,EQ-0269,隔离开关,天津滨海220kV变电站,0.6437,0.7912,26.9,,,,,,,-3,2025-12-11 07:32:00,接触不良
2025-10-01,EQ-0269,隔离开关,天津滨海220kV变电站,0.5649,0.6595,17.2,,,,,,,-2,2025-12-11 07:32:00,接触不良
2025-11-01,EQ-0269,隔离开关,天津滨海220kV变电站,0.5617,0.7155,9.2,,,,,,,-1,2025-12-11 07:32:00,接触不良
2025-12-01,EQ-0269,隔离开关,天津滨海220kV变电站,0.6085,0.7674,3.0,,,,,,,0,2025-12-11 07:32:00,接触不良
2025-09-01,EQ-0300,断路器,武昌110kV变电站,0.7139,0.8517,24.6,,,9557.0,,,0.514,-3,2025-12-15 14:40:00,机械故障
2025-10-01,EQ-0300,断路器,武昌110kV变电站,0.6112,0.7285,20.2,,,7926.0,,,0.489,-2,2025-12-15 14:40:00,机械故障
2025-11-01,EQ-0300,断路器,武昌110kV变电站,0.5695,0.6674,10.4,,,7290.0,,,0.518,-1,2025-12-15 14:40:00,机械故障
2025-12-01,EQ-0300,断路器,武昌110kV变电站,0.7595,0.9562,4.5,,,8922.0,,,0.516,0,2025-12-15 14:40:00,机械故障
2025-09-01,EQ-0428,电力变压器,大连开发区35kV变电站,0.7752,1.0062,16.2,65.2,86.4,9046.0,0.00317,12.7,,-3,2025-12-18 03:52:00,保护动作
2025-10-01,EQ-0428,电力变压器,大连开发区35kV变电站,0.6104,0.7627,13.3,57.3,76.6,8864.0,0.00273,2.3,,-2,2025-12-18 03:52:00,保护动作
2025-11-01,EQ-0428,电力变压器,大连开发区35kV变电站,0.6558,0.7838,1.6,44.6,63.2,8401.0,0.0056,10.5,,-1,2025-12-18 03:52:00,保护动作
2025-12-01,EQ-0428,电力变压器,大连开发区35kV变电站,0.7239,0.8971,-3.1,40.2,62.0,8132.0,0.00437,9.0,,0,2025-12-18 03:52:00,保护动作
2025-09-01,EQ-0253,电力变压器,天津滨海220kV变电站,0.5408,0.7208,22.5,58.5,73.7,7639.0,0.00496,4.5,,-3,2025-12-21 08:25:00,油系统故障
2025-10-01,EQ-0253,电力变压器,天津滨海220kV变电站,0.4997,0.6484,11.6,55.4,70.9,10978.0,0.00315,10.1,,-2,2025-12-21 08:25:00,油系统故障
2025-11-01,EQ-0253,电力变压器,天津滨海220kV变电站,0.5055,0.6717,10.1,54.0,70.6,10327.0,0.00464,5.6,,-1,2025-12-21 08:25:00,油系统故障
2025-12-01,EQ-0253,电力变压器,天津滨海220kV变电站,0.5489,0.658,2.0,39.4,58.0,11498.0,0.00528,9.3,,0,2025-12-21 08:25:00,油系统故障
2025-09-01,EQ-0284,断路器,石家庄高新35kV变电站,0.6043,0.7097,22.8,,,7557.0,,,0.494,-3,2025-12-21 21:44:00,过热故障
2025-10-01,EQ-0284,断路器,石家庄高新35kV变电站,0.4939,0.6051,14.0,,,9490.0,,,0.524,-2,2025-12-21 21:44:00,过热故障
2025-11-01,EQ-0284,断路器,石家庄高新35kV变电站,0.5339,0.705,7.0,,,8546.0,,,0.51,-1,2025-12-21 21:44:00,过热故障
2025-12-01,EQ-0284,断路器,石家庄高新35kV变电站,0.5427,0.6395,1.7,,,8129.0,,,0.52,0,2025-12-21 21:44:00,过热故障
2025-09-01,EQ-0349,断路器,武侯110kV变电站,0.5987,0.7005,29.0,,,7826.0,,,0.51,-3,2025-12-27 07:35:00,机械故障
2025-10-01,EQ-0349,断路器,武侯110kV变电站,0.5003,0.6546,16.8,,,9986.0,,,0.526,-2,2025-12-27 07:35:00,机械故障
2025-11-01,EQ-0349,断路器,武侯110kV变电站,0.4789,0.5611,10.2,,,11550.0,,,0.529,-1,2025-12-27 07:35:00,机械故障
2025-12-01,EQ-0349,断路器,武侯110kV变电站,0.5066,0.6434,4.9,,,7915.0,,,0.451,0,2025-12-27 07:35:00,机械故障
2025-09-01,EQ-0248,电容器组,通州35kV变电站,0.5704,0.6946,24.9,,,,0.00493,,,-3,2025-12-29 12:08:00,鼓肚渗油
2025-10-01,EQ-0248,电容器组,通州35kV变电站,0.4658,0.601,14.7,,,,0.00585,,,-2,2025-12-29 12:08:00,鼓肚渗油
2025-11-01,EQ-0248,电容器组,通州35kV变电站,0.5267,0.6371,5.1,,,,0.00666,,,-1,2025-12-29 12:08:00,鼓肚渗油
2025-12-01,EQ-0248,电容器组,通州35kV变电站,0.5654,0.7299,0.4,,,,0.00452,,,0,2025-12-29 12:08:00,鼓肚渗油
2025-10-01,EQ-0288,隔离开关,石家庄高新35kV变电站,0.5807,0.7086,10.6,,,,,,,-3,2026-01-03 05:49:00,机械故障
2025-11-01,EQ-0288,隔离开关,石家庄高新35kV变电站,0.573,0.7429,7.9,,,,,,,-2,2026-01-03 05:49:00,机械故障
2025-12-01,EQ-0288,隔离开关,石家庄高新35kV变电站,0.6227,0.8204,1.2,,,,,,,-1,2026-01-03 05:49:00,机械故障
2026-01-01,EQ-0288,隔离开关,石家庄高新35kV变电站,0.6662,0.8563,0.5,,,,,,,0,2026-01-03 05:49:00,机械故障
2025-10-01,EQ-0129,电力变压器,临港110kV变电站,0.4645,0.6164,18.8,52.7,65.2,8454.0,0.00501,2.8,,-3,2026-01-06 01:04:00,外力因素
2025-11-01,EQ-0129,电力变压器,临港110kV变电站,0.4884,0.656,7.9,46.1,59.3,11874.0,0.00445,2.8,,-2,2026-01-06 01:04:00,外力因素
2025-12-01,EQ-0129,电力变压器,临港110kV变电站,0.5319,0.7026,8.2,48.5,64.9,10207.0,0.0034,2.4,,-1,2026-01-06 01:04:00,外力因素
2026-01-01,EQ-0129,电力变压器,临港110kV变电站,0.5156,0.6334,3.8,44.3,61.2,13315.0,0.00552,13.7,,0,2026-01-06 01:04:00,外力因素
2025-10-01,EQ-0275,避雷器,天津滨海220kV变电站,0.6198,0.7351,12.4,,,,,,,-3,2026-01-06 13:14:00,阀片劣化
2025-11-01,EQ-0275,避雷器,天津滨海220kV变电站,0.6776,0.8163,6.6,,,,,,,-2,2026-01-06 13:14:00,阀片劣化
2025-12-01,EQ-0275,避雷器,天津滨海220kV变电站,0.7184,0.8617,0.4,,,,,,,-1,2026-01-06 13:14:00,阀片劣化
2026-01-01,EQ-0275,避雷器,天津滨海220kV变电站,0.7534,0.9899,0.2,,,,,,,0,2026-01-06 13:14:00,阀片劣化
2025-10-01,EQ-0300,断路器,武昌110kV变电站,0.6112,0.7285,20.2,,,7926.0,,,0.489,-3,2026-01-07 14:40:00,拒动/误动
2025-11-01,EQ-0300,断路器,武昌110kV变电站,0.5695,0.6674,10.4,,,7290.0,,,0.518,-2,2026-01-07 14:40:00,拒动/误动
2025-12-01,EQ-0300,断路器,武昌110kV变电站,0.7595,0.9562,4.5,,,8922.0,,,0.516,-1,2026-01-07 14:40:00,拒动/误动
2026-01-01,EQ-0300,断路器,武昌110kV变电站,0.6977,0.841,1.3,,,8403.0,,,0.526,0,2026-01-07 14:40:00,拒动/误动
2025-10-01,EQ-0107,电力变压器,张江110kV变电站,0.4708,0.6088,17.8,54.7,71.0,12517.0,0.00549,10.3,,-3,2026-01-09 00:41:00,过热故障
2025-11-01,EQ-0107,电力变压器,张江110kV变电站,0.4839,0.6349,10.9,46.5,61.7,10959.0,0.00257,3.9,,-2,2026-01-09 00:41:00,过热故障
2025-12-01,EQ-0107,电力变压器,张江110kV变电站,0.537,0.6571,4.6,42.1,60.3,8172.0,0.00308,14.3,,-1,2026-01-09 00:41:00,过热故障
2026-01-01,EQ-0107,电力变压器,张江110kV变电站,0.5201,0.5984,5.3,40.7,56.8,7438.0,0.00393,10.2,,0,2026-01-09 00:41:00,过热故障
2025-10-01,EQ-0206,断路器,昆山35kV变电站,0.6363,0.8212,20.3,,,8813.0,,,0.469,-3,2026-01-17 05:54:00,外力因素
2025-11-01,EQ-0206,断路器,昆山35kV变电站,0.618,0.7194,11.3,,,8485.0,,,0.47,-2,2026-01-17 05:54:00,外力因素
2025-12-01,EQ-0206,断路器,昆山35kV变电站,0.6934,0.9231,7.5,,,7676.0,,,0.468,-1,2026-01-17 05:54:00,外力因素
2026-01-01,EQ-0206,断路器,昆山35kV变电站,0.69,0.8402,4.4,,,6798.0,,,0.503,0,2026-01-17 05:54:00,外力因素
2025-10-01,EQ-0136,断路器,临港110kV变电站,0.5283,0.6465,19.2,,,9391.0,,,0.447,-3,2026-01-19 01:39:00,绝缘故障
2025-11-01,EQ-0136,断路器,临港110kV变电站,0.4813,0.6484,10.9,,,10955.0,,,0.448,-2,2026-01-19 01:39:00,绝缘故障
2025-12-01,EQ-0136,断路器,临港110kV变电站,0.6467,0.8614,8.4,,,9641.0,,,0.46,-1,2026-01-19 01:39:00,绝缘故障
2026-01-01,EQ-0136,断路器,临港110kV变电站,0.5257,0.6596,3.8,,,6614.0,,,0.484,0,2026-01-19 01:39:00,绝缘故障
2025-10-01,EQ-0320,隔离开关,江夏35kV变电站,0.4192,0.5531,15.8,,,,,,,-3,2026-01-19 12:22:00,机械故障
2025-11-01,EQ-0320,隔离开关,江夏35kV变电站,0.524,0.6948,7.8,,,,,,,-2,2026-01-19 12:22:00,机械故障
2025-12-01,EQ-0320,隔离开关,江夏35kV变电站,0.572,0.6918,3.3,,,,,,,-1,2026-01-19 12:22:00,机械故障
2026-01-01,EQ-0320,隔离开关,江夏35kV变电站,0.5411,0.6458,3.8,,,,,,,0,2026-01-19 12:22:00,机械故障
2025-10-01,EQ-0316,断路器,江夏35kV变电站,0.6608,0.8897,18.3,,,5863.0,,,0.528,-3,2026-01-23 07:28:00,拒动/误动
2025-11-01,EQ-0316,断路器,江夏35kV变电站,0.644,0.8228,10.9,,,6550.0,,,0.436,-2,2026-01-23 07:28:00,拒动/误动
2025-12-01,EQ-0316,断路器,江夏35kV变电站,0.7348,0.8913,2.1,,,9687.0,,,0.446,-1,2026-01-23 07:28:00,拒动/误动
2026-01-01,EQ-0316,断路器,江夏35kV变电站,0.6942,0.9224,-0.6,,,7565.0,,,0.495,0,2026-01-23 07:28:00,拒动/误动
2025-11-01,EQ-0093,断路器,前海110kV变电站,0.5749,0.732,16.1,,,12448.0,,,0.49,-3,2026-02-03 00:13:00,绝缘故障
2025-12-01,EQ-0093,断路器,前海110kV变电站,0.621,0.7802,11.5,,,9767.0,,,0.508,-2,2026-02-03 00:13:00,绝缘故障
2026-01-01,EQ-0093,断路器,前海110kV变电站,0.6531,0.8765,10.2,,,12246.0,,,0.536,-1,2026-02-03 00:13:00,绝缘故障
2026-02-01,EQ-0093,断路器,前海110kV变电站,0.5375,0.6262,12.9,,,9258.0,,,0.509,0,2026-02-03 00:13:00,绝缘故障
2025-11-01,EQ-0233,避雷器,亦庄110kV变电站,0.6567,0.8141,8.3,,,,,,,-3,2026-02-05 10:53:00,接地故障
2025-12-01,EQ-0233,避雷器,亦庄110kV变电站,0.8007,1.0214,1.1,,,,,,,-2,2026-02-05 10:53:00,接地故障
2026-01-01,EQ-0233,避雷器,亦庄110kV变电站,0.7015,0.8853,0.3,,,,,,,-1,2026-02-05 10:53:00,接地故障
2026-02-01,EQ-0233,避雷器,亦庄110kV变电站,0.6463,0.8156,3.9,,,,,,,0,2026-02-05 10:53:00,接地故障
2025-11-01,EQ-0346,电力变压器,武侯110kV变电站,0.5364,0.6996,11.9,51.2,65.0,10042.0,0.00313,6.7,,-3,2026-02-11 12:13:00,绝缘故障
2025-12-01,EQ-0346,电力变压器,武侯110kV变电站,0.5909,0.7398,4.0,50.6,65.4,10781.0,0.00456,4.1,,-2,2026-02-11 12:13:00,绝缘故障
2026-01-01,EQ-0346,电力变压器,武侯110kV变电站,0.5602,0.6792,2.1,42.9,57.3,11177.0,0.00464,10.0,,-1,2026-02-11 12:13:00,绝缘故障
2026-02-01,EQ-0346,电力变压器,武侯110kV变电站,0.5128,0.6279,2.7,36.6,48.2,9721.0,0.00282,3.3,,0,2026-02-11 12:13:00,绝缘故障
2025-11-01,EQ-0411,断路器,沈阳浑南110kV变电站,0.6342,0.8374,5.1,,,8290.0,,,0.493,-3,2026-02-17 01:14:00,绝缘故障
2025-12-01,EQ-0411,断路器,沈阳浑南110kV变电站,0.7166,0.858,0.7,,,9415.0,,,0.527,-2,2026-02-17 01:14:00,绝缘故障
2026-01-01,EQ-0411,断路器,沈阳浑南110kV变电站,0.6724,0.817,-1.6,,,10438.0,,,0.472,-1,2026-02-17 01:14:00,绝缘故障
2026-02-01,EQ-0411,断路器,沈阳浑南110kV变电站,0.6193,0.8105,-4.3,,,10108.0,,,0.467,0,2026-02-17 01:14:00,绝缘故障
2025-11-01,EQ-0093,断路器,前海110kV变电站,0.5749,0.732,16.1,,,12448.0,,,0.49,-3,2026-02-21 00:13:00,拒动/误动
2025-12-01,EQ-0093,断路器,前海110kV变电站,0.621,0.7802,11.5,,,9767.0,,,0.508,-2,2026-02-21 00:13:00,拒动/误动
2026-01-01,EQ-0093,断路器,前海110kV变电站,0.6531,0.8765,10.2,,,12246.0,,,0.536,-1,2026-02-21 00:13:00,拒动/误动
2026-02-01,EQ-0093,断路器,前海110kV变电站,0.5375,0.6262,12.9,,,9258.0,,,0.509,0,2026-02-21 00:13:00,拒动/误动
2025-11-01,EQ-0262,断路器,天津滨海220kV变电站,0.5326,0.6571,3.6,,,10422.0,,,0.441,-3,2026-02-24 00:59:00,拒动/误动
2025-12-01,EQ-0262,断路器,天津滨海220kV变电站,0.5781,0.714,1.7,,,10077.0,,,0.495,-2,2026-02-24 00:59:00,拒动/误动
2026-01-01,EQ-0262,断路器,天津滨海220kV变电站,0.6293,0.7712,0.4,,,10607.0,,,0.458,-1,2026-02-24 00:59:00,拒动/误动
2026-02-01,EQ-0262,断路器,天津滨海220kV变电站,0.5206,0.6311,3.9,,,9941.0,,,0.529,0,2026-02-24 00:59:00,拒动/误动
2025-12-01,EQ-0276,避雷器,天津滨海220kV变电站,0.6262,0.7962,7.4,,,,,,,-3,2026-03-12 00:13:00,瓷套破裂
2026-01-01,EQ-0276,避雷器,天津滨海220kV变电站,0.6558,0.7854,0.7,,,,,,,-2,2026-03-12 00:13:00,瓷套破裂
2026-02-01,EQ-0276,避雷器,天津滨海220kV变电站,0.5435,0.7198,4.3,,,,,,,-1,2026-03-12 00:13:00,瓷套破裂
2026-03-01,EQ-0276,避雷器,天津滨海220kV变电站,0.4936,0.6479,9.1,,,,,,,0,2026-03-12 00:13:00,瓷套破裂
2025-12-01,EQ-0264,隔离开关,天津滨海220kV变电站,0.7452,0.8808,1.0,,,,,,,-3,2026-03-12 09:45:00,接触不良
2026-01-01,EQ-0264,隔离开关,天津滨海220kV变电站,0.6812,0.8099,0.6,,,,,,,-2,2026-03-12 09:45:00,接触不良
2026-02-01,EQ-0264,隔离开关,天津滨海220kV变电站,0.5937,0.7364,4.2,,,,,,,-1,2026-03-12 09:45:00,接触不良
2026-03-01,EQ-0264,隔离开关,天津滨海220kV变电站,0.5269,0.6462,6.9,,,,,,,0,2026-03-12 09:45:00,接触不良
2025-12-01,EQ-0118,隔离开关,张江110kV变电站,0.7198,0.9525,6.1,,,,,,,-3,2026-03-17 09:27:00,接触不良
2026-01-01,EQ-0118,隔离开关,张江110kV变电站,0.6936,0.8554,7.2,,,,,,,-2,2026-03-17 09:27:00,接触不良
2026-02-01,EQ-0118,隔离开关,张江110kV变电站,0.6144,0.7489,7.3,,,,,,,-1,2026-03-17 09:27:00,接触不良
2026-03-01,EQ-0118,隔离开关,张江110kV变电站,0.5878,0.7579,16.1,,,,,,,0,2026-03-17 09:27:00,接触不良
2025-12-01,EQ-0290,电容器组,石家庄高新35kV变电站,0.6889,0.836,2.5,,,,0.00619,,,-3,2026-03-30 14:23:00,外力因素
2026-01-01,EQ-0290,电容器组,石家庄高新35kV变电站,0.6313,0.8454,1.5,,,,0.00312,,,-2,2026-03-30 14:23:00,外力因素
2026-02-01,EQ-0290,电容器组,石家庄高新35kV变电站,0.5708,0.7129,3.0,,,,0.00248,,,-1,2026-03-30 14:23:00,外力因素
2026-03-01,EQ-0290,电容器组,石家庄高新35kV变电站,0.5474,0.7302,9.0,,,,0.00276,,,0,2026-03-30 14:23:00,外力因素
2026-01-01,EQ-0026,电容器组,龙华220kV变电站,0.756,0.9107,11.2,,,,0.00406,,,-3,2026-04-07 03:04:00,接线故障
2026-02-01,EQ-0026,电容器组,龙华220kV变电站,0.6376,0.8523,12.4,,,,0.00378,,,-2,2026-04-07 03:04:00,接线故障
2026-03-01,EQ-0026,电容器组,龙华220kV变电站,0.583,0.7242,14.0,,,,0.00504,,,-1,2026-04-07 03:04:00,接线故障
2026-04-01,EQ-0026,电容器组,龙华220kV变电站,0.5629,0.7218,21.2,,,,0.00446,,,0,2026-04-07 03:04:00,接线故障
2026-01-01,EQ-0052,隔离开关,松山湖220kV变电站,0.6416,0.8099,9.9,,,,,,,-3,2026-04-11 17:00:00,机械故障
2026-02-01,EQ-0052,隔离开关,松山湖220kV变电站,0.5497,0.6404,11.9,,,,,,,-2,2026-04-11 17:00:00,机械故障
2026-03-01,EQ-0052,隔离开关,松山湖220kV变电站,0.5081,0.586,17.2,,,,,,,-1,2026-04-11 17:00:00,机械故障
2026-04-01,EQ-0052,隔离开关,松山湖220kV变电站,0.5479,0.6676,26.0,,,,,,,0,2026-04-11 17:00:00,机械故障
2026-01-01,EQ-0139,隔离开关,临港110kV变电站,0.633,0.7728,1.7,,,,,,,-3,2026-04-13 21:23:00,接触不良
2026-02-01,EQ-0139,隔离开关,临港110kV变电站,0.5562,0.7205,6.9,,,,,,,-2,2026-04-13 21:23:00,接触不良
2026-03-01,EQ-0139,隔离开关,临港110kV变电站,0.4855,0.6061,12.0,,,,,,,-1,2026-04-13 21:23:00,接触不良
2026-04-01,EQ-0139,隔离开关,临港110kV变电站,0.5202,0.6952,21.8,,,,,,,0,2026-04-13 21:23:00,接触不良
2026-01-01,EQ-0422,避雷器,沈阳浑南110kV变电站,0.6468,0.7937,0.0,,,,,,,-3,2026-04-13 22:58:00,瓷套破裂
2026-02-01,EQ-0422,避雷器,沈阳浑南110kV变电站,0.5879,0.7469,-0.6,,,,,,,-2,2026-04-13 22:58:00,瓷套破裂
2026-03-01,EQ-0422,避雷器,沈阳浑南110kV变电站,0.5348,0.63,5.2,,,,,,,-1,2026-04-13 22:58:00,瓷套破裂
2026-04-01,EQ-0422,避雷器,沈阳浑南110kV变电站,0.5918,0.7711,6.8,,,,,,,0,2026-04-13 22:58:00,瓷套破裂
2026-01-01,EQ-0121,电容器组,张江110kV变电站,0.7129,0.9139,6.7,,,,0.00429,,,-3,2026-04-22 11:41:00,鼓肚渗油
2026-02-01,EQ-0121,电容器组,张江110kV变电站,0.6134,0.7447,4.7,,,,0.00716,,,-2,2026-04-22 11:41:00,鼓肚渗油
2026-03-01,EQ-0121,电容器组,张江110kV变电站,0.5364,0.6846,11.2,,,,0.00304,,,-1,2026-04-22 11:41:00,鼓肚渗油
2026-04-01,EQ-0121,电容器组,张江110kV变电站,0.588,0.7121,21.1,,,,0.00296,,,0,2026-04-22 11:41:00,鼓肚渗油
2026-01-01,EQ-0399,断路器,成都高新35kV变电站,0.6783,0.8722,2.9,,,6988.0,,,0.471,-3,2026-04-22 23:04:00,机械故障
2026-02-01,EQ-0399,断路器,成都高新35kV变电站,0.597,0.7852,3.5,,,10662.0,,,0.514,-2,2026-04-22 23:04:00,机械故障
2026-03-01,EQ-0399,断路器,成都高新35kV变电站,0.6142,0.7922,11.1,,,9018.0,,,0.514,-1,2026-04-22 23:04:00,机械故障
2026-04-01,EQ-0399,断路器,成都高新35kV变电站,0.5936,0.7586,15.2,,,11005.0,,,0.44,0,2026-04-22 23:04:00,机械故障
2026-01-01,EQ-0127,GIS组合电器,张江110kV变电站,0.5953,0.6974,1.8,41.0,60.2,11182.0,,2.6,0.485,-3,2026-04-26 23:33:00,外力因素
2026-02-01,EQ-0127,GIS组合电器,张江110kV变电站,0.5994,0.7867,7.5,46.9,62.5,6754.0,,8.2,0.489,-2,2026-04-26 23:33:00,外力因素
2026-03-01,EQ-0127,GIS组合电器,张江110kV变电站,0.4808,0.5941,15.3,50.7,64.2,11038.0,,10.1,0.5,-1,2026-04-26 23:33:00,外力因素
2026-04-01,EQ-0127,GIS组合电器,张江110kV变电站,0.5246,0.7023,19.7,55.4,75.9,8607.0,,8.9,0.459,0,2026-04-26 23:33:00,外力因素
2026-02-01,EQ-0330,断路器,长沙星沙110kV变电站,0.5794,0.7333,3.8,,,12737.0,,,0.499,-3,2026-05-05 03:33:00,拒动/误动
2026-03-01,EQ-0330,断路器,长沙星沙110kV变电站,0.5264,0.6721,10.6,,,10542.0,,,0.498,-2,2026-05-05 03:33:00,拒动/误动
2026-04-01,EQ-0330,断路器,长沙星沙110kV变电站,0.4915,0.639,16.4,,,12578.0,,,0.512,-1,2026-05-05 03:33:00,拒动/误动
2026-05-01,EQ-0330,断路器,长沙星沙110kV变电站,0.6237,0.7591,26.3,,,12712.0,,,0.526,0,2026-05-05 03:33:00,拒动/误动
2026-02-01,EQ-0176,避雷器,苏州工业园220kV变电站,0.5426,0.6851,7.6,,,,,,,-3,2026-05-09 07:45:00,阀片劣化
2026-03-01,EQ-0176,避雷器,苏州工业园220kV变电站,0.5382,0.6678,12.0,,,,,,,-2,2026-05-09 07:45:00,阀片劣化
2026-04-01,EQ-0176,避雷器,苏州工业园220kV变电站,0.5928,0.7891,17.7,,,,,,,-1,2026-05-09 07:45:00,阀片劣化
2026-05-01,EQ-0176,避雷器,苏州工业园220kV变电站,0.6666,0.7961,26.2,,,,,,,0,2026-05-09 07:45:00,阀片劣化
2026-02-01,EQ-0303,隔离开关,武昌110kV变电站,0.5369,0.6522,7.3,,,,,,,-3,2026-05-22 12:06:00,接触不良
2026-03-01,EQ-0303,隔离开关,武昌110kV变电站,0.5127,0.6725,9.0,,,,,,,-2,2026-05-22 12:06:00,接触不良
2026-04-01,EQ-0303,隔离开关,武昌110kV变电站,0.521,0.6089,18.0,,,,,,,-1,2026-05-22 12:06:00,接触不良
2026-05-01,EQ-0303,隔离开关,武昌110kV变电站,0.57,0.7363,21.9,,,,,,,0,2026-05-22 12:06:00,接触不良
2026-02-01,EQ-0232,避雷器,亦庄110kV变电站,0.5348,0.7018,1.9,,,,,,,-3,2026-05-25 08:20:00,瓷套破裂
2026-03-01,EQ-0232,避雷器,亦庄110kV变电站,0.5112,0.6715,9.0,,,,,,,-2,2026-05-25 08:20:00,瓷套破裂
2026-04-01,EQ-0232,避雷器,亦庄110kV变电站,0.5643,0.6511,14.9,,,,,,,-1,2026-05-25 08:20:00,瓷套破裂
2026-05-01,EQ-0232,避雷器,亦庄110kV变电站,0.627,0.8052,19.1,,,,,,,0,2026-05-25 08:20:00,瓷套破裂
2026-02-01,EQ-0300,断路器,武昌110kV变电站,0.5799,0.6865,3.1,,,10160.0,,,0.468,-3,2026-05-31 00:33:00,绝缘故障
2026-03-01,EQ-0300,断路器,武昌110kV变电站,0.564,0.7348,8.1,,,10768.0,,,0.45,-2,2026-05-31 00:33:00,绝缘故障
2026-04-01,EQ-0300,断路器,武昌110kV变电站,0.5656,0.7092,14.7,,,10279.0,,,0.503,-1,2026-05-31 00:33:00,绝缘故障
2026-05-01,EQ-0300,断路器,武昌110kV变电站,0.6213,0.7556,23.6,,,8957.0,,,0.471,0,2026-05-31 00:33:00,绝缘故障
