设备编号,设备名称,设备类型,电压等级,所属变电站,所属区域,制造商,投运日期,设计寿命（年）,已运行年限,额定参数,运行状态,年龄风险原始,故障次数,累计修复时间,严重故障次数,严重故障占比,故障风险原始,MTTR(h),MTBF(h),设备可用率,平均巡检评分,巡检次数,缺陷次数,缺陷率,检修次数,平均延期天数,延期次数,延期率,平均负荷率,最大负荷率,平均油温,绝缘电阻,故障风险得分,可靠性得分,运行状态得分,巡检状态得分,检修状态得分,基础风险得分,健康评分,健康等级
EQ-0088,前海110kV_电力变压器_02,电力变压器,220kV,前海110kV变电站,华南,西门子,2021-07-23,30,5,rated_capacity_mva=36.4; rated_current_a=103.2,正常运行,0.16666666666666666,1.0,12.0,0.0,,1.0,8.7,29504.75,0.9995934959349594,86.3425,80,10,0.125,10,1.6,1,0.1,0.5297804878048781,0.6599414634146341,60.78536585365853,11168.487804878048,100.0,96.78870235099855,70.60257514864855,74.42125,82.0,97.3753280839895,87.57897580832838,优
EQ-0348,武侯110kV_电力变压器_03,电力变压器,35kV,武侯110kV变电站,西南,保变电气,2015-07-07,30,11,rated_capacity_mva=107.9; rated_current_a=377.1,检修停运,0.36666666666666664,1.0,12.0,0.0,,1.0,8.7,29504.75,0.9995934959349594,87.9025,40,3,0.075,10,0.0,0,0.0,0.5268756097560976,0.6642829268292684,57.50975609756098,9397.073170731708,100.0,96.78870235099855,63.01726406714488,82.70125,100.0,75.32808398950132,86.89918918257882,优
EQ-0145,临港110kV_避雷器_03,避雷器,110kV,临港110kV变电站,华东,河南久盛,2020-05-17,20,6,rated_voltage_kv=95.4,正常运行,0.3,1.0,12.0,0.0,,1.0,8.7,29504.75,0.9995934959349594,86.89,40,2,0.05,10,0.0,0,0.0,0.536990243902439,0.6730658536585366,58.81707317073171,9012.036585365855,100.0,96.78870235099855,56.563332580459594,85.945,100.0,82.67716535433071,86.8298735217247,优
EQ-0140,临港110kV_隔离开关_04,隔离开关,110kV,临港110kV变电站,华东,新东北电气,2013-05-17,30,13,rated_current_a=1551.9,正常运行,0.43333333333333335,1.0,12.0,0.0,,1.0,8.7,29504.75,0.9995934959349594,86.42894736842106,38,0,0.0,10,0.0,0,0.0,0.5396219512195122,0.6729487804878049,58.81707317073171,9012.036585365855,100.0,96.78870235099855,56.291697444858976,93.21447368421053,100.0,67.97900262467192,86.3961512742703,优
EQ-0138,临港110kV_隔离开关_02,隔离开关,110kV,临港110kV变电站,华东,长征电气,2015-05-28,30,11,rated_current_a=1059.3,正常运行,0.36666666666666664,1.0,1.9,0.0,0.0,1.0,1.9,29518.1,0.9999356368563685,88.21351351351352,37,1,0.02702702702702703,9,0.0,0,0.0,0.5585243902439024,0.6994780487804878,58.81707317073171,9012.036585365855,100.0,99.66218320761544,51.93331808508487,90.0527027027027,100.0,75.32808398950132,86.35981406289561,优
EQ-0406,成都高新35kV_避雷器_02,避雷器,35kV,成都高新35kV变电站,西南,河南久盛,2018-04-26,20,8,rated_voltage_kv=104.9,正常运行,0.4,1.0,12.0,0.0,,1.0,8.7,29504.75,0.9995934959349594,87.77073170731707,41,4,0.0975609756097561,10,0.0,0,0.0,0.5121463414634146,0.6324170731707317,58.81707317073171,9012.036585365855,100.0,96.78870235099855,62.800095509374195,79.25121951219512,100.0,71.65354330708661,85.9707968296125,优
EQ-0347,武侯110kV_电力变压器_02,电力变压器,110kV,武侯110kV变电站,西南,保变电气,2014-10-05,30,12,rated_capacity_mva=40.5; rated_current_a=210.7,正常运行,0.4,1.0,2.4,0.0,0.0,1.0,2.4,29517.6,0.9999186991869918,86.43076923076923,39,5,0.1282051282051282,11,0.6363636363636364,1,0.09090909090909091,0.5035390243902439,0.6267975609756097,55.517073170731706,9247.780487804877,100.0,99.45182402222154,70.70108591631862,73.98461538461538,83.63636363636364,71.65354330708661,85.65726498974537,优
EQ-0395,成都高新35kV_电力变压器_01,电力变压器,220kV,成都高新35kV变电站,西南,西门子,2015-09-19,30,11,rated_capacity_mva=47.4; rated_current_a=610.0,正常运行,0.36666666666666664,1.0,12.0,0.0,,1.0,8.7,29504.75,0.9995934959349594,87.5525641025641,78,6,0.07692307692307693,10,2.1,1,0.1,0.5273609756097561,0.6607219512195122,55.926829268292686,9321.487804878048,100.0,96.78870235099855,65.0764699171605,82.23782051282052,82.0,75.32808398950132,85.44151592950503,优
EQ-0403,成都高新35kV_电容器组_01,电容器组,10kV,成都高新35kV变电站,西南,西门子,2013-06-10,20,13,rated_capacity_mvar=22.5,正常运行,0.65,1.0,7.4,0.0,0.0,1.0,7.4,29512.6,0.9997493224932249,86.98205128205129,39,1,0.02564102564102564,9,0.0,0,0.0,0.49869024390243905,0.6192951219512195,58.81707317073171,9012.036585365855,100.0,97.34823216828244,65.3957742919595,89.64487179487179,100.0,44.094488188976385,85.40498088017681,优
EQ-0130,临港110kV_电力变压器_02,电力变压器,110kV,临港110kV变电站,华东,保变电气,2018-02-15,30,8,rated_capacity_mva=229.1; rated_current_a=127.8,正常运行,0.26666666666666666,1.0,9.1,0.0,0.0,1.0,9.1,29510.9,0.9996917344173443,87.46000000000001,40,4,0.1,10,2.1,1,0.1,0.5489926829268293,0.6895902439024391,57.6219512195122,9894.609756097561,100.0,96.63301093794314,61.718553998588504,78.73,82.0,86.35170603674541,85.31498359098087,优
EQ-0297,武昌110kV_电力变压器_03,电力变压器,110kV,武昌110kV变电站,华中,特变电工,2015-09-01,30,11,rated_capacity_mva=41.7; rated_current_a=161.8,正常运行,0.36666666666666664,1.0,12.0,0.0,,1.0,8.7,29504.75,0.9995934959349594,86.66499999999999,40,3,0.075,10,4.5,2,0.2,0.49978048780487805,0.6262634146341464,54.580487804878054,9379.170731707318,100.0,96.78870235099855,73.43974029851235,82.0825,64.0,75.32808398950132,85.29087192885233,优
EQ-0101,前海110kV_避雷器_01,避雷器,35kV,前海110kV变电站,华南,河南久盛,2020-03-02,20,6,rated_voltage_kv=182.1,检修停运,0.3,1.0,12.0,0.0,,1.0,8.7,29504.75,0.9995934959349594,87.36052631578947,38,3,0.07894736842105263,9,1.3333333333333333,1,0.1111111111111111,0.5156609756097561,0.643809756097561,58.81707317073171,9012.036585365855,100.0,96.78870235099855,61.421533836115294,81.83815789473684,80.0,82.67716535433071,85.18548745706636,优
EQ-0392,重庆两江220kV_GIS组合电器_01,GIS组合电器,220kV,重庆两江220kV变电站,西南,平高电气,2014-04-11,35,12,rated_current_a=2702.1; sf6_pressure_mpa=0.5,正常运行,0.34285714285714286,1.0,7.9,0.0,0.0,1.0,7.9,29512.1,0.9997323848238482,85.74512195121952,82,8,0.0975609756097561,9,1.3333333333333333,1,0.1111111111111111,0.518348780487805,0.654690243902439,55.802439024390246,9230.878048780487,100.0,97.13787298288854,66.12471080462466,78.23841463414634,80.0,77.95275590551181,85.18355454317579,优
EQ-0356,武侯110kV_隔离开关_03,隔离开关,110kV,武侯110kV变电站,西南,长征电气,2017-09-06,30,9,rated_current_a=2456.3,正常运行,0.3,1.0,12.0,0.0,,1.0,8.7,29504.75,0.9995934959349594,87.57027027027027,37,1,0.02702702702702703,9,2.2222222222222223,1,0.1111111111111111,0.5482219512195122,0.6855073170731707,58.81707317073171,9012.036585365855,100.0,96.78870235099855,54.26580283858642,89.73108108108107,80.0,82.67716535433071,84.93827973551222,良
EQ-0147,临港110kV_GIS组合电器_01,GIS组合电器,110kV,临港110kV变电站,华东,新东北电气,2016-11-23,35,10,rated_current_a=3492.3; sf6_pressure_mpa=0.6,正常运行,0.2857142857142857,1.0,12.0,0.0,,1.0,8.7,29504.75,0.9995934959349594,88.2439024390244,41,6,0.14634146341463414,11,3.5454545454545454,2,0.18181818181818182,0.5052585365853658,0.6352463414634146,56.19024390243903,9730.853658536585,100.0,96.78870235099855,72.14617204109422,72.17073170731707,67.27272727272728,84.25196850393701,84.76505421218256,良
EQ-0066,松山湖220kV_GIS组合电器_02,GIS组合电器,220kV,松山湖220kV变电站,华南,ABB,2016-02-28,35,10,rated_current_a=2946.0; sf6_pressure_mpa=0.5,正常运行,0.2857142857142857,1.0,12.0,0.0,,1.0,8.7,29504.75,0.9995934959349594,86.60249999999999,80,3,0.0375,11,3.6363636363636362,3,0.2727272727272727,0.4922682926829268,0.6108292682926829,59.69512195121951,9464.487804878048,100.0,96.78870235099855,68.68696710863945,87.67625,50.909090909090914,84.25196850393701,84.7626773332304,良
EQ-0053,松山湖220kV_隔离开关_03,隔离开关,220kV,松山湖220kV变电站,华南,新东北电气,2016-09-19,30,10,rated_current_a=2495.9,正常运行,0.3333333333333333,1.0,12.0,0.0,,1.0,8.7,29504.75,0.9995934959349594,86.66913580246913,81,6,0.07407407407407407,9,1.6666666666666667,1,0.1111111111111111,0.5284414634146342,0.6575146341463415,58.81707317073171,9012.036585365855,100.0,96.78870235099855,58.8469612121551,82.22345679012345,80.0,79.00262467191601,84.36091369834085,良
EQ-0134,临港110kV_断路器_03,断路器,220kV,临港110kV变电站,华东,平高电气,2015-02-14,25,11,rated_current_a=2431.3; breaking_capacity_ka=46.5,正常运行,0.44,1.0,12.0,0.0,,1.0,8.7,29504.75,0.9995934959349594,87.84556962025317,79,3,0.0379746835443038,10,1.8,1,0.1,0.5369658536585366,0.6720682926829268,58.81707317073171,9339.780487804877,100.0,96.78870235099855,58.933747892979504,88.22658227848102,82.0,67.24409448818898,84.30288683938667,良
EQ-0327,长沙星沙110kV_电力变压器_01,电力变压器,110kV,长沙星沙110kV变电站,华中,西门子,2015-06-12,30,11,rated_capacity_mva=229.4; rated_current_a=365.9,正常运行,0.36666666666666664,1.0,12.0,0.0,,1.0,8.7,29504.75,0.9995934959349594,88.33,40,3,0.075,9,3.7777777777777777,2,0.2222222222222222,0.5276512195121952,0.6582243902439024,54.699999999999996,9708.439024390244,100.0,96.78870235099855,69.75806684741269,82.91499999999999,60.0,75.32808398950132,84.27941223863239,良
EQ-0183,杭州滨江110kV_电力变压器_02,电力变压器,110kV,杭州滨江110kV变电站,华东,保变电气,2016-08-12,30,10,rated_capacity_mva=202.1; rated_current_a=527.5,检修停运,0.3333333333333333,1.0,12.0,0.0,,1.0,8.7,29504.75,0.9995934959349594,87.30263157894737,38,3,0.07894736842105263,10,3.4,2,0.2,0.5166536585365854,0.6454707317073171,56.275609756097566,9225.512195121952,100.0,96.78870235099855,66.38523610468528,81.8092105263158,64.0,79.00262467191601,84.20643173727574,良
EQ-0353,武侯110kV_断路器_05,断路器,110kV,武侯110kV变电站,西南,西门子,2018-12-24,25,8,rated_current_a=3197.0; breaking_capacity_ka=58.1,正常运行,0.32,1.0,12.0,0.0,,1.0,8.7,29504.75,0.9995934959349594,88.04594594594595,37,1,0.02702702702702703,10,1.7,1,0.1,0.6316951219512195,0.7822292682926828,58.81707317073171,10945.829268292682,100.0,96.78870235099855,50.269319428249574,89.96891891891892,82.0,80.4724409448819,84.15418628817567,良
EQ-0325,江夏35kV_避雷器_02,避雷器,110kV,江夏35kV变电站,华中,浙江金利华,2012-09-21,20,14,rated_voltage_kv=131.7,正常运行,0.7,1.0,10.3,0.0,0.0,1.0,10.3,29509.7,0.9996510840108401,86.75757575757575,33,2,0.06060606060606061,10,0.0,0,0.0,0.49010243902439027,0.6150292682926829,58.81707317073171,9012.036585365855,100.0,96.12814889299777,66.69098036179076,84.28787878787878,100.0,38.58267716535434,84.06527538567497,良
EQ-0310,武昌110kV_避雷器_02,避雷器,110kV,武昌110kV变电站,华中,河南久盛,2015-11-10,20,11,rated_voltage_kv=147.2,正常运行,0.55,1.0,1.8,0.0,0.0,1.0,1.8,29518.2,0.999939024390244,87.38947368421053,38,3,0.07894736842105263,10,3.0,1,0.1,0.49926585365853654,0.6216731707317074,58.81707317073171,9012.036585365855,100.0,99.70425504469425,65.12494872889043,81.85263157894738,82.0,55.118110236220474,83.9555465151811,良
EQ-0161,苏州工业园220kV_断路器_09,断路器,35kV,苏州工业园220kV变电站,华东,河南森源,2013-02-15,25,13,rated_current_a=3890.1; breaking_capacity_ka=36.3,正常运行,0.52,1.0,1.6,0.0,0.0,1.0,1.6,29518.4,0.9999457994579947,86.12439024390244,41,6,0.14634146341463414,9,0.0,0,0.0,0.5069585365853658,0.6333536585365854,58.81707317073171,8650.878048780487,100.0,99.7883987188518,60.76096051368361,71.1109756097561,100.0,58.425196850393704,83.61903787300986,良
EQ-0097,前海110kV_隔离开关_03,隔离开关,110kV,前海110kV变电站,华南,新东北电气,2021-01-28,30,5,rated_current_a=2714.0,正常运行,0.16666666666666666,1.0,12.0,0.0,,1.0,8.7,29504.75,0.9995934959349594,87.285,40,5,0.125,10,0.0,0,0.0,0.6074365853658537,0.7601146341463415,58.81707317073171,9012.036585365855,100.0,96.78870235099855,41.36011657207329,74.8925,100.0,97.3753280839895,83.60117159301333,良
EQ-0131,临港110kV_电力变压器_03,电力变压器,110kV,临港110kV变电站,华东,特变电工,2016-09-13,30,10,rated_capacity_mva=86.4; rated_current_a=256.6,正常运行,0.3333333333333333,1.0,1.1,0.0,0.0,1.0,1.1,29518.9,0.9999627371273713,85.03947368421052,38,5,0.13157894736842105,9,3.4444444444444446,3,0.3333333333333333,0.4944365853658536,0.6160926829268293,54.52926829268292,9766.487804878048,100.0,99.99875790424569,77.6764895758943,72.78289473684211,40.0,79.00262467191601,83.35274617374591,良
EQ-0011,龙华220kV_断路器_06,断路器,220kV,龙华220kV变电站,华南,沈阳高开,2013-02-15,25,13,rated_current_a=1776.5; breaking_capacity_ka=44.0,正常运行,0.52,1.0,2.9,0.0,0.0,1.0,2.9,29517.1,0.9999017615176151,86.32278481012658,79,14,0.17721518987341772,10,0.0,0,0.0,0.5071463414634146,0.6346121951219512,58.81707317073171,9030.341463414634,100.0,99.24146483682762,63.27001312735814,66.57911392405063,100.0,58.425196850393704,83.3316823664841,良
EQ-0331,长沙星沙110kV_断路器_02,断路器,220kV,长沙星沙110kV变电站,华中,ABB,2015-04-09,25,11,rated_current_a=1794.7; breaking_capacity_ka=58.0,正常运行,0.44,1.0,12.0,0.0,,1.0,8.7,29504.75,0.9995934959349594,87.36923076923077,78,13,0.16666666666666666,9,0.0,0,0.0,0.5419414634146341,0.6756829268292682,58.81707317073171,9455.365853658537,100.0,96.78870235099855,58.886899734396856,68.68461538461538,100.0,67.24409448818898,83.1622221735903,良
EQ-0197,杭州滨江110kV_避雷器_02,避雷器,35kV,杭州滨江110kV变电站,华东,ABB,2015-06-12,20,11,rated_voltage_kv=67.4,检修停运,0.55,1.0,12.0,0.0,,1.0,8.7,29504.75,0.9995934959349594,88.77560975609757,41,5,0.12195121951219512,10,0.0,0,0.0,0.5246195121951219,0.6638000000000001,58.81707317073171,9012.036585365855,100.0,96.78870235099855,58.70357448512659,76.09512195121951,100.0,55.118110236220474,83.02453468353,良
EQ-0319,江夏35kV_隔离开关_01,隔离开关,35kV,江夏35kV变电站,华中,新东北电气,2011-10-23,30,15,rated_current_a=1100.3,正常运行,0.5,1.0,12.0,0.0,,1.0,8.7,29504.75,0.9995934959349594,85.0575,40,5,0.125,9,0.0,0,0.0,0.5315926829268293,0.6682585365853659,58.81707317073171,9012.036585365855,100.0,96.78870235099855,57.564395223901734,73.77875,100.0,60.629921259842526,83.00042414096431,良
EQ-0252,天津滨海220kV_电力变压器_01,电力变压器,220kV,天津滨海220kV变电站,华北,ABB,2011-12-07,30,15,rated_capacity_mva=47.1; rated_current_a=511.5,正常运行,0.5,1.0,12.0,0.0,,1.0,8.7,29504.75,0.9995934959349594,87.89746835443037,79,9,0.11392405063291139,12,2.3333333333333335,2,0.16666666666666666,0.5209902439024391,0.6549463414634146,52.582926829268295,9048.463414634147,100.0,96.78870235099855,69.27661822563877,76.86012658227848,70.0,60.629921259842526,82.8050752286535,良
EQ-0407,成都高新35kV_避雷器_03,避雷器,35kV,成都高新35kV变电站,西南,浙江金利华,2013-10-15,20,13,rated_voltage_kv=113.6,正常运行,0.65,1.0,12.0,0.0,,1.0,8.7,29504.75,0.9995934959349594,89.38055555555555,36,2,0.05555555555555555,10,2.8,1,0.1,0.5087707317073171,0.6422707317073171,58.81707317073171,9012.036585365855,100.0,96.78870235099855,62.295043826597315,86.35694444444445,82.0,44.094488188976385,82.3797397210835,良
EQ-0062,松山湖220kV_避雷器_04,避雷器,220kV,松山湖220kV变电站,华南,西门子,2017-01-17,20,9,rated_voltage_kv=62.2,正常运行,0.45,1.0,12.0,0.0,,1.0,8.7,29504.75,0.9995934959349594,86.60864197530864,81,9,0.1111111111111111,10,1.0,1,0.1,0.5301926829268293,0.6639341463414634,58.81707317073171,9012.036585365855,100.0,96.78870235099855,58.09472719315121,76.63765432098765,82.0,66.14173228346456,82.28650728532456,良
EQ-0200,杭州滨江110kV_GIS组合电器_01,GIS组合电器,110kV,杭州滨江110kV变电站,华东,西门子,2011-02-25,35,15,rated_current_a=2588.6; sf6_pressure_mpa=0.5,正常运行,0.42857142857142855,1.0,6.5,0.0,0.0,1.0,6.5,29513.5,0.999779810298103,87.65128205128205,39,4,0.10256410256410256,11,5.181818181818182,3,0.2727272727272727,0.49048536585365854,0.6178439024390244,55.926829268292686,8921.487804878048,100.0,97.7268787019915,70.01551706371988,78.44102564102565,50.909090909090914,68.50393700787401,82.25593579099262,良
EQ-0334,长沙星沙110kV_断路器_05,断路器,110kV,长沙星沙110kV变电站,华中,ABB,2018-09-09,25,8,rated_current_a=3327.1; breaking_capacity_ka=37.7,正常运行,0.32,1.0,11.9,0.0,0.0,1.0,11.9,29508.1,0.9995968834688347,85.10526315789474,38,3,0.07894736842105263,10,1.0,2,0.2,0.5557878048780488,0.7022439024390245,58.81707317073171,9807.878048780487,100.0,95.45499949973726,57.51975756420727,80.71052631578948,64.0,80.4724409448819,82.14877445464552,良
EQ-0355,武侯110kV_隔离开关_02,隔离开关,110kV,武侯110kV变电站,西南,河南森源,2011-08-08,30,15,rated_current_a=2076.8,正常运行,0.5,1.0,12.0,0.0,,1.0,8.7,29504.75,0.9995934959349594,86.7945945945946,37,4,0.10810810810810811,9,0.0,0,0.0,0.5686560975609757,0.7008121951219513,58.81707317073171,9012.036585365855,100.0,96.78870235099855,50.73057323906002,77.18108108108109,100.0,60.629921259842526,82.14400940615813,良
EQ-0218,亦庄110kV_断路器_01,断路器,110kV,亦庄110kV变电站,华北,沈阳高开,2016-06-19,25,10,rated_current_a=1510.6; breaking_capacity_ka=56.8,正常运行,0.4,1.0,12.0,0.0,,1.0,8.7,29504.75,0.9995934959349594,87.51,40,2,0.05,9,0.0,0,0.0,0.6453951219512195,0.8029414634146341,58.81707317073171,9701.585365853658,100.0,96.78870235099855,38.32390617994265,86.255,100.0,71.65354330708661,82.1261260368969,良
EQ-0284,石家庄高新35kV_断路器_01,断路器,35kV,石家庄高新35kV变电站,华北,ABB,2012-07-27,25,14,rated_current_a=1731.7; breaking_capacity_ka=32.2,检修停运,0.56,1.0,1.2,0.0,0.0,1.0,1.2,29518.8,0.9999593495934959,88.34,40,4,0.1,10,1.3,1,0.1,0.5394585365853658,0.6678487804878048,58.81707317073171,9196.829268292682,100.0,99.95668606716693,58.04334709051305,79.17,82.0,54.01574803149607,82.0770814346856,良
EQ-0368,重庆两江220kV_电力变压器_04,电力变压器,35kV,重庆两江220kV变电站,西南,西电集团,2016-01-01,30,10,rated_capacity_mva=219.5; rated_current_a=377.8,检修停运,0.3333333333333333,1.0,12.0,0.0,,1.0,8.7,29504.75,0.9995934959349594,86.08421052631579,38,3,0.07894736842105263,11,0.0,0,0.0,0.6283756097560976,0.7865121951219513,59.80975609756097,9416.317073170732,100.0,96.78870235099855,38.15034009558313,81.2,100.0,79.00262467191601,82.06807095650794,良
EQ-0364,武侯110kV_GIS组合电器_01,GIS组合电器,110kV,武侯110kV变电站,西南,西门子,2016-07-15,35,10,rated_current_a=3958.6; sf6_pressure_mpa=0.5,正常运行,0.2857142857142857,1.0,5.6,0.0,0.0,1.0,5.6,29514.4,0.999810298102981,87.09210526315789,38,5,0.13157894736842105,10,5.9,4,0.4,0.49336829268292687,0.6193682926829269,55.3780487804878,9639.878048780487,100.0,98.10552523570054,75.37596365662726,73.80921052631578,28.0,84.25196850393701,81.99287620780663,良
EQ-0137,临港110kV_隔离开关_01,隔离开关,110kV,临港110kV变电站,华东,河南森源,2017-02-24,30,9,rated_current_a=2198.9,带病运行,0.3,1.0,12.0,0.0,,1.0,8.7,29504.75,0.9995934959349594,87.5875,40,4,0.1,9,4.444444444444445,2,0.2222222222222222,0.5335,0.6695560975609756,58.81707317073171,9012.036585365855,100.0,96.78870235099855,57.245939321443636,78.79375,60.0,82.67716535433071,81.89370736992151,良
EQ-0243,通州35kV_断路器_04,断路器,35kV,通州35kV变电站,华北,ABB,2012-08-14,25,14,rated_current_a=1981.8; breaking_capacity_ka=33.6,正常运行,0.56,1.0,12.1,0.0,0.0,1.0,12.1,29507.9,0.9995901084010841,88.7175,40,3,0.075,12,1.0833333333333333,1,0.08333333333333333,0.5192853658536586,0.6493853658536586,58.81707317073171,8531.90243902439,100.0,95.37085582557968,57.20263753060561,83.10875,85.0,54.01574803149607,81.88258597438667,良
EQ-0279,天津滨海220kV_GIS组合电器_01,GIS组合电器,220kV,天津滨海220kV变电站,华北,ABB,2014-12-13,35,12,rated_current_a=2099.2; sf6_pressure_mpa=0.6,带病运行,0.34285714285714286,1.0,12.0,0.0,,1.0,8.7,29504.75,0.9995934959349594,87.79480519480519,77,4,0.05194805194805195,11,0.8181818181818182,2,0.18181818181818182,0.606248780487805,0.7492390243902439,55.05853658536586,9344.268292682927,100.0,96.78870235099855,50.27297105849463,86.1051948051948,67.27272727272728,77.95275590551181,81.85066222050177,良
EQ-0175,苏州工业园220kV_避雷器_04,避雷器,220kV,苏州工业园220kV变电站,华东,西门子,2013-01-21,20,13,rated_voltage_kv=80.5,正常运行,0.65,1.0,12.0,0.0,,1.0,8.7,29504.75,0.9995934959349594,87.06075949367089,79,11,0.13924050632911392,9,0.0,0,0.0,0.5168195121951219,0.6494878048780488,58.81707317073171,9012.036585365855,100.0,96.78870235099855,60.7980087130255,72.64430379746835,100.0,44.094488188976385,81.82343660132271,良
EQ-0257,天津滨海220kV_断路器_02,断路器,220kV,天津滨海220kV变电站,华北,沈阳高开,2014-02-18,25,12,rated_current_a=3453.7; breaking_capacity_ka=61.5,正常运行,0.48,1.0,12.0,0.0,,1.0,8.7,29504.75,0.9995934959349594,86.75802469135802,81,6,0.07407407407407407,12,2.1666666666666665,1,0.08333333333333333,0.5625609756097562,0.7082878048780488,58.81707317073171,9101.09756097561,100.0,96.78870235099855,51.34560433933923,82.26790123456789,85.0,62.83464566929135,81.75051109018189,良
EQ-0235,亦庄110kV_避雷器_05,避雷器,110kV,亦庄110kV变电站,华北,中国西电,2012-02-18,20,14,rated_voltage_kv=204.3,正常运行,0.7,1.0,12.0,0.0,,1.0,8.7,29504.75,0.9995934959349594,86.50263157894737,38,4,0.10526315789473684,10,0.0,0,0.0,0.5209487804878049,0.6608853658536585,58.81707317073171,9012.036585365855,100.0,96.78870235099855,59.35317282169502,77.46184210526316,100.0,38.58267716535434,81.70591906686363,良
EQ-0055,松山湖220kV_隔离开关_05,隔离开关,220kV,松山湖220kV变电站,华南,河南森源,2015-02-05,30,11,rated_current_a=1034.4,正常运行,0.36666666666666664,1.0,12.0,0.0,,1.0,8.7,29504.75,0.9995934959349594,87.28607594936709,79,15,0.189873417721519,10,0.0,0,0.0,0.5692390243902439,0.7107487804878049,58.81707317073171,9012.036585365855,100.0,96.78870235099855,49.79415348716892,65.1620253164557,100.0,75.32808398950132,81.62368336405198,良
EQ-0410,沈阳浑南110kV_电力变压器_03,电力变压器,35kV,沈阳浑南110kV变电站,东北,西电集团,2010-11-17,30,16,rated_capacity_mva=153.0; rated_current_a=365.0,正常运行,0.5333333333333333,1.0,2.7,0.0,0.0,1.0,2.7,29517.3,0.9999085365853658,87.69024390243902,41,2,0.04878048780487805,9,5.333333333333333,2,0.2222222222222222,0.5581999999999999,0.6966365853658537,50.01219512195122,8260.585365853658,100.0,99.3256085109852,59.9163597700737,86.52804878048781,60.0,56.955380577427825,81.52313903102774,良
EQ-0338,长沙星沙110kV_隔离开关_04,隔离开关,35kV,长沙星沙110kV变电站,华中,新东北电气,2016-10-10,30,10,rated_current_a=2721.4,带病运行,0.3333333333333333,1.0,12.0,0.0,,1.0,8.7,29504.75,0.9995934959349594,87.3923076923077,39,2,0.05128205128205128,9,4.555555555555555,2,0.2222222222222222,0.5596097560975609,0.7001731707317074,58.81707317073171,9012.036585365855,100.0,96.78870235099855,51.755904495907465,86.00384615384615,60.0,79.00262467191601,81.50976075964972,良
EQ-0359,武侯110kV_电容器组_02,电容器组,35kV,武侯110kV变电站,西南,思源电气,2016-12-10,20,10,rated_capacity_mvar=30.4,正常运行,0.5,1.0,7.9,0.0,0.0,1.0,7.9,29512.1,0.9997323848238482,87.405,40,4,0.1,10,1.7,1,0.1,0.5453439024390244,0.6829317073170732,58.81707317073171,9012.036585365855,100.0,97.13787298288854,54.800662953544766,78.7025,82.0,60.629921259842526,81.45607431327092,良
EQ-0043,松山湖220kV_断路器_01,断路器,220kV,松山湖220kV变电站,华南,河南森源,2017-01-09,25,9,rated_current_a=2957.0; breaking_capacity_ka=60.2,带病运行,0.36,2.0,22.8,0.0,0.0,2.0,11.4,14748.6,0.9992276422764228,89.07530864197531,81,5,0.06172839506172839,11,0.0,0,0.0,0.5161707317073171,0.6482121951219512,58.81707317073171,9684.341463414634,90.9090909090909,75.66530980702017,65.65682583838974,85.27839506172839,100.0,76.06299212598425,81.3897583282124,良
EQ-0146,临港110kV_避雷器_04,避雷器,110kV,临港110kV变电站,华东,河南久盛,2016-06-08,20,10,rated_voltage_kv=176.9,正常运行,0.5,1.0,13.0,0.0,0.0,1.0,13.0,29507.0,0.999559620596206,86.06829268292684,41,3,0.07317073170731707,11,2.272727272727273,2,0.18181818181818182,0.5116878048780488,0.648590243902439,58.81707317073171,9012.036585365855,100.0,94.99220929187065,61.42670850712859,82.05853658536586,67.27272727272728,60.629921259842526,81.38282890086172,良
EQ-0332,长沙星沙110kV_断路器_03,断路器,110kV,长沙星沙110kV变电站,华中,西门子,2014-08-13,25,12,rated_current_a=2796.6; breaking_capacity_ka=45.5,带病运行,0.48,1.0,10.8,0.0,0.0,1.0,10.8,29509.2,0.9996341463414634,88.7325,40,5,0.125,9,4.555555555555555,2,0.2222222222222222,0.4963317073170732,0.6188219512195122,58.81707317073171,9291.487804878048,100.0,95.91778970760386,67.6341572952351,75.61625000000001,60.0,62.83464566929135,81.33629146749693,良
EQ-0073,南沙110kV_断路器_03,断路器,110kV,南沙110kV变电站,华南,沈阳高开,2018-03-10,25,8,rated_current_a=2528.2; breaking_capacity_ka=42.5,正常运行,0.32,1.0,13.4,1.0,1.0,3.0,13.4,29506.6,0.9995460704607045,86.3948717948718,39,3,0.07692307692307693,10,0.0,0,0.0,0.5734731707317073,0.719129268292683,58.81707317073171,10266.609756097561,81.81818181818181,94.8239219435555,57.33131384471473,81.65897435897436,100.0,80.4724409448819,81.18168286053385,良
EQ-0390,重庆两江220kV_避雷器_05,避雷器,220kV,重庆两江220kV变电站,西南,ABB,2014-06-18,20,12,rated_voltage_kv=113.1,正常运行,0.6,1.0,12.0,0.0,,1.0,8.7,29504.75,0.9995934959349594,87.00126582278482,79,7,0.08860759493670886,9,2.6666666666666665,1,0.1111111111111111,0.524519512195122,0.6587999999999999,58.81707317073171,9012.036585365855,100.0,96.78870235099855,59.154061881956046,80.20949367088608,80.0,49.60629921259844,81.18060681848368,良
EQ-0105,前海110kV_GIS组合电器_01,GIS组合电器,110kV,前海110kV变电站,华南,新东北电气,2021-07-10,35,5,rated_current_a=2738.2; sf6_pressure_mpa=0.6,正常运行,0.14285714285714285,1.0,12.0,0.0,,1.0,8.7,29504.75,0.9995934959349594,85.61025641025641,39,7,0.1794871794871795,11,2.272727272727273,1,0.09090909090909091,0.6065243902439025,0.7553121951219512,63.78780487804878,10170.609756097561,100.0,96.78870235099855,42.64290988269463,65.88205128205128,83.63636363636364,100.0,81.1322665026827,良
EQ-0345,长沙星沙110kV_GIS组合电器_01,GIS组合电器,110kV,长沙星沙110kV变电站,华中,平高电气,2013-12-10,35,13,rated_current_a=2000.6; sf6_pressure_mpa=0.4,正常运行,0.37142857142857144,1.0,12.0,0.0,,1.0,8.7,29504.75,0.9995934959349594,86.77297297297297,37,4,0.10810810810810811,9,0.0,0,0.0,0.6275560975609756,0.7866707317073172,59.109756097560975,9307.487804878048,100.0,96.78870235099855,38.49472424056062,77.17027027027027,100.0,74.80314960629921,81.1125408194823,良
EQ-0304,武昌110kV_隔离开关_02,隔离开关,110kV,武昌110kV变电站,华中,河南森源,2016-09-06,30,10,rated_current_a=1289.9,正常运行,0.3333333333333333,1.0,12.0,0.0,,1.0,8.7,29504.75,0.9995934959349594,88.11842105263158,38,3,0.07894736842105263,9,2.5555555555555554,1,0.1111111111111111,0.6095219512195122,0.7572146341463415,58.81707317073171,9012.036585365855,100.0,96.78870235099855,41.39178252292899,82.21710526315789,80.0,79.00262467191601,80.86892523145079,良
EQ-0380,重庆两江220kV_隔离开关_04,隔离开关,220kV,重庆两江220kV变电站,西南,西门子,2015-03-20,30,11,rated_current_a=1658.8,正常运行,0.36666666666666664,1.0,6.3,0.0,0.0,1.0,6.3,29513.7,0.9997865853658536,88.46410256410256,78,5,0.0641025641025641,9,4.0,2,0.2222222222222222,0.5653756097560976,0.7090024390243902,58.81707317073171,9012.036585365855,100.0,97.81102237614904,50.36163669760469,84.61666666666667,60.0,75.32808398950132,80.85984021370088,良
EQ-0329,长沙星沙110kV_电力变压器_03,电力变压器,110kV,长沙星沙110kV变电站,华中,保变电气,2015-07-08,30,11,rated_capacity_mva=156.8; rated_current_a=82.8,正常运行,0.36666666666666664,1.0,3.0,0.0,0.0,1.0,3.0,29517.0,0.9998983739837398,86.05,38,6,0.15789473684210525,11,3.0,2,0.18181818181818182,0.565080487804878,0.7007585365853659,56.65609756097561,9354.80487804878,100.0,99.19939299974885,56.675372178777494,69.34078947368421,67.27272727272728,75.32808398950132,80.83615258298077,良
EQ-0018,龙华220kV_隔离开关_03,隔离开关,35kV,龙华220kV变电站,华南,西电集团,2007-05-05,30,19,rated_current_a=2829.6,正常运行,0.6333333333333333,1.0,12.0,0.0,,1.0,8.7,29504.75,0.9995934959349594,85.5,38,4,0.10526315789473684,10,3.0,1,0.1,0.5206341463414634,0.6525195121951219,58.81707317073171,9012.036585365855,100.0,96.78870235099855,60.12269708659337,76.96052631578948,82.0,45.93175853018373,80.7195346879052,良
EQ-0014,龙华220kV_断路器_09,断路器,220kV,龙华220kV变电站,华南,平高电气,2013-05-07,25,13,rated_current_a=1802.7; breaking_capacity_ka=60.3,正常运行,0.52,1.0,2.7,0.0,0.0,1.0,2.7,29517.3,0.9999085365853658,87.48589743589743,78,5,0.0641025641025641,11,4.181818181818182,2,0.18181818181818182,0.5665560975609756,0.7085658536585365,58.81707317073171,9299.146341463415,100.0,99.3256085109852,52.27094874879033,84.1275641025641,67.27272727272728,58.425196850393704,80.50823847965182,良
EQ-0378,重庆两江220kV_隔离开关_02,隔离开关,220kV,重庆两江220kV变电站,西南,西电集团,2011-04-09,30,15,rated_current_a=1844.1,正常运行,0.5,1.0,12.0,0.0,,1.0,8.7,29504.75,0.9995934959349594,87.0525641025641,78,14,0.1794871794871795,10,2.3,1,0.1,0.527590243902439,0.6594536585365854,58.81707317073171,9012.036585365855,100.0,96.78870235099855,58.76760485317738,66.60320512820513,82.0,60.629921259842526,80.36473433605022,良
EQ-0104,前海110kV_避雷器_04,避雷器,110kV,前海110kV变电站,华南,ABB,2015-05-05,20,11,rated_voltage_kv=126.6,正常运行,0.55,1.0,12.0,0.0,,1.0,8.7,29504.75,0.9995934959349594,87.11578947368422,38,3,0.07894736842105263,10,1.7,2,0.2,0.5287170731707317,0.6599292682926828,58.81707317073171,9012.036585365855,100.0,96.78870235099855,58.6050565007722,81.71578947368423,64.0,55.118110236220474,80.24793121502884,良
EQ-0341,长沙星沙110kV_避雷器_01,避雷器,110kV,长沙星沙110kV变电站,华中,中国西电,2015-10-04,20,11,rated_voltage_kv=102.7,正常运行,0.55,1.0,12.0,0.0,,1.0,8.7,29504.75,0.9995934959349594,86.95853658536586,41,4,0.0975609756097561,10,2.3,1,0.1,0.5631585365853659,0.6980536585365854,58.81707317073171,9012.036585365855,100.0,96.78870235099855,51.562148507370814,78.84512195121951,82.0,55.118110236220474,80.20874948797885,良
EQ-0127,张江110kV_GIS组合电器_01,GIS组合电器,110kV,张江110kV变电站,华东,ABB,2015-04-14,35,11,rated_current_a=2130.5; sf6_pressure_mpa=0.5,正常运行,0.3142857142857143,1.0,10.1,0.0,0.0,1.0,10.1,29509.9,0.9996578590785908,86.505,40,4,0.1,10,5.4,2,0.2,0.5953585365853659,0.7389121951219513,57.8609756097561,9332.853658536585,100.0,96.21229256715533,48.15436725729444,78.2525,64.0,81.10236220472441,80.12144318536241,良
EQ-0244,通州35kV_隔离开关_01,隔离开关,220kV,通州35kV变电站,华北,西门子,2013-02-08,30,13,rated_current_a=2084.6,带病运行,0.43333333333333335,1.0,12.0,0.0,,1.0,8.7,29504.75,0.9995934959349594,89.32000000000001,80,6,0.075,10,0.0,0,0.0,0.6585878048780488,0.8021634146341463,58.81707317073171,9012.036585365855,100.0,96.78870235099855,32.181939002333124,83.41,100.0,67.97900262467192,80.10352853313354,良
EQ-0337,长沙星沙110kV_隔离开关_03,隔离开关,220kV,长沙星沙110kV变电站,华中,河南森源,2017-05-12,30,9,rated_current_a=1710.3,正常运行,0.3,1.0,12.0,0.0,,1.0,8.7,29504.75,0.9995934959349594,87.41875,80,6,0.075,11,2.6363636363636362,1,0.09090909090909091,0.6462170731707317,0.8003975609756098,58.81707317073171,9012.036585365855,100.0,96.78870235099855,33.66251916866808,82.459375,83.63636363636364,82.67716535433071,80.09050345300275,良
EQ-0181,苏州工业园220kV_GIS组合电器_03,GIS组合电器,220kV,苏州工业园220kV变电站,华东,西电集团,2012-06-22,35,14,rated_current_a=2135.7; sf6_pressure_mpa=0.5,备用,0.4,1.0,12.0,0.0,,1.0,8.7,29504.75,0.9995934959349594,86.20370370370371,81,10,0.12345679012345678,10,2.3,1,0.1,0.5842365853658537,0.7295317073170732,59.239024390243905,8916.829268292682,100.0,96.78870235099855,45.25363653657288,74.58333333333334,82.0,71.65354330708661,79.96132210822296,良
EQ-0357,武侯110kV_隔离开关_04,隔离开关,110kV,武侯110kV变电站,西南,新东北电气,2017-10-14,30,9,rated_current_a=1497.3,正常运行,0.3,1.0,12.0,0.0,,1.0,8.7,29504.75,0.9995934959349594,86.785,40,5,0.125,10,2.0,1,0.1,0.616790243902439,0.7711463414634147,58.81707317073171,9012.036585365855,100.0,96.78870235099855,39.38777535893985,74.6425,82.0,82.67716535433071,79.89938707742076,良
EQ-0241,通州35kV_断路器_02,断路器,35kV,通州35kV变电站,华北,河南森源,2012-09-10,25,14,rated_current_a=2976.9; breaking_capacity_ka=42.0,检修停运,0.56,1.0,12.0,0.0,,1.0,8.7,29504.75,0.9995934959349594,89.16111111111111,36,1,0.027777777777777776,10,3.2,2,0.2,0.5495634146341464,0.6902024390243903,58.81707317073171,8588.414634146342,100.0,96.78870235099855,50.76206384644156,90.41388888888889,64.0,54.01574803149607,79.87381137597097,良
EQ-0002,龙华220kV_电力变压器_02,电力变压器,220kV,龙华220kV变电站,华南,保变电气,2012-12-06,30,14,rated_capacity_mva=50.0; rated_current_a=609.0,正常运行,0.4666666666666667,1.0,12.0,0.0,,1.0,8.7,29504.75,0.9995934959349594,87.97999999999999,80,11,0.1375,11,2.5454545454545454,1,0.09090909090909091,0.5626731707317073,0.7025707317073171,61.62682926829268,9205.585365853658,100.0,96.78870235099855,48.43844197868493,73.365,83.63636363636364,64.30446194225722,79.84426142379878,良
EQ-0054,松山湖220kV_隔离开关_04,隔离开关,110kV,松山湖220kV变电站,华南,新东北电气,2013-05-18,30,13,rated_current_a=1265.4,备用,0.43333333333333335,1.0,12.0,0.0,,1.0,8.7,29504.75,0.9995934959349594,87.04146341463414,41,5,0.12195121951219512,11,0.9090909090909091,1,0.09090909090909091,0.5887878048780488,0.7416975609756098,58.81707317073171,9012.036585365855,100.0,96.78870235099855,44.97781443668132,75.2280487804878,83.63636363636364,67.97900262467192,79.7990473007127,良
EQ-0106,前海110kV_GIS组合电器_02,GIS组合电器,110kV,前海110kV变电站,华南,ABB,2017-08-14,35,9,rated_current_a=3637.5; sf6_pressure_mpa=0.6,正常运行,0.2571428571428571,1.0,12.0,1.0,1.0,3.0,12.0,29508.0,0.9995934959349594,87.43589743589743,39,2,0.05128205128205128,11,0.0,0,0.0,0.5889048780487804,0.7367243902439025,62.87317073170732,9477.292682926829,81.81818181818181,95.41292766265848,42.6848021244684,86.02564102564102,100.0,87.40157480314961,79.71809504613194,良
EQ-0402,成都高新35kV_隔离开关_03,隔离开关,220kV,成都高新35kV变电站,西南,新东北电气,2018-10-24,30,8,rated_current_a=1079.1,正常运行,0.26666666666666666,1.0,12.0,0.0,,1.0,8.7,29504.75,0.9995934959349594,87.54556962025318,79,6,0.0759493670886076,11,4.636363636363637,2,0.18181818181818182,0.6230439024390244,0.7770975609756098,58.81707317073171,9012.036585365855,100.0,96.78870235099855,38.19438797758342,82.38037974683544,67.27272727272728,86.35170603674541,79.71611835868899,良
EQ-0278,天津滨海220kV_避雷器_06,避雷器,220kV,天津滨海220kV变电站,华北,浙江金利华,2013-02-17,20,13,rated_voltage_kv=63.5,正常运行,0.65,1.0,12.0,0.0,,1.0,8.7,29504.75,0.9995934959349594,88.06666666666666,78,6,0.07692307692307693,9,4.888888888888889,2,0.2222222222222222,0.5088365853658536,0.6411853658536585,58.81707317073171,9012.036585365855,100.0,96.78870235099855,62.383452230410775,82.49487179487178,60.0,44.094488188976385,79.61811050441028,良
EQ-0150,苏州工业园220kV_电力变压器_03,电力变压器,220kV,苏州工业园220kV变电站,华东,西电集团,2014-10-23,30,12,rated_capacity_mva=108.9; rated_current_a=371.3,正常运行,0.4,1.0,12.0,0.0,,1.0,8.7,29504.75,0.9995934959349594,86.06455696202532,79,8,0.10126582278481013,9,5.0,2,0.2222222222222222,0.579790243902439,0.710370731707317,58.69512195121951,9445.756097560976,100.0,96.78870235099855,51.89341188630231,77.84240506329114,60.0,71.65354330708661,79.57813793766252,良
EQ-0085,南沙110kV_避雷器_04,避雷器,110kV,南沙110kV变电站,华南,中国西电,2016-07-19,20,10,rated_voltage_kv=93.9,正常运行,0.5,1.0,12.0,0.0,,1.0,8.7,29504.75,0.9995934959349594,86.38378378378378,37,3,0.08108108108108109,11,1.6363636363636365,1,0.09090909090909091,0.5990707317073171,0.7513512195121951,58.81707317073171,9012.036585365855,100.0,96.78870235099855,43.02712773833834,81.02972972972972,83.63636363636364,60.629921259842526,79.54425396694745,良
EQ-0339,长沙星沙110kV_电容器组_01,电容器组,10kV,长沙星沙110kV变电站,华中,荣信股份,2015-11-11,20,11,rated_capacity_mvar=7.1,正常运行,0.55,1.0,12.0,0.0,,1.0,8.7,29504.75,0.9995934959349594,85.33846153846153,39,0,0.0,10,1.7,1,0.1,0.6241853658536586,0.7793853658536585,58.81707317073171,9012.036585365855,100.0,96.78870235099855,37.87088044512802,92.66923076923077,82.0,55.118110236220474,79.54411219823199,良
EQ-0144,临港110kV_避雷器_02,避雷器,220kV,临港110kV变电站,华东,河南久盛,2016-07-01,20,10,rated_voltage_kv=181.0,带病运行,0.5,1.0,13.2,0.0,0.0,1.0,13.2,29506.8,0.9995528455284552,86.24691358024691,81,7,0.08641975308641975,10,2.0,1,0.1,0.5862585365853659,0.734329268292683,58.81707317073171,9012.036585365855,100.0,94.90806561771308,45.896849970794285,80.1604938271605,82.0,60.629921259842526,79.44804931775981,良
EQ-0379,重庆两江220kV_隔离开关_03,隔离开关,220kV,重庆两江220kV变电站,西南,河南森源,2010-10-19,30,16,rated_current_a=2705.1,备用,0.5333333333333333,1.0,12.0,0.0,,1.0,8.7,29504.75,0.9995934959349594,85.22317073170731,82,12,0.14634146341463414,9,1.7777777777777777,1,0.1111111111111111,0.5509073170731708,0.6877951219512195,58.81707317073171,9012.036585365855,100.0,96.78870235099855,53.77689851059595,70.66036585365853,80.0,56.955380577427825,79.40771310811047,良
EQ-0035,龙华220kV_GIS组合电器_01,GIS组合电器,110kV,龙华220kV变电站,华南,西门子,2012-02-03,35,14,rated_current_a=2032.7; sf6_pressure_mpa=0.6,带病运行,0.4,1.0,12.0,0.0,,1.0,8.7,29504.75,0.9995934959349594,88.95675675675676,37,0,0.0,11,2.1818181818181817,2,0.18181818181818182,0.6105731707317074,0.7524024390243903,63.21951219512195,8964.878048780487,100.0,96.78870235099855,34.91130026087729,94.47837837837838,67.27272727272728,71.65354330708661,79.40438433711333,良
EQ-0366,重庆两江220kV_电力变压器_02,电力变压器,220kV,重庆两江220kV变电站,西南,ABB,2012-02-04,30,14,rated_capacity_mva=135.3; rated_current_a=558.4,正常运行,0.4666666666666667,1.0,12.0,0.0,,1.0,8.7,29504.75,0.9995934959349594,86.92125,80,9,0.1125,10,3.2,2,0.2,0.5624829268292684,0.7000878048780488,56.25365853658537,8759.658536585366,100.0,96.78870235099855,53.46310733800644,76.585625,64.0,64.30446194225722,79.36865188202673,良
EQ-0178,苏州工业园220kV_避雷器_07,避雷器,220kV,苏州工业园220kV变电站,华东,ABB,2014-06-25,20,12,rated_voltage_kv=193.2,正常运行,0.6,1.0,12.0,0.0,,1.0,8.7,29504.75,0.9995934959349594,87.82151898734176,79,8,0.10126582278481013,11,4.818181818181818,3,0.2727272727272727,0.49439999999999995,0.6237073170731707,58.81707317073171,9012.036585365855,100.0,96.78870235099855,65.46730985481581,78.72088607594935,50.909090909090914,49.60629921259844,79.31087436472421,良
EQ-0223,亦庄110kV_断路器_06,断路器,110kV,亦庄110kV变电站,华北,沈阳高开,2015-11-19,25,11,rated_current_a=1413.3; breaking_capacity_ka=45.3,带病运行,0.44,1.0,10.2,0.0,0.0,1.0,10.2,29509.8,0.9996544715447154,87.0078947368421,38,4,0.10526315789473684,9,4.333333333333333,2,0.2222222222222222,0.5586439024390244,0.7054853658536585,58.81707317073171,9307.829268292682,100.0,96.17022073007655,53.44992439315872,77.71447368421053,60.0,67.24409448818898,79.30560952609754,良
EQ-0086,南沙110kV_GIS组合电器_01,GIS组合电器,110kV,南沙110kV变电站,华南,平高电气,2014-09-07,35,12,rated_current_a=2963.9; sf6_pressure_mpa=0.5,正常运行,0.34285714285714286,1.0,10.4,0.0,0.0,1.0,10.4,29509.6,0.9996476964769647,89.39756097560976,41,1,0.024390243902439025,10,1.2,2,0.2,0.6279439024390244,0.7771780487804878,62.64878048780488,9562.682926829268,100.0,96.08607705591898,35.867956060059115,91.04024390243903,64.0,77.95275590551181,79.24211879911267,良
EQ-0265,天津滨海220kV_隔离开关_02,隔离开关,220kV,天津滨海220kV变电站,华北,长征电气,2012-10-25,30,14,rated_current_a=2482.2,正常运行,0.4666666666666667,1.0,12.0,0.0,,1.0,8.7,29504.75,0.9995934959349594,88.26625,80,9,0.1125,10,1.6,1,0.1,0.6002682926829268,0.7483682926829268,58.81707317073171,9012.036585365855,100.0,96.78870235099855,43.16119719973222,77.258125,82.0,64.30446194225722,79.20914485437189,良
EQ-0239,通州35kV_电力变压器_02,电力变压器,35kV,通州35kV变电站,华北,西门子,2014-05-08,30,12,rated_capacity_mva=72.5; rated_current_a=574.7,正常运行,0.4,2.0,14.0,0.0,0.0,2.0,7.0,14753.0,0.9995257452574525,84.78571428571429,35,2,0.05714285714285714,11,3.3636363636363638,2,0.18181818181818182,0.5206878048780488,0.6469536585365854,53.85121951219512,9681.487804878048,90.9090909090909,77.52143902150374,72.55393284400655,83.82142857142858,67.27272727272728,71.65354330708661,79.20818844407047,良
EQ-0100,前海110kV_电容器组_02,电容器组,10kV,前海110kV变电站,华南,思源电气,2021-10-23,20,5,rated_capacity_mvar=9.5,带病运行,0.25,1.0,12.0,0.0,,1.0,8.7,29504.75,0.9995934959349594,87.9219512195122,41,3,0.07317073170731707,9,2.4444444444444446,1,0.1111111111111111,0.6786804878048781,0.8277365853658536,58.81707317073171,9012.036585365855,100.0,96.78870235099855,27.78014341256523,82.98536585365854,80.0,88.18897637795276,79.18047166855682,良
EQ-0426,沈阳浑南110kV_GIS组合电器_01,GIS组合电器,110kV,沈阳浑南110kV变电站,东北,西电集团,2011-10-01,35,15,rated_current_a=3505.2; sf6_pressure_mpa=0.5,正常运行,0.42857142857142855,1.0,5.4,0.0,0.0,1.0,5.4,29514.6,0.9998170731707317,85.3275,40,7,0.175,10,1.7,1,0.1,0.6169829268292683,0.7703365853658537,52.582926829268295,8804.829268292682,100.0,98.18966890985807,47.148952607032086,66.41375,82.0,68.50393700787401,79.08018050416544,良
EQ-0216,亦庄110kV_电力变压器_02,电力变压器,110kV,亦庄110kV变电站,华北,西门子,2013-02-17,30,13,rated_capacity_mva=138.7; rated_current_a=117.5,检修停运,0.43333333333333335,1.0,4.6,0.0,0.0,1.0,4.6,29515.4,0.9998441734417345,87.43076923076923,39,4,0.10256410256410256,10,0.0,0,0.0,0.6894707317073171,0.8451121951219512,57.9390243902439,9359.439024390244,100.0,98.52624360648834,28.801777153322977,78.33076923076922,100.0,67.97900262467192,79.01311979904484,良
EQ-0322,江夏35kV_电容器组_01,电容器组,35kV,江夏35kV变电站,华中,西门子,2010-06-02,20,16,rated_capacity_mvar=26.4,正常运行,0.8,1.0,9.3,0.0,0.0,1.0,9.3,29510.7,0.9996849593495936,86.26756756756757,37,7,0.1891891891891892,9,0.0,0,0.0,0.5178951219512195,0.6468829268292683,58.81707317073171,9012.036585365855,100.0,96.5488672637856,60.91189145013937,64.7554054054054,100.0,27.559055118110237,78.96136806540683,良
EQ-0185,杭州滨江110kV_断路器_01,断路器,110kV,杭州滨江110kV变电站,华东,西门子,2013-09-06,25,13,rated_current_a=2250.9; breaking_capacity_ka=38.2,正常运行,0.52,1.0,12.0,0.0,,1.0,8.7,29504.75,0.9995934959349594,88.74102564102564,39,3,0.07692307692307693,10,0.0,0,0.0,0.6671414634146342,0.8225487804878049,58.81707317073171,9328.512195121952,100.0,96.78870235099855,31.674271259818735,82.83205128205128,100.0,58.425196850393704,78.95992209951052,良
EQ-0071,南沙110kV_断路器_01,断路器,110kV,南沙110kV变电站,华南,西门子,2019-06-08,25,7,rated_current_a=3523.6; breaking_capacity_ka=32.7,正常运行,0.28,1.0,35.8,1.0,1.0,3.0,35.8,29484.2,0.9987872628726288,87.39500000000001,40,0,0.0,10,5.7,3,0.3,0.5095024390243903,0.6400536585365854,58.81707317073171,10287.170731707318,81.81818181818181,85.39983043790836,71.28256396177085,93.6975,46.00000000000001,84.88188976377953,78.93383831085924,良
EQ-0266,天津滨海220kV_隔离开关_03,隔离开关,220kV,天津滨海220kV变电站,华北,长征电气,2009-07-20,30,17,rated_current_a=2732.9,正常运行,0.5666666666666667,1.0,12.0,0.0,,1.0,8.7,29504.75,0.9995934959349594,85.71341463414635,82,14,0.17073170731707318,10,2.1,2,0.2,0.5044,0.6318170731707317,58.81707317073171,9012.036585365855,100.0,96.78870235099855,63.682726620035375,67.2469512195122,64.0,53.28083989501313,78.90941246663493,良
EQ-0377,重庆两江220kV_隔离开关_01,隔离开关,220kV,重庆两江220kV变电站,西南,新东北电气,2011-11-12,30,15,rated_current_a=3031.6,正常运行,0.5,1.0,12.0,0.0,,1.0,8.7,29504.75,0.9995934959349594,85.99625,80,11,0.1375,9,2.6666666666666665,1,0.1111111111111111,0.5767878048780487,0.7214170731707317,58.81707317073171,9012.036585365855,100.0,96.78870235099855,48.04713123493368,72.373125,80.0,60.629921259842526,78.8861275931707,良
EQ-0409,沈阳浑南110kV_电力变压器_02,电力变压器,110kV,沈阳浑南110kV变电站,东北,西门子,2012-05-15,30,14,rated_capacity_mva=220.5; rated_current_a=479.3,正常运行,0.4666666666666667,1.0,3.6,0.0,0.0,1.0,3.6,29516.4,0.9998780487804878,88.41,40,2,0.05,9,3.2222222222222223,1,0.1111111111111111,0.672809756097561,0.8261975609756097,53.81463414634147,8610.951219512195,100.0,98.94696197727616,33.09803141465015,86.705,80.0,64.30446194225722,78.84519487261099,良
EQ-0061,松山湖220kV_避雷器_03,避雷器,220kV,松山湖220kV变电站,华南,河南久盛,2011-01-18,20,15,rated_voltage_kv=88.7,检修停运,0.75,1.0,12.0,0.0,,1.0,8.7,29504.75,0.9995934959349594,87.34320987654321,81,8,0.09876543209876543,10,3.0,1,0.1,0.5421390243902439,0.6820024390243903,58.81707317073171,9012.036585365855,100.0,96.78870235099855,55.225732180027514,78.85679012345679,82.0,33.07086614173228,78.73849203889696,良
EQ-0256,天津滨海220kV_断路器_01,断路器,220kV,天津滨海220kV变电站,华北,ABB,2009-04-22,25,17,rated_current_a=3594.3; breaking_capacity_ka=35.8,正常运行,0.68,1.0,2.7,0.0,0.0,1.0,2.7,29517.3,0.9999085365853658,85.12625,80,11,0.1375,9,0.5555555555555556,1,0.1111111111111111,0.518160975609756,0.6513268292682927,58.81707317073171,8211.268292682927,100.0,99.3256085109852,54.92173057147768,71.938125,80.0,40.78740157480316,78.71892672397288,良
EQ-0136,临港110kV_断路器_05,断路器,110kV,临港110kV变电站,华东,西门子,2017-05-18,25,9,rated_current_a=3571.7; breaking_capacity_ka=56.3,正常运行,0.36,1.0,10.1,0.0,0.0,1.0,10.1,29509.9,0.9996578590785908,89.0325,40,5,0.125,9,5.555555555555555,3,0.3333333333333333,0.5668219512195122,0.707290243902439,58.81707317073171,10018.853658536585,100.0,96.21229256715533,57.361553195332775,75.76625,40.0,76.06299212598425,78.68600586509605,良
EQ-0098,前海110kV_隔离开关_04,隔离开关,110kV,前海110kV变电站,华南,长征电气,2016-09-19,30,10,rated_current_a=1426.9,正常运行,0.3333333333333333,1.0,12.0,0.0,,1.0,8.7,29504.75,0.9995934959349594,87.43846153846154,39,4,0.10256410256410256,10,7.1,3,0.3,0.5721268292682927,0.7055341463414634,58.81707317073171,9012.036585365855,100.0,96.78870235099855,49.943438322080496,78.33461538461538,46.00000000000001,79.00262467191601,78.59688290949971,良
EQ-0405,成都高新35kV_避雷器_01,避雷器,110kV,成都高新35kV变电站,西南,河南久盛,2018-06-25,20,8,rated_voltage_kv=138.6,正常运行,0.4,1.0,12.0,0.0,,1.0,8.7,29504.75,0.9995934959349594,88.71315789473684,38,3,0.07894736842105263,10,5.8,3,0.3,0.5652463414634147,0.7105243902439025,58.81707317073171,9012.036585365855,100.0,96.78870235099855,50.24162202153901,82.51447368421053,46.00000000000001,71.65354330708661,78.54859025784776,良
EQ-0193,杭州滨江110kV_隔离开关_04,隔离开关,110kV,杭州滨江110kV变电站,华东,河南森源,2014-08-16,30,12,rated_current_a=2336.8,正常运行,0.4,1.0,12.0,0.0,,1.0,8.7,29504.75,0.9995934959349594,87.14,40,3,0.075,10,5.1,4,0.4,0.5259829268292683,0.6604634146341464,58.81707317073171,9012.036585365855,100.0,96.78870235099855,58.85098220296168,82.32,28.0,71.65354330708661,78.44129124150072,良
EQ-0180,苏州工业园220kV_GIS组合电器_02,GIS组合电器,110kV,苏州工业园220kV变电站,华东,平高电气,2010-10-08,35,16,rated_current_a=3793.5; sf6_pressure_mpa=0.5,正常运行,0.45714285714285713,1.0,66.0,0.0,0.0,1.0,66.0,29454.0,0.9977642276422765,86.71000000000001,40,5,0.125,11,0.8181818181818182,1,0.09090909090909091,0.49104634146341464,0.6174439024390244,56.326829268292684,8152.463414634146,100.0,72.69413564011619,64.0533979722417,74.605,83.63636363636364,65.35433070866142,78.43932615697409,良
EQ-0015,龙华220kV_断路器_10,断路器,220kV,龙华220kV变电站,华南,平高电气,2007-05-21,25,19,rated_current_a=3592.6; breaking_capacity_ka=53.5,正常运行,0.76,1.0,12.0,0.0,,1.0,8.7,29504.75,0.9995934959349594,84.81358024691357,81,11,0.13580246913580246,11,1.3636363636363635,1,0.09090909090909091,0.5056195121951219,0.6301926829268293,58.81707317073171,8259.048780487805,100.0,96.78870235099855,58.456538508552704,72.03641975308642,83.63636363636364,31.96850393700788,78.41499789221037,良
EQ-0269,天津滨海220kV_隔离开关_06,隔离开关,110kV,天津滨海220kV变电站,华北,长征电气,2008-11-02,30,18,rated_current_a=1428.2,正常运行,0.6,1.0,2.7,0.0,0.0,1.0,2.7,29517.3,0.9999085365853658,85.78717948717949,39,4,0.10256410256410256,10,2.9,1,0.1,0.5956048780487805,0.7476926829268292,58.81707317073171,9012.036585365855,100.0,99.3256085109852,43.7202075484548,77.50897435897436,82.0,49.60629921259844,78.39613928699401,良
EQ-0287,石家庄高新35kV_隔离开关_01,隔离开关,35kV,石家庄高新35kV变电站,华北,西门子,2010-09-07,30,16,rated_current_a=2435.1,正常运行,0.5333333333333333,1.0,7.4,0.0,0.0,1.0,7.4,29512.6,0.9997493224932249,85.62307692307692,39,6,0.15384615384615385,10,2.9,2,0.2,0.5371024390243903,0.673019512195122,58.81707317073171,9012.036585365855,100.0,97.34823216828244,56.55538918277839,69.73461538461538,64.0,56.955380577427825,78.33645463564727,良
EQ-0433,大连开发区35kV_隔离开关_02,隔离开关,35kV,大连开发区35kV变电站,东北,西门子,2003-01-18,30,23,rated_current_a=1536.1,正常运行,0.7666666666666667,1.0,12.0,0.0,,1.0,8.7,29504.75,0.9995934959349594,81.65875,80,14,0.175,11,2.0,2,0.18181818181818182,0.4651341463414634,0.5842634146341463,58.81707317073171,9012.036585365855,100.0,96.78870235099855,72.071817273276,64.579375,67.27272727272728,31.233595800524938,78.30964248218014,良
EQ-0151,苏州工业园220kV_电力变压器_04,电力变压器,220kV,苏州工业园220kV变电站,华东,保变电气,2008-03-18,30,18,rated_capacity_mva=187.0; rated_current_a=87.7,正常运行,0.6,1.0,12.4,0.0,0.0,1.0,12.4,29507.6,0.999579945799458,85.15802469135802,81,17,0.20987654320987653,10,1.5,1,0.1,0.5148414634146341,0.6430707317073171,56.056097560975616,8146.682926829269,100.0,95.24464031434333,59.60748074637794,61.09753086419753,82.0,49.60629921259844,78.29568376303374,良
EQ-0128,张江110kV_GIS组合电器_02,GIS组合电器,220kV,张江110kV变电站,华东,ABB,2013-10-18,35,13,rated_current_a=3613.6; sf6_pressure_mpa=0.4,正常运行,0.37142857142857144,1.0,6.2,0.0,0.0,1.0,6.2,29513.8,0.9997899728997289,85.49012345679012,81,12,0.14814814814814814,11,0.9090909090909091,1,0.09090909090909091,0.6139878048780488,0.7648829268292683,60.34390243902439,8776.365853658537,100.0,97.85309421322783,36.35789421286338,70.52283950617283,83.63636363636364,74.80314960629921,78.26457493541047,良
EQ-0224,亦庄110kV_隔离开关_01,隔离开关,35kV,亦庄110kV变电站,华北,河南森源,2012-07-16,30,14,rated_current_a=1852.4,正常运行,0.4666666666666667,1.0,12.0,0.0,,1.0,8.7,29504.75,0.9995934959349594,88.1275,40,7,0.175,10,1.8,1,0.1,0.5919804878048781,0.7333048780487805,58.81707317073171,9012.036585365855,100.0,96.78870235099855,45.37396293479471,67.81375,82.0,64.30446194225722,78.23504175138439,良
EQ-0305,武昌110kV_隔离开关_03,隔离开关,110kV,武昌110kV变电站,华中,西门子,2012-12-11,30,14,rated_current_a=1263.2,正常运行,0.4666666666666667,1.0,11.9,0.0,0.0,1.0,11.9,29508.1,0.9995968834688347,86.42,40,4,0.1,9,4.111111111111111,3,0.3333333333333333,0.5243878048780488,0.6530951219512195,58.81707317073171,9012.036585365855,100.0,95.45499949973726,59.669943530613445,78.21000000000001,40.0,64.30446194225722,78.18693480029586,良
EQ-0020,龙华220kV_隔离开关_05,隔离开关,220kV,龙华220kV变电站,华南,长征电气,2010-08-13,30,16,rated_current_a=1919.2,正常运行,0.5333333333333333,1.0,6.3,0.0,0.0,1.0,6.3,29513.7,0.9997865853658536,84.74249999999999,80,15,0.1875,11,1.9090909090909092,2,0.18181818181818182,0.5320439024390244,0.6693585365853658,58.81707317073171,9012.036585365855,100.0,97.81102237614904,57.41930611969837,64.24625,67.27272727272728,56.955380577427825,78.10581398418499,良
EQ-0272,天津滨海220kV_电容器组_03,电容器组,10kV,天津滨海220kV变电站,华北,西门子,2015-02-24,20,11,rated_capacity_mvar=26.2,正常运行,0.55,1.0,12.0,0.0,,1.0,8.7,29504.75,0.9995934959349594,87.34054054054054,37,3,0.08108108108108109,10,0.4,1,0.1,0.6177073170731707,0.7760317073170732,58.81707317073171,9012.036585365855,100.0,96.78870235099855,38.85983832745108,81.5081081081081,82.0,55.118110236220474,78.06773537552819,良
EQ-0418,沈阳浑南110kV_隔离开关_03,隔离开关,110kV,沈阳浑南110kV变电站,东北,河南森源,2013-04-06,30,13,rated_current_a=2608.9,正常运行,0.43333333333333335,1.0,12.0,0.0,,1.0,8.7,29504.75,0.9995934959349594,89.15,36,2,0.05555555555555555,10,2.8,1,0.1,0.6697682926829268,0.828009756097561,58.81707317073171,9012.036585365855,100.0,96.78870235099855,28.710871670503835,86.24166666666667,82.0,67.97900262467192,78.03406506676768,良
EQ-0041,松山湖220kV_电力变压器_03,电力变压器,35kV,松山湖220kV变电站,华南,保变电气,2012-08-09,30,14,rated_capacity_mva=229.1; rated_current_a=414.3,正常运行,0.4666666666666667,1.0,12.0,0.0,,1.0,8.7,29504.75,0.9995934959349594,85.22368421052632,38,6,0.15789473684210525,10,3.2,2,0.2,0.5353170731707317,0.6700341463414634,60.6390243902439,8716.365853658537,100.0,96.78870235099855,52.27756213767249,68.92763157894737,64.0,64.30446194225722,77.98284382880205,良
EQ-0417,沈阳浑南110kV_隔离开关_02,隔离开关,110kV,沈阳浑南110kV变电站,东北,西门子,2010-12-18,30,16,rated_current_a=3118.2,正常运行,0.5333333333333333,1.0,12.5,0.0,0.0,1.0,12.5,29507.5,0.9995765582655827,86.40975609756099,41,5,0.12195121951219512,10,6.4,3,0.3,0.5187487804878048,0.6392170731707316,58.81707317073171,9012.036585365855,100.0,95.20256847726456,61.49468920546118,74.91219512195123,46.00000000000001,56.955380577427825,77.87181886258061,良
EQ-0154,苏州工业园220kV_断路器_02,断路器,220kV,苏州工业园220kV变电站,华东,西门子,2014-09-24,25,12,rated_current_a=2203.6; breaking_capacity_ka=48.5,正常运行,0.48,1.0,37.9,0.0,0.0,1.0,37.9,29482.1,0.9987161246612466,87.58987341772152,79,7,0.08860759493670886,11,0.8181818181818182,1,0.09090909090909091,0.5948512195121951,0.7324341463414634,58.81707317073171,9165.756097560976,100.0,84.51632185925394,46.21241142327594,80.50379746835443,83.63636363636364,62.83464566929135,77.86841720732464,良
EQ-0133,临港110kV_断路器_02,断路器,110kV,临港110kV变电站,华东,沈阳高开,2016-04-17,25,10,rated_current_a=2480.1; breaking_capacity_ka=60.4,正常运行,0.4,1.0,43.4,1.0,1.0,3.0,43.4,29476.6,0.998529810298103,87.15405405405404,37,3,0.08108108108108109,11,2.272727272727273,1,0.09090909090909091,0.5078853658536585,0.6389414634146342,58.81707317073171,9454.19512195122,81.81818181818181,82.20237081992093,65.75874406899278,81.41486486486485,83.63636363636364,71.65354330708661,77.78798885640296,良
EQ-0208,昆山35kV_隔离开关_02,隔离开关,110kV,昆山35kV变电站,华东,新东北电气,2006-06-10,30,20,rated_current_a=1008.3,正常运行,0.6666666666666666,1.0,2.6,0.0,0.0,1.0,2.6,29517.4,0.9999119241192412,84.61025641025641,39,1,0.02564102564102564,11,3.090909090909091,3,0.2727272727272727,0.5641926829268293,0.6981219512195123,58.81707317073171,9012.036585365855,100.0,99.36768034806398,51.445354720310185,88.45897435897436,50.909090909090914,42.25721784776905,77.74808404320699,良
EQ-0369,重庆两江220kV_断路器_01,断路器,220kV,重庆两江220kV变电站,西南,ABB,2012-06-07,25,14,rated_current_a=1388.9; breaking_capacity_ka=47.8,检修停运,0.56,1.0,12.0,0.0,,1.0,8.7,29504.75,0.9995934959349594,86.1425,80,11,0.1375,11,1.6363636363636365,1,0.09090909090909091,0.613080487804878,0.7583634146341464,58.81707317073171,9344.707317073171,100.0,96.78870235099855,43.22385622170713,72.44624999999999,83.63636363636364,54.01574803149607,77.63466038132711,良
EQ-0125,张江110kV_避雷器_03,避雷器,110kV,张江110kV变电站,华东,ABB,2010-03-05,20,16,rated_voltage_kv=213.9,正常运行,0.8,1.0,12.0,0.0,,1.0,8.7,29504.75,0.9995934959349594,86.07000000000001,40,2,0.05,10,4.7,2,0.2,0.540090243902439,0.6727634146341464,58.81707317073171,9012.036585365855,100.0,96.78870235099855,56.2578335312838,85.535,64.0,27.559055118110237,77.5954626882675,良
EQ-0371,重庆两江220kV_断路器_03,断路器,220kV,重庆两江220kV变电站,西南,平高电气,2011-05-23,25,15,rated_current_a=1476.7; breaking_capacity_ka=55.3,正常运行,0.6,1.0,15.3,0.0,0.0,1.0,15.3,29504.7,0.9994817073170732,86.55696202531645,79,11,0.13924050632911392,10,1.2,1,0.1,0.5569951219512195,0.7028219512195122,58.81707317073171,8579.0,100.0,94.02455703905866,48.79046810970797,72.39240506329114,82.0,49.60629921259844,77.58249571050683,良
EQ-0070,南沙110kV_电力变压器_03,电力变压器,110kV,南沙110kV变电站,华南,ABB,2012-11-08,30,14,rated_capacity_mva=155.4; rated_current_a=445.5,正常运行,0.4666666666666667,1.0,12.0,0.0,,1.0,8.7,29504.75,0.9995934959349594,85.72749999999999,40,3,0.075,9,6.444444444444445,2,0.2222222222222222,0.5733341463414634,0.7200048780487804,62.197560975609754,8891.853658536585,100.0,96.78870235099855,42.742473025922386,81.61375,60.0,64.30446194225722,77.57874376960991,良
EQ-0376,重庆两江220kV_断路器_08,断路器,110kV,重庆两江220kV变电站,西南,平高电气,2010-09-18,25,16,rated_current_a=3059.4; breaking_capacity_ka=56.7,正常运行,0.64,1.0,4.5,0.0,0.0,1.0,4.5,29515.5,0.9998475609756098,87.82368421052632,38,5,0.13157894736842105,9,4.777777777777778,3,0.3333333333333333,0.5053292682926829,0.6225731707317074,58.81707317073171,9232.609756097561,100.0,98.56831544356713,65.93071384880258,74.17500000000001,40.0,45.19685039370079,77.54574089784403,良
EQ-0113,张江110kV_断路器_04,断路器,110kV,张江110kV变电站,华东,河南森源,2013-10-22,25,13,rated_current_a=3465.3; breaking_capacity_ka=59.8,正常运行,0.52,1.0,4.4,0.0,0.0,1.0,4.4,29515.6,0.9998509485094851,87.9325,40,0,0.0,10,2.2,2,0.2,0.6690390243902439,0.8285658536585366,58.81707317073171,9525.048780487805,100.0,98.61038728064591,32.30902996809239,93.96625,64.0,58.425196850393704,77.52134063478704,良
EQ-0110,张江110kV_断路器_01,断路器,220kV,张江110kV变电站,华东,西门子,2012-12-26,25,14,rated_current_a=3137.1; breaking_capacity_ka=50.2,备用,0.56,1.0,12.0,0.0,,1.0,8.7,29504.75,0.9995934959349594,86.12025316455696,79,8,0.10126582278481013,11,4.909090909090909,3,0.2727272727272727,0.542490243902439,0.6817512195121951,58.81707317073171,8961.170731707318,100.0,96.78870235099855,54.85633672762481,77.87025316455696,50.909090909090914,54.01574803149607,77.50202968446692,良
EQ-0077,南沙110kV_隔离开关_02,隔离开关,110kV,南沙110kV变电站,华南,西门子,2013-10-01,30,13,rated_current_a=2249.0,正常运行,0.43333333333333335,1.0,12.0,0.0,,1.0,8.7,29504.75,0.9995934959349594,86.26,40,4,0.1,10,2.6,2,0.2,0.6103804878048781,0.7605292682926829,58.81707317073171,9012.036585365855,100.0,96.78870235099855,41.0082700077916,78.13,64.0,67.97900262467192,77.47679473422524,良
EQ-0253,天津滨海220kV_电力变压器_02,电力变压器,110kV,天津滨海220kV变电站,华北,特变电工,2011-11-06,30,15,rated_capacity_mva=62.3; rated_current_a=624.8,正常运行,0.5,3.0,38.6,0.0,0.0,3.0,12.866666666666667,9827.133333333333,0.9986924119241193,87.91499999999999,40,2,0.05,11,0.0,0,0.0,0.5217975609756097,0.6553317073170732,52.019512195121955,9275.024390243903,81.81818181818181,68.36967922933206,71.55951175830842,86.4575,100.0,60.629921259842526,77.4720007780578,良
EQ-0063,松山湖220kV_避雷器_05,避雷器,220kV,松山湖220kV变电站,华南,河南久盛,2011-06-14,20,15,rated_voltage_kv=164.3,正常运行,0.75,1.0,18.6,0.0,0.0,1.0,18.6,29501.4,0.999369918699187,88.16296296296296,81,8,0.09876543209876543,11,1.5454545454545454,1,0.09090909090909091,0.5587560975609756,0.7017829268292682,58.81707317073171,9012.036585365855,100.0,92.63618641545885,51.7057701865299,79.26666666666668,83.63636363636364,33.07086614173228,77.42911429820734,良
EQ-0024,龙华220kV_电容器组_01,电容器组,35kV,龙华220kV变电站,华南,思源电气,2010-11-22,20,16,rated_capacity_mvar=34.3,正常运行,0.8,1.0,10.2,0.0,0.0,1.0,10.2,29509.8,0.9996544715447154,86.34324324324324,37,3,0.08108108108108109,11,2.4545454545454546,2,0.18181818181818182,0.5322292682926829,0.6656731707317073,58.81707317073171,9012.036585365855,100.0,96.17022073007655,57.72359403200843,81.00945945945946,67.27272727272728,27.559055118110237,77.41336011041967,良
EQ-0259,天津滨海220kV_断路器_04,断路器,220kV,天津滨海220kV变电站,华北,平高电气,2013-01-04,25,13,rated_current_a=2840.5; breaking_capacity_ka=34.9,正常运行,0.52,1.0,12.0,0.0,,1.0,8.7,29504.75,0.9995934959349594,87.505,80,9,0.1125,10,7.1,4,0.4,0.49918048780487806,0.6375219512195122,58.81707317073171,9094.317073170732,100.0,96.78870235099855,64.31252823812548,76.8775,28.0,58.425196850393704,77.3943908028642,良
EQ-0236,亦庄110kV_GIS组合电器_01,GIS组合电器,220kV,亦庄110kV变电站,华北,西电集团,2010-09-22,35,16,rated_current_a=3958.4; sf6_pressure_mpa=0.6,正常运行,0.45714285714285713,1.0,12.0,0.0,,1.0,8.7,29504.75,0.9995934959349594,85.86951219512196,82,11,0.13414634146341464,11,0.8181818181818182,1,0.09090909090909091,0.6401658536585366,0.7958926829268292,56.517073170731706,8670.853658536585,100.0,96.78870235099855,35.7099911243518,72.81280487804878,83.63636363636364,65.35433070866142,77.3207288612799,良
EQ-0190,杭州滨江110kV_隔离开关_01,隔离开关,110kV,杭州滨江110kV变电站,华东,西电集团,2013-12-07,30,13,rated_current_a=2181.8,正常运行,0.43333333333333335,1.0,12.0,0.0,,1.0,8.7,29504.75,0.9995934959349594,88.31,40,7,0.175,11,3.5454545454545454,2,0.18181818181818182,0.5831463414634146,0.7347926829268293,58.81707317073171,9012.036585365855,100.0,96.78870235099855,46.189496878343455,67.905,67.27272727272728,67.97900262467192,77.30656283560833,良
EQ-0103,前海110kV_避雷器_03,避雷器,110kV,前海110kV变电站,华南,浙江金利华,2021-03-15,20,5,rated_voltage_kv=177.8,备用,0.25,1.0,12.0,0.0,,1.0,8.7,29504.75,0.9995934959349594,86.295,40,4,0.1,9,3.2222222222222223,2,0.2222222222222222,0.6535268292682926,0.8101682926829269,58.81707317073171,9012.036585365855,100.0,96.78870235099855,32.02004825580709,78.14750000000001,60.0,88.18897637795276,77.30277275915641,良
EQ-0204,昆山35kV_断路器_02,断路器,35kV,昆山35kV变电站,华东,沈阳高开,2011-12-21,25,15,rated_current_a=3363.2; breaking_capacity_ka=48.3,正常运行,0.6,1.0,12.0,0.0,,1.0,8.7,29504.75,0.9995934959349594,85.22162162162162,37,7,0.1891891891891892,9,1.8888888888888888,1,0.1111111111111111,0.5373512195121951,0.6815512195121951,58.81707317073171,8384.560975609756,100.0,96.78870235099855,51.41308441835134,64.23243243243243,80.0,49.60629921259844,77.2358521399947,良
EQ-0342,长沙星沙110kV_避雷器_02,避雷器,110kV,长沙星沙110kV变电站,华中,浙江金利华,2016-01-12,20,10,rated_voltage_kv=187.9,正常运行,0.5,1.0,12.0,0.0,,1.0,8.7,29504.75,0.9995934959349594,87.60263157894737,38,9,0.23684210526315788,9,4.111111111111111,2,0.2222222222222222,0.520829268292683,0.6495829268292683,58.81707317073171,9012.036585365855,100.0,96.78870235099855,60.36008092571631,58.275,60.0,60.629921259842526,77.23399878132723,良
EQ-0313,武昌110kV_GIS组合电器_01,GIS组合电器,110kV,武昌110kV变电站,华中,新东北电气,2015-09-04,35,11,rated_current_a=3023.7; sf6_pressure_mpa=0.5,正常运行,0.3142857142857143,1.0,12.0,0.0,,1.0,8.7,29504.75,0.9995934959349594,86.01621621621621,37,4,0.10810810810810811,12,3.4166666666666665,2,0.16666666666666666,0.6704682926829268,0.8242878048780488,59.55121951219512,9363.146341463415,100.0,96.78870235099855,30.328088317887556,76.79189189189188,70.0,81.10236220472441,77.05237813803345,良
EQ-0091,前海110kV_断路器_02,断路器,110kV,前海110kV变电站,华南,沈阳高开,2019-07-23,25,7,rated_current_a=3282.5; breaking_capacity_ka=42.7,正常运行,0.28,1.0,12.0,0.0,,1.0,8.7,29504.75,0.9995934959349594,87.1923076923077,39,4,0.10256410256410256,10,5.0,3,0.3,0.6645658536585366,0.828539024390244,58.81707317073171,10454.512195121952,100.0,96.78870235099855,39.256724918112326,78.21153846153845,46.00000000000001,84.88188976377953,77.0290051994309,良
EQ-0182,杭州滨江110kV_电力变压器_01,电力变压器,110kV,杭州滨江110kV变电站,华东,西门子,2013-08-27,30,13,rated_capacity_mva=211.1; rated_current_a=588.3,正常运行,0.43333333333333335,1.0,12.0,0.0,,1.0,8.7,29504.75,0.9995934959349594,85.31,40,6,0.15,11,3.0,2,0.18181818181818182,0.5931585365853659,0.7393487804878048,59.66097560975609,8948.731707317073,100.0,96.78870235099855,43.03686690312898,70.155,67.27272727272728,67.97900262467192,77.01353684056544,良
EQ-0107,张江110kV_电力变压器_01,电力变压器,110kV,张江110kV变电站,华东,保变电气,2015-01-01,30,11,rated_capacity_mva=175.4; rated_current_a=130.7,正常运行,0.36666666666666664,2.0,12.0,0.0,0.0,2.0,6.0,14754.0,0.9995934959349594,86.27000000000001,40,6,0.15,11,3.8181818181818183,3,0.2727272727272727,0.4917121951219512,0.6159219512195122,55.15609756097561,9804.829268292682,90.9090909090909,77.94328657025001,77.32987960540879,70.635,50.909090909090914,75.32808398950132,77.00087345226372,良
EQ-0333,长沙星沙110kV_断路器_04,断路器,110kV,长沙星沙110kV变电站,华中,西门子,2014-10-09,25,12,rated_current_a=2301.9; breaking_capacity_ka=35.2,正常运行,0.48,1.0,4.5,1.0,1.0,3.0,4.5,29515.5,0.9998475609756098,88.23421052631579,38,2,0.05263157894736842,10,0.0,0,0.0,0.6440390243902439,0.787670731707317,58.81707317073171,9416.439024390244,81.81818181818181,98.56831544356713,37.828601674741506,86.22236842105264,100.0,62.83464566929135,76.95074870829423,良
EQ-0075,南沙110kV_断路器_05,断路器,110kV,南沙110kV变电站,华南,沈阳高开,2015-08-10,25,11,rated_current_a=3907.0; breaking_capacity_ka=59.1,带病运行,0.44,1.0,3.0,0.0,0.0,1.0,3.0,29517.0,0.9998983739837398,87.25121951219512,41,7,0.17073170731707318,9,4.777777777777778,3,0.3333333333333333,0.565029268292683,0.7004268292682927,58.81707317073171,9683.853658536585,100.0,99.19939299974885,55.8267309967287,68.01585365853657,40.0,67.24409448818898,76.9320122968949,良
EQ-0384,重庆两江220kV_电容器组_02,电容器组,35kV,重庆两江220kV变电站,西南,思源电气,2012-07-11,20,14,rated_capacity_mvar=13.5,检修停运,0.7,1.0,13.0,0.0,0.0,1.0,13.0,29507.0,0.999559620596206,87.6842105263158,38,1,0.02631578947368421,10,3.7,2,0.2,0.5867731707317073,0.7352634146341464,58.81707317073171,9012.036585365855,100.0,94.99220929187065,45.75955495902043,89.89473684210526,64.0,38.58267716535434,76.89283109302946,良
EQ-0308,武昌110kV_电容器组_02,电容器组,35kV,武昌110kV变电站,华中,西门子,2013-06-09,20,13,rated_capacity_mvar=30.6,检修停运,0.65,1.0,12.0,0.0,,1.0,8.7,29504.75,0.9995934959349594,88.6,40,5,0.125,10,0.9,1,0.1,0.5999439024390244,0.7559951219512195,58.81707317073171,9012.036585365855,100.0,96.78870235099855,42.52513182337505,75.55,82.0,44.094488188976385,76.80471565377238,良
EQ-0258,天津滨海220kV_断路器_03,断路器,35kV,天津滨海220kV变电站,华北,河南森源,2014-08-11,25,12,rated_current_a=2475.4; breaking_capacity_ka=56.9,正常运行,0.48,1.0,12.0,0.0,,1.0,8.7,29504.75,0.9995934959349594,86.77317073170731,41,3,0.07317073170731707,10,6.9,4,0.4,0.5599,0.6974365853658536,58.81707317073171,9432.829268292682,100.0,96.78870235099855,54.89289458514944,82.4109756097561,28.0,62.83464566929135,76.78143029562216,良
EQ-0059,松山湖220kV_避雷器_01,避雷器,110kV,松山湖220kV变电站,华南,浙江金利华,2010-11-06,20,16,rated_voltage_kv=72.1,检修停运,0.8,1.0,12.0,0.0,,1.0,8.7,29504.75,0.9995934959349594,86.9625,40,8,0.2,9,0.0,0,0.0,0.5665487804878049,0.7051634146341463,58.81707317073171,9012.036585365855,100.0,96.78870235099855,50.573617036595515,63.48125,100.0,27.559055118110237,76.75055688932984,良
EQ-0068,南沙110kV_电力变压器_01,电力变压器,110kV,南沙110kV变电站,华南,ABB,2016-09-14,30,10,rated_capacity_mva=214.1; rated_current_a=587.0,正常运行,0.3333333333333333,1.0,7.6,1.0,1.0,3.0,7.6,29512.4,0.9997425474254743,88.05499999999999,40,3,0.075,10,6.0,4,0.4,0.4935780487804878,0.6108219512195122,60.03414634146342,9537.585365853658,81.81818181818181,97.26408849412489,68.55811743503178,82.7775,28.0,79.00262467191601,76.73587410756838,良
EQ-0246,通州35kV_隔离开关_03,隔离开关,35kV,通州35kV变电站,华北,西门子,2014-05-28,30,12,rated_current_a=1628.5,正常运行,0.4,1.0,12.0,0.0,,1.0,8.7,29504.75,0.9995934959349594,86.95,38,5,0.13157894736842105,10,1.8,1,0.1,0.6643048780487805,0.8227463414634146,58.81707317073171,9012.036585365855,100.0,96.78870235099855,29.75910516822225,73.73815789473684,82.0,71.65354330708661,76.73563951876336,良
EQ-0321,江夏35kV_隔离开关_03,隔离开关,35kV,江夏35kV变电站,华中,西电集团,2009-05-25,30,17,rated_current_a=1835.8,正常运行,0.5666666666666667,1.0,12.0,0.0,,1.0,8.7,29504.75,0.9995934959349594,86.115,40,7,0.175,9,3.4444444444444446,2,0.2222222222222222,0.5462585365853658,0.6867268292682926,58.81707317073171,9012.036585365855,100.0,96.78870235099855,54.368879504130824,66.8075,60.0,53.28083989501313,76.5807253605272,良
EQ-0386,重庆两江220kV_避雷器_01,避雷器,110kV,重庆两江220kV变电站,西南,西门子,2009-12-22,20,17,rated_voltage_kv=73.0,检修停运,0.85,1.0,12.0,0.0,,1.0,8.7,29504.75,0.9995934959349594,84.97567567567567,37,3,0.08108108108108109,10,1.6,1,0.1,0.5734682926829269,0.7181073170731707,58.81707317073171,9012.036585365855,100.0,96.78870235099855,48.69385667128817,80.32567567567568,82.0,22.047244094488207,76.55008756525751,良
EQ-0117,张江110kV_隔离开关_02,隔离开关,110kV,张江110kV变电站,华东,西电集团,2011-10-15,30,15,rated_current_a=3139.4,正常运行,0.5,1.0,7.1,0.0,0.0,1.0,7.1,29512.9,0.999759485094851,88.09024390243901,41,5,0.12195121951219512,10,1.7,1,0.1,0.6497975609756098,0.8140560975609756,58.81707317073171,9012.036585365855,100.0,97.47444767951879,32.077609727363026,75.75243902439024,82.0,60.629921259842526,76.53626946101915,良
EQ-0177,苏州工业园220kV_避雷器_06,避雷器,220kV,苏州工业园220kV变电站,华东,ABB,2010-11-03,20,16,rated_voltage_kv=165.7,带病运行,0.8,1.0,5.4,0.0,0.0,1.0,5.4,29514.6,0.9998170731707317,85.86835443037975,79,9,0.11392405063291139,10,2.6,1,0.1,0.5755926829268293,0.7269073170731707,58.81707317073171,9012.036585365855,100.0,98.18966890985807,47.692269664645174,75.84556962025317,82.0,27.559055118110237,76.50912866974964,良
EQ-0030,龙华220kV_避雷器_04,避雷器,110kV,龙华220kV变电站,华南,西门子,2012-09-12,20,14,rated_voltage_kv=111.7,正常运行,0.7,1.0,12.0,0.0,,1.0,8.7,29504.75,0.9995934959349594,86.845,40,2,0.05,10,2.3,1,0.1,0.6346146341463414,0.7879707317073171,58.81707317073171,9012.036585365855,100.0,96.78870235099855,35.99847789984289,85.9225,82.0,38.58267716535434,76.50407876670373,良
EQ-0432,大连开发区35kV_隔离开关_01,隔离开关,35kV,大连开发区35kV变电站,东北,新东北电气,2004-05-10,30,22,rated_current_a=3032.7,带病运行,0.7333333333333333,1.0,12.0,0.0,,1.0,8.7,29504.75,0.9995934959349594,83.16375000000001,80,11,0.1375,9,2.111111111111111,3,0.3333333333333333,0.4749707317073171,0.5952560975609756,58.81707317073171,9012.036585365855,100.0,96.78870235099855,70.05117295587678,70.956875,40.0,34.90813648293965,76.50231995966904,良
EQ-0401,成都高新35kV_隔离开关_02,隔离开关,35kV,成都高新35kV变电站,西南,河南森源,2014-02-14,30,12,rated_current_a=2050.2,带病运行,0.4,1.0,12.0,0.0,,1.0,8.7,29504.75,0.9995934959349594,86.96410256410256,39,4,0.10256410256410256,11,4.363636363636363,3,0.2727272727272727,0.6102121951219512,0.764060975609756,58.81707317073171,9012.036585365855,100.0,96.78870235099855,40.71566808396793,78.0974358974359,50.909090909090914,71.65354330708661,76.47175289322645,良
EQ-0052,松山湖220kV_隔离开关_02,隔离开关,220kV,松山湖220kV变电站,华南,长征电气,2017-07-16,30,9,rated_current_a=1695.6,正常运行,0.3,1.0,2.8,0.0,0.0,1.0,2.8,29517.2,0.9999051490514905,88.20740740740742,81,9,0.1111111111111111,12,5.75,4,0.3333333333333333,0.6188243902439025,0.7780780487804878,58.81707317073171,9012.036585365855,100.0,99.28353667390643,38.560181588670794,77.43703703703704,40.0,82.67716535433071,76.45201574350408,良
EQ-0119,张江110kV_隔离开关_04,隔离开关,110kV,张江110kV变电站,华东,长征电气,2009-12-10,30,17,rated_current_a=2569.5,带病运行,0.5666666666666667,1.0,13.6,0.0,0.0,1.0,13.6,29506.4,0.9995392953929539,86.7,38,4,0.10526315789473684,9,3.888888888888889,3,0.3333333333333333,0.5359756097560976,0.6613829268292684,58.81707317073171,9012.036585365855,100.0,94.73977826939796,57.69960001147867,77.56052631578947,40.0,53.28083989501313,76.45003859304505,良
EQ-0158,苏州工业园220kV_断路器_06,断路器,220kV,苏州工业园220kV变电站,华东,平高电气,2011-02-17,25,15,rated_current_a=3867.8; breaking_capacity_ka=41.0,正常运行,0.6,1.0,12.0,0.0,,1.0,8.7,29504.75,0.9995934959349594,86.14500000000001,80,11,0.1375,10,2.7,2,0.2,0.5534439024390243,0.6969512195121951,58.81707317073171,8510.073170731708,100.0,96.78870235099855,49.20775352628737,72.4475,64.0,49.60629921259844,76.42704609671705,良
EQ-0350,武侯110kV_断路器_02,断路器,110kV,武侯110kV变电站,西南,西门子,2018-08-06,25,8,rated_current_a=3090.1; breaking_capacity_ka=44.4,正常运行,0.32,1.0,12.0,0.0,,1.0,8.7,29504.75,0.9995934959349594,87.33421052631579,38,5,0.13157894736842105,9,7.111111111111111,3,0.3333333333333333,0.6103219512195122,0.7658682926829269,58.81707317073171,9597.585365853658,100.0,96.78870235099855,44.618517064362045,73.93026315789473,40.0,80.4724409448819,76.41822745124453,良
EQ-0307,武昌110kV_电容器组_01,电容器组,35kV,武昌110kV变电站,华中,九州电气,2011-11-22,20,15,rated_capacity_mvar=7.0,正常运行,0.75,1.0,8.3,0.0,0.0,1.0,8.3,29511.7,0.9997188346883469,85.6825,40,5,0.125,12,4.166666666666667,2,0.16666666666666666,0.5563902439024391,0.6905634146341463,58.81707317073171,9012.036585365855,100.0,96.96958563457339,52.94603288785276,74.09125,70.0,33.07086614173228,76.40389781865846,良
EQ-0149,苏州工业园220kV_电力变压器_02,电力变压器,35kV,苏州工业园220kV变电站,华东,特变电工,2007-07-19,30,19,rated_capacity_mva=144.6; rated_current_a=111.7,检修停运,0.6333333333333333,1.0,12.0,0.0,,1.0,8.7,29504.75,0.9995934959349594,85.61578947368422,38,7,0.18421052631578946,10,4.3,2,0.2,0.5194317073170732,0.6434073170731707,56.224390243902434,7737.634146341464,100.0,96.78870235099855,55.993376987328574,65.17631578947368,64.0,45.93175853018373,76.32603908910485,良
EQ-0234,亦庄110kV_避雷器_04,避雷器,220kV,亦庄110kV变电站,华北,河南久盛,2010-06-21,20,16,rated_voltage_kv=47.0,正常运行,0.8,1.0,12.0,0.0,,1.0,8.7,29504.75,0.9995934959349594,86.43086419753087,81,17,0.20987654320987653,11,3.1818181818181817,2,0.18181818181818182,0.49800243902439023,0.6163048780487804,58.81707317073171,9012.036585365855,100.0,96.78870235099855,65.73246477119747,61.73395061728395,67.27272727272728,27.559055118110237,76.24750425611556,良
EQ-0141,临港110kV_电容器组_01,电容器组,35kV,临港110kV变电站,华东,ABB,2015-07-26,20,11,rated_capacity_mvar=25.7,正常运行,0.55,1.0,12.0,0.0,,1.0,8.7,29504.75,0.9995934959349594,85.6,36,4,0.1111111111111111,12,3.0,3,0.25,0.5864463414634147,0.7222463414634146,58.81707317073171,9012.036585365855,100.0,96.78870235099855,46.939483215537386,76.13333333333333,55.00000000000001,55.118110236220474,76.17744813692924,良
EQ-0092,前海110kV_断路器_03,断路器,110kV,前海110kV变电站,华南,ABB,2020-01-13,25,6,rated_current_a=2216.9; breaking_capacity_ka=58.6,带病运行,0.24,2.0,20.700000000000003,0.0,0.0,2.0,10.350000000000001,14749.65,0.9992987804878048,87.8475,40,6,0.15,11,3.909090909090909,2,0.18181818181818182,0.5617707317073171,0.7014682926829269,58.81707317073171,10142.317073170732,90.9090909090909,76.10824973320375,59.273669927344685,71.42375,67.27272727272728,89.29133858267717,76.17362574492287,良
EQ-0162,苏州工业园220kV_隔离开关_01,隔离开关,220kV,苏州工业园220kV变电站,华东,西电集团,2014-08-08,30,12,rated_current_a=3108.0,正常运行,0.4,1.0,12.0,0.0,,1.0,8.7,29504.75,0.9995934959349594,87.54197530864197,81,9,0.1111111111111111,9,4.777777777777778,2,0.2222222222222222,0.6351268292682927,0.7964926829268292,58.81707317073171,9012.036585365855,100.0,96.78870235099855,35.19405957096161,77.10432098765432,60.0,71.65354330708661,76.12755486324885,良
EQ-0099,前海110kV_电容器组_01,电容器组,10kV,前海110kV变电站,华南,ABB,2016-03-17,20,10,rated_capacity_mvar=22.5,正常运行,0.5,1.0,5.3,0.0,0.0,1.0,5.3,29514.7,0.9998204607046071,86.39736842105263,38,1,0.02631578947368421,10,6.1,3,0.3,0.6318,0.7796219512195122,58.81707317073171,9012.036585365855,100.0,98.23174074693686,37.034323110946325,89.2513157894737,46.00000000000001,60.629921259842526,76.10390226598194,良
EQ-0225,亦庄110kV_隔离开关_02,隔离开关,110kV,亦庄110kV变电站,华北,西门子,2010-05-02,30,16,rated_current_a=1293.0,正常运行,0.5333333333333333,1.0,12.0,0.0,,1.0,8.7,29504.75,0.9995934959349594,87.57179487179488,39,11,0.28205128205128205,9,0.4444444444444444,1,0.1111111111111111,0.559870731707317,0.7013829268292683,58.81707317073171,9012.036585365855,100.0,96.78870235099855,51.62154245308054,51.47820512820513,80.0,56.955380577427825,76.09931778778936,良
EQ-0237,亦庄110kV_GIS组合电器_02,GIS组合电器,110kV,亦庄110kV变电站,华北,西门子,2010-07-10,35,16,rated_current_a=2187.1; sf6_pressure_mpa=0.6,正常运行,0.45714285714285713,1.0,12.0,0.0,,1.0,8.7,29504.75,0.9995934959349594,85.95263157894736,38,5,0.13157894736842105,9,3.0,1,0.1111111111111111,0.6485414634146341,0.8115512195121952,56.541463414634144,8314.878048780487,100.0,96.78870235099855,30.92320316864531,73.23947368421052,80.0,65.35433070866142,76.0637352274265,良
EQ-0215,亦庄110kV_电力变压器_01,电力变压器,110kV,亦庄110kV变电站,华北,西门子,2009-06-14,30,17,rated_capacity_mva=214.6; rated_current_a=139.5,正常运行,0.5666666666666667,1.0,12.0,0.0,,1.0,8.7,29504.75,0.9995934959349594,84.56216216216217,37,4,0.10810810810810811,10,5.4,3,0.3,0.5679975609756097,0.7142121951219512,54.443902439024384,8365.853658536585,100.0,96.78870235099855,51.54721468494556,76.06486486486486,46.00000000000001,53.28083989501313,76.00499712641987,良
EQ-0388,重庆两江220kV_避雷器_03,避雷器,220kV,重庆两江220kV变电站,西南,中国西电,2011-03-18,20,15,rated_voltage_kv=89.0,正常运行,0.75,1.0,5.7,0.0,0.0,1.0,5.7,29514.3,0.9998069105691056,86.9525,80,4,0.05,10,0.4,1,0.1,0.6420121951219513,0.7974829268292684,58.81707317073171,9012.036585365855,100.0,98.06345339862173,34.36934009326523,85.97625,82.0,33.07086614173228,75.89008281255063,良
EQ-0228,亦庄110kV_隔离开关_05,隔离开关,110kV,亦庄110kV变电站,华北,新东北电气,2010-07-04,30,16,rated_current_a=2539.0,带病运行,0.5333333333333333,1.0,12.0,0.0,,1.0,8.7,29504.75,0.9995934959349594,87.59487179487179,39,4,0.10256410256410256,9,2.7777777777777777,1,0.1111111111111111,0.6585439024390244,0.8251024390243903,58.81707317073171,9012.036585365855,100.0,96.78870235099855,30.169042668091883,78.4128205128205,80.0,56.955380577427825,75.84901013848395,良
EQ-0428,大连开发区35kV_电力变压器_02,电力变压器,35kV,大连开发区35kV变电站,东北,特变电工,2009-04-07,30,17,rated_capacity_mva=237.0; rated_current_a=541.7,备用,0.5666666666666667,1.0,6.9,0.0,0.0,1.0,6.9,29513.1,0.9997662601626016,85.95,38,6,0.15789473684210525,9,0.4444444444444444,1,0.1111111111111111,0.6520756097560976,0.8041756097560976,53.31951219512195,8599.048780487805,100.0,97.55859135367636,37.90026493937914,69.29078947368421,80.0,53.28083989501313,75.81347366916505,良
EQ-0069,南沙110kV_电力变压器_02,电力变压器,220kV,南沙110kV变电站,华南,ABB,2017-12-23,30,9,rated_capacity_mva=74.2; rated_current_a=385.5,正常运行,0.3,1.0,5.7,0.0,0.0,1.0,5.7,29514.3,0.9998069105691056,87.57848101265823,79,7,0.08860759493670886,10,4.0,2,0.2,0.6578926829268293,0.815580487804878,65.40243902439025,9122.682926829268,100.0,98.06345339862173,22.178341402089067,80.49810126582278,64.0,82.67716535433071,75.79079068544866,良
EQ-0298,武昌110kV_断路器_01,断路器,110kV,武昌110kV变电站,华中,西门子,2013-01-14,25,13,rated_current_a=2792.7; breaking_capacity_ka=41.4,带病运行,0.52,1.0,12.0,0.0,,1.0,8.7,29504.75,0.9995934959349594,87.2,37,6,0.16216216216216217,10,2.6,1,0.1,0.6203658536585366,0.7714804878048781,58.81707317073171,8420.90243902439,100.0,96.78870235099855,34.86290795398048,69.27567567567567,82.0,58.425196850393704,75.76419309738654,良
EQ-0361,武侯110kV_避雷器_02,避雷器,110kV,武侯110kV变电站,西南,浙江金利华,2016-10-14,20,10,rated_voltage_kv=72.9,备用,0.5,1.0,5.7,0.0,0.0,1.0,5.7,29514.3,0.9998069105691056,84.66341463414633,41,4,0.0975609756097561,9,2.888888888888889,1,0.1111111111111111,0.678829268292683,0.8345512195121951,58.81707317073171,9012.036585365855,100.0,98.06345339862173,27.164824246554872,77.69756097560975,80.0,60.629921259842526,75.76328180136105,良
EQ-0033,龙华220kV_避雷器_07,避雷器,220kV,龙华220kV变电站,华南,河南久盛,2012-05-12,20,14,rated_voltage_kv=78.5,正常运行,0.7,1.0,12.0,0.0,,1.0,8.7,29504.75,0.9995934959349594,88.39367088607595,79,6,0.0759493670886076,10,2.5,1,0.1,0.6389707317073171,0.7984780487804878,58.81707317073171,9012.036585365855,100.0,96.78870235099855,34.60764331740659,82.80443037974683,82.0,38.58267716535434,75.75820140717849,良
EQ-0172,苏州工业园220kV_避雷器_01,避雷器,220kV,苏州工业园220kV变电站,华东,浙江金利华,2008-03-09,20,18,rated_voltage_kv=218.8,带病运行,0.9,1.0,12.0,0.0,,1.0,8.7,29504.75,0.9995934959349594,85.28170731707317,82,10,0.12195121951219512,9,0.0,0,0.0,0.6013951219512195,0.7496585365853659,58.81707317073171,9012.036585365855,100.0,96.78870235099855,42.926997783716324,74.34817073170731,100.0,16.535433070866162,75.74890894378571,良
EQ-0255,天津滨海220kV_电力变压器_04,电力变压器,110kV,天津滨海220kV变电站,华北,特变电工,2010-07-21,30,16,rated_capacity_mva=97.5; rated_current_a=246.4,正常运行,0.5333333333333333,1.0,12.0,0.0,,1.0,8.7,29504.75,0.9995934959349594,87.38974358974359,39,3,0.07692307692307693,10,0.8,2,0.2,0.639509756097561,0.7983097560975609,56.86829268292683,8619.341463414634,100.0,96.78870235099855,34.69371111010629,82.15641025641025,64.0,56.955380577427825,75.71548228842529,良
EQ-0003,龙华220kV_电力变压器_03,电力变压器,220kV,龙华220kV变电站,华南,西电集团,2006-07-13,30,20,rated_capacity_mva=102.9; rated_current_a=461.6,正常运行,0.6666666666666666,1.0,6.9,0.0,0.0,1.0,6.9,29513.1,0.9997662601626016,83.2975,80,18,0.225,10,0.0,0,0.0,0.5486317073170732,0.6850487804878048,62.82439024390244,7991.09756097561,100.0,97.55859135367636,41.27674188713614,57.89875,100.0,42.25721784776905,75.67760093293941,良
EQ-0412,沈阳浑南110kV_断路器_02,断路器,110kV,沈阳浑南110kV变电站,东北,ABB,2014-01-26,25,12,rated_current_a=3385.4; breaking_capacity_ka=62.0,正常运行,0.48,1.0,10.2,0.0,0.0,1.0,10.2,29509.8,0.9996544715447154,87.785,40,3,0.075,10,5.2,3,0.3,0.6194024390243902,0.7710926829268292,58.81707317073171,9216.219512195123,100.0,96.17022073007655,40.533120961133896,82.6425,46.00000000000001,62.83464566929135,75.62050790517122,良
EQ-0166,苏州工业园220kV_隔离开关_05,隔离开关,220kV,苏州工业园220kV变电站,华东,新东北电气,2013-05-19,30,13,rated_current_a=3123.8,正常运行,0.43333333333333335,1.0,75.1,0.0,0.0,1.0,75.1,29444.9,0.9974559620596206,87.03,80,3,0.0375,11,2.909090909090909,3,0.2727272727272727,0.529590243902439,0.6568487804878049,58.81707317073171,9012.036585365855,100.0,68.86559846594703,58.782458545255245,87.89,50.909090909090914,67.97900262467192,75.60192075561675,良
EQ-0288,石家庄高新35kV_隔离开关_02,隔离开关,35kV,石家庄高新35kV变电站,华北,西门子,2006-04-10,30,20,rated_current_a=2294.7,正常运行,0.6666666666666666,1.0,6.5,0.0,0.0,1.0,6.5,29513.5,0.999779810298103,83.51538461538462,39,5,0.1282051282051282,11,4.090909090909091,2,0.18181818181818182,0.5857,0.7405048780487805,58.81707317073171,9012.036585365855,100.0,97.7268787019915,45.41351033345695,72.52692307692308,67.27272727272728,42.25721784776905,75.4601107806778,良
EQ-0413,沈阳浑南110kV_断路器_03,断路器,110kV,沈阳浑南110kV变电站,东北,沈阳高开,2009-10-25,25,17,rated_current_a=2543.3; breaking_capacity_ka=46.2,正常运行,0.68,1.0,12.0,0.0,,1.0,8.7,29504.75,0.9995934959349594,84.5,41,6,0.14634146341463414,10,1.2,1,0.1,0.5857975609756098,0.7339048780487805,58.81707317073171,8346.317073170732,100.0,96.78870235099855,41.3522566243868,70.29878048780488,82.0,40.78740157480316,75.45174902572812,良
EQ-0370,重庆两江220kV_断路器_02,断路器,110kV,重庆两江220kV变电站,西南,平高电气,2012-09-15,25,14,rated_current_a=3725.2; breaking_capacity_ka=62.9,正常运行,0.56,1.0,9.0,0.0,0.0,1.0,9.0,29511.0,0.9996951219512196,85.24864864864864,37,5,0.13513513513513514,10,8.4,4,0.4,0.5202439024390244,0.6523243902439024,58.81707317073171,9020.658536585366,100.0,96.67508277502195,60.24164701392537,72.35405405405405,28.0,54.01574803149607,75.43802886904717,良
EQ-0034,龙华220kV_避雷器_08,避雷器,35kV,龙华220kV变电站,华南,河南久盛,2010-05-01,20,16,rated_voltage_kv=169.8,正常运行,0.8,1.0,12.0,0.0,,1.0,8.7,29504.75,0.9995934959349594,86.22162162162162,37,4,0.10810810810810811,10,3.0,1,0.1,0.5980560975609756,0.7541146341463415,58.81707317073171,9012.036585365855,100.0,96.78870235099855,42.89276867305153,76.8945945945946,82.0,27.559055118110237,75.42638890581024,良
EQ-0173,苏州工业园220kV_避雷器_02,避雷器,220kV,苏州工业园220kV变电站,华东,中国西电,2011-12-25,20,15,rated_voltage_kv=162.5,带病运行,0.75,1.0,12.0,0.0,,1.0,8.7,29504.75,0.9995934959349594,86.45432098765433,81,9,0.1111111111111111,11,6.636363636363637,3,0.2727272727272727,0.543990243902439,0.6728487804878048,58.81707317073171,9012.036585365855,100.0,96.78870235099855,55.832521906578116,76.5604938271605,50.909090909090914,33.07086614173228,75.40631463067174,良
EQ-0311,武昌110kV_避雷器_03,避雷器,110kV,武昌110kV变电站,华中,浙江金利华,2017-07-15,20,9,rated_voltage_kv=132.6,正常运行,0.45,1.0,12.0,0.0,,1.0,8.7,29504.75,0.9995934959349594,88.7421052631579,38,5,0.13157894736842105,12,0.6666666666666666,1,0.08333333333333333,0.6904073170731707,0.861329268292683,58.81707317073171,9012.036585365855,100.0,96.78870235099855,23.56921836419646,74.6342105263158,85.0,66.14173228346456,75.38088895033283,良
EQ-0385,重庆两江220kV_电容器组_03,电容器组,35kV,重庆两江220kV变电站,西南,荣信股份,2012-06-10,20,14,rated_capacity_mvar=21.5,正常运行,0.7,1.0,14.7,0.0,0.0,1.0,14.7,29505.3,0.9995020325203252,86.6051282051282,39,1,0.02564102564102564,11,6.0,4,0.36363636363636365,0.5493268292682927,0.6876926829268293,58.81707317073171,9012.036585365855,100.0,94.27698806153136,53.955224675462425,89.45641025641025,34.54545454545455,38.58267716535434,75.3777172569412,良
EQ-0306,武昌110kV_隔离开关_04,隔离开关,110kV,武昌110kV变电站,华中,河南森源,2012-09-04,30,14,rated_current_a=2917.4,正常运行,0.4666666666666667,1.0,80.8,0.0,0.0,1.0,80.8,29439.2,0.9972628726287263,87.63846153846154,39,2,0.05128205128205128,10,0.8,1,0.1,0.5777926829268293,0.7260707317073171,58.81707317073171,9012.036585365855,100.0,66.46750375245647,47.53016754416022,86.12692307692308,82.0,64.30446194225722,75.34901891508753,良
EQ-0207,昆山35kV_隔离开关_01,隔离开关,35kV,昆山35kV变电站,华东,西电集团,2011-09-09,30,15,rated_current_a=2077.1,正常运行,0.5,1.0,12.0,0.0,,1.0,8.7,29504.75,0.9995934959349594,86.08250000000001,40,5,0.125,9,0.6666666666666666,1,0.1111111111111111,0.6690878048780488,0.8269024390243902,58.81707317073171,9012.036585365855,100.0,96.78870235099855,28.881165640626634,74.29125,80.0,60.629921259842526,75.34065322430929,良
EQ-0351,武侯110kV_断路器_03,断路器,35kV,武侯110kV变电站,西南,ABB,2018-08-02,25,8,rated_current_a=2064.3; breaking_capacity_ka=40.1,正常运行,0.32,2.0,22.8,0.0,0.0,2.0,11.4,14748.6,0.9992276422764228,87.49473684210527,38,0,0.0,9,5.444444444444445,3,0.3333333333333333,0.5508439024390245,0.6823,58.81707317073171,9354.609756097561,90.9090909090909,75.66530980702017,56.650241841036646,93.74736842105264,40.0,80.4724409448819,75.29973241453017,良
EQ-0391,重庆两江220kV_避雷器_06,避雷器,220kV,重庆两江220kV变电站,西南,中国西电,2013-12-02,20,13,rated_voltage_kv=206.3,正常运行,0.65,1.0,12.6,0.0,0.0,1.0,12.6,29507.4,0.9995731707317074,86.44197530864197,81,10,0.12345679012345678,9,7.222222222222222,3,0.3333333333333333,0.5324048780487806,0.6595,58.81707317073171,9012.036585365855,100.0,95.16049664018578,58.24774173114161,74.70246913580246,40.0,44.094488188976385,75.2964668635335,良
EQ-0135,临港110kV_断路器_04,断路器,110kV,临港110kV变电站,华东,ABB,2017-02-11,25,9,rated_current_a=1854.0; breaking_capacity_ka=58.6,正常运行,0.36,1.0,47.8,1.0,1.0,3.0,47.8,29472.2,0.9983807588075881,86.8170731707317,41,3,0.07317073170731707,10,2.0,1,0.1,0.5759195121951219,0.7088756097560975,58.81707317073171,9550.707317073171,81.81818181818181,80.35120998845453,52.99068007327274,82.4329268292683,82.0,76.06299212598425,75.29416170387958,良
EQ-0102,前海110kV_避雷器_02,避雷器,110kV,前海110kV变电站,华南,西门子,2018-08-03,20,8,rated_voltage_kv=152.9,正常运行,0.4,1.0,5.9,0.0,0.0,1.0,5.9,29514.1,0.9998001355013549,88.54102564102564,39,3,0.07692307692307693,12,3.6666666666666665,4,0.3333333333333333,0.6317731707317074,0.7963439024390244,58.81707317073171,9012.036585365855,100.0,97.97930972446416,35.56641978356332,82.73205128205129,40.0,71.65354330708661,75.28430792462186,良
EQ-0320,江夏35kV_隔离开关_02,隔离开关,35kV,江夏35kV变电站,华中,西门子,2007-12-03,30,19,rated_current_a=3115.1,正常运行,0.6333333333333333,1.0,7.8,0.0,0.0,1.0,7.8,29512.2,0.9997357723577236,84.35897435897436,39,7,0.1794871794871795,9,7.333333333333333,3,0.3333333333333333,0.5122878048780487,0.6396121951219512,58.81707317073171,9012.036585365855,100.0,97.17994481996732,62.152094448195406,65.25641025641025,40.0,45.93175853018373,75.24804524511245,良
EQ-0363,武侯110kV_避雷器_04,避雷器,110kV,武侯110kV变电站,西南,ABB,2016-12-23,20,10,rated_voltage_kv=122.6,正常运行,0.5,1.0,15.2,1.0,1.0,3.0,15.2,29504.8,0.9994850948509485,84.31052631578947,38,4,0.10526315789473684,10,2.2,2,0.2,0.522329268292683,0.6515048780487805,58.81707317073171,9012.036585365855,81.81818181818181,94.06662887613744,60.0303423322675,76.3657894736842,64.0,60.629921259842526,75.19180024326333,良
EQ-0056,松山湖220kV_隔离开关_06,隔离开关,220kV,松山湖220kV变电站,华南,河南森源,2013-11-17,30,13,rated_current_a=1736.4,带病运行,0.43333333333333335,1.0,25.3,1.0,1.0,3.0,25.3,29494.7,0.9991429539295393,88.1225,80,7,0.0875,12,3.1666666666666665,2,0.16666666666666666,0.549139024390244,0.6874634146341463,58.81707317073171,9012.036585365855,81.81818181818181,89.81737333118046,53.995509302296604,80.93625,70.0,67.97900262467192,75.15545974370806,良
EQ-0142,临港110kV_电容器组_02,电容器组,35kV,临港110kV变电站,华东,ABB,2016-09-05,20,10,rated_capacity_mvar=32.0,正常运行,0.5,2.0,9.399999999999999,0.0,0.0,2.0,4.699999999999999,14755.3,0.9996815718157182,85.135,40,1,0.025,10,0.0,0,0.0,0.6323829268292683,0.7848975609756097,58.81707317073171,9012.036585365855,90.9090909090909,78.49168838362014,36.50785899546253,88.8175,100.0,60.629921259842526,75.11279932907351,良
EQ-0261,天津滨海220kV_断路器_06,断路器,220kV,天津滨海220kV变电站,华北,河南森源,2013-08-25,25,13,rated_current_a=3306.8; breaking_capacity_ka=52.2,正常运行,0.52,1.0,12.0,0.0,,1.0,8.7,29504.75,0.9995934959349594,86.85375,80,8,0.1,10,2.0,1,0.1,0.6770536585365854,0.8385414634146342,58.81707317073171,8674.365853658537,100.0,96.78870235099855,24.65496072677506,78.426875,82.0,58.425196850393704,75.0952835505941,良
EQ-0382,重庆两江220kV_隔离开关_06,隔离开关,220kV,重庆两江220kV变电站,西南,新东北电气,2016-03-09,30,10,rated_current_a=1144.8,正常运行,0.3333333333333333,1.0,12.0,0.0,,1.0,8.7,29504.75,0.9995934959349594,86.72307692307692,78,7,0.08974358974358974,10,4.0,3,0.3,0.6566195121951219,0.8177048780487804,58.81707317073171,9012.036585365855,100.0,96.78870235099855,31.025852483554125,79.89999999999999,46.00000000000001,79.00262467191601,75.04817343410214,良
EQ-0302,武昌110kV_断路器_05,断路器,220kV,武昌110kV变电站,华中,西门子,2010-07-15,25,16,rated_current_a=1633.6; breaking_capacity_ka=38.1,备用,0.64,1.0,2.4,0.0,0.0,1.0,2.4,29517.6,0.9999186991869918,86.015,80,11,0.1375,11,6.181818181818182,3,0.2727272727272727,0.5612829268292683,0.6952439024390243,58.81707317073171,8494.390243902439,100.0,99.45182402222154,48.409029601343235,72.3825,50.909090909090914,45.19685039370079,75.04013985499213,良
EQ-0227,亦庄110kV_隔离开关_04,隔离开关,220kV,亦庄110kV变电站,华北,河南森源,2011-08-13,30,15,rated_current_a=1889.6,正常运行,0.5,1.0,12.0,0.0,,1.0,8.7,29504.75,0.9995934959349594,86.45625,80,7,0.0875,9,3.111111111111111,1,0.1111111111111111,0.6965170731707317,0.8628292682926829,58.81707317073171,9012.036585365855,100.0,96.78870235099855,22.782753674009747,80.103125,80.0,60.629921259842526,74.99275208098592,良
EQ-0037,龙华220kV_GIS组合电器_03,GIS组合电器,220kV,龙华220kV变电站,华南,ABB,2008-12-11,35,18,rated_current_a=2266.0; sf6_pressure_mpa=0.6,正常运行,0.5142857142857142,1.0,5.4,0.0,0.0,1.0,5.4,29514.6,0.9998170731707317,84.72820512820513,78,9,0.11538461538461539,11,1.0909090909090908,1,0.09090909090909091,0.6226268292682927,0.778509756097561,64.74878048780488,8242.658536585366,100.0,98.18966890985807,24.05431226636688,75.05641025641026,83.63636363636364,59.05511811023623,74.97640594836652,良
EQ-0118,张江110kV_隔离开关_03,隔离开关,110kV,张江110kV变电站,华东,长征电气,2011-11-03,30,15,rated_current_a=1374.5,正常运行,0.5,1.0,12.6,0.0,0.0,1.0,12.6,29507.4,0.9995731707317074,86.28947368421052,38,5,0.13157894736842105,12,1.0833333333333333,1,0.08333333333333333,0.6813585365853658,0.8406707317073171,58.81707317073171,9012.036585365855,100.0,95.16049664018578,26.35562507342599,73.40789473684211,85.0,60.629921259842526,74.87740067923293,良
EQ-0049,松山湖220kV_断路器_07,断路器,220kV,松山湖220kV变电站,华南,沈阳高开,2017-07-12,25,9,rated_current_a=3323.0; breaking_capacity_ka=34.2,正常运行,0.36,2.0,20.1,1.0,0.5,4.0,10.05,14749.95,0.999319105691057,86.52125,80,6,0.075,13,0.0,0,0.0,0.5651073170731707,0.7049073170731707,58.81707317073171,9981.09756097561,72.72727272727273,76.23480399782763,57.49216725668467,82.010625,100.0,76.06299212598425,74.83510539531908,良
EQ-0184,杭州滨江110kV_电力变压器_03,电力变压器,35kV,杭州滨江110kV变电站,华东,保变电气,2013-02-20,30,13,rated_capacity_mva=118.1; rated_current_a=162.3,正常运行,0.43333333333333335,1.0,12.0,0.0,,1.0,8.7,29504.75,0.9995934959349594,86.1076923076923,39,4,0.10256410256410256,9,1.3333333333333333,1,0.1111111111111111,0.6916317073170731,0.8551731707317073,62.646341463414636,9267.731707317073,100.0,96.78870235099855,20.13674131010977,77.66923076923077,80.0,67.97900262467192,74.83337361007348,良
EQ-0090,前海110kV_断路器_01,断路器,110kV,前海110kV变电站,华南,河南森源,2014-02-14,25,12,rated_current_a=1942.1; breaking_capacity_ka=43.8,带病运行,0.48,1.0,2.8,0.0,0.0,1.0,2.8,29517.2,0.9999051490514905,86.2125,40,7,0.175,10,2.5,2,0.2,0.6346341463414634,0.7878024390243903,58.81707317073171,9005.121951219513,100.0,99.28353667390643,35.96308573636689,66.85625,64.0,62.83464566929135,74.76122654898381,良
EQ-0317,江夏35kV_断路器_02,断路器,220kV,江夏35kV变电站,华中,河南森源,2007-10-20,25,19,rated_current_a=2258.0; breaking_capacity_ka=56.3,正常运行,0.76,1.0,4.6,0.0,0.0,1.0,4.6,29515.4,0.9998441734417345,84.12,80,17,0.2125,10,1.5,2,0.2,0.49211951219512196,0.6257,58.81707317073171,7800.268292682927,100.0,98.52624360648834,57.10627145029053,60.185,64.0,31.96850393700788,74.75110340505657,良
EQ-0123,张江110kV_避雷器_01,避雷器,110kV,张江110kV变电站,华东,浙江金利华,2012-03-15,20,14,rated_voltage_kv=104.3,正常运行,0.7,1.0,12.0,0.0,,1.0,8.7,29504.75,0.9995934959349594,84.39736842105263,38,4,0.10526315789473684,9,7.888888888888889,4,0.4444444444444444,0.4980951219512195,0.6208024390243903,58.81707317073171,9012.036585365855,100.0,96.78870235099855,65.32695321880156,76.40921052631579,20.0,38.58267716535434,74.74278040944283,良
EQ-0226,亦庄110kV_隔离开关_03,隔离开关,110kV,亦庄110kV变电站,华北,西门子,2010-12-10,30,16,rated_current_a=3056.1,正常运行,0.5333333333333333,1.0,12.0,0.0,,1.0,8.7,29504.75,0.9995934959349594,83.91052631578947,38,4,0.10526315789473684,9,1.5555555555555556,2,0.2222222222222222,0.6309780487804878,0.7887365853658537,58.81707317073171,9012.036585365855,100.0,96.78870235099855,36.32070124031977,76.16578947368421,60.0,56.955380577427825,74.74228719705907,良
EQ-0087,前海110kV_电力变压器_01,电力变压器,110kV,前海110kV变电站,华南,ABB,2014-02-26,30,12,rated_capacity_mva=183.6; rated_current_a=186.3,正常运行,0.4,1.0,12.0,0.0,,1.0,8.7,29504.75,0.9995934959349594,86.33250000000001,40,7,0.175,9,2.3333333333333335,2,0.2222222222222222,0.6100536585365853,0.771,63.34878048780488,9334.024390243903,100.0,96.78870235099855,35.709527012838095,66.91625,60.0,71.65354330708661,74.70243770347601,良
EQ-0126,张江110kV_避雷器_04,避雷器,220kV,张江110kV变电站,华东,中国西电,2009-07-17,20,17,rated_voltage_kv=183.2,带病运行,0.85,1.0,3.5,0.0,0.0,1.0,3.5,29516.5,0.9998814363143631,86.45256410256411,78,7,0.08974358974358974,10,0.8,1,0.1,0.622429268292683,0.7838512195121952,58.81707317073171,9012.036585365855,100.0,98.98903381435495,37.66621579665724,79.76474358974359,82.0,22.047244094488207,74.7004858701128,良
EQ-0336,长沙星沙110kV_隔离开关_02,隔离开关,110kV,长沙星沙110kV变电站,华中,西门子,2013-08-18,30,13,rated_current_a=1171.2,正常运行,0.43333333333333335,1.0,9.6,0.0,0.0,1.0,9.6,29510.4,0.9996747967479676,86.31282051282051,39,2,0.05128205128205128,9,3.5555555555555554,2,0.2222222222222222,0.6942365853658536,0.8564292682926828,58.81707317073171,9012.036585365855,100.0,96.42265175254924,23.589971507189418,85.46410256410256,60.0,67.97900262467192,74.62004029903032,良
EQ-0367,重庆两江220kV_电力变压器_03,电力变压器,220kV,重庆两江220kV变电站,西南,西电集团,2013-03-11,30,13,rated_capacity_mva=61.4; rated_current_a=430.9,正常运行,0.43333333333333335,2.0,10.2,0.0,0.0,2.0,5.1,14754.9,0.9996544715447154,86.57000000000001,80,7,0.0875,9,2.4444444444444446,1,0.1111111111111111,0.586229268292683,0.7286439024390244,58.81707317073171,9089.560975609756,90.9090909090909,78.32294936412164,46.939366044530274,80.16,80.0,67.97900262467192,74.60163607147031,良
EQ-0006,龙华220kV_断路器_01,断路器,35kV,龙华220kV变电站,华南,沈阳高开,2007-02-01,25,19,rated_current_a=2215.4; breaking_capacity_ka=38.9,正常运行,0.76,1.0,2.8,0.0,0.0,1.0,2.8,29517.2,0.9999051490514905,84.08684210526316,38,5,0.13157894736842105,10,5.7,3,0.3,0.5212439024390244,0.6539487804878049,58.81707317073171,8249.390243902439,100.0,99.28353667390643,54.62605443980142,72.30657894736842,46.00000000000001,31.96850393700788,74.42475545854762,良
EQ-0005,龙华220kV_电力变压器_05,电力变压器,220kV,龙华220kV变电站,华南,特变电工,2007-02-10,30,19,rated_capacity_mva=167.7; rated_current_a=251.9,正常运行,0.6333333333333333,1.0,8.7,0.0,0.0,1.0,8.7,29511.3,0.9997052845528455,84.33875,80,10,0.125,11,3.8181818181818183,2,0.18181818181818182,0.5594707317073171,0.7013341463414634,62.821951219512194,7986.317073170731,100.0,96.80129828625827,38.65351338900655,73.419375,67.27272727272728,45.93175853018373,74.42431716534406,良
EQ-0389,重庆两江220kV_避雷器_04,避雷器,220kV,重庆两江220kV变电站,西南,浙江金利华,2011-08-06,20,15,rated_voltage_kv=122.7,正常运行,0.75,1.0,12.0,0.0,,1.0,8.7,29504.75,0.9995934959349594,87.8379746835443,79,9,0.11392405063291139,9,6.222222222222222,3,0.3333333333333333,0.5373341463414634,0.6782487804878049,58.81707317073171,9012.036585365855,100.0,96.78870235099855,56.07062683730954,76.83037974683545,40.0,33.07086614173228,74.40350941386018,良
EQ-0254,天津滨海220kV_电力变压器_03,电力变压器,220kV,天津滨海220kV变电站,华北,特变电工,2014-09-03,30,12,rated_capacity_mva=176.6; rated_current_a=338.0,正常运行,0.4,2.0,6.3,0.0,0.0,2.0,3.15,14756.85,0.9997865853658536,87.79634146341463,82,5,0.06097560975609756,10,3.0,1,0.1,0.6427634146341463,0.8017243902439024,56.607317073170734,9192.878048780487,90.9090909090909,79.14555208417686,38.4179465300325,84.75182926829268,82.0,71.65354330708661,74.31810117106717,良
EQ-0032,龙华220kV_避雷器_06,避雷器,110kV,龙华220kV变电站,华南,河南久盛,2008-01-04,20,18,rated_voltage_kv=86.6,正常运行,0.9,1.0,12.0,0.0,,1.0,8.7,29504.75,0.9995934959349594,85.19,40,8,0.2,10,3.9,2,0.2,0.5073658536585366,0.6433365853658537,58.81707317073171,9012.036585365855,100.0,96.78870235099855,62.3518000215305,62.595,64.0,16.535433070866162,74.27089378159245,良
EQ-0233,亦庄110kV_避雷器_03,避雷器,35kV,亦庄110kV变电站,华北,浙江金利华,2011-08-07,20,15,rated_voltage_kv=163.0,正常运行,0.75,1.0,9.4,0.0,0.0,1.0,9.4,29510.6,0.9996815718157182,86.56052631578947,38,5,0.13157894736842105,9,0.0,0,0.0,0.6717829268292683,0.834570731707317,58.81707317073171,9012.036585365855,100.0,96.5067954267068,27.917975892752295,73.54342105263157,100.0,33.07086614173228,74.2235540359598,良
EQ-0065,松山湖220kV_GIS组合电器_01,GIS组合电器,220kV,松山湖220kV变电站,华南,西门子,2014-08-09,35,12,rated_current_a=3689.3; sf6_pressure_mpa=0.5,正常运行,0.34285714285714286,1.0,12.0,0.0,,1.0,8.7,29504.75,0.9995934959349594,86.76962025316456,79,13,0.16455696202531644,11,6.818181818181818,4,0.36363636363636365,0.5792073170731707,0.7288585365853658,63.046341463414635,9094.731707317073,100.0,96.78870235099855,41.499892124300835,68.70126582278482,34.54545454545455,77.95275590551181,74.21272981357426,良
EQ-0268,天津滨海220kV_隔离开关_05,隔离开关,220kV,天津滨海220kV变电站,华北,河南森源,2014-03-09,30,12,rated_current_a=2521.4,正常运行,0.4,1.0,12.0,0.0,,1.0,8.7,29504.75,0.9995934959349594,86.83291139240507,79,7,0.08860759493670886,10,5.6,3,0.3,0.6565170731707317,0.8276999999999999,58.81707317073171,9012.036585365855,100.0,96.78870235099855,30.157706742360922,80.12531645569621,46.00000000000001,71.65354330708661,74.173433617735,良
EQ-0164,苏州工业园220kV_隔离开关_03,隔离开关,220kV,苏州工业园220kV变电站,华东,西电集团,2008-07-11,30,18,rated_current_a=1319.6,检修停运,0.6,1.0,9.4,0.0,0.0,1.0,9.4,29510.6,0.9996815718157182,85.89506172839506,81,13,0.16049382716049382,11,2.0,2,0.18181818181818182,0.6182926829268293,0.7712268292682927,58.81707317073171,9012.036585365855,100.0,96.5067954267068,39.21974120275775,68.87345679012346,67.27272727272728,49.60629921259844,74.164228492944,良
EQ-0400,成都高新35kV_隔离开关_01,隔离开关,35kV,成都高新35kV变电站,西南,长征电气,2012-05-18,30,14,rated_current_a=2925.4,正常运行,0.4666666666666667,1.0,12.0,0.0,,1.0,8.7,29504.75,0.9995934959349594,86.6275,40,4,0.1,9,5.555555555555555,3,0.3333333333333333,0.6268829268292683,0.7758756097560976,58.81707317073171,9012.036585365855,100.0,96.78870235099855,37.89059355219031,78.31375,40.0,64.30446194225722,74.1133678748635,良
EQ-0170,苏州工业园220kV_电容器组_02,电容器组,35kV,苏州工业园220kV变电站,华东,思源电气,2009-04-09,20,17,rated_capacity_mvar=28.6,正常运行,0.85,1.0,12.0,0.0,,1.0,8.7,29504.75,0.9995934959349594,86.7175,40,4,0.1,9,6.444444444444445,3,0.3333333333333333,0.5251536585365854,0.6619487804878049,58.81707317073171,9012.036585365855,100.0,96.78870235099855,58.809175721291034,78.35875,40.0,22.047244094488207,74.07811252390674,良
EQ-0163,苏州工业园220kV_隔离开关_02,隔离开关,220kV,苏州工业园220kV变电站,华东,长征电气,2007-07-21,30,19,rated_current_a=1787.5,带病运行,0.6333333333333333,1.0,12.0,0.0,,1.0,8.7,29504.75,0.9995934959349594,84.19753086419753,81,11,0.13580246913580246,11,8.272727272727273,5,0.45454545454545453,0.5099463414634147,0.6360414634146342,58.81707317073171,9012.036585365855,100.0,96.78870235099855,62.71699653492791,71.72839506172839,18.181818181818187,45.93175853018373,74.07175670764474,良
EQ-0109,张江110kV_电力变压器_03,电力变压器,110kV,张江110kV变电站,华东,ABB,2010-04-16,30,16,rated_capacity_mva=47.8; rated_current_a=161.9,正常运行,0.5333333333333333,1.0,1.7,0.0,0.0,1.0,1.7,29518.3,0.9999424119241193,86.03142857142856,35,5,0.14285714285714285,10,0.6,1,0.1,0.6648292682926829,0.8142268292682926,61.30731707317073,8355.90243902439,100.0,99.74632688177303,22.231810732514486,71.58714285714285,82.0,56.955380577427825,74.02923700917171,良
EQ-0222,亦庄110kV_断路器_05,断路器,110kV,亦庄110kV变电站,华北,河南森源,2009-10-16,25,17,rated_current_a=3640.5; breaking_capacity_ka=32.6,正常运行,0.68,1.0,12.0,0.0,,1.0,8.7,29504.75,0.9995934959349594,86.37567567567568,37,7,0.1891891891891892,11,5.545454545454546,4,0.36363636363636365,0.489919512195122,0.6132341463414634,58.81707317073171,8308.707317073171,100.0,96.78870235099855,61.97551741069553,64.80945945945946,34.54545454545455,40.78740157480316,74.0075484832835,良
EQ-0318,江夏35kV_断路器_03,断路器,35kV,江夏35kV变电站,华中,平高电气,2009-03-11,25,17,rated_current_a=1312.4; breaking_capacity_ka=44.4,检修停运,0.68,1.0,14.9,0.0,0.0,1.0,14.9,29505.1,0.9994952574525745,86.53999999999999,40,5,0.125,9,3.111111111111111,3,0.3333333333333333,0.5285975609756097,0.6626560975609757,58.81707317073171,8462.585365853658,100.0,94.19284438737378,54.55557727281131,74.52,40.0,40.78740157480316,74.00642448951733,良
EQ-0251,通州35kV_避雷器_03,避雷器,35kV,通州35kV变电站,华北,西门子,2013-11-09,20,13,rated_voltage_kv=101.5,正常运行,0.65,1.0,12.0,0.0,,1.0,8.7,29504.75,0.9995934959349594,86.72564102564102,39,3,0.07692307692307693,12,4.666666666666667,4,0.3333333333333333,0.5900853658536586,0.7428853658536586,58.81707317073171,9012.036585365855,100.0,96.78870235099855,44.73433470971171,81.82435897435897,40.0,44.094488188976385,73.98771007719355,良
EQ-0201,昆山35kV_电力变压器_01,电力变压器,35kV,昆山35kV变电站,华东,西门子,2004-06-05,30,22,rated_capacity_mva=119.4; rated_current_a=152.6,正常运行,0.7333333333333333,1.0,5.8,0.0,0.0,1.0,5.8,29514.2,0.9998035230352303,82.51124999999999,80,16,0.2,9,0.0,0,0.0,0.5896536585365854,0.7314951219512195,60.69512195121951,7590.682926829269,100.0,98.02138156154297,33.13719057721298,61.255624999999995,100.0,34.90813648293965,73.91087182604517,良
EQ-0219,亦庄110kV_断路器_02,断路器,110kV,亦庄110kV变电站,华北,平高电气,2014-02-16,25,12,rated_current_a=3408.6; breaking_capacity_ka=36.3,正常运行,0.48,1.0,5.0,0.0,0.0,1.0,5.0,29515.0,0.9998306233062331,87.45641025641027,39,6,0.15384615384615385,10,4.6,2,0.2,0.6705634146341463,0.8298926829268292,58.81707317073171,9190.853658536585,100.0,98.3579562581732,29.704080222413115,70.65128205128205,64.0,62.83464566929135,73.89356417073871,良
EQ-0191,杭州滨江110kV_隔离开关_02,隔离开关,220kV,杭州滨江110kV变电站,华东,新东北电气,2010-09-02,30,16,rated_current_a=1533.6,正常运行,0.5333333333333333,1.0,12.0,0.0,,1.0,8.7,29504.75,0.9995934959349594,85.59625,80,14,0.175,12,4.083333333333333,2,0.16666666666666666,0.6463707317073171,0.7942878048780488,58.81707317073171,9012.036585365855,100.0,96.78870235099855,34.1834408533017,66.548125,70.0,56.955380577427825,73.87218544860283,良
EQ-0042,松山湖220kV_电力变压器_04,电力变压器,220kV,松山湖220kV变电站,华南,特变电工,2015-06-25,30,11,rated_capacity_mva=114.1; rated_current_a=177.2,正常运行,0.36666666666666664,1.0,12.0,0.0,,1.0,8.7,29504.75,0.9995934959349594,86.72179487179487,78,9,0.11538461538461539,10,4.2,3,0.3,0.631470731707317,0.7928975609756098,64.44878048780488,9318.170731707318,100.0,96.78870235099855,29.763980469237183,76.05320512820512,46.00000000000001,75.32808398950132,73.85132573222806,良
EQ-0081,南沙110kV_电容器组_02,电容器组,35kV,南沙110kV变电站,华南,九州电气,2016-07-08,20,10,rated_capacity_mvar=27.9,正常运行,0.5,1.0,24.9,1.0,1.0,3.0,24.9,29495.1,0.9991565040650406,87.20270270270271,37,2,0.05405405405405406,11,2.5454545454545454,1,0.09090909090909091,0.6141121951219513,0.7593926829268293,58.81707317073171,9012.036585365855,81.81818181818181,89.9856606794956,40.708464013086335,85.49324324324324,83.63636363636364,60.629921259842526,73.84398536916895,良
EQ-0116,张江110kV_隔离开关_01,隔离开关,110kV,张江110kV变电站,华东,河南森源,2009-02-06,30,17,rated_current_a=1498.7,正常运行,0.5666666666666667,1.0,12.0,0.0,,1.0,8.7,29504.75,0.9995934959349594,85.25,38,6,0.15789473684210525,9,3.4444444444444446,2,0.2222222222222222,0.6171268292682927,0.7744926829268293,58.81707317073171,9012.036585365855,100.0,96.78870235099855,39.057390166196576,68.94078947368422,60.0,53.28083989501313,73.83842091399298,良
EQ-0031,龙华220kV_避雷器_05,避雷器,220kV,龙华220kV变电站,华南,浙江金利华,2011-02-13,20,15,rated_voltage_kv=50.6,正常运行,0.75,1.0,12.0,0.0,,1.0,8.7,29504.75,0.9995934959349594,87.01875,80,10,0.125,9,0.4444444444444444,1,0.1111111111111111,0.6401560975609757,0.7966975609756097,58.81707317073171,9012.036585365855,100.0,96.78870235099855,34.637258828306265,74.759375,80.0,33.07086614173228,73.8061851000342,良
EQ-0335,长沙星沙110kV_隔离开关_01,隔离开关,110kV,长沙星沙110kV变电站,华中,长征电气,2011-03-20,30,15,rated_current_a=1796.8,正常运行,0.5,1.0,2.7,0.0,0.0,1.0,2.7,29517.3,0.9999085365853658,87.61,40,3,0.075,10,6.3,3,0.3,0.6608853658536585,0.8306121951219513,58.81707317073171,9012.036585365855,100.0,99.3256085109852,29.433593888034494,82.555,46.00000000000001,60.629921259842526,73.7980826057882,良
EQ-0157,苏州工业园220kV_断路器_05,断路器,220kV,苏州工业园220kV变电站,华东,沈阳高开,2010-06-27,25,16,rated_current_a=1364.7; breaking_capacity_ka=49.1,正常运行,0.64,1.0,12.0,0.0,,1.0,8.7,29504.75,0.9995934959349594,86.03827160493827,81,11,0.13580246913580246,10,0.3,1,0.1,0.6416000000000001,0.8008024390243903,58.81707317073171,8277.439024390244,100.0,96.78870235099855,29.011052785694908,72.64876543209877,82.0,45.19685039370079,73.77695088152359,良
EQ-0229,亦庄110kV_电容器组_01,电容器组,35kV,亦庄110kV变电站,华北,九州电气,2014-09-15,20,12,rated_capacity_mvar=34.8,带病运行,0.6,1.0,12.0,0.0,,1.0,8.7,29504.75,0.9995934959349594,85.34324324324324,37,6,0.16216216216216217,9,0.3333333333333333,1,0.1111111111111111,0.6596536585365853,0.8177439024390245,58.81707317073171,9012.036585365855,100.0,96.78870235099855,30.697374894041722,68.34729729729729,80.0,49.60629921259844,73.70993996486251,良
EQ-0009,龙华220kV_断路器_04,断路器,220kV,龙华220kV变电站,华南,沈阳高开,2007-06-03,25,19,rated_current_a=3149.8; breaking_capacity_ka=43.6,带病运行,0.76,1.0,12.0,0.0,,1.0,8.7,29504.75,0.9995934959349594,85.33461538461539,78,16,0.20512820512820512,9,1.1111111111111112,1,0.1111111111111111,0.5570536585365853,0.6918048780487805,58.81707317073171,7762.512195121952,100.0,96.78870235099855,44.07302731279097,61.89807692307693,80.0,31.96850393700788,73.65390786492023,良
EQ-0048,松山湖220kV_断路器_06,断路器,220kV,松山湖220kV变电站,华南,河南森源,2013-01-10,25,13,rated_current_a=3972.0; breaking_capacity_ka=50.2,正常运行,0.52,2.0,15.4,0.0,0.0,2.0,7.7,14752.3,0.9994783197831978,87.32962962962962,81,10,0.12345679012345678,10,0.0,0,0.0,0.6071024390243903,0.7594121951219512,58.81707317073171,9041.365853658537,90.9090909090909,77.22614573738134,41.66173534369171,75.1462962962963,100.0,58.425196850393704,73.61931307297115,良
EQ-0394,重庆两江220kV_GIS组合电器_03,GIS组合电器,220kV,重庆两江220kV变电站,西南,平高电气,2011-04-26,35,15,rated_current_a=3662.6; sf6_pressure_mpa=0.5,正常运行,0.42857142857142855,1.0,2.7,0.0,0.0,1.0,2.7,29517.3,0.9999085365853658,85.33536585365853,82,9,0.10975609756097561,9,5.111111111111111,2,0.2222222222222222,0.6816756097560975,0.8312195121951219,61.24634146341463,8804.170731707318,100.0,99.3256085109852,22.14053542526518,76.20426829268291,60.0,68.50393700787401,73.57426273193992,良
EQ-0187,杭州滨江110kV_断路器_03,断路器,110kV,杭州滨江110kV变电站,华东,ABB,2016-06-07,25,10,rated_current_a=3044.4; breaking_capacity_ka=42.8,检修停运,0.4,2.0,21.0,0.0,0.0,2.0,10.5,14749.5,0.9992886178861788,86.6263157894737,38,3,0.07894736842105263,12,0.0,0,0.0,0.6844146341463415,0.8383121951219513,58.81707317073171,9686.19512195122,90.9090909090909,76.04497260089181,30.925686473538587,81.47105263157896,100.0,71.65354330708661,73.50741676760431,良
EQ-0083,南沙110kV_避雷器_02,避雷器,110kV,南沙110kV变电站,华南,浙江金利华,2017-05-16,20,9,rated_voltage_kv=132.0,正常运行,0.45,1.0,12.0,0.0,,1.0,8.7,29504.75,0.9995934959349594,86.0875,40,6,0.15,11,2.272727272727273,2,0.18181818181818182,0.6865658536585366,0.8384,58.81707317073171,9012.036585365855,100.0,96.78870235099855,25.99749213944628,70.54375,67.27272727272728,66.14173228346456,73.48024735370817,良
EQ-0129,临港110kV_电力变压器_01,电力变压器,110kV,临港110kV变电站,华东,保变电气,2019-05-28,30,7,rated_capacity_mva=110.8; rated_current_a=176.1,正常运行,0.23333333333333334,5.0,54.900000000000006,0.0,0.0,5.0,10.98,5893.0199999999995,0.9981402439024389,88.61714285714285,35,2,0.05714285714285714,11,3.272727272727273,2,0.18181818181818182,0.49369512195121945,0.6274317073170731,56.11463414634146,10596.317073170732,63.63636363636363,63.81298490591155,80.20417556936715,85.73714285714286,67.27272727272728,90.0262467191601,73.30299183190681,良
EQ-0323,江夏35kV_电容器组_02,电容器组,35kV,江夏35kV变电站,华中,西门子,2009-08-07,20,17,rated_capacity_mvar=31.3,正常运行,0.85,1.0,15.6,0.0,0.0,1.0,15.6,29504.4,0.9994715447154472,86.44324324324324,37,5,0.13513513513513514,10,2.4,1,0.1,0.6104390243902439,0.7636878048780488,58.81707317073171,9012.036585365855,100.0,93.89834152782231,40.72419027464214,72.95135135135135,82.0,22.047244094488207,73.2719334726444,良
EQ-0213,昆山35kV_避雷器_02,避雷器,35kV,昆山35kV变电站,华东,ABB,2008-11-25,20,18,rated_voltage_kv=185.4,正常运行,0.9,1.0,12.0,0.0,,1.0,8.7,29504.75,0.9995934959349594,87.035,40,5,0.125,10,3.5,3,0.3,0.5358756097560976,0.6709634146341463,58.81707317073171,9012.036585365855,100.0,96.78870235099855,56.86766208416217,74.7675,46.00000000000001,16.535433070866162,73.19994119411876,良
EQ-0111,张江110kV_断路器_02,断路器,110kV,张江110kV变电站,华东,ABB,2011-03-07,25,15,rated_current_a=2173.2; breaking_capacity_ka=31.5,正常运行,0.6,1.0,12.0,0.0,,1.0,8.7,29504.75,0.9995934959349594,87.67894736842106,38,7,0.18421052631578946,10,2.4,2,0.2,0.6183585365853658,0.7686951219512195,58.81707317073171,8756.512195121952,100.0,96.78870235099855,37.65772001148737,66.2078947368421,64.0,49.60629921259844,73.18109860428336,良
EQ-0247,通州35kV_电容器组_01,电容器组,35kV,通州35kV变电站,华北,西门子,2013-01-09,20,13,rated_capacity_mvar=25.9,正常运行,0.65,1.0,12.0,0.0,,1.0,8.7,29504.75,0.9995934959349594,84.7225,40,5,0.125,9,2.5555555555555554,2,0.2222222222222222,0.6259951219512195,0.7889390243902439,58.81707317073171,9012.036585365855,100.0,96.78870235099855,36.836711934400135,73.61125,60.0,44.094488188976385,73.17621917597738,良
EQ-0245,通州35kV_隔离开关_02,隔离开关,35kV,通州35kV变电站,华北,新东北电气,2009-05-08,30,17,rated_current_a=3010.5,正常运行,0.5666666666666667,1.0,12.0,0.0,,1.0,8.7,29504.75,0.9995934959349594,83.65789473684211,38,9,0.23684210526315788,9,0.7777777777777778,1,0.1111111111111111,0.6415585365853658,0.789339024390244,58.81707317073171,9012.036585365855,100.0,96.78870235099855,35.13423621150066,56.30263157894737,80.0,53.28083989501313,73.15806643884326,良
EQ-0023,龙华220kV_隔离开关_08,隔离开关,220kV,龙华220kV变电站,华南,新东北电气,2008-08-28,30,18,rated_current_a=2926.8,正常运行,0.6,1.0,12.0,0.0,,1.0,8.7,29504.75,0.9995934959349594,84.66410256410256,78,17,0.21794871794871795,9,0.3333333333333333,1,0.1111111111111111,0.6450878048780487,0.7933097560975609,58.81707317073171,9012.036585365855,100.0,96.78870235099855,34.4069037618745,59.63974358974359,80.0,49.60629921259844,73.145712682296,良
EQ-0112,张江110kV_断路器_03,断路器,110kV,张江110kV变电站,华东,平高电气,2011-12-22,25,15,rated_current_a=3015.2; breaking_capacity_ka=52.5,正常运行,0.6,1.0,12.0,0.0,,1.0,8.7,29504.75,0.9995934959349594,86.03684210526316,38,8,0.21052631578947367,11,5.454545454545454,3,0.2727272727272727,0.5772463414634147,0.7169146341463415,58.81707317073171,8890.219512195123,100.0,96.78870235099855,47.54655827409944,61.439473684210526,50.909090909090914,49.60629921259844,73.13451218982013,良
EQ-0212,昆山35kV_避雷器_01,避雷器,35kV,昆山35kV变电站,华东,中国西电,2008-04-12,20,18,rated_voltage_kv=170.1,正常运行,0.9,1.0,7.4,0.0,0.0,1.0,7.4,29512.6,0.9997493224932249,84.27250000000001,40,6,0.15,10,0.3,1,0.1,0.6077146341463414,0.7551219512195122,58.81707317073171,9012.036585365855,100.0,97.34823216828244,41.76946039124932,69.63625,82.0,16.535433070866162,73.12251931899299,良
EQ-0007,龙华220kV_断路器_02,断路器,220kV,龙华220kV变电站,华南,河南森源,2010-08-04,25,16,rated_current_a=2232.1; breaking_capacity_ka=31.8,正常运行,0.64,1.0,12.0,0.0,,1.0,8.7,29504.75,0.9995934959349594,86.75128205128206,78,13,0.16666666666666666,10,6.4,3,0.3,0.5721121951219512,0.7169390243902439,58.81707317073171,8714.487804878048,100.0,96.78870235099855,46.871891784513004,68.37564102564103,46.00000000000001,45.19685039370079,73.10815002031855,良
EQ-0159,苏州工业园220kV_断路器_07,断路器,220kV,苏州工业园220kV变电站,华东,沈阳高开,2013-01-23,25,13,rated_current_a=3351.5; breaking_capacity_ka=42.8,正常运行,0.52,1.0,3.1,0.0,0.0,1.0,3.1,29516.9,0.9998949864498645,86.88875,80,12,0.15,9,2.5555555555555554,2,0.2222222222222222,0.6645658536585366,0.8292560975609755,58.81707317073171,8983.0,100.0,99.15732116267007,28.956579272309916,70.94437500000001,60.0,58.425196850393704,73.10695602203538,良
EQ-0155,苏州工业园220kV_断路器_03,断路器,220kV,苏州工业园220kV变电站,华东,平高电气,2008-07-27,25,18,rated_current_a=3759.7; breaking_capacity_ka=52.5,正常运行,0.72,1.0,6.6,0.0,0.0,1.0,6.6,29513.4,0.9997764227642277,85.22592592592594,81,13,0.16049382716049382,9,6.444444444444445,3,0.3333333333333333,0.526080487804878,0.6570512195121951,58.81707317073171,8162.048780487805,100.0,97.68480686491272,53.227420329121536,68.53888888888889,40.0,36.37795275590552,73.10107404773073,良
EQ-0047,松山湖220kV_断路器_05,断路器,220kV,松山湖220kV变电站,华南,西门子,2010-11-24,25,16,rated_current_a=3063.6; breaking_capacity_ka=48.1,正常运行,0.64,1.0,12.0,0.0,,1.0,8.7,29504.75,0.9995934959349594,86.05432098765432,81,17,0.20987654320987653,11,3.0,2,0.18181818181818182,0.5994195121951219,0.751370731707317,58.81707317073171,8770.878048780487,100.0,96.78870235099855,41.31034556432928,61.54567901234568,67.27272727272728,45.19685039370079,73.09861920156023,良
EQ-0096,前海110kV_隔离开关_02,隔离开关,110kV,前海110kV变电站,华南,西门子,2014-07-27,30,12,rated_current_a=2287.6,备用,0.4,1.0,12.0,0.0,,1.0,8.7,29504.75,0.9995934959349594,86.3625,40,10,0.25,9,4.222222222222222,3,0.3333333333333333,0.5845463414634147,0.7343682926829269,58.81707317073171,9012.036585365855,100.0,96.78870235099855,46.07684341463298,55.68125,40.0,71.65354330708661,73.09065098383498,良
EQ-0001,龙华220kV_电力变压器_01,电力变压器,220kV,龙华220kV变电站,华南,西电集团,2011-10-09,30,15,rated_capacity_mva=47.0; rated_current_a=586.4,检修停运,0.5,1.0,5.7,0.0,0.0,1.0,5.7,29514.3,0.9998069105691056,87.46075949367088,79,8,0.10126582278481013,11,7.454545454545454,5,0.45454545454545453,0.5647780487804878,0.7025853658536586,63.14146341463415,8921.707317073171,100.0,98.06345339862173,44.01319205948202,78.54050632911392,18.181818181818187,60.629921259842526,73.0775789851539,良
EQ-0436,大连开发区35kV_电容器组_02,电容器组,35kV,大连开发区35kV变电站,东北,思源电气,2008-07-22,20,18,rated_capacity_mvar=15.6,正常运行,0.9,1.0,4.3,0.0,0.0,1.0,4.3,29515.7,0.9998543360433605,85.1025641025641,39,6,0.15384615384615385,10,4.0,2,0.2,0.5774634146341463,0.707619512195122,58.81707317073171,9012.036585365855,100.0,98.65245911772469,49.18831688062819,69.47435897435898,64.0,16.535433070866162,73.04285235291105,良
EQ-0036,龙华220kV_GIS组合电器_02,GIS组合电器,220kV,龙华220kV变电站,华南,西门子,2011-02-26,35,15,rated_current_a=2393.8; sf6_pressure_mpa=0.5,正常运行,0.42857142857142855,1.0,5.9,0.0,0.0,1.0,5.9,29514.1,0.9998001355013549,86.53086419753086,81,5,0.06172839506172839,9,6.333333333333333,3,0.3333333333333333,0.6248658536585365,0.7834390243902439,64.6609756097561,8442.512195121952,100.0,97.97930972446416,24.900147334267608,84.00617283950618,40.0,68.50393700787401,73.02721103845968,良
EQ-0168,苏州工业园220kV_隔离开关_07,隔离开关,110kV,苏州工业园220kV变电站,华东,河南森源,2009-12-26,30,17,rated_current_a=2214.4,正常运行,0.5666666666666667,1.0,12.0,0.0,,1.0,8.7,29504.75,0.9995934959349594,85.47368421052632,38,4,0.10526315789473684,9,4.222222222222222,2,0.2222222222222222,0.6682292682926829,0.828229268292683,58.81707317073171,9012.036585365855,100.0,96.78870235099855,28.85643871249708,76.94736842105263,60.0,53.28083989501313,72.99921746535834,良
EQ-0340,长沙星沙110kV_电容器组_02,电容器组,35kV,长沙星沙110kV变电站,华中,ABB,2014-07-13,20,12,rated_capacity_mvar=16.0,正常运行,0.6,1.0,12.0,0.0,,1.0,8.7,29504.75,0.9995934959349594,87.4,37,5,0.13513513513513514,11,2.909090909090909,2,0.18181818181818182,0.6637926829268292,0.8259682926829268,58.81707317073171,9012.036585365855,100.0,96.78870235099855,29.530589750739722,73.42972972972973,67.27272727272728,49.60629921259844,72.9662205283397,良
EQ-0152,苏州工业园220kV_电力变压器_05,电力变压器,220kV,苏州工业园220kV变电站,华东,西电集团,2012-03-13,30,14,rated_capacity_mva=153.3; rated_current_a=384.4,带病运行,0.4666666666666667,1.0,12.0,0.0,,1.0,8.7,29504.75,0.9995934959349594,86.62658227848101,79,9,0.11392405063291139,11,4.545454545454546,3,0.2727272727272727,0.6579170731707317,0.8118560975609755,61.49756097560976,9113.0,100.0,96.78870235099855,28.168542396670205,76.2246835443038,50.909090909090914,64.30446194225722,72.94650676631414,良
EQ-0027,龙华220kV_避雷器_01,避雷器,220kV,龙华220kV变电站,华南,ABB,2009-10-06,20,17,rated_voltage_kv=217.3,正常运行,0.85,1.0,12.0,0.0,,1.0,8.7,29504.75,0.9995934959349594,86.11645569620254,79,9,0.11392405063291139,9,1.2222222222222223,1,0.1111111111111111,0.6398219512195122,0.7968048780487806,58.81707317073171,9012.036585365855,100.0,96.78870235099855,34.663616544846676,75.96962025316456,80.0,22.047244094488207,72.89063122659256,良
EQ-0094,前海110kV_断路器_05,断路器,110kV,前海110kV变电站,华南,平高电气,2014-04-25,25,12,rated_current_a=1498.2; breaking_capacity_ka=51.4,带病运行,0.48,1.0,24.0,1.0,1.0,3.0,24.0,29496.0,0.9991869918699187,85.78947368421052,38,6,0.15789473684210525,10,4.0,2,0.2,0.5431658536585365,0.675829268292683,58.81707317073171,9057.560975609756,81.81818181818181,90.36430721320464,55.975395463897016,69.21052631578948,64.0,62.83464566929135,72.78752950426335,良
EQ-0078,南沙110kV_隔离开关_03,隔离开关,110kV,南沙110kV变电站,华南,西电集团,2015-10-04,30,11,rated_current_a=1954.0,正常运行,0.36666666666666664,2.0,8.2,0.0,0.0,2.0,4.1,14755.9,0.9997222222222222,89.45,38,2,0.05263157894736842,11,1.1818181818181819,1,0.09090909090909091,0.679770731707317,0.838409756097561,58.81707317073171,9012.036585365855,90.9090909090909,78.74479691286791,26.724588975515452,86.83026315789473,83.63636363636364,75.32808398950132,72.7421341412201,良
EQ-0192,杭州滨江110kV_隔离开关_03,隔离开关,110kV,杭州滨江110kV变电站,华东,河南森源,2011-10-07,30,15,rated_current_a=1189.0,检修停运,0.5,1.0,9.6,0.0,0.0,1.0,9.6,29510.4,0.9996747967479676,85.53,40,7,0.175,10,3.9,2,0.2,0.6648536585365854,0.8223414634146342,58.81707317073171,9012.036585365855,100.0,96.42265175254924,29.735925845718548,66.515,64.0,60.629921259842526,72.67195764563782,良
EQ-0362,武侯110kV_避雷器_03,避雷器,110kV,武侯110kV变电站,西南,中国西电,2014-09-19,20,12,rated_voltage_kv=218.8,正常运行,0.6,1.0,12.0,0.0,,1.0,8.7,29504.75,0.9995934959349594,84.875,40,5,0.125,9,2.7777777777777777,2,0.2222222222222222,0.6542439024390244,0.8153975609756098,58.81707317073171,9012.036585365855,100.0,96.78870235099855,31.483289129435427,73.6875,60.0,49.60629921259844,72.66815321734666,良
EQ-0289,石家庄高新35kV_隔离开关_03,隔离开关,35kV,石家庄高新35kV变电站,华北,新东北电气,2007-01-18,30,19,rated_current_a=2688.5,带病运行,0.6333333333333333,1.0,12.0,0.0,,1.0,8.7,29504.75,0.9995934959349594,84.58157894736841,38,8,0.21052631578947367,10,3.7,2,0.2,0.6117414634146341,0.7636268292682927,58.81707317073171,9012.036585365855,100.0,96.78870235099855,40.590024327944,60.71184210526316,64.0,45.93175853018373,72.57569750459638,良
EQ-0282,石家庄高新35kV_电力变压器_01,电力变压器,35kV,石家庄高新35kV变电站,华北,西电集团,2010-11-02,30,16,rated_capacity_mva=177.8; rated_current_a=362.9,正常运行,0.5333333333333333,1.0,12.0,0.0,,1.0,8.7,29504.75,0.9995934959349594,86.97073170731707,41,8,0.1951219512195122,10,2.3,1,0.1,0.6891,0.8534853658536585,57.78536585365853,8657.170731707318,100.0,96.78870235099855,23.445043510431724,64.21707317073171,82.0,56.955380577427825,72.5748482056386,良
EQ-0115,张江110kV_断路器_06,断路器,110kV,张江110kV变电站,华东,平高电气,2008-06-16,25,18,rated_current_a=1680.4; breaking_capacity_ka=57.0,正常运行,0.72,1.0,12.0,0.0,,1.0,8.7,29504.75,0.9995934959349594,84.8425,40,8,0.2,10,4.0,2,0.2,0.5680024390243903,0.7199731707317073,58.81707317073171,8286.365853658537,100.0,96.78870235099855,44.066921897780375,62.42125,64.0,36.37795275590552,72.57210762534635,良
EQ-0414,沈阳浑南110kV_断路器_04,断路器,110kV,沈阳浑南110kV变电站,东北,西门子,2007-01-12,25,19,rated_current_a=3528.1; breaking_capacity_ka=60.6,备用,0.76,1.0,12.0,0.0,,1.0,8.7,29504.75,0.9995934959349594,84.71052631578948,38,8,0.21052631578947367,9,3.2222222222222223,1,0.1111111111111111,0.5949341463414634,0.7401975609756097,58.81707317073171,8293.756097560976,100.0,96.78870235099855,39.45433234121195,60.776315789473685,80.0,31.96850393700788,72.56190470056394,良
EQ-0139,临港110kV_隔离开关_03,隔离开关,110kV,临港110kV变电站,华东,长征电气,2015-12-04,30,11,rated_current_a=1830.8,正常运行,0.36666666666666664,1.0,7.7,1.0,1.0,3.0,7.7,29512.3,0.9997391598915989,86.975,40,5,0.125,12,4.583333333333333,3,0.25,0.6040560975609757,0.7562439024390244,58.81707317073171,9012.036585365855,81.81818181818181,97.2220166570461,42.06271482012098,74.7375,55.00000000000001,75.32808398950132,72.55492514892902,良
EQ-0263,天津滨海220kV_断路器_08,断路器,220kV,天津滨海220kV变电站,华北,平高电气,2010-10-24,25,16,rated_current_a=2885.1; breaking_capacity_ka=40.3,正常运行,0.64,1.0,12.0,0.0,,1.0,8.7,29504.75,0.9995934959349594,87.2921052631579,76,3,0.039473684210526314,13,7.3076923076923075,4,0.3076923076923077,0.6651219512195122,0.8266975609756096,58.81707317073171,9148.121951219513,100.0,96.78870235099855,30.270767964484747,87.725,44.61538461538461,45.19685039370079,72.5518675640052,良
EQ-0343,长沙星沙110kV_避雷器_03,避雷器,110kV,长沙星沙110kV变电站,华中,河南久盛,2012-11-26,20,14,rated_voltage_kv=48.4,带病运行,0.7,1.0,12.0,0.0,,1.0,8.7,29504.75,0.9995934959349594,87.41282051282052,39,5,0.1282051282051282,9,2.4444444444444446,2,0.2222222222222222,0.6357048780487805,0.789829268292683,58.81707317073171,9012.036585365855,100.0,96.78870235099855,35.71821371395797,74.47564102564102,60.0,38.58267716535434,72.53099708337291,良
EQ-0060,松山湖220kV_避雷器_02,避雷器,220kV,松山湖220kV变电站,华南,西门子,2013-10-02,20,13,rated_voltage_kv=56.1,正常运行,0.65,1.0,6.9,0.0,0.0,1.0,6.9,29513.1,0.9997662601626016,87.56463414634146,82,6,0.07317073170731707,9,9.444444444444445,5,0.5555555555555556,0.5396414634146341,0.6793756097560976,58.81707317073171,9012.036585365855,100.0,97.55859135367636,55.72433600639726,82.80670731707318,0.0,44.094488188976385,72.48704038847335,良
EQ-0174,苏州工业园220kV_避雷器_03,避雷器,220kV,苏州工业园220kV变电站,华东,ABB,2009-12-01,20,17,rated_voltage_kv=202.2,带病运行,0.85,1.0,12.0,0.0,,1.0,8.7,29504.75,0.9995934959349594,85.38250000000001,80,10,0.125,11,4.818181818181818,3,0.2727272727272727,0.5713756097560976,0.7211024390243903,58.81707317073171,9012.036585365855,100.0,96.78870235099855,48.654608149942,73.94125,50.909090909090914,22.047244094488207,72.47548310054603,良
EQ-0057,松山湖220kV_电容器组_01,电容器组,10kV,松山湖220kV变电站,华南,九州电气,2014-06-02,20,12,rated_capacity_mvar=8.2,带病运行,0.6,1.0,12.0,0.0,,1.0,8.7,29504.75,0.9995934959349594,87.05405405405405,37,4,0.10810810810810811,10,4.1,2,0.2,0.6828268292682926,0.8468560975609756,58.81707317073171,9012.036585365855,100.0,96.78870235099855,25.65429505343689,77.3108108108108,64.0,49.60629921259844,72.44585102376857,良
EQ-0160,苏州工业园220kV_断路器_08,断路器,110kV,苏州工业园220kV变电站,华东,平高电气,2008-06-04,25,18,rated_current_a=3439.8; breaking_capacity_ka=32.7,备用,0.72,1.0,30.9,0.0,0.0,1.0,30.9,29489.1,0.9989532520325203,84.7375,40,7,0.175,13,2.1538461538461537,3,0.23076923076923078,0.5200975609756098,0.6520487804878049,58.81707317073171,7930.609756097561,100.0,87.46135045476866,52.69827022506209,66.11875,58.46153846153846,36.37795275590552,72.43368575771055,良
EQ-0429,大连开发区35kV_断路器_01,断路器,35kV,大连开发区35kV变电站,东北,沈阳高开,2010-02-28,25,16,rated_current_a=2172.9; breaking_capacity_ka=51.7,正常运行,0.64,1.0,12.0,0.0,,1.0,8.7,29504.75,0.9995934959349594,85.7560975609756,41,6,0.14634146341463414,12,3.1666666666666665,3,0.25,0.6150292682926829,0.7697341463414634,58.81707317073171,8634.780487804877,100.0,96.78870235099855,37.07612599873629,70.92682926829268,55.00000000000001,45.19685039370079,72.43167509956095,良
EQ-0156,苏州工业园220kV_断路器_04,断路器,220kV,苏州工业园220kV变电站,华东,河南森源,2008-08-03,25,18,rated_current_a=3647.4; breaking_capacity_ka=55.8,正常运行,0.72,1.0,55.6,0.0,0.0,1.0,55.6,29464.4,0.9981165311653117,86.5670731707317,82,14,0.17073170731707318,10,2.0,2,0.2,0.49853902439024395,0.6275195121951219,58.81707317073171,8184.682926829269,100.0,77.06960669630952,58.93283149497701,67.67378048780486,64.0,36.37795275590552,72.38934998701859,良
EQ-0375,重庆两江220kV_断路器_07,断路器,35kV,重庆两江220kV变电站,西南,沈阳高开,2015-09-19,25,11,rated_current_a=1296.4; breaking_capacity_ka=59.5,正常运行,0.44,1.0,14.5,1.0,1.0,3.0,14.5,29505.5,0.9995088075880759,86.0078947368421,38,1,0.02631578947368421,12,3.25,2,0.16666666666666666,0.6692317073170732,0.8326292682926829,58.81707317073171,9226.951219512195,81.81818181818181,94.36113173568894,29.857173641015684,89.05657894736842,70.0,67.24409448818898,72.38110282081055,良
EQ-0050,松山湖220kV_断路器_08,断路器,220kV,松山湖220kV变电站,华南,ABB,2013-02-26,25,13,rated_current_a=2729.6; breaking_capacity_ka=62.0,正常运行,0.52,2.0,12.2,0.0,0.0,2.0,6.1,14753.9,0.9995867208672087,87.75125,80,8,0.1,10,3.5,2,0.2,0.5698707317073171,0.7109439024390244,58.81707317073171,8983.560975609756,90.9090909090909,77.90110181537538,49.511217079962,78.875625,64.0,58.425196850393704,72.28359994137958,良
EQ-0179,苏州工业园220kV_GIS组合电器_01,GIS组合电器,220kV,苏州工业园220kV变电站,华东,西门子,2009-01-28,35,17,rated_current_a=3148.5; sf6_pressure_mpa=0.5,正常运行,0.4857142857142857,1.0,12.5,0.0,0.0,1.0,12.5,29507.5,0.9995765582655827,85.14430379746835,79,13,0.16455696202531644,10,2.5,2,0.2,0.6381975609756098,0.7899487804878049,60.83902439024391,8182.707317073171,100.0,95.20256847726456,26.70280471612981,67.8886075949367,64.0,62.20472440944882,72.18483821886427,良
EQ-0309,武昌110kV_避雷器_01,避雷器,110kV,武昌110kV变电站,华中,ABB,2013-02-04,20,13,rated_voltage_kv=215.3,正常运行,0.65,2.0,24.200000000000003,0.0,0.0,2.0,12.100000000000001,14747.9,0.999180216802168,86.45526315789475,38,4,0.10526315789473684,9,0.0,0,0.0,0.6100634146341464,0.7523243902439025,58.81707317073171,9012.036585365855,90.9090909090909,75.37001652289779,41.76389696963812,77.43815789473685,100.0,44.094488188976385,72.17922792888808,良
EQ-0439,大连开发区35kV_避雷器_03,避雷器,35kV,大连开发区35kV变电站,东北,河南久盛,2006-10-11,20,20,rated_voltage_kv=121.4,正常运行,1.0,1.0,4.5,0.0,0.0,1.0,4.5,29515.5,0.9998475609756098,84.65945945945946,37,3,0.08108108108108109,13,3.6923076923076925,4,0.3076923076923077,0.5597268292682926,0.6981658536585366,58.81707317073171,9012.036585365855,100.0,98.56831544356713,51.919915928121476,80.16756756756757,44.61538461538461,5.511811023622045,72.13550097337354,良
EQ-0315,江夏35kV_电力变压器_02,电力变压器,35kV,江夏35kV变电站,华中,特变电工,2010-08-15,30,16,rated_capacity_mva=186.9; rated_current_a=496.8,正常运行,0.5333333333333333,1.0,12.0,0.0,,1.0,8.7,29504.75,0.9995934959349594,86.62105263157895,38,6,0.15789473684210525,10,0.9,1,0.1,0.6858073170731707,0.847339024390244,59.69268292682927,7963.317073170731,100.0,96.78870235099855,16.71129984889318,69.6263157894737,82.0,56.955380577427825,72.03948586614219,良
EQ-0408,沈阳浑南110kV_电力变压器_01,电力变压器,110kV,沈阳浑南110kV变电站,东北,特变电工,2010-07-17,30,16,rated_capacity_mva=102.9; rated_current_a=126.5,备用,0.5333333333333333,1.0,12.0,0.0,,1.0,8.7,29504.75,0.9995934959349594,87.47,40,9,0.225,9,2.7777777777777777,2,0.2222222222222222,0.6613682926829269,0.815980487804878,52.602439024390236,8264.853658536585,100.0,96.78870235099855,34.594216653272916,59.985,60.0,56.955380577427825,71.96987185859707,良
EQ-0124,张江110kV_避雷器_02,避雷器,110kV,张江110kV变电站,华东,浙江金利华,2010-11-21,20,16,rated_voltage_kv=68.9,正常运行,0.8,1.0,9.1,0.0,0.0,1.0,9.1,29510.9,0.9996917344173443,86.0219512195122,41,2,0.04878048780487805,10,3.3,2,0.2,0.6749073170731708,0.8280975609756097,58.81707317073171,9012.036585365855,100.0,96.63301093794314,28.152610020657463,85.69390243902438,64.0,27.559055118110237,71.9671150693848,良
EQ-0010,龙华220kV_断路器_05,断路器,220kV,龙华220kV变电站,华南,沈阳高开,2008-08-07,25,18,rated_current_a=1763.2; breaking_capacity_ka=45.7,正常运行,0.72,1.0,12.0,0.0,,1.0,8.7,29504.75,0.9995934959349594,85.3075,80,9,0.1125,9,3.6666666666666665,3,0.3333333333333333,0.5712365853658536,0.7125609756097561,58.81707317073171,8021.780487804878,100.0,96.78870235099855,42.53171158136521,75.77875,40.0,36.37795275590552,71.8686905620633,良
EQ-0122,张江110kV_电容器组_02,电容器组,35kV,张江110kV变电站,华东,ABB,2010-05-11,20,16,rated_capacity_mvar=26.6,带病运行,0.8,1.0,12.0,0.0,,1.0,8.7,29504.75,0.9995934959349594,86.41749999999999,40,4,0.1,9,8.0,3,0.3333333333333333,0.5846121951219513,0.7470243902439024,58.81707317073171,9012.036585365855,100.0,96.78870235099855,44.95662279933662,78.20875,40.0,27.559055118110237,71.83628304187806,良
EQ-0240,通州35kV_断路器_01,断路器,35kV,通州35kV变电站,华北,平高电气,2013-11-01,25,13,rated_current_a=3890.5; breaking_capacity_ka=53.0,正常运行,0.52,1.0,12.7,0.0,0.0,1.0,12.7,29507.3,0.999569783197832,86.79268292682927,41,3,0.07317073170731707,9,8.555555555555555,5,0.5555555555555556,0.589980487804878,0.7409512195121951,58.81707317073171,9410.487804878048,100.0,95.118424803107,47.68764939758999,82.42073170731707,0.0,58.425196850393704,71.76684428127632,良
EQ-0299,武昌110kV_断路器_02,断路器,110kV,武昌110kV变电站,华中,西门子,2014-03-07,25,12,rated_current_a=1967.9; breaking_capacity_ka=35.4,正常运行,0.48,1.0,7.2,0.0,0.0,1.0,7.2,29512.8,0.9997560975609756,87.18461538461538,39,7,0.1794871794871795,10,4.7,3,0.3,0.6527926829268293,0.8173073170731707,58.81707317073171,9076.536585365853,100.0,97.43237584244002,31.9195006962371,66.66923076923077,46.00000000000001,62.83464566929135,71.75422449004918,良
EQ-0205,昆山35kV_断路器_03,断路器,35kV,昆山35kV变电站,华东,西门子,2007-04-26,25,19,rated_current_a=2722.6; breaking_capacity_ka=47.7,正常运行,0.76,1.0,49.4,0.0,0.0,1.0,49.4,29470.6,0.9983265582655826,83.34210526315789,38,8,0.21052631578947367,11,1.6363636363636365,1,0.09090909090909091,0.5268780487804878,0.6672512195121951,58.81707317073171,8014.1463414634145,100.0,79.678060595194,51.215904749409745,60.09210526315789,83.63636363636364,31.96850393700788,71.75309561573158,良
EQ-0196,杭州滨江110kV_避雷器_01,避雷器,110kV,杭州滨江110kV变电站,华东,河南久盛,2015-07-20,20,11,rated_voltage_kv=110.1,带病运行,0.55,1.0,42.1,1.0,1.0,3.0,42.1,29477.9,0.9985738482384824,85.53157894736842,38,2,0.05263157894736842,10,1.2,2,0.2,0.5692512195121952,0.7034731707317073,58.81707317073171,9012.036585365855,81.81818181818181,82.74930470194509,50.43277255260514,84.87105263157895,64.0,55.118110236220474,71.73342982381439,良
EQ-0220,亦庄110kV_断路器_03,断路器,110kV,亦庄110kV变电站,华北,河南森源,2014-11-15,25,12,rated_current_a=3516.0; breaking_capacity_ka=50.8,正常运行,0.48,1.0,15.3,0.0,0.0,1.0,15.3,29504.7,0.9994817073170732,86.95750000000001,40,4,0.1,11,1.9090909090909092,3,0.2727272727272727,0.6850341463414634,0.8448804878048781,58.81707317073171,8753.024390243903,100.0,94.02455703905866,23.789685322813686,78.47875,50.909090909090914,62.83464566929135,71.7090346302127,良
EQ-0194,杭州滨江110kV_电容器组_01,电容器组,10kV,杭州滨江110kV变电站,华东,思源电气,2010-04-04,20,16,rated_capacity_mvar=30.7,正常运行,0.8,1.0,74.0,0.0,0.0,1.0,74.0,29446.0,0.9974932249322493,88.24871794871794,39,7,0.1794871794871795,11,2.5454545454545454,2,0.18181818181818182,0.4933878048780488,0.6172512195121952,58.81707317073171,9012.036585365855,100.0,69.32838867381363,66.14359075800036,67.20128205128205,67.27272727272728,27.559055118110237,71.65776643313886,良
EQ-0051,松山湖220kV_隔离开关_01,隔离开关,220kV,松山湖220kV变电站,华南,长征电气,2013-07-07,30,13,rated_current_a=1137.4,正常运行,0.43333333333333335,1.0,4.6,0.0,0.0,1.0,4.6,29515.4,0.9998441734417345,86.76582278481013,79,6,0.0759493670886076,12,9.166666666666666,5,0.4166666666666667,0.678709756097561,0.8391146341463415,58.81707317073171,9012.036585365855,100.0,98.52624360648834,26.776252803307912,81.99050632911393,25.0,67.97900262467192,71.65697549379352,良
EQ-0285,石家庄高新35kV_断路器_02,断路器,35kV,石家庄高新35kV变电站,华北,平高电气,2011-11-11,25,15,rated_current_a=2163.5; breaking_capacity_ka=61.2,正常运行,0.6,1.0,12.0,0.0,,1.0,8.7,29504.75,0.9995934959349594,88.03,40,6,0.15,9,5.444444444444445,2,0.2222222222222222,0.6657585365853659,0.8273902439024391,58.81707317073171,8802.585365853658,100.0,96.78870235099855,27.737803434220453,71.515,60.0,49.60629921259844,71.59318107830364,良
EQ-0045,松山湖220kV_断路器_03,断路器,220kV,松山湖220kV变电站,华南,西门子,2013-01-28,25,13,rated_current_a=1658.9; breaking_capacity_ka=48.3,正常运行,0.52,1.0,12.0,0.0,,1.0,8.7,29504.75,0.9995934959349594,87.14177215189873,79,10,0.12658227848101267,9,7.0,4,0.4444444444444444,0.5956780487804878,0.750290243902439,58.81707317073171,8645.121951219513,100.0,96.78870235099855,40.93133406086788,74.58354430379747,20.0,58.425196850393704,71.5740586129823,良
EQ-0143,临港110kV_避雷器_01,避雷器,110kV,临港110kV变电站,华东,河南久盛,2018-05-10,20,8,rated_voltage_kv=56.0,检修停运,0.4,1.0,12.0,0.0,,1.0,8.7,29504.75,0.9995934959349594,86.22999999999999,40,6,0.15,9,6.777777777777778,3,0.3333333333333333,0.6785146341463414,0.8339926829268293,58.81707317073171,9012.036585365855,100.0,96.78870235099855,27.247656731160276,70.615,40.0,71.65354330708661,71.56487614714044,良
EQ-0303,武昌110kV_隔离开关_01,隔离开关,110kV,武昌110kV变电站,华中,河南森源,2011-01-21,30,15,rated_current_a=1803.5,带病运行,0.5,2.0,12.6,0.0,0.0,2.0,6.3,14753.7,0.9995731707317074,87.11025641025641,39,7,0.1794871794871795,9,2.6666666666666665,1,0.1111111111111111,0.5867926829268293,0.735429268292683,58.81707317073171,9012.036585365855,90.9090909090909,77.81673230562613,45.742876994476866,66.63205128205128,80.0,60.629921259842526,71.49699440558527,良
EQ-0262,天津滨海220kV_断路器_07,断路器,220kV,天津滨海220kV变电站,华北,西门子,2015-10-04,25,11,rated_current_a=3764.4; breaking_capacity_ka=34.2,正常运行,0.44,2.0,6.9,0.0,0.0,2.0,3.45,14756.55,0.9997662601626016,87.44500000000001,80,8,0.1,9,4.555555555555555,3,0.3333333333333333,0.5717609756097561,0.7213268292682927,58.81707317073171,9497.926829268292,90.9090909090909,79.01899781955298,51.97384895101739,78.7225,40.0,67.24409448818898,71.45862653020569,良
EQ-0012,龙华220kV_断路器_07,断路器,220kV,龙华220kV变电站,华南,沈阳高开,2013-02-09,25,13,rated_current_a=1292.7; breaking_capacity_ka=42.5,正常运行,0.52,1.0,48.0,1.0,1.0,3.0,48.0,29472.0,0.9983739837398374,86.77051282051282,78,10,0.1282051282051282,10,0.0,0,0.0,0.620980487804878,0.7714365853658537,58.81707317073171,9144.585365853658,81.81818181818181,80.26706631429695,39.83547087031378,74.15448717948718,100.0,58.425196850393704,71.44074565343004,良
EQ-0273,天津滨海220kV_避雷器_01,避雷器,220kV,天津滨海220kV变电站,华北,中国西电,2012-01-14,20,14,rated_voltage_kv=48.0,正常运行,0.7,1.0,12.0,0.0,,1.0,8.7,29504.75,0.9995934959349594,86.08101265822785,79,8,0.10126582278481013,10,3.7,2,0.2,0.682509756097561,0.846390243902439,58.81707317073171,9012.036585365855,100.0,96.78870235099855,25.72923691098177,77.85063291139241,64.0,38.58267716535434,71.43945050564037,良
EQ-0360,武侯110kV_避雷器_01,避雷器,110kV,武侯110kV变电站,西南,西门子,2011-12-11,20,15,rated_voltage_kv=154.5,正常运行,0.75,1.0,12.0,0.0,,1.0,8.7,29504.75,0.9995934959349594,86.7125,40,5,0.125,11,3.5454545454545454,2,0.18181818181818182,0.6646878048780488,0.8286682926829269,58.81707317073171,9012.036585365855,100.0,96.78870235099855,29.19721796417973,74.60625,67.27272727272728,33.07086614173228,71.42248090448163,良
EQ-0230,亦庄110kV_电容器组_02,电容器组,35kV,亦庄110kV变电站,华北,ABB,2015-09-13,20,11,rated_capacity_mvar=11.1,正常运行,0.55,1.0,12.0,0.0,,1.0,8.7,29504.75,0.9995934959349594,86.64,40,4,0.1,12,2.1666666666666665,4,0.3333333333333333,0.6723390243902438,0.8266634146341464,58.81707317073171,9012.036585365855,100.0,96.78870235099855,28.553888961654295,78.32,40.0,55.118110236220474,71.32832928615261,良
EQ-0250,通州35kV_避雷器_02,避雷器,35kV,通州35kV变电站,华北,ABB,2011-10-23,20,15,rated_voltage_kv=146.6,正常运行,0.75,1.0,2.6,0.0,0.0,1.0,2.6,29517.4,0.9999119241192412,85.15135135135135,37,5,0.13513513513513514,9,3.4444444444444446,2,0.2222222222222222,0.6537219512195122,0.8161585365853659,58.81707317073171,9012.036585365855,100.0,99.36768034806398,31.472273733208013,72.30540540540541,60.0,33.07086614173228,71.32088824123845,良
EQ-0296,武昌110kV_电力变压器_02,电力变压器,110kV,武昌110kV变电站,华中,特变电工,2013-09-19,30,13,rated_capacity_mva=105.1; rated_current_a=602.0,正常运行,0.43333333333333335,1.0,5.4,0.0,0.0,1.0,5.4,29514.6,0.9998170731707317,86.69999999999999,41,4,0.0975609756097561,10,7.2,5,0.5,0.6339219512195122,0.7920756097560975,59.19512195121951,9018.951219512195,100.0,98.18966890985807,35.20474566783997,78.71585365853657,10.000000000000014,67.97900262467192,71.28416122678729,良
EQ-0058,松山湖220kV_电容器组_02,电容器组,35kV,松山湖220kV变电站,华南,思源电气,2013-03-13,20,13,rated_capacity_mvar=18.6,正常运行,0.65,1.0,12.0,0.0,,1.0,8.7,29504.75,0.9995934959349594,84.985,40,4,0.1,9,2.3333333333333335,2,0.2222222222222222,0.6857121951219513,0.8576707317073171,58.81707317073171,9012.036585365855,100.0,96.78870235099855,24.39398851388586,77.4925,60.0,44.094488188976385,71.26986199187452,良
EQ-0312,武昌110kV_避雷器_04,避雷器,110kV,武昌110kV变电站,华中,河南久盛,2011-01-03,20,15,rated_voltage_kv=72.1,正常运行,0.75,1.0,5.2,0.0,0.0,1.0,5.2,29514.8,0.9998238482384824,87.66499999999999,40,8,0.2,9,6.0,2,0.2222222222222222,0.6215804878048781,0.776980487804878,58.81707317073171,9012.036585365855,100.0,98.27381258401566,38.36145935020299,63.832499999999996,60.0,33.07086614173228,71.20901600101696,良
EQ-0231,亦庄110kV_避雷器_01,避雷器,110kV,亦庄110kV变电站,华北,西门子,2009-03-21,20,17,rated_voltage_kv=154.2,正常运行,0.85,1.0,12.0,0.0,,1.0,8.7,29504.75,0.9995934959349594,86.13076923076923,39,7,0.1794871794871795,9,4.888888888888889,3,0.3333333333333333,0.5504878048780488,0.6901926829268292,58.81707317073171,9012.036585365855,100.0,96.78870235099855,53.610963219755085,66.1423076923077,40.0,22.047244094488207,71.20600367744571,良
EQ-0171,苏州工业园220kV_电容器组_03,电容器组,35kV,苏州工业园220kV变电站,华东,荣信股份,2011-04-27,20,15,rated_capacity_mvar=27.5,检修停运,0.75,2.0,7.3,0.0,0.0,2.0,3.65,14756.35,0.9997527100271003,86.82564102564102,39,5,0.1282051282051282,10,2.5,1,0.1,0.5684658536585366,0.7073609756097561,58.81707317073171,9012.036585365855,90.9090909090909,78.93462830980373,50.17495656411238,74.18205128205128,82.0,33.07086614173228,71.18358400853687,良
EQ-0074,南沙110kV_断路器_04,断路器,110kV,南沙110kV变电站,华南,河南森源,2019-11-12,25,7,rated_current_a=3644.3; breaking_capacity_ka=44.5,正常运行,0.28,1.0,6.9,0.0,0.0,1.0,6.9,29513.1,0.9997662601626016,85.9219512195122,41,6,0.14634146341463414,11,5.454545454545454,6,0.5454545454545454,0.6647609756097561,0.8198292682926829,58.81707317073171,9983.707317073171,100.0,97.55859135367636,36.72657298739193,71.00975609756097,1.8181818181818272,84.88188976377953,71.17850344104393,良
EQ-0148,苏州工业园220kV_电力变压器_01,电力变压器,220kV,苏州工业园220kV变电站,华东,ABB,2011-01-26,30,15,rated_capacity_mva=125.0; rated_current_a=309.9,正常运行,0.5,1.0,2.3,0.0,0.0,1.0,2.3,29517.7,0.9999220867208672,86.21234567901234,81,17,0.20987654320987653,9,7.555555555555555,3,0.3333333333333333,0.6171048780487806,0.7633048780487806,60.99024390243902,8706.512195121952,100.0,99.49389585930032,34.72793298206386,61.62469135802469,40.0,60.629921259842526,71.1510615979608,良
EQ-0209,昆山35kV_隔离开关_03,隔离开关,110kV,昆山35kV变电站,华东,新东北电气,2008-08-22,30,18,rated_current_a=2447.3,正常运行,0.6,1.0,2.2,0.0,0.0,1.0,2.2,29517.8,0.9999254742547425,85.02307692307693,39,11,0.28205128205128205,9,8.11111111111111,3,0.3333333333333333,0.5751341463414634,0.7190560975609757,58.81707317073171,9012.036585365855,100.0,99.5359676963791,48.43194546648753,50.20384615384616,40.0,49.60629921259844,71.08478947691009,良
EQ-0423,沈阳浑南110kV_避雷器_02,避雷器,110kV,沈阳浑南110kV变电站,东北,浙江金利华,2011-05-22,20,15,rated_voltage_kv=80.4,正常运行,0.75,1.0,33.9,1.0,1.0,3.0,33.9,29486.1,0.9988516260162601,87.3578947368421,38,4,0.10526315789473684,10,1.1,1,0.1,0.5642999999999999,0.7043536585365854,58.81707317073171,9012.036585365855,81.81818181818181,86.19919534240522,50.88574876042561,77.88947368421051,82.0,33.07086614173228,71.06204194191643,良
EQ-0206,昆山35kV_断路器_04,断路器,35kV,昆山35kV变电站,华东,沈阳高开,2006-04-04,25,20,rated_current_a=3731.8; breaking_capacity_ka=42.9,正常运行,0.8,1.0,3.1,0.0,0.0,1.0,3.1,29516.9,0.9998949864498645,84.01891891891891,37,4,0.10810810810810811,11,1.3636363636363635,1,0.09090909090909091,0.6688634146341463,0.8324756097560976,58.81707317073171,7574.90243902439,100.0,99.15732116267007,18.417103739818092,75.79324324324324,83.63636363636364,27.559055118110237,71.0034133424315,良
EQ-0344,长沙星沙110kV_避雷器_04,避雷器,110kV,长沙星沙110kV变电站,华中,中国西电,2013-02-02,20,13,rated_voltage_kv=89.2,正常运行,0.65,1.0,12.0,0.0,,1.0,8.7,29504.75,0.9995934959349594,87.30512820512821,39,1,0.02564102564102564,10,5.9,4,0.4,0.6642512195121951,0.825919512195122,58.81707317073171,9012.036585365855,100.0,96.78870235099855,29.485757646607098,89.80641025641026,28.0,44.094488188976385,70.93530235688031,良
EQ-0108,张江110kV_电力变压器_02,电力变压器,110kV,张江110kV变电站,华东,西电集团,2013-09-20,30,13,rated_capacity_mva=79.2; rated_current_a=254.3,正常运行,0.43333333333333335,1.0,11.0,0.0,0.0,1.0,11.0,29509.0,0.9996273712737127,87.25641025641026,39,3,0.07692307692307693,9,6.444444444444445,3,0.3333333333333333,0.6930487804878048,0.8547731707317074,62.582926829268295,8974.414634146342,100.0,95.8336460334463,18.072650029865024,82.08974358974359,40.0,67.97900262467192,70.892621013591,良
EQ-0277,天津滨海220kV_避雷器_05,避雷器,35kV,天津滨海220kV变电站,华北,河南久盛,2011-05-06,20,15,rated_voltage_kv=128.8,正常运行,0.75,1.0,54.4,0.0,0.0,1.0,54.4,29465.6,0.9981571815718157,86.49230769230769,39,6,0.15384615384615385,10,3.6,2,0.2,0.5636365853658537,0.7079268292682926,58.81707317073171,9012.036585365855,100.0,77.5744687412549,50.642541868506626,70.16923076923077,64.0,33.07086614173228,70.87587335151015,良
EQ-0167,苏州工业园220kV_隔离开关_06,隔离开关,35kV,苏州工业园220kV变电站,华东,河南森源,2009-02-27,30,17,rated_current_a=2639.9,正常运行,0.5666666666666667,1.0,12.0,0.0,,1.0,8.7,29504.75,0.9995934959349594,86.015,40,3,0.075,9,6.666666666666667,3,0.3333333333333333,0.6857609756097561,0.8549268292682927,58.81707317073171,9012.036585365855,100.0,96.78870235099855,24.630102367125325,81.7575,40.0,53.28083989501313,70.8754699331261,良
EQ-0198,杭州滨江110kV_避雷器_03,避雷器,110kV,杭州滨江110kV变电站,华东,中国西电,2009-10-26,20,17,rated_voltage_kv=185.0,检修停运,0.85,1.0,6.7,0.0,0.0,1.0,6.7,29513.3,0.9997730352303523,86.42432432432432,37,4,0.10810810810810811,9,1.4444444444444444,2,0.2222222222222222,0.6583146341463415,0.7990634146341464,58.81707317073171,9012.036585365855,100.0,97.64273502783392,32.48386370741545,76.99594594594595,60.0,22.047244094488207,70.7794360483906,良
EQ-0242,通州35kV_断路器_03,断路器,35kV,通州35kV变电站,华北,平高电气,2013-05-02,25,13,rated_current_a=3014.0; breaking_capacity_ka=36.9,正常运行,0.52,1.0,6.9,0.0,0.0,1.0,6.9,29513.1,0.9997662601626016,87.0421052631579,38,4,0.10526315789473684,9,4.666666666666667,3,0.3333333333333333,0.6984975609756098,0.8580878048780488,58.81707317073171,9128.390243902439,100.0,97.55859135367636,23.797074674930837,77.73157894736842,40.0,58.425196850393704,70.77338973286606,良
EQ-0267,天津滨海220kV_隔离开关_04,隔离开关,220kV,天津滨海220kV变电站,华北,长征电气,2010-04-10,30,16,rated_current_a=1988.8,正常运行,0.5333333333333333,1.0,33.3,1.0,1.0,3.0,33.3,29486.7,0.9988719512195122,86.37073170731706,82,9,0.10975609756097561,11,3.3636363636363638,3,0.2727272727272727,0.5530780487804878,0.6877170731707317,58.81707317073171,9012.036585365855,81.81818181818181,86.45162636487792,53.55121486605443,76.72195121951219,50.909090909090914,56.955380577427825,70.74985353231062,良
EQ-0434,大连开发区35kV_隔离开关_03,隔离开关,35kV,大连开发区35kV变电站,东北,河南森源,2004-09-18,30,22,rated_current_a=3030.7,正常运行,0.7333333333333333,1.0,43.2,1.0,1.0,3.0,43.2,29476.8,0.9985365853658537,83.6632911392405,79,20,0.25316455696202533,10,0.0,0,0.0,0.5229829268292683,0.6509756097560976,58.81707317073171,9012.036585365855,81.81818181818181,82.2865144940785,60.00686825571302,53.85696202531645,100.0,34.90813648293965,70.48257995659519,良
EQ-0293,石家庄高新35kV_避雷器_02,避雷器,35kV,石家庄高新35kV变电站,华北,中国西电,2007-05-12,20,19,rated_voltage_kv=61.2,正常运行,0.95,1.0,2.5,0.0,0.0,1.0,2.5,29517.5,0.9999153116531165,84.995,40,4,0.1,10,3.4,3,0.3,0.6097853658536585,0.7583585365853659,58.81707317073171,9012.036585365855,100.0,99.40975218514275,41.262951341594544,77.4975,46.00000000000001,11.023622047244103,70.46152791007187,良
EQ-0416,沈阳浑南110kV_隔离开关_01,隔离开关,220kV,沈阳浑南110kV变电站,东北,长征电气,2010-02-20,30,16,rated_current_a=2231.2,正常运行,0.5333333333333333,1.0,12.0,0.0,,1.0,8.7,29504.75,0.9995934959349594,85.55316455696202,79,10,0.12658227848101267,10,6.7,3,0.3,0.6930609756097561,0.8579341463414634,58.81707317073171,9012.036585365855,100.0,96.78870235099855,23.58355206297236,73.78924050632911,46.00000000000001,56.955380577427825,70.43837501648633,良
EQ-0324,江夏35kV_避雷器_01,避雷器,35kV,江夏35kV变电站,华中,浙江金利华,2006-05-04,20,20,rated_voltage_kv=163.9,正常运行,1.0,1.0,12.0,0.0,,1.0,8.7,29504.75,0.9995934959349594,84.25750000000001,40,5,0.125,12,0.5833333333333334,1,0.08333333333333333,0.6628390243902439,0.8236414634146342,58.81707317073171,9012.036585365855,100.0,96.78870235099855,29.837410312041115,73.37875,85.0,5.511811023622045,70.38321613497014,良
EQ-0165,苏州工业园220kV_隔离开关_04,隔离开关,220kV,苏州工业园220kV变电站,华东,新东北电气,2008-09-11,30,18,rated_current_a=3109.6,正常运行,0.6,1.0,12.0,0.0,,1.0,8.7,29504.75,0.9995934959349594,84.8246913580247,81,17,0.20987654320987653,9,5.555555555555555,2,0.2222222222222222,0.6646682926829268,0.8258170731707317,58.81707317073171,9012.036585365855,100.0,96.78870235099855,29.45008700966754,60.930864197530866,60.0,49.60629921259844,70.3480174230227,良
EQ-0214,昆山35kV_避雷器_03,避雷器,35kV,昆山35kV变电站,华东,浙江金利华,2005-10-05,20,21,rated_voltage_kv=166.7,备用,1.05,1.0,12.9,0.0,0.0,1.0,12.9,29507.1,0.9995630081300813,82.97948717948718,78,13,0.16666666666666666,11,2.6363636363636362,1,0.09090909090909091,0.6148853658536585,0.7717512195121952,58.81707317073171,9012.036585365855,100.0,95.03428112894943,39.538641139854995,66.4897435897436,83.63636363636364,0.0,70.25168235585879,良
EQ-0419,沈阳浑南110kV_隔离开关_04,隔离开关,110kV,沈阳浑南110kV变电站,东北,河南森源,2007-11-14,30,19,rated_current_a=3012.0,正常运行,0.6333333333333333,1.0,12.0,0.0,,1.0,8.7,29504.75,0.9995934959349594,84.56052631578947,38,6,0.15789473684210525,9,4.777777777777778,4,0.4444444444444444,0.5931536585365853,0.739080487804878,58.81707317073171,9012.036585365855,100.0,96.78870235099855,44.74028910386527,68.59605263157894,20.0,45.93175853018373,70.18838203872798,良
EQ-0019,龙华220kV_隔离开关_04,隔离开关,110kV,龙华220kV变电站,华南,西电集团,2006-05-15,30,20,rated_current_a=2618.8,正常运行,0.6666666666666666,1.0,12.0,0.0,,1.0,8.7,29504.75,0.9995934959349594,84.58250000000001,40,6,0.15,9,3.4444444444444446,2,0.2222222222222222,0.686719512195122,0.8458487804878049,58.81707317073171,9012.036585365855,100.0,96.78870235099855,25.325874115661122,69.79125,60.0,42.25721784776905,70.11732457810885,良
EQ-0153,苏州工业园220kV_断路器_01,断路器,220kV,苏州工业园220kV变电站,华东,平高电气,2007-10-23,25,19,rated_current_a=2702.8; breaking_capacity_ka=51.8,正常运行,0.76,2.0,4.1,0.0,0.0,2.0,2.05,14757.95,0.9998611111111112,84.27250000000001,80,12,0.15,9,4.777777777777778,2,0.2222222222222222,0.5006634146341463,0.6232634146341464,58.81707317073171,8176.731707317073,90.9090909090909,79.60958438779775,59.02427685793343,69.63625,60.0,31.96850393700788,70.09633287011975,良
EQ-0365,重庆两江220kV_电力变压器_01,电力变压器,220kV,重庆两江220kV变电站,西南,保变电气,2009-02-19,30,17,rated_capacity_mva=43.3; rated_current_a=304.7,正常运行,0.5666666666666667,1.0,48.8,0.0,0.0,1.0,48.8,29471.2,0.9983468834688347,86.12820512820512,78,10,0.1282051282051282,12,1.8333333333333333,1,0.08333333333333333,0.6740560975609756,0.832768292682927,61.56829268292683,8577.951219512195,100.0,79.9304916176667,20.77416667535409,73.83333333333333,85.0,53.28083989501313,70.04401564810547,良
EQ-0093,前海110kV_断路器_04,断路器,220kV,前海110kV变电站,华南,平高电气,2021-01-11,25,5,rated_current_a=3810.9; breaking_capacity_ka=46.5,正常运行,0.2,4.0,77.7,0.0,0.0,4.0,19.425,7360.575,0.9973678861788617,87.05,80,7,0.0875,11,3.4545454545454546,2,0.18181818181818182,0.5997341463414634,0.7457365853658536,58.81707317073171,10833.09756097561,72.72727272727273,62.24252653995339,56.1187219775306,80.4,67.27272727272728,93.7007874015748,70.0114193527452,良
EQ-0358,武侯110kV_电容器组_01,电容器组,10kV,武侯110kV变电站,西南,ABB,2011-02-20,20,15,rated_capacity_mvar=12.2,正常运行,0.75,1.0,2.3,0.0,0.0,1.0,2.3,29517.7,0.9999220867208672,87.16749999999999,40,5,0.125,11,5.909090909090909,4,0.36363636363636365,0.6355682926829268,0.7910170731707317,58.81707317073171,9012.036585365855,100.0,99.49389585930032,35.62837271649014,74.83375,34.54545454545455,33.07086614173228,70.01114828387679,良
EQ-0411,沈阳浑南110kV_断路器_01,断路器,110kV,沈阳浑南110kV变电站,东北,ABB,2009-09-25,25,17,rated_current_a=1597.9; breaking_capacity_ka=41.4,正常运行,0.68,1.0,5.1,0.0,0.0,1.0,5.1,29514.9,0.9998272357723578,85.86410256410257,39,3,0.07692307692307693,10,6.9,3,0.3,0.6863024390243903,0.8412097560975611,58.81707317073171,8498.512195121952,100.0,98.31588442109444,22.206072440417238,81.39358974358974,46.00000000000001,40.78740157480316,69.9921699913211,注意
EQ-0046,松山湖220kV_断路器_04,断路器,220kV,松山湖220kV变电站,华南,西门子,2017-08-14,25,9,rated_current_a=1747.3; breaking_capacity_ka=38.2,正常运行,0.36,3.0,18.9,0.0,0.0,3.0,6.3,9833.699999999999,0.9993597560975609,86.97142857142858,77,3,0.03896103896103896,9,2.4444444444444446,1,0.1111111111111111,0.6739121951219512,0.8351536585365854,58.81707317073171,9708.829268292682,81.81818181818181,71.14722640135967,32.48607365695277,87.64155844155844,80.0,76.06299212598425,69.93373844504013,注意
EQ-0013,龙华220kV_断路器_08,断路器,220kV,龙华220kV变电站,华南,沈阳高开,2006-01-27,25,20,rated_current_a=3754.0; breaking_capacity_ka=43.8,正常运行,0.8,1.0,3.2,0.0,0.0,1.0,3.2,29516.8,0.9998915989159891,84.12125,80,10,0.125,12,1.8333333333333333,2,0.16666666666666666,0.6558804878048781,0.8205463414634147,58.81707317073171,7664.317073170731,100.0,99.11524932559128,21.479233230389315,73.310625,70.0,27.559055118110237,69.87139577300715,注意
EQ-0328,长沙星沙110kV_电力变压器_02,电力变压器,110kV,长沙星沙110kV变电站,华中,西电集团,2018-08-27,30,8,rated_capacity_mva=47.7; rated_current_a=196.2,正常运行,0.26666666666666666,2.0,19.0,1.0,0.5,4.0,9.5,14750.5,0.9993563685636856,86.38250000000001,40,2,0.05,11,0.9090909090909091,1,0.09090909090909091,0.6557463414634146,0.8186487804878049,59.71219512195122,9391.585365853658,72.72727272727273,76.46682014963807,32.362740510243924,85.69125,83.63636363636364,86.35170603674541,69.80022478110548,注意
EQ-0025,龙华220kV_电容器组_02,电容器组,10kV,龙华220kV变电站,华南,思源电气,2009-02-01,20,17,rated_capacity_mvar=17.1,正常运行,0.85,1.0,7.1,0.0,0.0,1.0,7.1,29512.9,0.999759485094851,86.85121951219513,41,5,0.12195121951219512,9,2.4444444444444446,2,0.2222222222222222,0.6645853658536586,0.8294219512195122,58.81707317073171,9012.036585365855,100.0,97.47444767951879,29.141904199097112,75.1329268292683,60.0,22.047244094488207,69.79793380956225,注意
EQ-0438,大连开发区35kV_避雷器_02,避雷器,35kV,大连开发区35kV变电站,东北,河南久盛,2006-11-12,20,20,rated_voltage_kv=114.9,带病运行,1.0,1.0,12.0,0.0,,1.0,8.7,29504.75,0.9995934959349594,82.1425,40,7,0.175,13,2.3846153846153846,3,0.23076923076923078,0.5875853658536586,0.7301585365853658,58.81707317073171,9012.036585365855,100.0,96.78870235099855,46.121544300724885,64.82124999999999,58.46153846153846,5.511811023622045,69.70257177886076,注意
EQ-0095,前海110kV_隔离开关_01,隔离开关,110kV,前海110kV变电站,华南,河南森源,2017-04-12,30,9,rated_current_a=3030.8,正常运行,0.3,3.0,17.3,0.0,0.0,3.0,5.766666666666667,9834.233333333334,0.9994139566395664,88.19268292682926,41,1,0.024390243902439025,9,5.666666666666667,2,0.2222222222222222,0.6330317073170731,0.7985585365853659,58.81707317073171,9012.036585365855,81.81818181818181,71.37281398893553,35.236806038282154,90.43780487804878,60.0,82.67716535433071,69.60985672712937,注意
EQ-0387,重庆两江220kV_避雷器_02,避雷器,220kV,重庆两江220kV变电站,西南,浙江金利华,2009-09-24,20,17,rated_voltage_kv=95.0,正常运行,0.85,1.0,12.0,0.0,,1.0,8.7,29504.75,0.9995934959349594,86.54683544303798,79,14,0.17721518987341772,10,3.5,4,0.4,0.5624707317073171,0.7036243902439024,58.81707317073171,9012.036585365855,100.0,96.78870235099855,51.1458592462688,66.69113924050633,28.0,22.047244094488207,69.59530761497824,注意
EQ-0076,南沙110kV_隔离开关_01,隔离开关,110kV,南沙110kV变电站,华南,西电集团,2012-11-16,30,14,rated_current_a=3103.9,正常运行,0.4666666666666667,2.0,14.0,0.0,0.0,2.0,7.0,14753.0,0.9995257452574525,87.29743589743589,39,4,0.10256410256410256,9,6.888888888888889,4,0.4444444444444444,0.5423731707317073,0.6739365853658537,58.81707317073171,9012.036585365855,90.9090909090909,77.52143902150374,55.910079645226084,78.26410256410256,20.0,64.30446194225722,69.5836380394598,注意
EQ-0280,天津滨海220kV_GIS组合电器_02,GIS组合电器,220kV,天津滨海220kV变电站,华北,西电集团,2008-08-01,35,18,rated_current_a=3485.9; sf6_pressure_mpa=0.4,带病运行,0.5142857142857142,2.0,20.5,1.0,0.5,4.0,10.25,14749.75,0.9993055555555556,84.6890243902439,82,14,0.17073170731707318,12,2.25,2,0.16666666666666666,0.5032756097560975,0.6344756097560976,52.15121951219512,7941.048780487805,72.72727272727273,76.15043448807837,65.90453685845004,66.73475609756096,70.0,59.05511811023623,69.50853767678164,注意
EQ-0029,龙华220kV_避雷器_03,避雷器,35kV,龙华220kV变电站,华南,西门子,2010-12-14,20,16,rated_voltage_kv=219.5,带病运行,0.8,1.0,15.1,0.0,0.0,1.0,15.1,29504.9,0.9994884823848239,86.14358974358974,39,7,0.1794871794871795,10,0.6,1,0.1,0.6937024390243902,0.8528780487804879,58.81707317073171,9012.036585365855,100.0,94.10870071321624,23.959541246766562,66.14871794871794,82.0,27.559055118110237,69.49186159611527,注意
EQ-0264,天津滨海220kV_隔离开关_01,隔离开关,35kV,天津滨海220kV变电站,华北,长征电气,2009-03-16,30,17,rated_current_a=1821.3,正常运行,0.5666666666666667,1.0,2.7,0.0,0.0,1.0,2.7,29517.3,0.9999085365853658,85.08947368421053,38,7,0.18421052631578946,11,6.0,4,0.36363636363636365,0.6592439024390244,0.8206756097560975,58.81707317073171,9012.036585365855,100.0,99.3256085109852,30.48341365455788,64.91315789473684,34.54545454545455,53.28083989501313,69.48140756136591,注意
EQ-0291,石家庄高新35kV_电容器组_02,电容器组,35kV,石家庄高新35kV变电站,华北,荣信股份,2013-04-22,20,13,rated_capacity_mvar=23.8,正常运行,0.65,1.0,57.1,0.0,0.0,1.0,57.1,29462.9,0.9980657181571816,86.58,40,4,0.1,11,3.8181818181818183,2,0.18181818181818182,0.6615707317073171,0.8138512195121951,58.81707317073171,9012.036585365855,100.0,76.4385291401278,30.83438120549846,78.28999999999999,67.27272727272728,44.094488188976385,69.33480361529563,注意
EQ-0114,张江110kV_断路器_05,断路器,110kV,张江110kV变电站,华东,ABB,2012-10-18,25,14,rated_current_a=1620.3; breaking_capacity_ka=61.7,带病运行,0.56,1.0,12.0,0.0,,1.0,8.7,29504.75,0.9995934959349594,86.12,40,6,0.15,9,2.2222222222222223,3,0.3333333333333333,0.6977829268292682,0.8648658536585365,58.81707317073171,9364.463414634147,100.0,96.78870235099855,24.919793538279656,70.56,40.0,54.01574803149607,69.32727398100525,注意
EQ-0381,重庆两江220kV_隔离开关_05,隔离开关,220kV,重庆两江220kV变电站,西南,长征电气,2013-11-07,30,13,rated_current_a=1442.6,带病运行,0.43333333333333335,1.0,30.7,1.0,1.0,3.0,30.7,29489.3,0.998960027100271,87.62345679012346,81,12,0.14814814814814814,9,1.1111111111111112,1,0.1111111111111111,0.6736853658536585,0.8288268292682928,58.81707317073171,9012.036585365855,81.81818181818181,87.54549412892625,28.219373770539967,71.5895061728395,80.0,67.97900262467192,69.14384522283181,注意
EQ-0067,松山湖220kV_GIS组合电器_03,GIS组合电器,220kV,松山湖220kV变电站,华南,ABB,2012-10-14,35,14,rated_current_a=2972.1; sf6_pressure_mpa=0.5,正常运行,0.4,1.0,36.0,1.0,1.0,3.0,36.0,29484.0,0.998780487804878,87.78780487804879,82,7,0.08536585365853659,9,3.111111111111111,1,0.1111111111111111,0.6364292682926829,0.7932829268292683,65.35365853658537,8351.048780487805,81.81818181818181,85.31568676375079,21.1423533324397,81.0890243902439,80.0,71.65354330708661,69.0748614630288,注意
EQ-0120,张江110kV_隔离开关_05,隔离开关,35kV,张江110kV变电站,华东,河南森源,2013-11-27,30,13,rated_current_a=2093.2,正常运行,0.43333333333333335,2.0,35.0,1.0,0.5,4.0,17.5,14742.5,0.9988143631436315,87.95897435897436,39,1,0.02564102564102564,10,4.4,3,0.3,0.5373365853658536,0.6720414634146341,58.81707317073171,9012.036585365855,72.72727272727273,73.09203975966794,56.61632948973537,90.13333333333333,46.00000000000001,67.97900262467192,69.04139229416603,注意
EQ-0283,石家庄高新35kV_电力变压器_02,电力变压器,35kV,石家庄高新35kV变电站,华北,特变电工,2010-09-06,30,16,rated_capacity_mva=41.9; rated_current_a=141.3,正常运行,0.5333333333333333,1.0,12.0,0.0,0.0,1.0,12.0,29508.0,0.9995934959349594,83.56315789473685,38,11,0.2894736842105263,10,2.6,2,0.2,0.6710487804878049,0.8304073170731707,58.17560975609756,8738.0,100.0,95.41292766265848,27.398095449248803,48.36052631578947,64.0,56.955380577427825,68.91182162749266,注意
EQ-0132,临港110kV_断路器_01,断路器,35kV,临港110kV变电站,华东,西门子,2014-08-06,25,12,rated_current_a=3485.7; breaking_capacity_ka=33.1,正常运行,0.48,1.0,11.9,1.0,1.0,3.0,11.9,29508.1,0.9995968834688347,89.07000000000001,40,4,0.1,10,6.2,3,0.3,0.664190243902439,0.8286439024390244,58.81707317073171,9509.560975609756,81.81818181818181,95.45499949973726,32.71386423653433,79.535,46.00000000000001,62.83464566929135,68.9020327687289,注意
EQ-0203,昆山35kV_断路器_01,断路器,35kV,昆山35kV变电站,华东,沈阳高开,2004-05-12,25,22,rated_current_a=3782.8; breaking_capacity_ka=38.9,带病运行,0.88,1.0,6.1,0.0,0.0,1.0,6.1,29513.9,0.9997933604336043,83.27682926829269,82,18,0.21951219512195122,10,4.3,3,0.3,0.551709756097561,0.6865512195121952,58.81707317073171,7733.317073170731,100.0,97.89516605030661,44.904493681421535,58.71158536585366,46.00000000000001,18.740157480314977,68.84068549925517,注意
EQ-0399,成都高新35kV_断路器_03,断路器,35kV,成都高新35kV变电站,西南,西门子,2016-01-05,25,10,rated_current_a=3739.3; breaking_capacity_ka=60.4,检修停运,0.4,3.0,31.3,0.0,0.0,3.0,10.433333333333334,9829.566666666668,0.998939701897019,85.42439024390244,41,3,0.07317073170731707,11,1.0,1,0.09090909090909091,0.6618634146341464,0.8275926829268293,58.81707317073171,9536.292682926829,81.81818181818181,69.39892259764686,33.2415633643883,81.73658536585366,83.63636363636364,71.65354330708661,68.77212114617556,注意
EQ-0430,大连开发区35kV_断路器_02,断路器,110kV,大连开发区35kV变电站,东北,河南森源,2007-08-07,25,19,rated_current_a=2168.8; breaking_capacity_ka=45.7,备用,0.76,1.0,12.0,0.0,,1.0,8.7,29504.75,0.9995934959349594,83.85945945945946,37,6,0.16216216216216217,9,2.3333333333333335,3,0.3333333333333333,0.6119585365853658,0.7734634146341464,58.81707317073171,8282.536585365853,100.0,96.78870235099855,34.6265785179075,67.6054054054054,40.0,31.96850393700788,68.62071737829281,注意
EQ-0039,松山湖220kV_电力变压器_01,电力变压器,220kV,松山湖220kV变电站,华南,特变电工,2017-10-06,30,9,rated_capacity_mva=221.2; rated_current_a=411.5,正常运行,0.3,1.0,28.4,1.0,1.0,3.0,28.4,29491.6,0.9990379403794037,86.50750000000001,80,6,0.075,11,4.818181818181818,3,0.2727272727272727,0.6681853658536586,0.8242658536585366,65.05609756097562,9513.365853658537,81.81818181818181,88.51314638173822,23.538144712512107,82.00375,50.909090909090914,82.67716535433071,68.52399179973769,注意
EQ-0079,南沙110kV_隔离开关_04,隔离开关,110kV,南沙110kV变电站,华南,西门子,2012-04-12,30,14,rated_current_a=1071.3,正常运行,0.4666666666666667,2.0,5.8,1.0,0.5,4.0,2.9,14757.1,0.9998035230352303,88.6225,40,2,0.05,10,2.6,2,0.2,0.5958341463414635,0.7541951219512195,58.81707317073171,9012.036585365855,72.72727272727273,79.25101397136343,43.1237248909327,86.81125,64.0,64.30446194225722,68.50889964850313,注意
EQ-0275,天津滨海220kV_避雷器_03,避雷器,35kV,天津滨海220kV变电站,华北,ABB,2012-12-11,20,14,rated_voltage_kv=39.6,带病运行,0.7,1.0,2.1,0.0,0.0,1.0,2.1,29517.9,0.999928861788618,87.07692307692308,39,5,0.1282051282051282,9,4.0,3,0.3333333333333333,0.6943634146341464,0.865780487804878,58.81707317073171,9012.036585365855,100.0,99.5780395334579,22.753898846136828,74.3076923076923,40.0,38.58267716535434,68.47080923860823,注意
EQ-0211,昆山35kV_电容器组_02,电容器组,10kV,昆山35kV变电站,华东,ABB,2006-03-11,20,20,rated_capacity_mvar=28.8,正常运行,1.0,2.0,9.4,0.0,0.0,2.0,4.7,14755.3,0.9996815718157182,85.275,40,5,0.125,11,2.5454545454545454,2,0.18181818181818182,0.5317512195121952,0.6594414634146342,58.81707317073171,9012.036585365855,90.9090909090909,78.49168838362014,58.32291612604994,73.8875,67.27272727272728,5.511811023622045,68.45177245884169,注意
EQ-0080,南沙110kV_电容器组_01,电容器组,10kV,南沙110kV变电站,华南,荣信股份,2014-09-08,20,12,rated_capacity_mvar=23.5,正常运行,0.6,2.0,10.4,0.0,0.0,2.0,5.2,14754.8,0.9996476964769647,88.81052631578947,38,4,0.10526315789473684,10,2.8,2,0.2,0.6433829268292682,0.7990439024390245,58.81707317073171,9012.036585365855,90.9090909090909,78.28076460924702,34.085199461797075,78.6157894736842,64.0,49.60629921259844,68.35346388379402,注意
EQ-0021,龙华220kV_隔离开关_06,隔离开关,110kV,龙华220kV变电站,华南,西电集团,2006-12-22,30,20,rated_current_a=1771.0,正常运行,0.6666666666666666,2.0,10.2,0.0,0.0,2.0,5.1,14754.9,0.9996544715447154,83.88378378378378,37,5,0.13513513513513514,9,0.0,0,0.0,0.6872707317073171,0.8511682926829268,58.81707317073171,9012.036585365855,90.9090909090909,78.32294936412164,24.79894534024332,71.67162162162163,100.0,42.25721784776905,68.32811669616586,注意
EQ-0008,龙华220kV_断路器_03,断路器,220kV,龙华220kV变电站,华南,西门子,2006-06-11,25,20,rated_current_a=3073.2; breaking_capacity_ka=38.8,正常运行,0.8,2.0,11.0,0.0,0.0,2.0,5.5,14754.5,0.9996273712737127,83.73076923076923,78,14,0.1794871794871795,11,4.7272727272727275,2,0.18181818181818182,0.5198780487804878,0.6503780487804879,58.81707317073171,8028.585365853659,90.9090909090909,78.15421034462314,53.55033607891925,64.94230769230768,67.27272727272728,27.559055118110237,68.29270640491112,注意
EQ-0421,沈阳浑南110kV_电容器组_02,电容器组,10kV,沈阳浑南110kV变电站,东北,ABB,2008-06-19,20,18,rated_capacity_mvar=17.3,正常运行,0.9,1.0,24.8,1.0,1.0,3.0,24.8,29495.2,0.999159891598916,83.4054054054054,37,8,0.21621621621621623,10,1.1,1,0.1,0.5445829268292682,0.6810780487804878,58.81707317073171,9012.036585365855,81.81818181818181,90.0277325165744,55.045223893044714,59.27027027027027,82.0,16.535433070866162,68.21322058409645,注意
EQ-0238,通州35kV_电力变压器_01,电力变压器,35kV,通州35kV变电站,华北,西电集团,2007-02-12,30,19,rated_capacity_mva=34.9; rated_current_a=453.0,正常运行,0.6333333333333333,2.0,17.4,0.0,0.0,2.0,8.7,14751.3,0.999410569105691,84.08947368421053,38,5,0.13157894736842105,11,5.636363636363637,3,0.2727272727272727,0.5768731707317074,0.7262414634146341,54.74878048780487,8052.317073170731,90.9090909090909,76.80429818863509,46.909542520538984,72.30789473684212,50.909090909090914,45.93175853018373,68.00031002356133,注意
EQ-0383,重庆两江220kV_电容器组_01,电容器组,10kV,重庆两江220kV变电站,西南,九州电气,2010-04-14,20,16,rated_capacity_mvar=26.3,正常运行,0.8,1.0,47.7,1.0,1.0,3.0,47.7,29472.3,0.9983841463414634,86.55263157894737,38,7,0.18421052631578946,10,1.6,2,0.2,0.5122414634146342,0.6423365853658536,58.81707317073171,9012.036585365855,81.81818181818181,80.3932818255333,61.91743549774002,65.64473684210526,64.0,27.559055118110237,67.91930495732693,注意
EQ-0397,成都高新35kV_断路器_01,断路器,35kV,成都高新35kV变电站,西南,沈阳高开,2016-12-26,25,10,rated_current_a=3678.3; breaking_capacity_ka=47.1,正常运行,0.4,3.0,25.5,1.0,0.3333333333333333,5.0,8.5,9831.5,0.9991361788617886,88.97749999999999,40,0,0.0,10,2.7,1,0.1,0.6231097560975609,0.7806317073170731,58.81707317073171,9549.19512195122,63.63636363636363,70.21667760260931,41.61341388575553,94.48875,82.0,71.65354330708661,67.81377603747255,注意
EQ-0271,天津滨海220kV_电容器组_02,电容器组,10kV,天津滨海220kV变电站,华北,ABB,2010-05-26,20,16,rated_capacity_mvar=13.5,正常运行,0.8,3.0,35.0,0.0,0.0,3.0,11.666666666666666,9828.333333333334,0.9988143631436315,85.25897435897436,39,3,0.07692307692307693,10,0.5,1,0.1,0.5595365853658536,0.703390243902439,58.81707317073171,9012.036585365855,81.81818181818181,68.87725130137773,51.480785862576845,81.09102564102564,82.0,27.559055118110237,67.64571224530124,注意
EQ-0064,松山湖220kV_避雷器_06,避雷器,220kV,松山湖220kV变电站,华南,ABB,2011-12-02,20,15,rated_voltage_kv=93.7,正常运行,0.75,1.0,12.0,0.0,,1.0,8.7,29504.75,0.9995934959349594,87.12875,80,14,0.175,11,3.4545454545454546,3,0.2727272727272727,0.6881780487804878,0.860948780487805,58.81707317073171,9012.036585365855,100.0,96.78870235099855,23.841503516087897,67.314375,50.909090909090914,33.07086614173228,67.62119312849961,注意
EQ-0422,沈阳浑南110kV_避雷器_01,避雷器,110kV,沈阳浑南110kV变电站,东北,浙江金利华,2009-08-20,20,17,rated_voltage_kv=91.2,正常运行,0.85,1.0,28.7,0.0,0.0,1.0,28.7,29491.3,0.9990277777777777,87.90263157894738,38,3,0.07894736842105263,10,6.5,3,0.3,0.6641195121951219,0.830439024390244,58.81707317073171,9012.036585365855,100.0,88.38693087050189,29.102354089707468,82.10921052631579,46.00000000000001,22.047244094488207,67.61896298043806,注意
EQ-0202,昆山35kV_电力变压器_02,电力变压器,35kV,昆山35kV变电站,华东,西门子,2006-02-20,30,20,rated_capacity_mva=109.8; rated_current_a=431.7,检修停运,0.6666666666666666,1.0,4.9,0.0,0.0,1.0,4.9,29515.1,0.9998340108401084,84.38,40,7,0.175,11,5.818181818181818,4,0.36363636363636365,0.6287243902439025,0.7918829268292682,61.00975609756098,8089.634146341464,100.0,98.40002809525198,26.64939910239281,65.94,34.54545454545455,42.25721784776905,67.58115267885131,注意
EQ-0026,龙华220kV_电容器组_03,电容器组,35kV,龙华220kV变电站,华南,九州电气,2012-07-08,20,14,rated_capacity_mvar=8.9,带病运行,0.7,1.0,4.5,0.0,0.0,1.0,4.5,29515.5,0.9998475609756098,86.75675675675676,37,5,0.13513513513513514,11,9.0,4,0.36363636363636365,0.6969487804878048,0.8684999999999999,58.81707317073171,9012.036585365855,100.0,98.56831544356713,22.237736649523676,73.10810810810811,34.54545454545455,38.58267716535434,67.44023980591527,注意
EQ-0217,亦庄110kV_电力变压器_03,电力变压器,110kV,亦庄110kV变电站,华北,保变电气,2012-07-21,30,14,rated_capacity_mva=219.1; rated_current_a=512.2,正常运行,0.4666666666666667,2.0,33.2,1.0,0.5,4.0,16.6,14743.4,0.9988753387533875,85.17435897435898,39,3,0.07692307692307693,13,0.0,0,0.0,0.6556390243902439,0.8203804878048782,58.38536585365854,8638.80487804878,72.72727272727273,73.47170255353957,28.932817345231136,81.04871794871795,100.0,64.30446194225722,67.25047604810574,注意
EQ-0270,天津滨海220kV_电容器组_01,电容器组,10kV,天津滨海220kV变电站,华北,思源电气,2010-04-13,20,16,rated_capacity_mvar=34.9,正常运行,0.8,1.0,36.5,1.0,1.0,3.0,36.5,29483.5,0.9987635501355013,85.40769230769232,39,6,0.15384615384615385,11,1.4545454545454546,1,0.09090909090909091,0.6118560975609757,0.7632,58.81707317073171,9012.036585365855,81.81818181818181,85.10532757835689,40.615285406143826,69.62692307692308,83.63636363636364,27.559055118110237,67.16224838843145,注意
EQ-0199,杭州滨江110kV_避雷器_04,避雷器,35kV,杭州滨江110kV变电站,华东,西门子,2010-06-22,20,16,rated_voltage_kv=185.1,正常运行,0.8,2.0,24.5,0.0,0.0,2.0,12.25,14747.75,0.9991700542005421,87.87105263157895,38,5,0.13157894736842105,9,0.0,0,0.0,0.6779634146341463,0.8382073170731708,58.81707317073171,9012.036585365855,90.9090909090909,75.30673939058585,26.936010633361832,74.19868421052632,100.0,27.559055118110237,67.06153087545223,注意
EQ-0249,通州35kV_避雷器_01,避雷器,35kV,通州35kV变电站,华北,浙江金利华,2014-05-27,20,12,rated_voltage_kv=64.1,正常运行,0.6,2.0,30.0,1.0,0.5,4.0,15.0,14745.0,0.9989837398373984,88.75555555555555,36,2,0.05555555555555555,10,2.7,2,0.2,0.5691878048780488,0.7222048780487804,58.81707317073171,9012.036585365855,72.72727272727273,74.14665863153361,48.79202068710786,86.04444444444445,64.0,49.60629921259844,67.036850633473,注意
EQ-0169,苏州工业园220kV_电容器组_01,电容器组,10kV,苏州工业园220kV变电站,华东,思源电气,2007-09-14,20,19,rated_capacity_mvar=18.0,正常运行,0.95,2.0,13.1,0.0,0.0,2.0,6.55,14753.45,0.9995562330623307,83.52250000000001,40,5,0.125,12,3.0,2,0.16666666666666666,0.5722487804878048,0.7221073170731708,58.81707317073171,9012.036585365855,90.9090909090909,77.71127041843955,48.472682255658846,73.01125,70.0,11.023622047244103,67.01811296681683,注意
EQ-0017,龙华220kV_隔离开关_02,隔离开关,110kV,龙华220kV变电站,华南,西电集团,2007-12-20,30,19,rated_current_a=1336.1,正常运行,0.6333333333333333,1.0,21.3,1.0,1.0,3.0,21.3,29498.7,0.9992784552845528,84.87948717948719,39,7,0.1794871794871795,11,0.2727272727272727,1,0.09090909090909091,0.6816463414634146,0.8337073170731708,58.81707317073171,9012.036585365855,81.81818181818181,91.50024681433176,26.937259238354798,65.51666666666667,83.63636363636364,45.93175853018373,66.92635888173751,注意
EQ-0044,松山湖220kV_断路器_02,断路器,220kV,松山湖220kV变电站,华南,西门子,2010-02-03,25,16,rated_current_a=2829.3; breaking_capacity_ka=62.3,正常运行,0.64,2.0,9.5,0.0,0.0,2.0,4.75,14755.25,0.9996781842818429,86.72098765432098,81,10,0.12345679012345678,9,6.888888888888889,3,0.3333333333333333,0.5871780487804878,0.7300073170731707,58.81707317073171,8496.09756097561,90.9090909090909,78.47059600618284,42.589174817290775,74.84197530864196,40.0,45.19685039370079,66.68520822763382,注意
EQ-0314,江夏35kV_电力变压器_01,电力变压器,35kV,江夏35kV变电站,华中,ABB,2006-11-27,30,20,rated_capacity_mva=211.8; rated_current_a=524.4,正常运行,0.6666666666666666,1.0,12.0,0.0,,1.0,8.7,29504.75,0.9995934959349594,84.42564102564103,39,13,0.3333333333333333,9,1.8888888888888888,2,0.2222222222222222,0.6446560975609756,0.8010219512195123,60.00243902439024,8226.0,100.0,96.78870235099855,26.566306653746544,42.212820512820514,60.0,42.25721784776905,66.22864666264901,注意
EQ-0038,龙华220kV_GIS组合电器_04,GIS组合电器,220kV,龙华220kV变电站,华南,新东北电气,2008-08-06,35,18,rated_current_a=2710.6; sf6_pressure_mpa=0.6,正常运行,0.5142857142857142,1.0,20.9,1.0,1.0,3.0,20.9,29499.1,0.9992920054200541,84.1888888888889,81,12,0.14814814814814814,10,5.9,3,0.3,0.600690243902439,0.7490926829268293,63.33414634146341,8353.90243902439,81.81818181818181,91.66853416264688,31.8424083275537,69.87222222222223,46.00000000000001,59.05511811023623,66.14307909694253,注意
EQ-0004,龙华220kV_电力变压器_04,电力变压器,110kV,龙华220kV变电站,华南,保变电气,2011-05-02,30,15,rated_capacity_mva=218.5; rated_current_a=291.3,正常运行,0.5,2.0,7.800000000000001,0.0,0.0,2.0,3.9000000000000004,14756.1,0.9997357723577236,85.78,40,4,0.1,9,4.777777777777778,3,0.3333333333333333,0.6157048780487805,0.7680731707317073,64.47073170731707,8564.121951219513,90.9090909090909,78.82916642261716,28.358365281586774,77.89,40.0,60.629921259842526,65.91127119409776,注意
EQ-0295,武昌110kV_电力变压器_01,电力变压器,110kV,武昌110kV变电站,华中,特变电工,2011-04-20,30,15,rated_capacity_mva=108.7; rated_current_a=162.0,正常运行,0.5,2.0,8.2,0.0,0.0,2.0,4.1,14755.9,0.9997222222222222,85.205,40,9,0.225,10,3.5,2,0.2,0.645180487804878,0.8097780487804878,58.79756097560975,8620.024390243903,90.9090909090909,78.74479691286791,30.249986512983845,58.8525,64.0,60.629921259842526,65.81709653842734,注意
EQ-0420,沈阳浑南110kV_电容器组_01,电容器组,10kV,沈阳浑南110kV变电站,东北,西门子,2014-06-28,20,12,rated_capacity_mvar=19.1,正常运行,0.6,2.0,136.3,0.0,0.0,2.0,68.15,14691.85,0.9953827913279133,86.86923076923077,39,5,0.1282051282051282,13,1.4615384615384615,1,0.07692307692307693,0.6145853658536585,0.7713390243902439,58.81707317073171,9012.036585365855,90.9090909090909,51.725461415669564,39.60703443376979,74.20384615384616,86.15384615384616,49.60629921259844,65.70036335688198,注意
EQ-0040,松山湖220kV_电力变压器_02,电力变压器,220kV,松山湖220kV变电站,华南,ABB,2010-04-19,30,16,rated_capacity_mva=87.8; rated_current_a=416.4,正常运行,0.5333333333333333,1.0,1.6,0.0,0.0,1.0,1.6,29518.4,0.9999457994579947,86.42727272727272,77,12,0.15584415584415584,9,8.777777777777779,4,0.4444444444444444,0.6787609756097561,0.8403658536585366,67.04146341463414,8609.121951219513,100.0,99.7883987188518,11.78379767434302,69.83701298701298,20.0,56.955380577427825,65.48552928443368,注意
EQ-0232,亦庄110kV_避雷器_02,避雷器,110kV,亦庄110kV变电站,华北,中国西电,2012-07-13,20,14,rated_voltage_kv=129.5,检修停运,0.7,3.0,18.1,0.0,0.0,3.0,6.033333333333334,9833.966666666667,0.9993868563685637,87.50263157894737,38,5,0.13157894736842105,11,3.8181818181818183,2,0.18181818181818182,0.587809756097561,0.737590243902439,58.81707317073171,9012.036585365855,81.81818181818181,71.2600201951476,45.443850525604994,74.01447368421053,67.27272727272728,38.58267716535434,65.48303109513571,注意
EQ-0274,天津滨海220kV_避雷器_02,避雷器,220kV,天津滨海220kV变电站,华北,西门子,2009-04-09,20,17,rated_voltage_kv=183.4,正常运行,0.85,1.0,12.0,0.0,,1.0,8.7,29504.75,0.9995934959349594,85.49615384615385,78,14,0.1794871794871795,9,4.111111111111111,3,0.3333333333333333,0.6880999999999999,0.853619512195122,58.81707317073171,9012.036585365855,100.0,96.78870235099855,24.494509855843106,65.82499999999999,40.0,22.047244094488207,65.33511685081714,注意
EQ-0398,成都高新35kV_断路器_02,断路器,110kV,成都高新35kV变电站,西南,西门子,2012-06-23,25,14,rated_current_a=1851.9; breaking_capacity_ka=55.5,正常运行,0.56,3.0,36.4,0.0,0.0,3.0,12.133333333333333,9827.866666666667,0.9987669376693766,86.02564102564102,39,5,0.1282051282051282,10,1.2,2,0.2,0.6133341463414634,0.7652682926829268,58.81707317073171,9099.439024390244,81.81818181818181,68.67986216224885,40.883071799762796,73.78205128205128,64.0,54.01574803149607,65.23601474240508,注意
EQ-0084,南沙110kV_避雷器_03,避雷器,35kV,南沙110kV变电站,华南,西门子,2012-03-16,20,14,rated_voltage_kv=58.1,正常运行,0.7,2.0,6.5,0.0,0.0,2.0,3.25,14756.75,0.999779810298103,86.73513513513514,37,4,0.10810810810810811,9,5.0,2,0.2222222222222222,0.6831390243902439,0.8455975609756098,58.81707317073171,9012.036585365855,90.9090909090909,79.10336732930224,25.731544345385302,77.15135135135135,60.0,38.58267716535434,65.12522548144838,注意
EQ-0354,武侯110kV_隔离开关_01,隔离开关,110kV,武侯110kV变电站,西南,长征电气,2015-02-17,30,11,rated_current_a=2017.7,正常运行,0.36666666666666664,2.0,27.1,1.0,0.5,4.0,13.55,14746.45,0.9990819783197833,86.43589743589743,39,7,0.1794871794871795,12,6.75,5,0.4166666666666667,0.5301243902439025,0.6609780487804878,58.81707317073171,9012.036585365855,72.72727272727273,74.7583375772157,58.36204658389445,66.2948717948718,25.0,75.32808398950132,64.78293418222111,注意
EQ-0286,石家庄高新35kV_断路器_03,断路器,110kV,石家庄高新35kV变电站,华北,沈阳高开,2007-09-09,25,19,rated_current_a=1297.1; breaking_capacity_ka=52.7,正常运行,0.76,1.0,75.1,0.0,0.0,1.0,75.1,29444.9,0.9974559620596206,85.36666666666667,39,6,0.15384615384615385,11,7.545454545454546,4,0.36363636363636365,0.5694268292682927,0.7107024390243902,58.81707317073171,8193.878048780487,100.0,68.86559846594703,44.08631169428492,69.60641025641026,34.54545454545455,31.96850393700788,64.68273941875417,注意
EQ-0186,杭州滨江110kV_断路器_02,断路器,110kV,杭州滨江110kV变电站,华东,ABB,2011-04-27,25,15,rated_current_a=1329.9; breaking_capacity_ka=52.2,正常运行,0.6,3.0,17.3,0.0,0.0,3.0,5.766666666666667,9834.233333333334,0.9994139566395664,87.21538461538462,39,3,0.07692307692307693,9,2.2222222222222223,1,0.1111111111111111,0.688890243902439,0.8481146341463415,58.81707317073171,8779.09756097561,81.81818181818181,71.37281398893553,23.273513145054725,82.06923076923077,80.0,49.60629921259844,64.65482541798796,注意
EQ-0089,前海110kV_电力变压器_03,电力变压器,35kV,前海110kV变电站,华南,保变电气,2020-01-25,30,6,rated_capacity_mva=117.6; rated_current_a=394.6,正常运行,0.2,4.0,34.1,0.0,0.0,4.0,8.525,7371.475,0.9988448509485095,88.41111111111111,36,3,0.08333333333333333,11,4.181818181818182,2,0.18181818181818182,0.6810536585365854,0.8463780487804878,66.63658536585366,10314.829268292682,72.72727272727273,66.86528090078183,23.470101934203168,81.70555555555555,67.27272727272728,93.7007874015748,64.60207954957872,注意
EQ-0424,沈阳浑南110kV_避雷器_03,避雷器,220kV,沈阳浑南110kV变电站,东北,ABB,2014-02-18,20,12,rated_voltage_kv=214.0,正常运行,0.6,2.0,70.80000000000001,2.0,1.0,6.0,35.400000000000006,14724.6,0.9976016260162602,86.73974358974358,78,7,0.08974358974358974,11,0.0,0,0.0,0.5461878048780487,0.6854682926829267,58.81707317073171,9012.036585365855,54.54545454545455,65.54096863710977,54.48715138201765,79.90833333333333,100.0,49.60629921259844,64.58886756144896,注意
EQ-0352,武侯110kV_断路器_04,断路器,110kV,武侯110kV变电站,西南,西门子,2017-12-14,25,9,rated_current_a=2980.7; breaking_capacity_ka=40.4,正常运行,0.36,3.0,83.1,1.0,0.3333333333333333,5.0,27.7,9812.300000000001,0.9971849593495935,86.27837837837838,37,4,0.10810810810810811,11,0.5454545454545454,1,0.09090909090909091,0.6285682926829268,0.7839731707317072,58.81707317073171,9836.90243902439,63.63636363636363,62.09552444987884,42.73628189155438,76.92297297297297,83.63636363636364,76.06299212598425,64.3838336995583,注意
EQ-0072,南沙110kV_断路器_02,断路器,35kV,南沙110kV变电站,华南,平高电气,2014-07-04,25,12,rated_current_a=3731.6; breaking_capacity_ka=38.8,正常运行,0.48,2.0,46.4,1.0,0.5,4.0,23.2,14736.8,0.9984281842818428,87.115,40,5,0.125,11,5.090909090909091,3,0.2727272727272727,0.6088951219512195,0.7542170731707317,58.81707317073171,9551.707317073171,72.72727272727273,70.68750873181422,45.476987486649016,74.8075,50.909090909090914,62.83464566929135,64.01021608334906,注意
EQ-0373,重庆两江220kV_断路器_05,断路器,220kV,重庆两江220kV变电站,西南,河南森源,2014-12-26,25,12,rated_current_a=2410.1; breaking_capacity_ka=56.0,正常运行,0.48,2.0,16.8,1.0,0.5,4.0,8.4,14751.6,0.9994308943089432,87.62784810126583,79,6,0.0759493670886076,10,5.1,3,0.3,0.647490243902439,0.8030390243902439,58.81707317073171,9232.585365853658,72.72727272727273,76.93085245325896,34.82811863153094,82.42151898734178,46.00000000000001,62.83464566929135,63.78030481380657,注意
EQ-0437,大连开发区35kV_避雷器_01,避雷器,35kV,大连开发区35kV变电站,东北,浙江金利华,2005-11-12,20,21,rated_voltage_kv=131.5,正常运行,1.05,2.0,11.5,0.0,0.0,2.0,5.75,14754.25,0.999610433604336,83.35061728395061,81,19,0.2345679012345679,12,4.333333333333333,3,0.25,0.5340146341463414,0.6716707317073171,58.81707317073171,9012.036585365855,90.9090909090909,78.04874845743656,57.00481462467703,56.49012345679012,55.00000000000001,0.0,63.711503862213966,注意
EQ-0290,石家庄高新35kV_电容器组_01,电容器组,35kV,石家庄高新35kV变电站,华北,思源电气,2009-09-15,20,17,rated_capacity_mvar=22.2,正常运行,0.85,3.0,21.5,0.0,0.0,3.0,7.166666666666667,9832.833333333334,0.9992716802168021,86.11052631578947,38,4,0.10526315789473684,9,0.6666666666666666,1,0.1111111111111111,0.6346658536585366,0.7860975609756097,58.81707317073171,9012.036585365855,81.81818181818181,70.78064657154893,36.157745343836794,77.26578947368421,80.0,22.047244094488207,63.63681666812405,注意
EQ-0016,龙华220kV_隔离开关_01,隔离开关,220kV,龙华220kV变电站,华南,新东北电气,2009-06-03,30,17,rated_current_a=2843.2,正常运行,0.5666666666666667,2.0,5.8,0.0,0.0,2.0,2.9,14757.1,0.9998035230352303,85.61410256410257,78,10,0.1282051282051282,10,8.3,4,0.4,0.687129268292683,0.8447536585365855,58.81707317073171,9012.036585365855,90.9090909090909,79.25101397136343,25.378298675807073,73.57628205128205,28.0,53.28083989501313,62.81766155390045,注意
EQ-0349,武侯110kV_断路器_01,断路器,110kV,武侯110kV变电站,西南,河南森源,2012-07-10,25,14,rated_current_a=3681.5; breaking_capacity_ka=40.2,正常运行,0.56,2.0,47.9,1.0,0.5,4.0,23.95,14736.05,0.9983773712737127,86.96315789473684,38,8,0.21052631578947367,13,6.846153846153846,5,0.38461538461538464,0.5153243902439024,0.6434707317073171,58.81707317073171,9240.829268292682,72.72727272727273,70.37112307025453,63.07908495020199,61.902631578947364,30.769230769230774,54.01574803149607,62.63575240282429,注意
EQ-0195,杭州滨江110kV_电容器组_02,电容器组,10kV,杭州滨江110kV变电站,华东,西门子,2014-04-02,20,12,rated_capacity_mvar=13.9,正常运行,0.6,2.0,14.9,1.0,0.5,4.0,7.45,14752.55,0.9994952574525745,87.39999999999999,34,2,0.058823529411764705,9,6.444444444444445,3,0.3333333333333333,0.6308975609756097,0.7896414634146343,58.81707317073171,9012.036585365855,72.72727272727273,77.33160762456792,36.249735365192585,84.87647058823529,40.0,49.60629921259844,62.59018728926542,注意
EQ-0374,重庆两江220kV_断路器_06,断路器,220kV,重庆两江220kV变电站,西南,沈阳高开,2012-03-04,25,14,rated_current_a=3434.7; breaking_capacity_ka=61.1,备用,0.56,2.0,12.9,1.0,0.5,4.0,6.45,14753.55,0.9995630081300813,86.91111111111111,81,12,0.14814814814814814,13,2.6923076923076925,2,0.15384615384615385,0.6669219512195123,0.8196,58.81707317073171,8683.0,72.72727272727273,77.75345517331418,27.466421736285252,71.23333333333333,72.3076923076923,54.01574803149607,62.543137597656916,注意
EQ-0435,大连开发区35kV_电容器组_01,电容器组,10kV,大连开发区35kV变电站,东北,九州电气,2006-12-19,20,20,rated_capacity_mvar=27.8,正常运行,1.0,2.0,37.599999999999994,1.0,0.5,4.0,18.799999999999997,14741.2,0.9987262872628727,84.85249999999999,40,7,0.175,11,0.6363636363636364,1,0.09090909090909091,0.5448,0.6843146341463414,58.81707317073171,9012.036585365855,72.72727272727273,72.5436379462978,54.73729551417454,66.17625,83.63636363636364,5.511811023622045,62.47925983991122,注意
EQ-0248,通州35kV_电容器组_02,电容器组,35kV,通州35kV变电站,华北,思源电气,2009-12-27,20,17,rated_capacity_mvar=8.8,正常运行,0.85,3.0,61.0,0.0,0.0,3.0,20.333333333333332,9819.666666666666,0.9979336043360434,85.35249999999999,40,7,0.175,10,4.5,3,0.3,0.5147634146341463,0.6522829268292684,58.81707317073171,9012.036585365855,81.81818181818181,65.21145300327021,60.77243181602376,66.42625,46.00000000000001,22.047244094488207,62.41998432785307,注意
EQ-0425,沈阳浑南110kV_避雷器_04,避雷器,110kV,沈阳浑南110kV变电站,东北,河南久盛,2010-11-17,20,16,rated_voltage_kv=111.3,正常运行,0.8,1.0,36.3,1.0,1.0,3.0,36.3,29483.7,0.998770325203252,85.37435897435897,39,7,0.1794871794871795,14,1.5714285714285714,3,0.21428571428571427,0.6560926829268292,0.8235170731707318,58.81707317073171,9012.036585365855,81.81818181818181,85.18947125251445,30.571080168824444,65.76410256410256,61.42857142857143,27.559055118110237,62.37003377809678,注意
EQ-0189,杭州滨江110kV_断路器_05,断路器,110kV,杭州滨江110kV变电站,华东,西门子,2015-06-13,25,11,rated_current_a=3210.9; breaking_capacity_ka=50.5,正常运行,0.44,3.0,36.7,1.0,0.3333333333333333,5.0,12.233333333333334,9827.766666666666,0.9987567750677506,87.04615384615386,39,6,0.15384615384615385,12,3.6666666666666665,3,0.25,0.5841048780487805,0.7278170731707316,58.81707317073171,9251.463414634147,63.63636363636363,68.63756448957838,48.3660030644274,70.44615384615385,55.00000000000001,67.24409448818898,62.10113694563404,注意
EQ-0326,江夏35kV_避雷器_03,避雷器,35kV,江夏35kV变电站,华中,ABB,2011-09-09,20,15,rated_voltage_kv=72.4,正常运行,0.75,3.0,33.5,1.0,0.3333333333333333,5.0,11.166666666666666,9828.833333333334,0.9988651761517615,85.55128205128206,39,5,0.1282051282051282,9,6.0,2,0.2222222222222222,0.5217853658536585,0.6528243902439024,58.81707317073171,9012.036585365855,63.63636363636363,69.08873966473008,59.97255252060351,73.5448717948718,60.0,33.07086614173228,62.06016672956163,注意
EQ-0022,龙华220kV_隔离开关_07,隔离开关,220kV,龙华220kV变电站,华南,长征电气,2006-04-09,30,20,rated_current_a=1518.7,正常运行,0.6666666666666666,2.0,32.2,1.0,0.5,4.0,16.1,14743.9,0.998909214092141,85.26666666666667,81,9,0.1111111111111111,11,2.909090909090909,3,0.2727272727272727,0.6042268292682926,0.7595170731707317,58.81707317073171,9012.036585365855,72.72727272727273,73.68262632791271,41.75653309588223,75.96666666666667,50.909090909090914,42.25721784776905,61.98128094226318,注意
EQ-0082,南沙110kV_避雷器_01,避雷器,35kV,南沙110kV变电站,华南,ABB,2012-07-28,20,14,rated_voltage_kv=187.1,检修停运,0.7,3.0,57.800000000000004,0.0,0.0,3.0,19.26666666666667,9820.733333333334,0.9980420054200543,87.06153846153846,39,0,0.0,10,4.8,3,0.3,0.6855951219512195,0.8510024390243903,58.81707317073171,9012.036585365855,81.81818181818181,65.66262817842191,24.993039456711543,93.53076923076924,46.00000000000001,38.58267716535434,61.073562082722965,注意
EQ-0281,天津滨海220kV_GIS组合电器_03,GIS组合电器,220kV,天津滨海220kV变电站,华北,西电集团,2009-03-12,35,17,rated_current_a=2225.6; sf6_pressure_mpa=0.5,正常运行,0.4857142857142857,2.0,55.599999999999994,1.0,0.5,4.0,27.799999999999997,14732.2,0.9981165311653117,84.63414634146342,82,16,0.1951219512195122,9,1.5555555555555556,1,0.1111111111111111,0.6749243902439025,0.828551219512195,58.18292682926829,8427.585365853658,72.72727272727273,68.74701000758141,24.97591095762035,63.048780487804876,80.0,62.20472440944882,60.60419188897415,注意
EQ-0221,亦庄110kV_断路器_04,断路器,35kV,亦庄110kV变电站,华北,沈阳高开,2011-03-28,25,15,rated_current_a=3515.8; breaking_capacity_ka=33.0,正常运行,0.6,2.0,23.0,1.0,0.5,4.0,11.5,14748.5,0.9992208672086721,87.41025641025641,39,8,0.20512820512820512,12,0.8333333333333334,2,0.16666666666666666,0.6742292682926829,0.8274682926829269,58.81707317073171,8889.682926829268,72.72727272727273,75.62312505214554,27.42940108871929,62.93589743589743,70.0,49.60629921259844,60.193337946635616,注意
EQ-0292,石家庄高新35kV_避雷器_01,避雷器,35kV,石家庄高新35kV变电站,华北,ABB,2007-10-18,20,19,rated_voltage_kv=192.4,正常运行,0.95,3.0,13.1,0.0,0.0,3.0,4.366666666666666,9835.633333333333,0.9995562330623307,85.20769230769231,39,7,0.1794871794871795,11,6.454545454545454,4,0.36363636363636365,0.5443317073170731,0.6864073170731708,58.81707317073171,9012.036585365855,81.81818181818181,71.96498140632212,54.60340154827794,65.68076923076923,34.54545454545455,11.023622047244103,60.17724508935071,注意
EQ-0393,重庆两江220kV_GIS组合电器_02,GIS组合电器,220kV,重庆两江220kV变电站,西南,ABB,2009-12-05,35,17,rated_current_a=2495.8; sf6_pressure_mpa=0.5,正常运行,0.4857142857142857,3.0,66.3,1.0,0.3333333333333333,5.0,22.099999999999998,9817.9,0.9977540650406505,86.05679012345679,81,11,0.13580246913580246,9,1.6666666666666667,1,0.1111111111111111,0.6442609756097561,0.7987073170731708,59.75609756097561,8593.90243902439,63.63636363636363,64.46419411942522,29.733301896766957,72.65802469135802,80.0,62.20472440944882,59.86776625697792,预警
EQ-0427,大连开发区35kV_电力变压器_01,电力变压器,220kV,大连开发区35kV变电站,东北,西电集团,2007-06-10,30,19,rated_capacity_mva=34.8; rated_current_a=376.1,正常运行,0.6333333333333333,3.0,19.7,1.0,0.3333333333333333,5.0,6.566666666666666,9833.433333333332,0.9993326558265583,83.95802469135803,81,16,0.19753086419753085,13,2.3846153846153846,3,0.23076923076923078,0.5819,0.7340317073170732,51.760975609756095,7864.5609756097565,63.63636363636363,71.03443260757176,48.76592277558408,62.34938271604939,58.46153846153846,45.93175853018373,59.660899092301705,预警
EQ-0301,武昌110kV_断路器_04,断路器,110kV,武昌110kV变电站,华中,平高电气,2010-08-06,25,16,rated_current_a=2037.4; breaking_capacity_ka=44.2,正常运行,0.64,4.0,77.0,1.0,0.25,6.0,19.25,7360.75,0.9973915989159892,85.12972972972973,37,4,0.10810810810810811,12,4.0,3,0.25,0.5123951219512195,0.6408463414634146,58.81707317073171,8602.414634146342,54.54545454545455,62.31674507326944,59.18237390077901,76.34864864864865,55.00000000000001,45.19685039370079,59.40816976784071,预警
EQ-0404,成都高新35kV_电容器组_02,电容器组,35kV,成都高新35kV变电站,西南,思源电气,2019-10-09,20,7,rated_capacity_mvar=20.0,正常运行,0.35,3.0,53.3,2.0,0.6666666666666666,7.0,17.766666666666666,9822.233333333334,0.9981944444444445,87.88717948717948,39,5,0.1282051282051282,11,0.0,0,0.0,0.6691902439024391,0.8242073170731709,58.81707317073171,9012.036585365855,45.45454545454546,66.29709326847897,29.10724062317663,74.71282051282051,100.0,77.16535433070867,59.36796165196143,预警
EQ-0396,成都高新35kV_电力变压器_02,电力变压器,35kV,成都高新35kV变电站,西南,特变电工,2014-12-20,30,12,rated_capacity_mva=201.4; rated_current_a=132.7,正常运行,0.4,3.0,80.19999999999999,2.0,0.6666666666666666,7.0,26.73333333333333,9813.266666666666,0.9972831978319783,85.58461538461539,39,5,0.1282051282051282,12,4.416666666666667,3,0.25,0.5531414634146341,0.6888560975609755,57.36829268292683,9423.560975609756,45.45454545454546,62.50440195236005,58.434045799610715,73.56153846153846,55.00000000000001,71.65354330708661,59.25091101396995,预警
EQ-0260,天津滨海220kV_断路器_05,断路器,220kV,天津滨海220kV变电站,华北,ABB,2009-12-18,25,17,rated_current_a=2215.8; breaking_capacity_ka=47.8,正常运行,0.68,3.0,81.9,0.0,0.0,3.0,27.3,9812.699999999999,0.9972256097560975,84.90128205128205,78,12,0.15384615384615385,10,4.7,2,0.2,0.6692536585365854,0.8364975609756097,58.81707317073171,8551.609756097561,81.81818181818181,62.2647151405607,24.81634393381736,69.37371794871795,64.0,40.78740157480316,58.75555511920908,预警
EQ-0431,大连开发区35kV_断路器_03,断路器,220kV,大连开发区35kV变电站,东北,河南森源,2006-04-02,25,20,rated_current_a=3201.8; breaking_capacity_ka=45.2,正常运行,0.8,1.0,49.1,0.0,0.0,1.0,49.1,29470.9,0.9983367208672087,83.3641975308642,81,19,0.2345679012345679,10,5.0,4,0.4,0.6921,0.8661585365853659,58.81707317073171,7760.975609756098,100.0,79.80427610643035,14.25969346587767,56.49691358024692,28.0,27.559055118110237,57.84323646330966,预警
EQ-0028,龙华220kV_避雷器_02,避雷器,220kV,龙华220kV变电站,华南,浙江金利华,2008-05-11,20,18,rated_voltage_kv=206.2,带病运行,0.9,2.0,9.1,0.0,0.0,2.0,4.55,14755.45,0.9996917344173443,84.00617283950618,81,16,0.19753086419753085,9,7.888888888888889,4,0.4444444444444444,0.6533780487804878,0.8130975609756098,58.81707317073171,9012.036585365855,90.9090909090909,78.5549655159321,31.778343472342165,62.37345679012346,20.0,16.535433070866162,57.80349635053271,预警
EQ-0300,武昌110kV_断路器_03,断路器,35kV,武昌110kV变电站,华中,平高电气,2010-05-22,25,16,rated_current_a=3407.2; breaking_capacity_ka=38.5,备用,0.64,3.0,36.6,1.0,0.3333333333333333,5.0,12.200000000000001,9827.800000000001,0.998760162601626,85.3763157894737,38,10,0.2631578947368421,11,2.0,1,0.09090909090909091,0.6525317073170731,0.8068829268292683,58.81707317073171,8743.829268292682,63.63636363636363,68.65166371380188,30.549743231300965,53.21447368421053,83.63636363636364,45.19685039370079,56.61486475374951,预警
EQ-0330,长沙星沙110kV_断路器_01,断路器,35kV,长沙星沙110kV变电站,华中,西门子,2016-03-14,25,10,rated_current_a=3658.1; breaking_capacity_ka=40.2,备用,0.4,3.0,30.1,2.0,0.6666666666666666,7.0,10.033333333333333,9829.966666666667,0.9989803523035231,85.75526315789473,38,2,0.05263157894736842,11,6.181818181818182,4,0.36363636363636365,0.6510975609756098,0.8080975609756097,58.81707317073171,9801.585365853658,45.45454545454546,69.56811328832875,37.955189333641584,84.9828947368421,34.54545454545455,71.65354330708661,56.235630883810856,预警
EQ-0276,天津滨海220kV_避雷器_04,避雷器,220kV,天津滨海220kV变电站,华北,中国西电,2008-07-09,20,18,rated_voltage_kv=101.4,正常运行,0.9,4.0,88.7,0.0,0.0,4.0,22.175,7357.825,0.9969952574525744,85.00253164556962,79,10,0.12658227848101267,11,7.363636363636363,4,0.36363636363636365,0.5772829268292683,0.7174390243902439,58.81707317073171,9012.036585365855,72.72727272727273,61.0762353021297,48.343978169099834,73.51392405063291,34.54545454545455,16.535433070866162,56.201038245291095,预警
EQ-0346,武侯110kV_电力变压器_01,电力变压器,110kV,武侯110kV变电站,西南,特变电工,2013-09-18,30,13,rated_capacity_mva=85.6; rated_current_a=433.7,正常运行,0.43333333333333335,3.0,124.0,2.0,0.6666666666666666,7.0,41.333333333333336,9798.666666666666,0.9957994579945799,87.83947368421053,38,4,0.10526315789473684,12,6.5,5,0.4166666666666667,0.5629439024390244,0.697290243902439,57.29756097560975,9161.951219512195,45.45454545454546,56.328941742471244,54.9259564835578,78.13026315789475,25.0,67.97900262467192,54.63205574499358,预警
EQ-0415,沈阳浑南110kV_断路器_05,断路器,35kV,沈阳浑南110kV变电站,东北,西门子,2011-03-05,25,15,rated_current_a=2035.7; breaking_capacity_ka=33.7,检修停运,0.6,4.0,70.3,2.0,0.5,8.0,17.575,7362.425,0.9976185636856368,87.4625,40,7,0.175,11,6.090909090909091,3,0.2727272727272727,0.5164,0.6454390243902439,58.81707317073171,9076.243902439024,36.36363636363637,63.027122463580234,61.64574079093484,67.48125,50.909090909090914,49.60629921259844,54.19920825398105,预警
EQ-0294,石家庄高新35kV_避雷器_03,避雷器,35kV,石家庄高新35kV变电站,华北,西门子,2009-05-26,20,17,rated_voltage_kv=135.1,正常运行,0.85,4.0,59.4,0.0,0.0,4.0,14.85,7365.15,0.9979878048780487,84.43333333333334,36,5,0.1388888888888889,10,3.9,3,0.3,0.6828000000000001,0.8355975609756098,58.81707317073171,9012.036585365855,72.72727272727273,64.18281105378735,26.647412689353082,71.38333333333333,46.00000000000001,22.047244094488207,53.86008733989509,预警
EQ-0176,苏州工业园220kV_避雷器_05,避雷器,110kV,苏州工业园220kV变电站,华东,中国西电,2007-02-09,20,19,rated_voltage_kv=159.9,带病运行,0.95,3.0,32.2,1.0,0.3333333333333333,5.0,10.733333333333334,9829.266666666666,0.998909214092141,85.35000000000001,38,4,0.10526315789473684,11,1.4545454545454546,3,0.2727272727272727,0.6510951219512195,0.8153975609756098,58.81707317073171,9012.036585365855,63.63636363636363,69.27202957963546,31.82061497941295,76.88552631578948,50.909090909090914,11.023622047244103,53.853720063902514,预警
EQ-0188,杭州滨江110kV_断路器_04,断路器,110kV,杭州滨江110kV变电站,华东,平高电气,2010-02-01,25,16,rated_current_a=3590.6; breaking_capacity_ka=34.3,正常运行,0.64,3.0,24.8,2.0,0.6666666666666666,7.0,8.266666666666667,9831.733333333334,0.999159891598916,86.0525,40,2,0.05,10,3.1,2,0.2,0.6895414634146342,0.837519512195122,58.81707317073171,8594.219512195123,45.45454545454546,70.31537217217375,22.849474408808515,85.52625,64.0,45.19685039370079,53.7452282192029,预警
EQ-0210,昆山35kV_电容器组_01,电容器组,35kV,昆山35kV变电站,华东,ABB,2006-10-12,20,20,rated_capacity_mvar=10.8,正常运行,1.0,3.0,25.200000000000003,2.0,0.6666666666666666,7.0,8.4,9831.6,0.9991463414634146,84.54722222222222,36,3,0.08333333333333333,12,3.0,2,0.16666666666666666,0.6518146341463414,0.8041926829268292,58.81707317073171,9012.036585365855,45.45454545454546,70.25897527527978,32.72905823516671,79.77361111111111,70.0,5.511811023622045,51.47846583475454,预警
EQ-0121,张江110kV_电容器组_01,电容器组,35kV,张江110kV变电站,华东,思源电气,2009-03-10,20,17,rated_capacity_mvar=21.9,正常运行,0.85,4.0,139.6,2.0,0.5,8.0,34.9,7345.1,0.9952710027100271,88.23658536585366,41,4,0.0975609756097561,12,0.0,0,0.0,0.6655121951219513,0.8247414634146342,58.81707317073171,9012.036585365855,36.36363636363637,55.67948766529101,29.45428569325251,79.4841463414634,100.0,22.047244094488207,50.24501012328613,预警
EQ-0316,江夏35kV_断路器_01,断路器,220kV,江夏35kV变电站,华中,西门子,2009-02-03,25,17,rated_current_a=3293.7; breaking_capacity_ka=40.0,检修停运,0.68,6.0,101.3,0.0,0.0,6.0,16.883333333333333,4903.116666666667,0.9965684281842818,86.33333333333333,81,17,0.20987654320987653,12,5.75,4,0.3333333333333333,0.6863219512195121,0.8593756097560976,58.81707317073171,7918.8536585365855,54.54545454545455,59.951137763677934,16.573614354807674,61.68518518518518,40.0,40.78740157480316,46.27283199531885,预警
EQ-0372,重庆两江220kV_断路器_04,断路器,35kV,重庆两江220kV变电站,西南,河南森源,2010-01-24,25,16,rated_current_a=3167.1; breaking_capacity_ka=59.9,正常运行,0.64,4.0,111.39999999999999,4.0,1.0,12.0,27.849999999999998,7352.15,0.9962262872628725,85.83157894736841,38,4,0.10526315789473684,11,5.636363636363637,4,0.36363636363636365,0.5492682926829269,0.6797121951219512,58.81707317073171,8732.487804878048,0.0,58.66943429316628,52.718642377203025,77.12631578947368,34.54545454545455,45.19685039370079,41.82079319641045,预警
