设备编号,检修日期,设备类型,所属变电站,检修前_月平均负荷率,检修后_月平均负荷率,月平均负荷率_变化率(%),检修前_月最大负荷率,检修后_月最大负荷率,月最大负荷率_变化率(%),检修前_油温（℃）,检修后_油温（℃）,油温（℃）_变化率(%),检修前_绕组温度（℃）,检修后_绕组温度（℃）,绕组温度（℃）_变化率(%),检修前_绝缘电阻（MΩ）,检修后_绝缘电阻（MΩ）,绝缘电阻（MΩ）_变化率(%),检修前_介质损耗角tanδ,检修后_介质损耗角tanδ,介质损耗角tanδ_变化率(%),检修前_局部放电量（pC）,检修后_局部放电量（pC）,局部放电量（pC）_变化率(%),检修前_SF6气体压力（MPa）,检修后_SF6气体压力（MPa）,SF6气体压力（MPa）_变化率(%)
EQ-0098,2023-01-02 00:00:00,隔离开关,前海110kV变电站,0.55,0.46,-16.5,0.636,0.56,-11.89,,,,,,,,,,,,,,,,,,
EQ-0038,2023-01-02 19:12:00,GIS组合电器,龙华220kV变电站,0.578,0.475,-17.94,0.751,0.603,-19.66,53.1,54.333,2.32,71.4,69.9,-2.1,10040.0,8981.0,-10.55,,,,3.4,13.467,296.08,0.487,0.471,-3.29
EQ-0396,2023-01-04 00:00:00,电力变压器,成都高新35kV变电站,0.526,0.438,-16.79,0.622,0.524,-15.67,43.0,45.767,6.43,59.5,60.267,1.29,9283.0,11011.333,18.62,0.004,0.004,-5.57,13.5,6.967,-48.4,,,
EQ-0181,2023-01-08 00:00:00,GIS组合电器,苏州工业园220kV变电站,0.549,0.455,-17.15,0.689,0.532,-22.73,43.3,49.6,14.55,59.2,63.933,8.0,9537.0,9747.0,2.2,,,,5.2,5.133,-1.28,0.519,0.522,0.58
EQ-0439,2023-01-12 00:00:00,避雷器,大连开发区35kV变电站,0.504,0.448,-11.1,0.653,0.584,-10.48,,,,,,,,,,,,,,,,,,
EQ-0032,2023-01-12 00:00:00,避雷器,龙华220kV变电站,0.454,0.401,-11.72,0.585,0.5,-14.48,,,,,,,,,,,,,,,,,,
EQ-0261,2023-01-13 00:00:00,断路器,天津滨海220kV变电站,0.656,0.554,-15.61,0.762,0.685,-10.07,,,,,,,7503.0,7921.667,5.58,,,,,,,0.481,0.49,1.94
EQ-0024,2023-01-13 00:00:00,电容器组,龙华220kV变电站,0.456,0.447,-2.02,0.614,0.558,-9.2,,,,,,,,,,0.005,0.004,-14.95,,,,,,
EQ-0141,2023-01-14 00:00:00,电容器组,临港110kV变电站,0.566,0.489,-13.62,0.702,0.591,-15.93,,,,,,,,,,0.005,0.003,-44.15,,,,,,
EQ-0062,2023-01-15 00:00:00,避雷器,松山湖220kV变电站,0.509,0.438,-13.96,0.631,0.574,-9.08,,,,,,,,,,,,,,,,,,
EQ-0154,2023-01-15 11:32:00,断路器,苏州工业园220kV变电站,0.586,0.452,-22.96,0.68,0.557,-18.03,,,,,,,10093.0,8596.667,-14.83,,,,,,,0.529,0.455,-13.99
EQ-0424,2023-01-17 00:00:00,避雷器,沈阳浑南110kV变电站,0.493,0.446,-9.46,0.612,0.562,-8.21,,,,,,,,,,,,,,,,,,
EQ-0402,2023-02-09 00:00:00,隔离开关,成都高新35kV变电站,0.59,0.513,-13.11,0.764,0.614,-19.61,,,,,,,,,,,,,,,,,,
EQ-0200,2023-02-20 00:00:00,GIS组合电器,杭州滨江110kV变电站,0.457,0.409,-10.48,0.6,0.506,-15.76,40.6,54.8,34.98,53.05,69.133,30.32,8811.5,8344.333,-5.3,,,,11.35,7.667,-32.45,0.479,0.501,4.59
EQ-0263,2023-01-26 00:00:00,断路器,天津滨海220kV变电站,0.6,0.541,-9.81,0.762,0.695,-8.86,,,,,,,9894.0,10631.333,7.45,,,,,,,0.464,0.506,9.12
EQ-0371,2023-01-26 00:00:00,断路器,重庆两江220kV变电站,0.554,0.444,-19.72,0.7,0.582,-16.94,,,,,,,10154.0,9473.0,-6.71,,,,,,,0.465,0.488,5.02
EQ-0324,2023-01-26 00:00:00,避雷器,江夏35kV变电站,0.595,0.559,-6.09,0.761,0.707,-7.11,,,,,,,,,,,,,,,,,,
EQ-0243,2023-01-26 00:00:00,断路器,通州35kV变电站,0.507,0.42,-17.11,0.637,0.538,-15.49,,,,,,,11697.0,8456.333,-27.71,,,,,,,0.458,0.463,1.09
EQ-0359,2023-02-15 00:00:00,电容器组,武侯110kV变电站,0.474,0.436,-8.14,0.585,0.56,-4.38,,,,,,,,,,0.004,0.003,-27.39,,,,,,
EQ-0072,2023-01-29 13:34:00,断路器,南沙110kV变电站,0.609,0.498,-18.23,0.74,0.622,-15.96,,,,,,,10230.0,9612.0,-6.04,,,,,,,0.44,0.478,8.71
EQ-0238,2023-02-01 00:00:00,电力变压器,通州35kV变电站,0.519,0.481,-7.31,0.6,0.628,4.71,45.6,51.033,11.92,66.9,66.333,-0.85,7165.0,6820.667,-4.81,0.006,0.005,-10.21,6.2,10.5,69.35,,,
EQ-0282,2023-02-02 00:00:00,电力变压器,石家庄高新35kV变电站,0.666,0.574,-13.76,0.86,0.749,-12.97,46.85,53.133,13.41,64.55,68.7,6.43,8551.5,9461.667,10.64,0.005,0.004,-27.14,10.45,10.933,4.63,,,
EQ-0043,2023-02-04 06:56:00,断路器,松山湖220kV变电站,0.454,0.435,-4.24,0.544,0.566,4.04,,,,,,,8900.0,8633.0,-3.0,,,,,,,0.483,0.471,-2.38
EQ-0078,2023-02-05 00:00:00,隔离开关,南沙110kV变电站,0.634,0.556,-12.19,0.819,0.738,-9.9,,,,,,,,,,,,,,,,,,
EQ-0337,2023-02-05 00:00:00,隔离开关,长沙星沙110kV变电站,0.578,0.54,-6.67,0.718,0.685,-4.51,,,,,,,,,,,,,,,,,,
EQ-0248,2023-02-07 00:00:00,电容器组,通州35kV变电站,0.489,0.425,-13.06,0.594,0.523,-11.93,,,,,,,,,,0.005,0.005,15.09,,,,,,
EQ-0160,2023-02-11 00:00:00,断路器,苏州工业园220kV变电站,0.432,0.426,-1.35,0.538,0.551,2.37,,,,,,,8227.0,7361.333,-10.52,,,,,,,0.518,0.485,-6.46
EQ-0208,2023-02-19 00:00:00,隔离开关,昆山35kV变电站,0.526,0.45,-14.4,0.641,0.55,-14.2,,,,,,,,,,,,,,,,,,
EQ-0396,2023-02-20 19:51:00,电力变压器,成都高新35kV变电站,0.491,0.464,-5.66,0.589,0.567,-3.65,42.0,56.1,33.57,56.5,71.5,26.55,10780.0,10220.0,-5.19,0.004,0.004,4.77,8.3,7.633,-8.03,,,
EQ-0047,2023-02-21 00:00:00,断路器,松山湖220kV变电站,0.546,0.509,-6.86,0.669,0.628,-6.23,,,,,,,9276.5,7364.667,-20.61,,,,,,,0.465,0.485,4.37
EQ-0344,2023-03-18 00:00:00,避雷器,长沙星沙110kV变电站,0.574,0.61,6.19,0.671,0.798,18.9,,,,,,,,,,,,,,,,,,
EQ-0434,2023-02-24 09:25:00,隔离开关,大连开发区35kV变电站,0.475,0.439,-7.6,0.577,0.54,-6.43,,,,,,,,,,,,,,,,,,
EQ-0035,2023-03-09 00:00:00,GIS组合电器,龙华220kV变电站,0.531,0.572,7.56,0.636,0.732,15.13,48.367,71.2,47.21,62.933,89.0,41.42,8729.667,7646.0,-12.41,,,,9.933,7.0,-29.53,0.482,0.482,0.0
EQ-0283,2023-02-26 00:00:00,电力变压器,石家庄高新35kV变电站,0.616,0.555,-9.9,0.762,0.69,-9.47,44.3,52.967,19.56,61.6,70.067,13.74,9875.0,8722.667,-11.67,0.004,0.004,-2.56,4.95,11.733,137.04,,,
EQ-0126,2023-02-26 00:00:00,避雷器,张江110kV变电站,0.545,0.523,-4.03,0.694,0.671,-3.33,,,,,,,,,,,,,,,,,,
EQ-0060,2023-03-01 00:00:00,避雷器,松山湖220kV变电站,0.476,0.471,-1.15,0.586,0.587,0.25,,,,,,,,,,,,,,,,,,
EQ-0062,2023-03-01 00:00:00,避雷器,松山湖220kV变电站,0.483,0.471,-2.49,0.623,0.605,-2.77,,,,,,,,,,,,,,,,,,
EQ-0144,2023-03-01 00:00:00,避雷器,临港110kV变电站,0.558,0.555,-0.65,0.702,0.677,-3.47,,,,,,,,,,,,,,,,,,
EQ-0415,2023-03-01 00:00:00,断路器,沈阳浑南110kV变电站,0.435,0.469,7.97,0.549,0.576,5.02,,,,,,,8169.5,9043.333,10.7,,,,,,,0.474,0.497,4.74
EQ-0029,2023-03-01 00:00:00,避雷器,龙华220kV变电站,0.619,0.657,6.17,0.763,0.822,7.79,,,,,,,,,,,,,,,,,,
EQ-0036,2023-03-01 00:00:00,GIS组合电器,龙华220kV变电站,0.586,0.585,-0.13,0.716,0.748,4.53,53.75,70.433,31.04,71.3,86.9,21.88,10134.5,10177.0,0.42,,,,4.0,10.333,158.33,0.454,0.502,10.45
EQ-0027,2023-03-01 00:00:00,避雷器,龙华220kV变电站,0.579,0.569,-1.76,0.729,0.684,-6.2,,,,,,,,,,,,,,,,,,
EQ-0063,2023-03-01 00:00:00,避雷器,松山湖220kV变电站,0.49,0.526,7.15,0.614,0.66,7.48,,,,,,,,,,,,,,,,,,
EQ-0301,2023-03-01 00:00:00,断路器,武昌110kV变电站,0.405,0.477,17.8,0.52,0.611,17.48,,,,,,,8572.5,8214.333,-4.18,,,,,,,0.484,0.476,-1.58
EQ-0397,2023-03-28 00:00:00,断路器,成都高新35kV变电站,0.563,0.591,5.03,0.706,0.733,3.87,,,,,,,8456.0,8319.0,-1.62,,,,,,,0.495,0.523,5.8
EQ-0085,2023-03-01 00:00:00,避雷器,南沙110kV变电站,0.494,0.562,13.88,0.648,0.71,9.49,,,,,,,,,,,,,,,,,,
EQ-0335,2023-03-19 00:00:00,隔离开关,长沙星沙110kV变电站,0.584,0.645,10.35,0.753,0.819,8.74,,,,,,,,,,,,,,,,,,
EQ-0032,2023-03-01 00:00:00,避雷器,龙华220kV变电站,0.438,0.477,8.9,0.553,0.632,14.12,,,,,,,,,,,,,,,,,,
EQ-0100,2023-03-02 00:00:00,电容器组,前海110kV变电站,0.597,0.625,4.69,0.735,0.761,3.63,,,,,,,,,,0.004,0.005,24.1,,,,,,
EQ-0182,2023-03-22 00:00:00,电力变压器,杭州滨江110kV变电站,0.502,0.581,15.63,0.638,0.714,11.95,47.0,64.4,37.02,61.933,80.8,30.46,11051.667,8962.667,-18.9,0.004,0.003,-18.77,5.967,10.767,80.45,,,
EQ-0049,2023-03-02 00:00:00,断路器,松山湖220kV变电站,0.48,0.529,10.26,0.597,0.68,13.98,,,,,,,8678.0,9760.667,12.48,,,,,,,0.504,0.491,-2.58
EQ-0152,2023-03-02 00:00:00,电力变压器,苏州工业园220kV变电站,0.573,0.62,8.09,0.73,0.778,6.56,48.167,62.8,30.38,63.667,80.167,25.92,9467.333,10344.0,9.26,0.003,0.005,78.53,9.233,6.267,-32.13,,,
EQ-0099,2023-03-02 00:00:00,电容器组,前海110kV变电站,0.558,0.569,1.86,0.704,0.711,0.97,,,,,,,,,,0.005,0.004,-9.76,,,,,,
EQ-0207,2023-03-02 00:00:00,隔离开关,昆山35kV变电站,0.585,0.594,1.48,0.707,0.749,5.97,,,,,,,,,,,,,,,,,,
EQ-0073,2023-03-02 00:00:00,断路器,南沙110kV变电站,0.505,0.525,3.97,0.651,0.656,0.85,,,,,,,11659.667,12340.667,5.84,,,,,,,0.479,0.514,7.3
EQ-0393,2023-03-02 00:00:00,GIS组合电器,重庆两江220kV变电站,0.543,0.574,5.71,0.676,0.699,3.34,44.633,63.0,41.15,59.333,78.067,31.57,8532.667,8190.667,-4.01,,,,9.467,11.3,19.37,0.462,0.47,1.73
EQ-0420,2023-03-02 00:00:00,电容器组,沈阳浑南110kV变电站,0.515,0.563,9.21,0.618,0.699,13.19,,,,,,,,,,0.004,0.005,21.77,,,,,,
EQ-0203,2023-03-02 00:00:00,断路器,昆山35kV变电站,0.452,0.507,12.21,0.554,0.639,15.36,,,,,,,6975.0,6982.0,0.1,,,,,,,0.514,0.466,-9.28
EQ-0035,2023-03-02 00:00:00,GIS组合电器,龙华220kV变电站,0.531,0.572,7.56,0.636,0.732,15.13,48.367,71.2,47.21,62.933,89.0,41.42,8729.667,7646.0,-12.41,,,,9.933,7.0,-29.53,0.482,0.482,0.0
EQ-0333,2023-03-02 18:11:00,断路器,长沙星沙110kV变电站,0.549,0.606,10.5,0.674,0.76,12.75,,,,,,,9092.667,8140.333,-10.47,,,,,,,0.504,0.49,-2.78
EQ-0368,2023-03-03 00:00:00,电力变压器,重庆两江220kV变电站,0.524,0.605,15.41,0.66,0.759,15.1,45.833,64.9,41.6,62.1,84.167,35.53,7674.333,8524.0,11.07,0.004,0.005,39.75,8.567,5.133,-40.08,,,
EQ-0038,2023-03-16 00:00:00,GIS组合电器,龙华220kV变电站,0.502,0.542,7.92,0.643,0.663,3.09,52.167,65.5,25.56,68.367,80.867,18.28,10111.0,6989.333,-30.87,,,,11.167,11.3,1.19,0.485,0.475,-1.99
EQ-0425,2023-03-06 00:00:00,避雷器,沈阳浑南110kV变电站,0.564,0.601,6.69,0.729,0.758,4.0,,,,,,,,,,,,,,,,,,
EQ-0399,2023-03-03 00:00:00,断路器,成都高新35kV变电站,0.582,0.638,9.62,0.717,0.847,18.18,,,,,,,10602.0,9319.0,-12.1,,,,,,,0.486,0.484,-0.41
EQ-0012,2023-03-03 00:00:00,断路器,龙华220kV变电站,0.526,0.558,6.09,0.651,0.703,8.04,,,,,,,8364.0,8403.0,0.47,,,,,,,0.485,0.491,1.17
EQ-0436,2023-03-30 00:00:00,电容器组,大连开发区35kV变电站,0.502,0.537,6.86,0.61,0.666,9.14,,,,,,,,,,0.006,0.005,-9.09,,,,,,
EQ-0416,2023-03-03 00:00:00,隔离开关,沈阳浑南110kV变电站,0.579,0.671,15.78,0.721,0.843,16.83,,,,,,,,,,,,,,,,,,
EQ-0303,2023-03-03 00:00:00,隔离开关,武昌110kV变电站,0.487,0.553,13.4,0.63,0.724,14.84,,,,,,,,,,,,,,,,,,
EQ-0098,2023-03-03 00:00:00,隔离开关,前海110kV变电站,0.494,0.53,7.24,0.582,0.632,8.67,,,,,,,,,,,,,,,,,,
EQ-0276,2023-03-22 00:00:00,避雷器,天津滨海220kV变电站,0.502,0.539,7.34,0.623,0.654,5.08,,,,,,,,,,,,,,,,,,
EQ-0219,2023-03-03 00:00:00,断路器,亦庄110kV变电站,0.586,0.594,1.41,0.765,0.761,-0.5,,,,,,,8438.0,8591.0,1.81,,,,,,,0.481,0.507,5.33
EQ-0220,2023-03-11 00:00:00,断路器,亦庄110kV变电站,0.59,0.617,4.54,0.74,0.77,4.03,,,,,,,9846.667,8880.333,-9.81,,,,,,,0.519,0.485,-6.55
EQ-0080,2023-03-11 00:00:00,电容器组,南沙110kV变电站,0.548,0.622,13.59,0.687,0.785,14.26,,,,,,,,,,0.005,0.005,-7.23,,,,,,
EQ-0227,2023-03-03 00:00:00,隔离开关,亦庄110kV变电站,0.599,0.627,4.71,0.724,0.776,7.18,,,,,,,,,,,,,,,,,,
EQ-0232,2023-03-03 00:00:00,避雷器,亦庄110kV变电站,0.515,0.575,11.62,0.643,0.737,14.63,,,,,,,,,,,,,,,,,,
EQ-0438,2023-03-13 00:00:00,避雷器,大连开发区35kV变电站,0.524,0.552,5.33,0.646,0.684,5.89,,,,,,,,,,,,,,,,,,
EQ-0308,2023-03-04 00:00:00,电容器组,武昌110kV变电站,0.485,0.56,15.4,0.592,0.692,16.95,,,,,,,,,,0.005,0.004,-20.8,,,,,,
EQ-0210,2023-03-04 00:00:00,电容器组,昆山35kV变电站,0.559,0.611,9.27,0.708,0.785,10.89,,,,,,,,,,0.005,0.006,4.97,,,,,,
EQ-0117,2023-03-04 00:00:00,隔离开关,张江110kV变电站,0.529,0.575,8.79,0.676,0.758,12.2,,,,,,,,,,,,,,,,,,
EQ-0112,2023-03-04 00:00:00,断路器,张江110kV变电站,0.487,0.543,11.42,0.617,0.656,6.43,,,,,,,8925.333,8036.667,-9.96,,,,,,,0.467,0.507,8.42
EQ-0092,2023-03-04 00:00:00,断路器,前海110kV变电站,0.492,0.525,6.66,0.604,0.655,8.56,,,,,,,10049.333,8663.333,-13.79,,,,,,,0.458,0.504,9.96
EQ-0174,2023-03-04 00:00:00,避雷器,苏州工业园220kV变电站,0.471,0.523,10.98,0.609,0.677,11.19,,,,,,,,,,,,,,,,,,
EQ-0253,2023-03-04 00:00:00,电力变压器,天津滨海220kV变电站,0.454,0.472,3.99,0.566,0.586,3.51,40.467,57.367,41.76,53.467,71.2,33.17,8967.333,9271.667,3.39,0.004,0.004,2.7,8.8,11.067,25.76,,,
EQ-0187,2023-03-04 00:00:00,断路器,杭州滨江110kV变电站,0.572,0.624,9.1,0.713,0.767,7.5,,,,,,,11106.0,9222.0,-16.96,,,,,,,0.508,0.51,0.39
EQ-0261,2023-03-04 00:00:00,断路器,天津滨海220kV变电站,0.579,0.628,8.59,0.697,0.771,10.57,,,,,,,7665.333,8663.333,13.02,,,,,,,0.474,0.502,5.98
EQ-0349,2023-03-04 00:00:00,断路器,武侯110kV变电站,0.452,0.467,3.31,0.574,0.565,-1.49,,,,,,,8531.0,8599.0,0.8,,,,,,,0.512,0.511,-0.2
EQ-0104,2023-03-04 00:00:00,避雷器,前海110kV变电站,0.458,0.503,9.63,0.563,0.6,6.57,,,,,,,,,,,,,,,,,,
EQ-0048,2023-03-04 00:00:00,断路器,松山湖220kV变电站,0.522,0.56,7.45,0.671,0.71,5.89,,,,,,,7026.667,10481.333,49.17,,,,,,,0.494,0.469,-5.19
EQ-0134,2023-03-05 00:00:00,断路器,临港110kV变电站,0.465,0.497,6.89,0.578,0.62,7.27,,,,,,,7791.0,9042.0,16.06,,,,,,,0.503,0.496,-1.46
EQ-0389,2023-03-05 00:00:00,避雷器,重庆两江220kV变电站,0.462,0.488,5.57,0.588,0.629,6.99,,,,,,,,,,,,,,,,,,
EQ-0194,2023-03-25 00:00:00,电容器组,杭州滨江110kV变电站,0.434,0.446,2.59,0.519,0.553,6.63,,,,,,,,,,0.005,0.005,-1.61,,,,,,
EQ-0157,2023-03-05 00:00:00,断路器,苏州工业园220kV变电站,0.558,0.588,5.46,0.662,0.721,8.86,,,,,,,7657.667,8067.0,5.35,,,,,,,0.521,0.464,-11.0
EQ-0186,2023-03-05 00:00:00,断路器,杭州滨江110kV变电站,0.603,0.616,2.22,0.754,0.795,5.47,,,,,,,9359.667,7872.0,-15.89,,,,,,,0.515,0.514,-0.06
EQ-0337,2023-03-05 00:00:00,隔离开关,长沙星沙110kV变电站,0.55,0.615,11.88,0.7,0.743,6.17,,,,,,,,,,,,,,,,,,
EQ-0239,2023-03-05 00:00:00,电力变压器,通州35kV变电站,0.44,0.489,11.17,0.533,0.621,16.51,41.667,59.333,42.4,57.633,76.467,32.68,10250.0,10611.667,3.53,0.004,0.005,11.71,10.2,7.133,-30.07,,,
EQ-0001,2023-03-17 00:00:00,电力变压器,龙华220kV变电站,0.488,0.521,6.76,0.587,0.664,13.2,50.733,65.7,29.5,65.8,83.267,26.55,10482.0,8395.0,-19.91,0.004,0.004,-10.64,8.533,11.1,30.08,,,
EQ-0118,2023-03-05 00:00:00,隔离开关,张江110kV变电站,0.584,0.6,2.67,0.717,0.737,2.73,,,,,,,,,,,,,,,,,,
EQ-0003,2023-03-05 00:00:00,电力变压器,龙华220kV变电站,0.449,0.519,15.57,0.558,0.661,18.41,48.933,71.433,45.98,64.733,88.133,36.15,6706.0,6528.333,-2.65,0.005,0.005,-16.09,10.4,10.967,5.45,,,
EQ-0364,2023-03-06 00:00:00,GIS组合电器,武侯110kV变电站,0.427,0.434,1.51,0.531,0.52,-2.14,45.033,55.433,23.09,57.467,72.267,25.75,9889.333,10571.0,6.89,,,,6.733,7.3,8.42,0.473,0.472,-0.21
EQ-0066,2023-03-04 00:00:00,GIS组合电器,松山湖220kV变电站,0.427,0.461,7.94,0.543,0.537,-1.13,49.267,65.433,32.81,64.833,81.333,25.45,10081.0,9892.333,-1.87,,,,12.0,9.233,-23.06,0.514,0.466,-9.34
EQ-0079,2023-03-16 00:00:00,隔离开关,南沙110kV变电站,0.516,0.56,8.5,0.656,0.72,9.75,,,,,,,,,,,,,,,,,,
EQ-0096,2023-03-06 00:00:00,隔离开关,前海110kV变电站,0.495,0.529,6.86,0.619,0.639,3.2,,,,,,,,,,,,,,,,,,
EQ-0259,2023-03-10 00:00:00,断路器,天津滨海220kV变电站,0.434,0.46,5.92,0.561,0.594,5.91,,,,,,,9193.667,8270.0,-10.05,,,,,,,0.493,0.517,5.01
EQ-0237,2023-03-06 00:00:00,GIS组合电器,亦庄110kV变电站,0.545,0.577,5.89,0.699,0.731,4.58,43.133,60.967,41.34,57.767,77.233,33.7,7988.667,7713.0,-3.45,,,,13.467,11.233,-16.58,0.504,0.472,-6.22
EQ-0131,2023-03-06 00:00:00,电力变压器,临港110kV变电站,0.403,0.452,12.24,0.489,0.588,20.26,41.033,54.667,33.23,53.433,70.167,31.32,9857.667,9702.333,-1.58,0.006,0.004,-36.61,6.567,5.9,-10.15,,,
EQ-0233,2023-03-06 00:00:00,避雷器,亦庄110kV变电站,0.571,0.652,14.23,0.729,0.826,13.26,,,,,,,,,,,,,,,,,,
EQ-0167,2023-03-06 00:00:00,隔离开关,苏州工业园220kV变电站,0.575,0.635,10.29,0.703,0.796,13.37,,,,,,,,,,,,,,,,,,
EQ-0011,2023-03-06 00:00:00,断路器,龙华220kV变电站,0.427,0.454,6.36,0.526,0.55,4.57,,,,,,,7490.667,10328.0,37.88,,,,,,,0.514,0.471,-8.37
EQ-0268,2023-03-07 00:00:00,隔离开关,天津滨海220kV变电站,0.565,0.613,8.5,0.724,0.756,4.38,,,,,,,,,,,,,,,,,,
EQ-0409,2023-03-07 00:00:00,电力变压器,沈阳浑南110kV变电站,0.553,0.628,13.63,0.671,0.779,16.15,37.5,61.433,63.82,54.7,78.5,43.51,9599.667,7732.0,-19.46,0.005,0.004,-26.69,4.633,3.767,-18.71,,,
EQ-0366,2023-03-07 00:00:00,电力变压器,重庆两江220kV变电站,0.48,0.513,6.96,0.566,0.636,12.47,44.833,58.167,29.74,59.333,75.033,26.46,7336.333,8580.667,16.96,0.003,0.005,40.68,6.5,13.1,101.54,,,
EQ-0260,2023-03-07 00:00:00,断路器,天津滨海220kV变电站,0.596,0.638,7.0,0.746,0.804,7.72,,,,,,,8519.667,7833.333,-8.06,,,,,,,0.482,0.5,3.67
EQ-0155,2023-03-07 00:00:00,断路器,苏州工业园220kV变电站,0.449,0.51,13.71,0.547,0.661,20.9,,,,,,,8085.0,7800.667,-3.52,,,,,,,0.472,0.468,-0.92
EQ-0156,2023-03-19 00:00:00,断路器,苏州工业园220kV变电站,0.436,0.444,2.04,0.539,0.568,5.42,,,,,,,7832.0,8197.667,4.67,,,,,,,0.505,0.462,-8.58
EQ-0307,2023-03-30 00:00:00,电容器组,武昌110kV变电站,0.472,0.496,5.09,0.594,0.617,3.82,,,,,,,,,,0.003,0.004,18.11,,,,,,
EQ-0058,2023-03-07 00:00:00,电容器组,松山湖220kV变电站,0.59,0.628,6.44,0.76,0.811,6.71,,,,,,,,,,0.005,0.004,-13.65,,,,,,
EQ-0166,2023-03-07 00:00:00,隔离开关,苏州工业园220kV变电站,0.466,0.478,2.41,0.599,0.584,-2.46,,,,,,,,,,,,,,,,,,
EQ-0070,2023-03-07 00:00:00,电力变压器,南沙110kV变电站,0.477,0.522,9.35,0.576,0.649,12.6,48.0,67.2,40.0,62.367,84.233,35.06,9546.0,8520.333,-10.74,0.004,0.005,27.4,6.667,7.267,9.0,,,
EQ-0161,2023-03-07 00:00:00,断路器,苏州工业园220kV变电站,0.431,0.47,9.2,0.525,0.601,14.38,,,,,,,8814.667,8797.0,-0.2,,,,,,,0.44,0.473,7.51
EQ-0251,2023-03-18 00:00:00,避雷器,通州35kV变电站,0.517,0.534,3.33,0.665,0.685,2.92,,,,,,,,,,,,,,,,,,
EQ-0371,2023-03-07 00:00:00,断路器,重庆两江220kV变电站,0.49,0.525,7.02,0.636,0.679,6.77,,,,,,,10390.333,8304.667,-20.07,,,,,,,0.467,0.5,7.14
EQ-0390,2023-03-08 00:00:00,避雷器,重庆两江220kV变电站,0.46,0.477,3.76,0.573,0.617,7.56,,,,,,,,,,,,,,,,,,
EQ-0359,2023-03-08 00:00:00,电容器组,武侯110kV变电站,0.459,0.491,6.79,0.579,0.604,4.28,,,,,,,,,,0.004,0.004,-5.68,,,,,,
EQ-0367,2023-03-30 00:00:00,电力变压器,重庆两江220kV变电站,0.507,0.53,4.43,0.637,0.674,5.67,47.6,59.7,25.42,62.833,76.333,21.49,7965.667,9661.333,21.29,0.005,0.005,2.83,8.0,13.4,67.5,,,
EQ-0200,2023-03-08 00:00:00,GIS组合电器,杭州滨江110kV变电站,0.438,0.447,2.16,0.575,0.539,-6.3,41.933,61.833,47.46,55.3,77.4,39.96,8970.333,7294.0,-18.69,,,,10.9,5.7,-47.71,0.474,0.495,4.36
EQ-0381,2023-03-08 00:00:00,隔离开关,重庆两江220kV变电站,0.574,0.63,9.75,0.677,0.795,17.58,,,,,,,,,,,,,,,,,,
EQ-0201,2023-03-08 00:00:00,电力变压器,昆山35kV变电站,0.512,0.566,10.54,0.637,0.722,13.35,52.267,61.367,17.41,67.967,78.633,15.69,7851.0,7258.0,-7.55,0.004,0.004,-4.5,5.267,15.8,200.0,,,
EQ-0197,2023-03-08 00:00:00,避雷器,杭州滨江110kV变电站,0.45,0.473,5.07,0.556,0.602,8.3,,,,,,,,,,,,,,,,,,
EQ-0358,2023-03-22 00:00:00,电容器组,武侯110kV变电站,0.559,0.582,4.13,0.732,0.73,-0.28,,,,,,,,,,0.005,0.005,1.59,,,,,,
EQ-0147,2023-03-08 00:00:00,GIS组合电器,临港110kV变电站,0.447,0.464,3.75,0.563,0.583,3.55,45.667,62.4,36.64,58.8,76.3,29.76,9843.0,8903.0,-9.55,,,,7.2,5.7,-20.83,0.514,0.492,-4.28
EQ-0325,2023-03-08 00:00:00,避雷器,江夏35kV变电站,0.419,0.466,11.27,0.544,0.566,3.99,,,,,,,,,,,,,,,,,,
EQ-0216,2023-03-08 00:00:00,电力变压器,亦庄110kV变电站,0.571,0.623,9.0,0.718,0.794,10.46,44.733,60.833,35.99,58.633,77.7,32.52,10338.333,9372.0,-9.35,0.005,0.004,-12.36,12.4,11.2,-9.68,,,
EQ-0414,2023-03-08 00:00:00,断路器,沈阳浑南110kV变电站,0.506,0.545,7.7,0.618,0.674,9.01,,,,,,,9155.333,8584.667,-6.23,,,,,,,0.509,0.472,-7.4
EQ-0297,2023-03-08 00:00:00,电力变压器,武昌110kV变电站,0.427,0.461,8.09,0.528,0.574,8.82,42.4,58.733,38.52,55.133,74.0,34.22,10686.333,9161.333,-14.27,0.004,0.005,8.69,12.6,6.5,-48.41,,,
EQ-0097,2023-03-08 00:00:00,隔离开关,前海110kV变电站,0.513,0.562,9.4,0.62,0.706,13.91,,,,,,,,,,,,,,,,,,
EQ-0054,2023-03-08 00:00:00,隔离开关,松山湖220kV变电站,0.516,0.553,7.11,0.644,0.723,12.31,,,,,,,,,,,,,,,,,,
EQ-0342,2023-03-08 00:00:00,避雷器,长沙星沙110kV变电站,0.451,0.462,2.51,0.546,0.562,2.99,,,,,,,,,,,,,,,,,,
EQ-0343,2023-03-08 00:00:00,避雷器,长沙星沙110kV变电站,0.532,0.6,12.76,0.66,0.769,16.48,,,,,,,,,,,,,,,,,,
EQ-0119,2023-03-08 00:00:00,隔离开关,张江110kV变电站,0.46,0.498,8.07,0.573,0.61,6.4,,,,,,,,,,,,,,,,,,
EQ-0275,2023-03-08 00:00:00,避雷器,天津滨海220kV变电站,0.596,0.625,4.79,0.747,0.758,1.5,,,,,,,,,,,,,,,,,,
EQ-0314,2023-03-08 00:00:00,电力变压器,江夏35kV变电站,0.559,0.608,8.67,0.666,0.772,16.06,45.733,64.667,41.4,61.9,82.8,33.76,8954.333,8706.333,-2.77,0.004,0.005,18.68,16.533,14.933,-9.68,,,
EQ-0191,2023-03-08 00:00:00,隔离开关,杭州滨江110kV变电站,0.564,0.602,6.77,0.7,0.729,4.12,,,,,,,,,,,,,,,,,,
EQ-0282,2023-03-08 00:00:00,电力变压器,石家庄高新35kV变电站,0.626,0.654,4.35,0.811,0.813,0.21,45.967,63.667,38.51,63.567,80.267,26.27,8826.333,9206.333,4.31,0.005,0.004,-27.78,12.767,8.367,-34.46,,,
EQ-0278,2023-03-09 00:00:00,避雷器,天津滨海220kV变电站,0.452,0.485,7.44,0.586,0.631,7.7,,,,,,,,,,,,,,,,,,
EQ-0391,2023-03-26 00:00:00,避雷器,重庆两江220kV变电站,0.462,0.469,1.66,0.553,0.572,3.31,,,,,,,,,,,,,,,,,,
EQ-0214,2023-03-09 00:00:00,避雷器,昆山35kV变电站,0.54,0.578,6.98,0.68,0.702,3.13,,,,,,,,,,,,,,,,,,
EQ-0270,2023-03-09 00:00:00,电容器组,天津滨海220kV变电站,0.521,0.553,6.1,0.619,0.723,16.69,,,,,,,,,,0.006,0.004,-25.79,,,,,,
EQ-0264,2023-03-20 00:00:00,隔离开关,天津滨海220kV变电站,0.57,0.642,12.57,0.727,0.798,9.71,,,,,,,,,,,,,,,,,,
EQ-0354,2023-03-20 00:00:00,隔离开关,武侯110kV变电站,0.461,0.452,-1.85,0.583,0.584,0.06,,,,,,,,,,,,,,,,,,
EQ-0143,2023-03-09 00:00:00,避雷器,临港110kV变电站,0.568,0.612,7.83,0.685,0.747,8.94,,,,,,,,,,,,,,,,,,
EQ-0202,2023-03-09 00:00:00,电力变压器,昆山35kV变电站,0.526,0.576,9.36,0.641,0.693,8.08,49.267,66.067,34.1,66.567,84.533,26.99,7885.0,7833.667,-0.65,0.005,0.006,5.48,7.9,10.233,29.54,,,
EQ-0178,2023-03-09 00:00:00,避雷器,苏州工业园220kV变电站,0.414,0.441,6.74,0.527,0.56,6.23,,,,,,,,,,,,,,,,,,
EQ-0114,2023-03-17 00:00:00,断路器,张江110kV变电站,0.624,0.6,-3.94,0.787,0.76,-3.45,,,,,,,10133.667,9202.667,-9.19,,,,,,,0.499,0.483,-3.21
EQ-0019,2023-03-10 00:00:00,隔离开关,龙华220kV变电站,0.57,0.676,18.63,0.687,0.862,25.47,,,,,,,,,,,,,,,,,,
EQ-0111,2023-03-10 00:00:00,断路器,张江110kV变电站,0.54,0.57,5.44,0.653,0.715,9.49,,,,,,,10089.0,9711.667,-3.74,,,,,,,0.504,0.481,-4.63
EQ-0132,2023-03-10 00:00:00,断路器,临港110kV变电站,0.563,0.589,4.6,0.747,0.704,-5.78,,,,,,,9406.0,10252.333,9.0,,,,,,,0.495,0.457,-7.74
EQ-0373,2023-04-01 00:00:00,断路器,重庆两江220kV变电站,0.54,0.698,29.16,0.687,0.855,24.53,,,,,,,9725.333,7566.333,-22.2,,,,,,,0.527,0.478,-9.3
EQ-0365,2023-04-01 00:00:00,电力变压器,重庆两江220kV变电站,0.566,0.719,26.94,0.689,0.894,29.72,52.5,74.733,42.35,70.8,93.833,32.53,7292.333,7639.667,4.76,0.004,0.005,42.66,8.367,8.867,5.98,,,
EQ-0311,2023-03-18 00:00:00,避雷器,武昌110kV变电站,0.617,0.668,8.16,0.741,0.878,18.48,,,,,,,,,,,,,,,,,,
EQ-0316,2023-03-14 00:00:00,断路器,江夏35kV变电站,0.561,0.611,8.96,0.705,0.798,13.27,,,,,,,9345.667,7415.333,-20.65,,,,,,,0.483,0.476,-1.52
EQ-0419,2023-03-20 00:00:00,隔离开关,沈阳浑南110kV变电站,0.521,0.564,8.17,0.651,0.725,11.52,,,,,,,,,,,,,,,,,,
EQ-0363,2023-03-10 00:00:00,避雷器,武侯110kV变电站,0.431,0.493,14.35,0.539,0.643,19.24,,,,,,,,,,,,,,,,,,
EQ-0123,2023-03-10 00:00:00,避雷器,张江110kV变电站,0.433,0.464,6.97,0.528,0.575,8.93,,,,,,,,,,,,,,,,,,
EQ-0411,2023-03-10 00:00:00,断路器,沈阳浑南110kV变电站,0.582,0.653,12.17,0.71,0.827,16.46,,,,,,,7100.0,9012.0,26.93,,,,,,,0.479,0.483,0.83
EQ-0116,2023-03-23 00:00:00,隔离开关,张江110kV变电站,0.529,0.568,7.52,0.675,0.722,6.96,,,,,,,,,,,,,,,,,,
EQ-0033,2023-03-11 00:00:00,避雷器,龙华220kV变电站,0.536,0.587,9.45,0.65,0.708,9.08,,,,,,,,,,,,,,,,,,
EQ-0226,2023-03-20 00:00:00,隔离开关,亦庄110kV变电站,0.538,0.607,12.77,0.672,0.777,15.59,,,,,,,,,,,,,,,,,,
EQ-0299,2023-03-11 00:00:00,断路器,武昌110kV变电站,0.56,0.618,10.43,0.686,0.791,15.28,,,,,,,10400.333,8422.333,-19.02,,,,,,,0.48,0.511,6.32
EQ-0413,2023-03-11 00:00:00,断路器,沈阳浑南110kV变电站,0.5,0.525,4.9,0.626,0.687,9.77,,,,,,,8296.333,7209.333,-13.1,,,,,,,0.497,0.483,-2.82
EQ-0151,2023-03-11 00:00:00,电力变压器,苏州工业园220kV变电站,0.446,0.477,7.0,0.572,0.598,4.57,42.967,60.733,41.35,57.067,74.967,31.37,7034.667,8454.667,20.19,0.006,0.005,-12.92,10.067,12.9,28.15,,,
EQ-0126,2023-03-11 00:00:00,避雷器,张江110kV变电站,0.53,0.578,9.07,0.685,0.718,4.85,,,,,,,,,,,,,,,,,,
EQ-0277,2023-03-11 00:00:00,避雷器,天津滨海220kV变电站,0.483,0.521,7.88,0.597,0.64,7.17,,,,,,,,,,,,,,,,,,
EQ-0424,2023-03-11 00:00:00,避雷器,沈阳浑南110kV变电站,0.463,0.5,7.82,0.568,0.639,12.43,,,,,,,,,,,,,,,,,,
EQ-0294,2023-03-27 00:00:00,避雷器,石家庄高新35kV变电站,0.59,0.605,2.46,0.719,0.768,6.83,,,,,,,,,,,,,,,,,,
EQ-0345,2023-03-10 00:00:00,GIS组合电器,长沙星沙110kV变电站,0.538,0.584,8.49,0.677,0.734,8.37,43.2,62.333,44.29,60.467,77.667,28.45,7940.667,9357.0,17.84,,,,4.9,8.467,72.79,0.528,0.49,-7.19
EQ-0169,2023-03-11 00:00:00,电容器组,苏州工业园220kV变电站,0.503,0.519,3.1,0.606,0.645,6.46,,,,,,,,,,0.004,0.005,14.04,,,,,,
EQ-0284,2023-03-11 00:00:00,断路器,石家庄高新35kV变电站,0.468,0.49,4.69,0.578,0.619,6.97,,,,,,,11571.0,10290.333,-11.07,,,,,,,0.503,0.504,0.2
EQ-0377,2023-03-11 00:00:00,隔离开关,重庆两江220kV变电站,0.458,0.519,13.52,0.551,0.648,17.63,,,,,,,,,,,,,,,,,,
EQ-0412,2023-03-11 00:00:00,断路器,沈阳浑南110kV变电站,0.556,0.565,1.58,0.673,0.711,5.61,,,,,,,10692.667,8306.667,-22.31,,,,,,,0.503,0.478,-4.97
EQ-0006,2023-03-12 00:00:00,断路器,龙华220kV变电站,0.455,0.458,0.64,0.583,0.57,-2.18,,,,,,,8366.0,8317.667,-0.58,,,,,,,0.485,0.469,-3.16
EQ-0005,2023-03-12 00:00:00,电力变压器,龙华220kV变电站,0.483,0.507,4.86,0.611,0.66,8.09,51.533,69.433,34.73,67.767,85.9,26.76,8433.333,6708.333,-20.45,0.006,0.004,-33.92,9.6,13.3,38.54,,,
EQ-0069,2023-04-09 00:00:00,电力变压器,南沙110kV变电站,0.523,0.742,41.86,0.647,0.886,36.9,57.833,78.6,35.91,74.833,97.067,29.71,10296.667,8991.0,-12.68,0.004,0.003,-5.7,6.867,7.5,9.22,,,
EQ-0312,2023-03-12 00:00:00,避雷器,武昌110kV变电站,0.525,0.617,17.68,0.673,0.801,19.06,,,,,,,,,,,,,,,,,,
EQ-0223,2023-03-12 00:00:00,断路器,亦庄110kV变电站,0.475,0.52,9.4,0.587,0.676,15.3,,,,,,,11783.333,8613.0,-26.91,,,,,,,0.473,0.491,3.81
EQ-0164,2023-03-12 00:00:00,隔离开关,苏州工业园220kV变电站,0.502,0.563,12.14,0.643,0.711,10.61,,,,,,,,,,,,,,,,,,
EQ-0087,2023-03-12 00:00:00,电力变压器,前海110kV变电站,0.495,0.542,9.39,0.638,0.686,7.51,48.933,65.033,32.9,63.667,82.4,29.42,10827.333,7568.667,-30.1,0.004,0.004,18.38,6.733,4.8,-28.71,,,
EQ-0138,2023-03-12 00:00:00,隔离开关,临港110kV变电站,0.484,0.533,10.21,0.625,0.673,7.74,,,,,,,,,,,,,,,,,,
EQ-0313,2023-03-12 00:00:00,GIS组合电器,武昌110kV变电站,0.576,0.635,10.23,0.725,0.802,10.62,46.1,65.867,42.88,62.433,83.3,33.42,10862.333,9315.333,-14.24,,,,4.667,10.2,118.57,0.484,0.469,-3.1
EQ-0265,2023-03-12 00:00:00,隔离开关,天津滨海220kV变电站,0.506,0.557,9.92,0.63,0.694,10.19,,,,,,,,,,,,,,,,,,
EQ-0010,2023-03-26 00:00:00,断路器,龙华220kV变电站,0.494,0.53,7.41,0.629,0.673,6.95,,,,,,,6677.333,8749.667,31.04,,,,,,,0.492,0.478,-2.91
EQ-0346,2023-03-12 00:00:00,电力变压器,武侯110kV变电站,0.487,0.528,8.4,0.615,0.67,8.93,44.967,63.6,41.44,61.233,80.367,31.25,9299.667,9457.333,1.7,0.004,0.005,38.17,9.567,7.4,-22.65,,,
EQ-0285,2023-03-12 00:00:00,断路器,石家庄高新35kV变电站,0.569,0.613,7.81,0.693,0.79,14.0,,,,,,,9558.333,9881.333,3.38,,,,,,,0.475,0.483,1.61
EQ-0341,2023-03-12 00:00:00,避雷器,长沙星沙110kV变电站,0.474,0.557,17.45,0.586,0.702,19.82,,,,,,,,,,,,,,,,,,
EQ-0193,2023-03-12 00:00:00,隔离开关,杭州滨江110kV变电站,0.471,0.497,5.42,0.584,0.631,8.12,,,,,,,,,,,,,,,,,,
EQ-0245,2023-03-13 00:00:00,隔离开关,通州35kV变电站,0.536,0.615,14.76,0.635,0.762,19.91,,,,,,,,,,,,,,,,,,
EQ-0014,2023-03-09 00:00:00,断路器,龙华220kV变电站,0.484,0.538,11.0,0.601,0.708,17.89,,,,,,,7266.667,8944.333,23.09,,,,,,,0.464,0.488,5.1
EQ-0031,2023-03-13 00:00:00,避雷器,龙华220kV变电站,0.544,0.607,11.7,0.682,0.776,13.79,,,,,,,,,,,,,,,,,,
EQ-0269,2023-03-13 00:00:00,隔离开关,天津滨海220kV变电站,0.492,0.555,12.69,0.61,0.671,9.95,,,,,,,,,,,,,,,,,,
EQ-0007,2023-03-12 00:00:00,断路器,龙华220kV变电站,0.498,0.534,7.11,0.583,0.652,11.88,,,,,,,9323.0,9613.667,3.12,,,,,,,0.496,0.482,-2.76
EQ-0192,2023-04-02 00:00:00,隔离开关,杭州滨江110kV变电站,0.522,0.715,37.08,0.657,0.896,36.54,,,,,,,,,,,,,,,,,,
EQ-0327,2023-04-07 00:00:00,电力变压器,长沙星沙110kV变电站,0.432,0.59,36.44,0.553,0.71,28.33,44.933,69.867,55.49,58.4,85.833,46.97,10232.333,8941.0,-12.62,0.005,0.003,-26.24,3.933,6.833,73.73,,,
EQ-0356,2023-03-13 00:00:00,隔离开关,武侯110kV变电站,0.479,0.497,3.72,0.607,0.612,0.74,,,,,,,,,,,,,,,,,,
EQ-0183,2023-03-13 00:00:00,电力变压器,杭州滨江110kV变电站,0.444,0.473,6.64,0.571,0.598,4.77,41.933,60.067,43.24,55.733,74.067,32.89,9031.333,8753.667,-3.07,0.004,0.004,2.55,10.033,13.2,31.56,,,
EQ-0037,2023-03-07 00:00:00,GIS组合电器,龙华220kV变电站,0.517,0.572,10.53,0.666,0.712,6.89,51.867,66.9,28.98,69.9,82.733,18.36,10116.333,7890.0,-22.01,,,,12.833,9.567,-25.45,0.483,0.496,2.69
EQ-0326,2023-03-13 00:00:00,避雷器,江夏35kV变电站,0.448,0.472,5.19,0.594,0.574,-3.36,,,,,,,,,,,,,,,,,,
EQ-0338,2023-03-28 00:00:00,隔离开关,长沙星沙110kV变电站,0.464,0.509,9.87,0.57,0.636,11.46,,,,,,,,,,,,,,,,,,
EQ-0288,2023-03-14 00:00:00,隔离开关,石家庄高新35kV变电站,0.497,0.545,9.73,0.602,0.696,15.62,,,,,,,,,,,,,,,,,,
EQ-0286,2023-03-14 00:00:00,断路器,石家庄高新35kV变电站,0.479,0.54,12.58,0.567,0.692,22.04,,,,,,,8274.0,9856.333,19.12,,,,,,,0.477,0.503,5.38
EQ-0139,2023-03-31 00:00:00,隔离开关,临港110kV变电站,0.513,0.573,11.51,0.661,0.678,2.6,,,,,,,,,,,,,,,,,,
EQ-0154,2023-03-14 00:00:00,断路器,苏州工业园220kV变电站,0.497,0.532,6.88,0.607,0.648,6.74,,,,,,,9235.667,8773.0,-5.01,,,,,,,0.476,0.483,1.61
EQ-0333,2023-03-14 00:00:00,断路器,长沙星沙110kV变电站,0.549,0.606,10.5,0.674,0.76,12.75,,,,,,,9092.667,8140.333,-10.47,,,,,,,0.504,0.49,-2.78
EQ-0212,2023-03-17 00:00:00,避雷器,昆山35kV变电站,0.53,0.582,9.73,0.667,0.729,9.29,,,,,,,,,,,,,,,,,,
EQ-0061,2023-04-13 00:00:00,避雷器,松山湖220kV变电站,0.432,0.58,34.32,0.551,0.735,33.31,,,,,,,,,,,,,,,,,,
EQ-0222,2023-03-14 00:00:00,断路器,亦庄110kV变电站,0.431,0.44,2.1,0.556,0.549,-1.31,,,,,,,8931.0,7914.333,-11.38,,,,,,,0.493,0.502,1.83
EQ-0124,2023-03-14 00:00:00,避雷器,张江110kV变电站,0.569,0.602,5.89,0.715,0.731,2.29,,,,,,,,,,,,,,,,,,
EQ-0410,2023-03-12 00:00:00,电力变压器,沈阳浑南110kV变电站,0.502,0.498,-0.82,0.594,0.622,4.71,37.4,57.167,52.85,52.433,72.467,38.21,7373.333,6991.0,-5.19,0.005,0.004,-8.84,15.367,11.433,-25.6,,,
EQ-0175,2023-03-14 00:00:00,避雷器,苏州工业园220kV变电站,0.432,0.498,15.23,0.539,0.643,19.34,,,,,,,,,,,,,,,,,,
EQ-0042,2023-03-23 00:00:00,电力变压器,松山湖220kV变电站,0.568,0.578,1.7,0.729,0.722,-0.93,52.133,66.733,28.01,67.833,86.333,27.27,8242.667,8415.0,2.09,0.005,0.004,-17.64,6.633,11.0,65.83,,,
EQ-0009,2023-03-15 00:00:00,断路器,龙华220kV变电站,0.511,0.53,3.78,0.649,0.652,0.47,,,,,,,7641.0,8563.333,12.07,,,,,,,0.514,0.471,-8.49
EQ-0137,2023-03-15 00:00:00,隔离开关,临港110kV变电站,0.479,0.473,-1.34,0.596,0.588,-1.29,,,,,,,,,,,,,,,,,,
EQ-0205,2023-03-15 00:00:00,断路器,昆山35kV变电站,0.448,0.509,13.53,0.568,0.634,11.57,,,,,,,10300.333,7663.0,-25.6,,,,,,,0.479,0.443,-7.52
EQ-0238,2023-03-15 00:00:00,电力变压器,通州35kV变电站,0.477,0.538,12.9,0.598,0.706,18.1,43.8,59.467,35.77,61.2,74.333,21.46,6461.333,8057.0,24.7,0.006,0.004,-25.75,8.967,9.4,4.83,,,
EQ-0024,2023-03-15 00:00:00,电容器组,龙华220kV变电站,0.458,0.501,9.37,0.577,0.606,5.02,,,,,,,,,,0.005,0.004,-9.06,,,,,,
EQ-0121,2023-03-15 00:00:00,电容器组,张江110kV变电站,0.602,0.606,0.63,0.782,0.752,-3.82,,,,,,,,,,0.005,0.005,2.13,,,,,,
EQ-0375,2023-03-15 00:00:00,断路器,重庆两江220kV变电站,0.568,0.64,12.7,0.703,0.82,16.6,,,,,,,11718.333,8103.667,-30.85,,,,,,,0.486,0.495,1.85
EQ-0324,2023-03-22 00:00:00,避雷器,江夏35kV变电站,0.572,0.642,12.34,0.739,0.807,9.23,,,,,,,,,,,,,,,,,,
EQ-0422,2023-04-11 00:00:00,避雷器,沈阳浑南110kV变电站,0.553,0.726,31.15,0.729,0.908,24.54,,,,,,,,,,,,,,,,,,
EQ-0030,2023-03-15 00:00:00,避雷器,龙华220kV变电站,0.549,0.62,12.93,0.717,0.758,5.82,,,,,,,,,,,,,,,,,,
EQ-0127,2023-03-15 00:00:00,GIS组合电器,张江110kV变电站,0.506,0.564,11.55,0.599,0.695,16.0,43.533,64.0,47.01,57.633,80.633,39.91,9769.0,10499.333,7.48,,,,7.533,5.9,-21.68,0.488,0.49,0.55
EQ-0181,2023-03-15 00:00:00,GIS组合电器,苏州工业园220kV变电站,0.483,0.559,15.77,0.58,0.667,14.92,45.467,67.4,48.24,59.867,85.7,43.15,9961.0,8640.333,-13.26,,,,3.733,11.233,200.89,0.514,0.529,2.92
EQ-0370,2023-04-03 00:00:00,断路器,重庆两江220kV变电站,0.417,0.558,33.93,0.517,0.702,35.8,,,,,,,9457.0,7077.333,-25.16,,,,,,,0.496,0.479,-3.49
EQ-0403,2023-03-15 00:00:00,电容器组,成都高新35kV变电站,0.43,0.467,8.63,0.547,0.57,4.36,,,,,,,,,,0.004,0.005,31.6,,,,,,
EQ-0336,2023-03-15 00:00:00,隔离开关,长沙星沙110kV变电站,0.569,0.633,11.29,0.725,0.816,12.52,,,,,,,,,,,,,,,,,,
EQ-0084,2023-04-11 00:00:00,避雷器,南沙110kV变电站,0.58,0.777,33.81,0.712,0.975,36.95,,,,,,,,,,,,,,,,,,
EQ-0105,2023-03-15 00:00:00,GIS组合电器,前海110kV变电站,0.498,0.564,13.29,0.587,0.7,19.27,49.367,71.833,45.51,64.967,86.0,32.38,10320.667,9689.0,-6.12,,,,8.933,3.733,-58.21,0.489,0.506,3.47
EQ-0386,2023-03-16 00:00:00,避雷器,重庆两江220kV变电站,0.484,0.514,6.32,0.615,0.626,1.7,,,,,,,,,,,,,,,,,,
EQ-0043,2023-03-16 00:00:00,断路器,松山湖220kV变电站,0.452,0.47,3.95,0.553,0.607,9.9,,,,,,,8740.0,8284.667,-5.21,,,,,,,0.49,0.48,-2.04
EQ-0266,2023-03-16 00:00:00,隔离开关,天津滨海220kV变电站,0.417,0.479,14.87,0.516,0.62,20.18,,,,,,,,,,,,,,,,,,
EQ-0015,2023-03-16 00:00:00,断路器,龙华220kV变电站,0.427,0.47,10.09,0.517,0.582,12.64,,,,,,,9967.667,8332.0,-16.41,,,,,,,0.489,0.481,-1.64
EQ-0323,2023-04-09 00:00:00,电容器组,江夏35kV变电站,0.485,0.636,30.95,0.609,0.822,34.96,,,,,,,,,,0.004,0.004,22.76,,,,,,
EQ-0351,2023-03-16 00:00:00,断路器,武侯110kV变电站,0.476,0.515,8.14,0.59,0.649,9.99,,,,,,,11148.667,9366.0,-15.99,,,,,,,0.513,0.486,-5.14
EQ-0133,2023-03-12 00:00:00,断路器,临港110kV变电站,0.44,0.482,9.54,0.557,0.624,12.07,,,,,,,10373.0,9609.0,-7.37,,,,,,,0.508,0.497,-2.23
EQ-0241,2023-03-24 00:00:00,断路器,通州35kV变电站,0.484,0.509,5.21,0.603,0.645,7.07,,,,,,,8519.0,8835.0,3.71,,,,,,,0.479,0.488,1.88
EQ-0430,2023-03-20 00:00:00,断路器,大连开发区35kV变电站,0.537,0.561,4.55,0.679,0.664,-2.14,,,,,,,8240.667,9675.667,17.41,,,,,,,0.499,0.5,0.33
EQ-0406,2023-03-16 00:00:00,避雷器,成都高新35kV变电站,0.448,0.477,6.67,0.565,0.593,4.97,,,,,,,,,,,,,,,,,,
EQ-0064,2023-03-16 00:00:00,避雷器,松山湖220kV变电站,0.601,0.679,12.81,0.742,0.877,18.09,,,,,,,,,,,,,,,,,,
EQ-0293,2023-03-23 00:00:00,避雷器,石家庄高新35kV变电站,0.517,0.564,8.91,0.624,0.687,10.06,,,,,,,,,,,,,,,,,,
EQ-0428,2023-03-20 00:00:00,电力变压器,大连开发区35kV变电站,0.558,0.621,11.24,0.693,0.772,11.5,38.167,59.1,54.85,54.467,77.067,41.49,6336.667,9399.333,48.33,0.005,0.005,2.53,9.6,6.833,-28.82,,,
EQ-0290,2023-03-16 00:00:00,电容器组,石家庄高新35kV变电站,0.568,0.574,1.0,0.697,0.735,5.42,,,,,,,,,,0.004,0.005,37.66,,,,,,
EQ-0394,2023-03-16 00:00:00,GIS组合电器,重庆两江220kV变电站,0.595,0.611,2.67,0.695,0.744,6.94,51.4,65.533,27.5,67.367,83.133,23.4,9780.667,8829.0,-9.73,,,,10.833,10.833,0.0,0.468,0.501,6.98
EQ-0306,2023-03-16 00:00:00,隔离开关,武昌110kV变电站,0.511,0.527,3.12,0.648,0.645,-0.48,,,,,,,,,,,,,,,,,,
EQ-0250,2023-04-01 00:00:00,避雷器,通州35kV变电站,0.552,0.683,23.79,0.695,0.816,17.32,,,,,,,,,,,,,,,,,,
EQ-0396,2023-03-29 00:00:00,电力变压器,成都高新35kV变电站,0.459,0.524,14.22,0.551,0.66,19.78,42.5,63.967,50.51,56.167,80.433,43.2,10750.0,10163.0,-5.46,0.004,0.004,3.13,8.433,6.4,-24.11,,,
EQ-0254,2023-03-16 00:00:00,电力变压器,天津滨海220kV变电站,0.528,0.621,17.71,0.672,0.797,18.53,44.9,61.567,37.12,59.367,80.633,35.82,8554.0,9783.333,14.37,0.003,0.005,48.71,5.8,5.9,1.72,,,
EQ-0206,2023-03-09 00:00:00,断路器,昆山35kV变电站,0.584,0.616,5.43,0.744,0.735,-1.2,,,,,,,8542.0,7525.333,-11.9,,,,,,,0.489,0.455,-7.02
EQ-0171,2023-03-11 00:00:00,电容器组,苏州工业园220kV变电站,0.517,0.529,2.29,0.62,0.65,4.85,,,,,,,,,,0.006,0.004,-37.54,,,,,,
EQ-0319,2023-03-16 00:00:00,隔离开关,江夏35kV变电站,0.457,0.499,9.33,0.571,0.618,8.29,,,,,,,,,,,,,,,,,,
EQ-0159,2023-03-30 00:00:00,断路器,苏州工业园220kV变电站,0.59,0.592,0.31,0.73,0.722,-1.05,,,,,,,10680.333,9237.333,-13.51,,,,,,,0.487,0.49,0.55
EQ-0196,2023-03-22 00:00:00,避雷器,杭州滨江110kV变电站,0.503,0.522,3.81,0.63,0.642,1.9,,,,,,,,,,,,,,,,,,
EQ-0280,2023-03-17 00:00:00,GIS组合电器,天津滨海220kV变电站,0.43,0.46,7.02,0.554,0.574,3.59,37.933,59.0,55.54,52.033,74.267,42.73,7529.333,8326.333,10.59,,,,11.133,8.9,-20.06,0.483,0.485,0.48
EQ-0179,2023-03-17 00:00:00,GIS组合电器,苏州工业园220kV变电站,0.557,0.59,5.98,0.722,0.749,3.76,47.9,66.0,37.79,63.8,83.533,30.93,7911.667,7915.333,0.05,,,,11.033,11.967,8.46,0.49,0.493,0.68
EQ-0004,2023-03-17 00:00:00,电力变压器,龙华220kV变电站,0.556,0.549,-1.28,0.717,0.677,-5.59,54.9,66.667,21.43,73.067,82.933,13.5,9908.0,8947.0,-9.7,0.005,0.004,-24.3,6.833,7.833,14.63,,,
EQ-0008,2023-03-13 00:00:00,断路器,龙华220kV变电站,0.434,0.503,15.79,0.535,0.661,23.55,,,,,,,8854.667,7819.333,-11.69,,,,,,,0.505,0.501,-0.86
EQ-0189,2023-03-17 00:00:00,断路器,杭州滨江110kV变电站,0.521,0.51,-1.98,0.624,0.656,5.2,,,,,,,9861.333,9430.667,-4.37,,,,,,,0.484,0.526,8.53
EQ-0263,2023-03-17 00:00:00,断路器,天津滨海220kV变电站,0.556,0.643,15.66,0.708,0.821,15.84,,,,,,,9942.333,9953.333,0.11,,,,,,,0.489,0.493,0.75
EQ-0078,2023-03-17 00:00:00,隔离开关,南沙110kV变电站,0.595,0.634,6.64,0.773,0.819,5.98,,,,,,,,,,,,,,,,,,
EQ-0249,2023-03-17 00:00:00,避雷器,通州35kV变电站,0.484,0.524,8.25,0.599,0.642,7.15,,,,,,,,,,,,,,,,,,
EQ-0255,2023-03-17 00:00:00,电力变压器,天津滨海220kV变电站,0.543,0.598,10.0,0.689,0.768,11.56,46.367,61.167,31.92,64.1,77.967,21.63,11360.0,8238.667,-27.48,0.004,0.003,-25.63,10.633,10.6,-0.31,,,
EQ-0165,2023-04-11 00:00:00,隔离开关,苏州工业园220kV变电站,0.55,0.687,25.02,0.679,0.85,25.15,,,,,,,,,,,,,,,,,,
EQ-0304,2023-03-17 00:00:00,隔离开关,武昌110kV变电站,0.52,0.567,9.01,0.641,0.72,12.4,,,,,,,,,,,,,,,,,,
EQ-0244,2023-03-18 00:00:00,隔离开关,通州35kV变电站,0.557,0.587,5.33,0.649,0.74,14.06,,,,,,,,,,,,,,,,,,
EQ-0190,2023-03-27 00:00:00,隔离开关,杭州滨江110kV变电站,0.501,0.527,5.19,0.652,0.683,4.82,,,,,,,,,,,,,,,,,,
EQ-0209,2023-04-13 00:00:00,隔离开关,昆山35kV变电站,0.482,0.616,27.86,0.587,0.763,30.04,,,,,,,,,,,,,,,,,,
EQ-0328,2023-03-18 00:00:00,电力变压器,长沙星沙110kV变电站,0.577,0.617,6.83,0.77,0.739,-3.95,47.733,63.133,32.26,64.2,80.9,26.01,10027.333,9992.667,-0.35,0.005,0.004,-24.78,4.633,4.433,-4.32,,,
EQ-0340,2023-03-18 00:00:00,电容器组,长沙星沙110kV变电站,0.572,0.597,4.48,0.717,0.776,8.22,,,,,,,,,,0.004,0.004,3.06,,,,,,
EQ-0074,2023-03-23 00:00:00,断路器,南沙110kV变电站,0.581,0.613,5.47,0.718,0.767,6.82,,,,,,,11461.667,9217.667,-19.58,,,,,,,0.481,0.472,-1.87
EQ-0075,2023-03-18 00:00:00,断路器,南沙110kV变电站,0.472,0.554,17.48,0.57,0.673,17.98,,,,,,,11363.667,8516.667,-25.05,,,,,,,0.5,0.491,-1.67
EQ-0329,2023-03-27 00:00:00,电力变压器,长沙星沙110kV变电站,0.49,0.503,2.53,0.617,0.637,3.2,45.633,61.667,35.14,61.567,77.5,25.88,8826.0,10297.333,16.67,0.004,0.004,-18.69,8.333,6.067,-27.2,,,
EQ-0113,2023-03-18 00:00:00,断路器,张江110kV变电站,0.547,0.597,9.18,0.658,0.759,15.33,,,,,,,9326.667,8567.333,-8.14,,,,,,,0.449,0.495,10.25
EQ-0243,2023-03-18 00:00:00,断路器,通州35kV变电站,0.438,0.502,14.45,0.549,0.633,15.45,,,,,,,10021.333,8363.333,-16.54,,,,,,,0.465,0.487,4.73
EQ-0018,2023-03-18 00:00:00,隔离开关,龙华220kV变电站,0.433,0.471,8.91,0.537,0.618,15.09,,,,,,,,,,,,,,,,,,
EQ-0392,2023-03-18 00:00:00,GIS组合电器,重庆两江220kV变电站,0.461,0.482,4.71,0.582,0.616,5.84,41.933,61.067,45.63,57.433,77.033,34.13,8312.333,8478.667,2.0,,,,9.0,9.633,7.04,0.479,0.465,-2.92
EQ-0055,2023-03-18 00:00:00,隔离开关,松山湖220kV变电站,0.501,0.532,6.23,0.633,0.638,0.75,,,,,,,,,,,,,,,,,,
EQ-0071,2023-03-18 00:00:00,断路器,南沙110kV变电站,0.452,0.456,0.77,0.579,0.566,-2.14,,,,,,,11658.667,10715.333,-8.09,,,,,,,0.452,0.507,12.25
EQ-0040,2023-04-04 00:00:00,电力变压器,松山湖220kV变电站,0.565,0.74,30.9,0.726,0.885,21.87,56.3,79.333,40.91,73.033,99.567,36.33,9290.333,8340.0,-10.23,0.003,0.004,29.3,11.967,9.8,-18.11,,,
EQ-0107,2023-03-18 00:00:00,电力变压器,张江110kV变电站,0.41,0.445,8.51,0.504,0.542,7.43,44.567,60.7,36.2,59.7,75.5,26.47,10434.667,8757.667,-16.07,0.004,0.004,-18.44,8.833,11.3,27.92,,,
EQ-0221,2023-03-19 00:00:00,断路器,亦庄110kV变电站,0.562,0.639,13.76,0.687,0.795,15.73,,,,,,,8063.0,8534.667,5.85,,,,,,,0.506,0.494,-2.37
EQ-0400,2023-03-19 00:00:00,隔离开关,成都高新35kV变电站,0.51,0.572,12.11,0.632,0.682,7.89,,,,,,,,,,,,,,,,,,
EQ-0421,2023-03-19 00:00:00,电容器组,沈阳浑南110kV变电站,0.471,0.491,4.4,0.611,0.632,3.39,,,,,,,,,,0.005,0.005,5.48,,,,,,
EQ-0279,2023-03-19 00:00:00,GIS组合电器,天津滨海220kV变电站,0.541,0.537,-0.75,0.653,0.661,1.33,45.033,56.267,24.94,59.733,72.333,21.09,11294.333,7694.667,-31.87,,,,14.467,8.0,-44.7,0.503,0.454,-9.8
EQ-0211,2023-03-19 00:00:00,电容器组,昆山35kV变电站,0.446,0.481,7.86,0.545,0.593,8.85,,,,,,,,,,0.005,0.005,19.12,,,,,,
EQ-0317,2023-03-19 00:00:00,断路器,江夏35kV变电站,0.41,0.455,10.91,0.516,0.553,7.01,,,,,,,9028.0,6002.0,-33.52,,,,,,,0.484,0.494,2.0
EQ-0146,2023-03-20 00:00:00,避雷器,临港110kV变电站,0.424,0.485,14.3,0.567,0.6,5.85,,,,,,,,,,,,,,,,,,
EQ-0130,2023-03-20 00:00:00,电力变压器,临港110kV变电站,0.472,0.475,0.76,0.571,0.609,6.53,44.4,66.833,50.53,59.933,83.567,39.43,9912.333,9030.0,-8.9,0.005,0.005,0.63,10.533,9.4,-10.76,,,
EQ-0344,2023-03-20 00:00:00,避雷器,长沙星沙110kV变电站,0.574,0.61,6.19,0.671,0.798,18.9,,,,,,,,,,,,,,,,,,
EQ-0388,2023-03-20 00:00:00,避雷器,重庆两江220kV变电站,0.533,0.587,10.2,0.654,0.753,15.06,,,,,,,,,,,,,,,,,,
EQ-0273,2023-04-06 00:00:00,避雷器,天津滨海220kV变电站,0.54,0.762,41.13,0.672,0.973,44.66,,,,,,,,,,,,,,,,,,
EQ-0378,2023-03-20 00:00:00,隔离开关,重庆两江220kV变电站,0.459,0.483,5.19,0.561,0.587,4.6,,,,,,,,,,,,,,,,,,
EQ-0142,2023-03-20 00:00:00,电容器组,临港110kV变电站,0.515,0.56,8.65,0.684,0.694,1.46,,,,,,,,,,0.004,0.003,-12.33,,,,,,
EQ-0045,2023-03-28 00:00:00,断路器,松山湖220kV变电站,0.525,0.571,8.74,0.669,0.711,6.34,,,,,,,9953.333,9368.0,-5.88,,,,,,,0.523,0.496,-5.16
EQ-0076,2023-04-05 00:00:00,隔离开关,南沙110kV变电站,0.416,0.595,43.14,0.516,0.711,37.76,,,,,,,,,,,,,,,,,,
EQ-0272,2023-03-21 00:00:00,电容器组,天津滨海220kV变电站,0.534,0.548,2.48,0.664,0.691,4.19,,,,,,,,,,0.004,0.004,-5.24,,,,,,
EQ-0347,2023-03-21 00:00:00,电力变压器,武侯110kV变电站,0.437,0.485,10.95,0.559,0.584,4.47,42.567,57.767,35.71,58.733,72.3,23.1,9557.333,8104.667,-15.2,0.004,0.004,4.42,9.333,7.5,-19.64,,,
EQ-0429,2023-03-25 00:00:00,断路器,大连开发区35kV变电站,0.544,0.577,6.07,0.684,0.725,6.03,,,,,,,10078.667,7258.667,-27.98,,,,,,,0.469,0.478,1.78
EQ-0215,2023-03-21 00:00:00,电力变压器,亦庄110kV变电站,0.497,0.512,2.91,0.631,0.656,3.92,43.1,56.633,31.4,58.233,71.033,21.98,7404.333,8165.0,10.27,0.004,0.006,25.53,10.867,10.667,-1.84,,,
EQ-0046,2023-03-21 00:00:00,断路器,松山湖220kV变电站,0.584,0.603,3.35,0.694,0.751,8.18,,,,,,,10979.333,10080.667,-8.19,,,,,,,0.488,0.506,3.62
EQ-0224,2023-03-21 00:00:00,隔离开关,亦庄110kV变电站,0.491,0.535,9.11,0.591,0.69,16.77,,,,,,,,,,,,,,,,,,
EQ-0140,2023-03-21 00:00:00,隔离开关,临港110kV变电站,0.466,0.507,8.74,0.56,0.617,10.26,,,,,,,,,,,,,,,,,,
EQ-0257,2023-03-21 00:00:00,断路器,天津滨海220kV变电站,0.484,0.532,9.91,0.585,0.62,5.98,,,,,,,8984.667,9386.0,4.47,,,,,,,0.488,0.458,-6.21
EQ-0199,2023-03-21 00:00:00,避雷器,杭州滨江110kV变电站,0.608,0.63,3.62,0.781,0.762,-2.43,,,,,,,,,,,,,,,,,,
EQ-0321,2023-03-21 00:00:00,隔离开关,江夏35kV变电站,0.484,0.506,4.58,0.617,0.634,2.75,,,,,,,,,,,,,,,,,,
EQ-0217,2023-03-21 00:00:00,电力变压器,亦庄110kV变电站,0.558,0.601,7.69,0.681,0.775,13.75,44.633,65.9,47.65,60.4,83.733,38.63,8734.0,8980.0,2.82,0.005,0.006,20.61,11.9,10.467,-12.04,,,
EQ-0357,2023-04-10 00:00:00,隔离开关,武侯110kV变电站,0.518,0.666,28.58,0.635,0.843,32.85,,,,,,,,,,,,,,,,,,
EQ-0090,2023-03-21 00:00:00,断路器,前海110kV变电站,0.549,0.574,4.42,0.679,0.688,1.34,,,,,,,9880.333,8342.0,-15.57,,,,,,,0.48,0.506,5.41
EQ-0028,2023-03-21 00:00:00,避雷器,龙华220kV变电站,0.563,0.608,7.85,0.698,0.739,5.81,,,,,,,,,,,,,,,,,,
EQ-0339,2023-03-21 00:00:00,电容器组,长沙星沙110kV变电站,0.521,0.56,7.42,0.64,0.674,5.33,,,,,,,,,,0.005,0.005,-0.49,,,,,,
EQ-0435,2023-03-21 00:00:00,电容器组,大连开发区35kV变电站,0.474,0.502,6.1,0.585,0.637,8.87,,,,,,,,,,0.005,0.005,0.45,,,,,,
EQ-0056,2023-03-21 00:00:00,隔离开关,松山湖220kV变电站,0.461,0.502,8.84,0.573,0.653,13.89,,,,,,,,,,,,,,,,,,
EQ-0300,2023-03-21 00:00:00,断路器,武昌110kV变电站,0.592,0.572,-3.39,0.756,0.725,-4.15,,,,,,,10024.667,9871.333,-1.53,,,,,,,0.493,0.516,4.53
EQ-0044,2023-03-21 00:00:00,断路器,松山湖220kV变电站,0.499,0.513,2.76,0.624,0.66,5.67,,,,,,,9135.333,8933.0,-2.21,,,,,,,0.51,0.467,-8.43
EQ-0135,2023-03-21 00:00:00,断路器,临港110kV变电站,0.51,0.554,8.66,0.634,0.681,7.44,,,,,,,8663.667,8834.333,1.97,,,,,,,0.511,0.5,-2.15
EQ-0236,2023-03-21 00:00:00,GIS组合电器,亦庄110kV变电站,0.581,0.599,3.14,0.726,0.779,7.3,44.133,57.833,31.04,59.933,75.7,26.31,8844.667,7312.0,-17.33,,,,11.233,9.067,-19.29,0.512,0.514,0.46
EQ-0176,2023-03-21 00:00:00,避雷器,苏州工业园220kV变电站,0.556,0.618,11.22,0.73,0.739,1.33,,,,,,,,,,,,,,,,,,
EQ-0025,2023-03-21 00:00:00,电容器组,龙华220kV变电站,0.542,0.622,14.66,0.682,0.792,16.26,,,,,,,,,,0.005,0.005,-2.51,,,,,,
EQ-0424,2023-03-21 16:22:00,避雷器,沈阳浑南110kV变电站,0.463,0.5,7.82,0.568,0.639,12.43,,,,,,,,,,,,,,,,,,
EQ-0267,2023-03-22 00:00:00,隔离开关,天津滨海220kV变电站,0.47,0.521,10.78,0.605,0.638,5.36,,,,,,,,,,,,,,,,,,
EQ-0102,2023-03-22 00:00:00,避雷器,前海110kV变电站,0.553,0.596,7.79,0.717,0.748,4.23,,,,,,,,,,,,,,,,,,
EQ-0153,2023-03-22 00:00:00,断路器,苏州工业园220kV变电站,0.438,0.466,6.51,0.568,0.564,-0.69,,,,,,,8976.667,8213.667,-8.5,,,,,,,0.487,0.482,-1.09
EQ-0108,2023-03-22 00:00:00,电力变压器,张江110kV变电站,0.561,0.659,17.41,0.687,0.797,15.93,46.9,67.633,44.21,63.233,84.567,33.74,8251.0,9577.333,16.07,0.003,0.005,52.78,9.033,8.7,-3.69,,,
EQ-0332,2023-03-22 00:00:00,断路器,长沙星沙110kV变电站,0.413,0.444,7.56,0.51,0.557,9.1,,,,,,,10988.0,8736.333,-20.49,,,,,,,0.483,0.506,4.83
EQ-0180,2023-03-22 00:00:00,GIS组合电器,苏州工业园220kV变电站,0.408,0.445,9.1,0.528,0.556,5.33,44.3,59.2,33.63,60.6,74.267,22.55,9296.667,9268.0,-0.31,,,,13.433,13.1,-2.48,0.479,0.47,-1.74
EQ-0405,2023-03-22 00:00:00,避雷器,成都高新35kV变电站,0.481,0.483,0.26,0.585,0.583,-0.25,,,,,,,,,,,,,,,,,,
EQ-0093,2023-03-22 00:00:00,断路器,前海110kV变电站,0.524,0.554,5.72,0.635,0.683,7.62,,,,,,,11494.333,9787.0,-14.85,,,,,,,0.529,0.501,-5.42
EQ-0395,2023-04-12 00:00:00,电力变压器,成都高新35kV变电站,0.431,0.592,37.4,0.525,0.764,45.38,46.433,68.233,46.95,61.167,85.533,39.84,8796.0,10508.0,19.46,0.004,0.004,-16.24,11.7,7.8,-33.33,,,
EQ-0305,2023-03-25 00:00:00,隔离开关,武昌110kV变电站,0.46,0.497,8.17,0.589,0.592,0.47,,,,,,,,,,,,,,,,,,
EQ-0374,2023-03-22 00:00:00,断路器,重庆两江220kV变电站,0.565,0.581,2.9,0.714,0.688,-3.64,,,,,,,9075.667,8199.667,-9.65,,,,,,,0.475,0.464,-2.39
EQ-0068,2023-03-22 00:00:00,电力变压器,南沙110kV变电站,0.421,0.441,4.55,0.524,0.548,4.64,44.633,64.533,44.59,58.467,76.767,31.3,7940.667,8939.667,12.58,0.003,0.004,52.0,7.567,7.867,3.96,,,
EQ-0271,2023-03-22 00:00:00,电容器组,天津滨海220kV变电站,0.497,0.528,6.17,0.647,0.681,5.32,,,,,,,,,,0.005,0.005,-5.21,,,,,,
EQ-0387,2023-03-22 00:00:00,避雷器,重庆两江220kV变电站,0.493,0.504,2.36,0.639,0.621,-2.71,,,,,,,,,,,,,,,,,,
EQ-0235,2023-03-22 00:00:00,避雷器,亦庄110kV变电站,0.456,0.495,8.55,0.594,0.629,5.81,,,,,,,,,,,,,,,,,,
EQ-0026,2023-03-22 00:00:00,电容器组,龙华220kV变电站,0.632,0.648,2.6,0.765,0.811,6.01,,,,,,,,,,0.005,0.004,-24.77,,,,,,
EQ-0149,2023-03-22 00:00:00,电力变压器,苏州工业园220kV变电站,0.445,0.488,9.71,0.538,0.606,12.74,41.7,57.633,38.21,57.2,73.867,29.14,7311.667,7089.333,-3.04,0.006,0.005,-5.74,16.5,10.067,-38.99,,,
EQ-0360,2023-03-22 00:00:00,避雷器,武侯110kV变电站,0.606,0.581,-3.99,0.763,0.703,-7.84,,,,,,,,,,,,,,,,,,
EQ-0088,2023-03-22 00:00:00,电力变压器,前海110kV变电站,0.456,0.499,9.42,0.547,0.655,19.61,47.367,64.5,36.17,61.8,79.6,28.8,12668.667,10968.0,-13.42,0.005,0.003,-29.09,11.733,12.567,7.1,,,
EQ-0160,2023-03-28 00:00:00,断路器,苏州工业园220kV变电站,0.422,0.456,8.05,0.53,0.585,10.33,,,,,,,7832.333,7770.333,-0.79,,,,,,,0.524,0.454,-13.3
EQ-0380,2023-04-07 00:00:00,隔离开关,重庆两江220kV变电站,0.468,0.628,34.3,0.582,0.776,33.38,,,,,,,,,,,,,,,,,,
EQ-0120,2023-03-23 00:00:00,隔离开关,张江110kV变电站,0.458,0.497,8.33,0.563,0.623,10.52,,,,,,,,,,,,,,,,,,
EQ-0002,2023-03-23 00:00:00,电力变压器,龙华220kV变电站,0.484,0.509,5.2,0.596,0.633,6.28,49.933,65.733,31.64,66.967,81.1,21.11,9478.333,8163.667,-13.87,0.005,0.006,31.23,10.4,9.467,-8.97,,,
EQ-0315,2023-03-23 00:00:00,电力变压器,江夏35kV变电站,0.585,0.667,14.04,0.695,0.851,22.56,45.767,66.067,44.36,61.733,83.167,34.72,8518.0,8262.333,-3.0,0.005,0.005,-2.53,9.967,9.833,-1.34,,,
EQ-0086,2023-03-23 00:00:00,GIS组合电器,南沙110kV变电站,0.539,0.589,9.25,0.699,0.734,5.09,52.033,70.133,34.79,70.667,88.567,25.33,8669.333,10283.333,18.62,,,,9.467,8.067,-14.79,0.471,0.512,8.63
EQ-0122,2023-03-23 00:00:00,电容器组,张江110kV变电站,0.492,0.553,12.43,0.637,0.703,10.43,,,,,,,,,,0.005,0.003,-35.72,,,,,,
EQ-0168,2023-04-17 00:00:00,隔离开关,苏州工业园220kV变电站,0.542,0.727,34.09,0.682,0.901,32.04,,,,,,,,,,,,,,,,,,
EQ-0274,2023-03-23 00:00:00,避雷器,天津滨海220kV变电站,0.617,0.651,5.41,0.788,0.814,3.28,,,,,,,,,,,,,,,,,,
EQ-0034,2023-03-23 00:00:00,避雷器,龙华220kV变电站,0.522,0.572,9.52,0.683,0.719,5.23,,,,,,,,,,,,,,,,,,
EQ-0296,2023-03-23 00:00:00,电力变压器,武昌110kV变电站,0.527,0.578,9.73,0.686,0.734,7.09,43.9,65.4,48.97,58.967,82.033,39.12,11426.667,7757.667,-32.11,0.005,0.005,-1.65,9.1,8.167,-10.26,,,
EQ-0110,2023-03-23 00:00:00,断路器,张江110kV变电站,0.465,0.506,8.65,0.606,0.616,1.74,,,,,,,8845.333,8786.667,-0.66,,,,,,,0.472,0.478,1.27
EQ-0109,2023-03-24 00:00:00,电力变压器,张江110kV变电站,0.538,0.624,16.12,0.651,0.786,20.74,48.867,61.6,26.06,64.667,76.867,18.87,8941.333,8664.0,-3.1,0.003,0.004,23.21,7.467,9.467,26.79,,,
EQ-0094,2023-03-24 00:00:00,断路器,前海110kV变电站,0.484,0.506,4.6,0.628,0.613,-2.3,,,,,,,9390.667,7199.667,-23.33,,,,,,,0.504,0.509,1.06
EQ-0158,2023-03-24 00:00:00,断路器,苏州工业园220kV变电站,0.485,0.504,4.03,0.594,0.667,12.21,,,,,,,8993.333,9098.667,1.17,,,,,,,0.485,0.503,3.78
EQ-0017,2023-03-24 00:00:00,隔离开关,龙华220kV变电站,0.599,0.658,9.77,0.734,0.834,13.57,,,,,,,,,,,,,,,,,,
EQ-0262,2023-03-24 00:00:00,断路器,天津滨海220kV变电站,0.499,0.535,7.23,0.641,0.677,5.65,,,,,,,11011.0,8319.667,-24.44,,,,,,,0.501,0.466,-6.92
EQ-0434,2023-03-24 00:00:00,隔离开关,大连开发区35kV变电站,0.458,0.489,6.72,0.564,0.598,6.08,,,,,,,,,,,,,,,,,,
EQ-0291,2023-03-24 00:00:00,电容器组,石家庄高新35kV变电站,0.566,0.616,8.82,0.701,0.763,8.79,,,,,,,,,,0.004,0.004,17.36,,,,,,
EQ-0053,2023-03-24 00:00:00,隔离开关,松山湖220kV变电站,0.444,0.49,10.41,0.542,0.606,11.91,,,,,,,,,,,,,,,,,,
EQ-0318,2023-03-24 00:00:00,断路器,江夏35kV变电站,0.45,0.512,13.62,0.567,0.634,11.81,,,,,,,7590.333,9025.0,18.9,,,,,,,0.463,0.475,2.59
EQ-0437,2023-03-24 00:00:00,避雷器,大连开发区35kV变电站,0.461,0.498,8.08,0.593,0.643,8.42,,,,,,,,,,,,,,,,,,
EQ-0188,2023-04-06 00:00:00,断路器,杭州滨江110kV变电站,0.553,0.763,38.05,0.659,0.927,40.79,,,,,,,7005.667,9322.0,33.06,,,,,,,0.503,0.463,-8.02
EQ-0022,2023-03-24 00:00:00,隔离开关,龙华220kV变电站,0.528,0.548,3.86,0.682,0.715,4.77,,,,,,,,,,,,,,,,,,
EQ-0433,2023-04-04 00:00:00,隔离开关,大连开发区35kV变电站,0.375,0.525,40.05,0.469,0.64,36.38,,,,,,,,,,,,,,,,,,
EQ-0089,2023-03-24 00:00:00,电力变压器,前海110kV变电站,0.566,0.633,11.84,0.676,0.818,21.12,50.433,67.8,34.43,66.333,86.067,29.75,9652.333,9853.0,2.08,0.004,0.002,-44.34,6.633,9.433,42.21,,,
EQ-0247,2023-03-24 00:00:00,电容器组,通州35kV变电站,0.552,0.582,5.34,0.704,0.724,2.79,,,,,,,,,,0.006,0.004,-30.95,,,,,,
EQ-0020,2023-03-24 00:00:00,隔离开关,龙华220kV变电站,0.457,0.516,12.84,0.573,0.637,11.06,,,,,,,,,,,,,,,,,,
EQ-0081,2023-03-25 00:00:00,电容器组,南沙110kV变电站,0.571,0.572,0.16,0.716,0.694,-3.18,,,,,,,,,,0.004,0.004,16.33,,,,,,
EQ-0417,2023-03-25 00:00:00,隔离开关,沈阳浑南110kV变电站,0.438,0.493,12.74,0.578,0.611,5.79,,,,,,,,,,,,,,,,,,
EQ-0173,2023-04-16 00:00:00,避雷器,苏州工业园220kV变电站,0.444,0.598,34.52,0.539,0.727,34.89,,,,,,,,,,,,,,,,,,
EQ-0404,2023-03-25 00:00:00,电容器组,成都高新35kV变电站,0.596,0.616,3.4,0.741,0.747,0.84,,,,,,,,,,0.004,0.004,2.12,,,,,,
EQ-0281,2023-03-25 00:00:00,GIS组合电器,天津滨海220kV变电站,0.567,0.623,9.82,0.711,0.786,10.46,44.667,63.833,42.91,61.433,81.333,32.39,8651.667,7590.667,-12.26,,,,12.167,15.2,24.93,0.477,0.5,4.9
EQ-0246,2023-04-12 00:00:00,隔离开关,通州35kV变电站,0.525,0.676,28.61,0.662,0.84,26.86,,,,,,,,,,,,,,,,,,
EQ-0057,2023-04-15 00:00:00,电容器组,松山湖220kV变电站,0.57,0.746,30.96,0.733,0.871,18.89,,,,,,,,,,0.006,0.004,-26.01,,,,,,
EQ-0256,2023-03-30 00:00:00,断路器,天津滨海220kV变电站,0.424,0.478,12.64,0.523,0.568,8.57,,,,,,,8545.667,8196.333,-4.09,,,,,,,0.497,0.516,3.89
EQ-0322,2023-03-25 00:00:00,电容器组,江夏35kV变电站,0.451,0.477,5.71,0.567,0.58,2.38,,,,,,,,,,0.004,0.004,12.64,,,,,,
EQ-0162,2023-03-25 00:00:00,隔离开关,苏州工业园220kV变电站,0.578,0.601,4.02,0.721,0.742,2.84,,,,,,,,,,,,,,,,,,
EQ-0208,2023-03-25 00:00:00,隔离开关,昆山35kV变电站,0.495,0.519,4.85,0.596,0.643,7.92,,,,,,,,,,,,,,,,,,
EQ-0320,2023-04-24 00:00:00,隔离开关,江夏35kV变电站,0.388,0.561,44.63,0.493,0.685,38.96,,,,,,,,,,,,,,,,,,
EQ-0106,2023-03-25 00:00:00,GIS组合电器,前海110kV变电站,0.508,0.559,10.03,0.646,0.708,9.61,50.367,71.0,40.97,64.8,87.7,35.34,9653.667,10746.667,11.32,,,,11.267,5.2,-53.85,0.478,0.498,4.18
EQ-0432,2023-03-25 00:00:00,隔离开关,大连开发区35kV变电站,0.389,0.445,14.27,0.491,0.541,10.2,,,,,,,,,,,,,,,,,,
EQ-0379,2023-03-25 00:00:00,隔离开关,重庆两江220kV变电站,0.483,0.503,4.26,0.611,0.628,2.76,,,,,,,,,,,,,,,,,,
EQ-0204,2023-03-25 00:00:00,断路器,昆山35kV变电站,0.425,0.506,18.9,0.51,0.661,29.54,,,,,,,9464.667,7064.333,-25.36,,,,,,,0.493,0.521,5.61
EQ-0177,2023-03-25 00:00:00,避雷器,苏州工业园220kV变电站,0.521,0.555,6.58,0.671,0.702,4.69,,,,,,,,,,,,,,,,,,
EQ-0302,2023-03-26 00:00:00,断路器,武昌110kV变电站,0.48,0.529,10.16,0.616,0.674,9.4,,,,,,,9004.667,7660.0,-14.93,,,,,,,0.496,0.475,-4.37
EQ-0439,2023-04-17 00:00:00,避雷器,大连开发区35kV变电站,0.448,0.592,32.06,0.584,0.725,24.11,,,,,,,,,,,,,,,,,,
EQ-0172,2023-03-26 00:00:00,避雷器,苏州工业园220kV变电站,0.529,0.545,3.11,0.661,0.691,4.53,,,,,,,,,,,,,,,,,,
EQ-0047,2023-04-07 00:00:00,断路器,松山湖220kV变电站,0.501,0.645,28.79,0.623,0.802,28.74,,,,,,,8233.667,7645.667,-7.14,,,,,,,0.494,0.488,-1.21
EQ-0101,2023-03-26 00:00:00,避雷器,前海110kV变电站,0.43,0.499,15.93,0.524,0.625,19.38,,,,,,,,,,,,,,,,,,
EQ-0426,2023-03-26 00:00:00,GIS组合电器,沈阳浑南110kV变电站,0.512,0.599,17.15,0.625,0.77,23.18,39.233,58.4,48.85,54.4,75.833,39.4,7911.667,9135.0,15.46,,,,5.9,11.367,92.66,0.48,0.48,-0.14
EQ-0115,2023-03-26 00:00:00,断路器,张江110kV变电站,0.486,0.532,9.49,0.593,0.673,13.45,,,,,,,8328.0,6995.333,-16.0,,,,,,,0.483,0.465,-3.73
EQ-0170,2023-03-22 00:00:00,电容器组,苏州工业园220kV变电站,0.434,0.505,16.14,0.549,0.648,18.16,,,,,,,,,,0.005,0.005,1.25,,,,,,
EQ-0423,2023-03-26 00:00:00,避雷器,沈阳浑南110kV变电站,0.488,0.516,5.75,0.603,0.641,6.31,,,,,,,,,,,,,,,,,,
EQ-0355,2023-03-26 00:00:00,隔离开关,武侯110kV变电站,0.496,0.531,6.92,0.619,0.671,8.25,,,,,,,,,,,,,,,,,,
EQ-0353,2023-03-26 00:00:00,断路器,武侯110kV变电站,0.547,0.585,6.92,0.697,0.744,6.77,,,,,,,10711.0,11775.0,9.93,,,,,,,0.502,0.504,0.33
EQ-0376,2023-03-26 00:00:00,断路器,重庆两江220kV变电站,0.446,0.457,2.51,0.565,0.568,0.62,,,,,,,10119.0,8605.333,-14.96,,,,,,,0.504,0.48,-4.76
EQ-0350,2023-03-26 00:00:00,断路器,武侯110kV变电站,0.51,0.556,9.12,0.662,0.696,5.15,,,,,,,9715.0,9719.0,0.04,,,,,,,0.471,0.514,9.13
EQ-0407,2023-03-26 00:00:00,避雷器,成都高新35kV变电站,0.468,0.467,-0.24,0.583,0.608,4.14,,,,,,,,,,,,,,,,,,
EQ-0185,2023-03-26 00:00:00,断路器,杭州滨江110kV变电站,0.549,0.609,10.79,0.675,0.759,12.41,,,,,,,9827.333,9452.333,-3.82,,,,,,,0.455,0.517,13.64
EQ-0021,2023-03-26 00:00:00,隔离开关,龙华220kV变电站,0.583,0.624,7.01,0.772,0.765,-0.82,,,,,,,,,,,,,,,,,,
EQ-0252,2023-03-26 00:00:00,电力变压器,天津滨海220kV变电站,0.458,0.476,3.91,0.585,0.613,4.86,40.0,56.133,40.33,55.6,72.233,29.92,10938.0,7211.333,-34.07,0.005,0.006,18.24,11.567,13.2,14.12,,,
EQ-0398,2023-03-26 00:00:00,断路器,成都高新35kV变电站,0.538,0.569,5.67,0.634,0.743,17.14,,,,,,,8790.667,10978.333,24.89,,,,,,,0.453,0.482,6.41
EQ-0016,2023-03-26 00:00:00,隔离开关,龙华220kV变电站,0.564,0.659,16.77,0.712,0.803,12.68,,,,,,,,,,,,,,,,,,
EQ-0213,2023-03-27 00:00:00,避雷器,昆山35kV变电站,0.463,0.509,9.78,0.583,0.63,7.99,,,,,,,,,,,,,,,,,,
EQ-0408,2023-04-18 00:00:00,电力变压器,沈阳浑南110kV变电站,0.541,0.731,34.96,0.676,0.912,34.81,40.567,68.8,69.6,57.433,86.1,49.91,8463.0,8699.333,2.79,0.004,0.004,10.1,7.9,12.0,51.9,,,
EQ-0065,2023-03-27 00:00:00,GIS组合电器,松山湖220kV变电站,0.468,0.549,17.39,0.573,0.704,22.79,48.433,67.6,39.57,63.167,83.567,32.3,9554.0,8995.667,-5.84,,,,12.933,7.767,-39.95,0.479,0.506,5.71
EQ-0128,2023-03-27 00:00:00,GIS组合电器,张江110kV变电站,0.527,0.565,7.2,0.679,0.684,0.68,46.2,65.667,42.14,64.267,82.633,28.58,9612.333,8066.0,-16.09,,,,10.233,9.3,-9.12,0.489,0.476,-2.59
EQ-0334,2023-03-25 00:00:00,断路器,长沙星沙110kV变电站,0.47,0.499,6.25,0.59,0.652,10.56,,,,,,,9830.0,11018.0,12.09,,,,,,,0.485,0.509,4.88
EQ-0198,2023-03-27 00:00:00,避雷器,杭州滨江110kV变电站,0.571,0.605,5.96,0.726,0.733,0.94,,,,,,,,,,,,,,,,,,
EQ-0067,2023-03-27 00:00:00,GIS组合电器,松山湖220kV变电站,0.548,0.603,10.06,0.682,0.716,4.95,50.6,67.333,33.07,66.0,83.467,26.46,9256.0,8209.667,-11.3,,,,12.567,7.633,-39.26,0.48,0.496,3.47
EQ-0136,2023-03-27 00:00:00,断路器,临港110kV变电站,0.474,0.504,6.28,0.595,0.642,7.94,,,,,,,10792.667,9322.333,-13.62,,,,,,,0.496,0.481,-2.96
EQ-0184,2023-03-27 00:00:00,电力变压器,杭州滨江110kV变电站,0.594,0.584,-1.66,0.743,0.735,-1.13,45.2,68.967,52.58,61.3,86.533,41.16,11129.333,9509.667,-14.55,0.004,0.003,-19.65,4.7,11.133,136.88,,,
EQ-0023,2023-03-27 00:00:00,隔离开关,龙华220kV变电站,0.534,0.599,12.08,0.64,0.721,12.67,,,,,,,,,,,,,,,,,,
EQ-0218,2023-03-27 00:00:00,断路器,亦庄110kV变电站,0.549,0.594,8.17,0.709,0.749,5.65,,,,,,,9100.333,11202.333,23.1,,,,,,,0.501,0.502,0.27
EQ-0383,2023-03-27 00:00:00,电容器组,重庆两江220kV变电站,0.447,0.48,7.37,0.566,0.607,7.22,,,,,,,,,,0.005,0.004,-11.3,,,,,,
EQ-0402,2023-03-27 00:00:00,隔离开关,成都高新35kV变电站,0.555,0.571,2.95,0.703,0.682,-3.06,,,,,,,,,,,,,,,,,,
EQ-0418,2023-03-27 00:00:00,隔离开关,沈阳浑南110kV变电站,0.594,0.61,2.74,0.791,0.793,0.32,,,,,,,,,,,,,,,,,,
EQ-0041,2023-03-27 00:00:00,电力变压器,松山湖220kV变电站,0.453,0.508,12.08,0.532,0.65,22.26,47.2,68.033,44.14,63.167,85.167,34.83,9081.333,8704.667,-4.15,0.004,0.003,-23.96,6.633,6.467,-2.51,,,
EQ-0145,2023-03-27 00:00:00,避雷器,临港110kV变电站,0.459,0.478,4.11,0.541,0.611,13.0,,,,,,,,,,,,,,,,,,
EQ-0083,2023-03-28 00:00:00,避雷器,南沙110kV变电站,0.599,0.65,8.65,0.746,0.823,10.36,,,,,,,,,,,,,,,,,,
EQ-0052,2023-04-13 00:00:00,隔离开关,松山湖220kV变电站,0.496,0.67,35.1,0.633,0.88,38.97,,,,,,,,,,,,,,,,,,
EQ-0369,2023-03-28 00:00:00,断路器,重庆两江220kV变电站,0.542,0.549,1.42,0.671,0.644,-3.94,,,,,,,9423.667,7952.667,-15.61,,,,,,,0.504,0.483,-4.23
EQ-0163,2023-03-28 00:00:00,隔离开关,苏州工业园220kV变电站,0.436,0.477,9.49,0.519,0.566,8.92,,,,,,,,,,,,,,,,,,
EQ-0091,2023-04-26 00:00:00,断路器,前海110kV变电站,0.562,0.723,28.64,0.715,0.943,31.87,,,,,,,9477.333,11149.667,17.65,,,,,,,0.528,0.495,-6.31
EQ-0039,2023-03-28 00:00:00,电力变压器,松山湖220kV变电站,0.562,0.604,7.38,0.693,0.719,3.81,52.4,71.233,35.94,69.833,87.333,25.06,10996.0,9090.333,-17.33,0.004,0.004,20.63,6.733,8.5,26.24,,,
EQ-0298,2023-04-23 00:00:00,断路器,武昌110kV变电站,0.488,0.688,41.09,0.608,0.825,35.64,,,,,,,9062.667,7749.333,-14.49,,,,,,,0.507,0.462,-8.75
EQ-0141,2023-04-03 00:00:00,电容器组,临港110kV变电站,0.489,0.612,25.26,0.591,0.771,30.53,,,,,,,,,,0.003,0.003,-6.01,,,,,,
EQ-0431,2023-04-10 00:00:00,断路器,大连开发区35kV变电站,0.539,0.762,41.46,0.666,0.938,40.75,,,,,,,6579.333,7527.667,14.41,,,,,,,0.47,0.452,-3.69
EQ-0382,2023-03-29 00:00:00,隔离开关,重庆两江220kV变电站,0.55,0.623,13.24,0.694,0.754,8.6,,,,,,,,,,,,,,,,,,
EQ-0229,2023-03-24 00:00:00,电容器组,亦庄110kV变电站,0.565,0.62,9.68,0.732,0.752,2.78,,,,,,,,,,0.004,0.003,-10.81,,,,,,
EQ-0372,2023-04-16 00:00:00,断路器,重庆两江220kV变电站,0.451,0.607,34.65,0.555,0.763,37.4,,,,,,,9777.333,7800.667,-20.22,,,,,,,0.49,0.477,-2.59
EQ-0258,2023-04-10 00:00:00,断路器,天津滨海220kV变电站,0.472,0.597,26.5,0.567,0.726,27.94,,,,,,,8566.667,10577.0,23.47,,,,,,,0.478,0.46,-3.84
EQ-0331,2023-03-29 00:00:00,断路器,长沙星沙110kV变电站,0.455,0.5,9.88,0.583,0.649,11.35,,,,,,,9448.0,8908.667,-5.71,,,,,,,0.52,0.479,-7.88
EQ-0148,2023-04-16 00:00:00,电力变压器,苏州工业园220kV变电站,0.485,0.662,36.65,0.613,0.809,32.03,50.833,70.833,39.34,65.0,90.367,39.03,8091.667,8206.667,1.42,0.005,0.005,9.56,6.367,11.4,79.06,,,
EQ-0150,2023-03-29 00:00:00,电力变压器,苏州工业园220kV变电站,0.491,0.505,2.8,0.608,0.646,6.33,47.1,60.0,27.39,61.6,76.233,23.76,10530.333,8663.0,-17.73,0.004,0.005,5.21,8.3,6.767,-18.47,,,
EQ-0310,2023-03-24 00:00:00,避雷器,武昌110kV变电站,0.413,0.491,18.77,0.496,0.595,19.94,,,,,,,,,,,,,,,,,,
EQ-0240,2023-03-29 00:00:00,断路器,通州35kV变电站,0.513,0.554,7.9,0.644,0.711,10.34,,,,,,,10729.333,8063.333,-24.85,,,,,,,0.462,0.484,4.83
EQ-0362,2023-03-29 00:00:00,避雷器,武侯110kV变电站,0.563,0.602,6.98,0.692,0.762,10.04,,,,,,,,,,,,,,,,,,
EQ-0077,2023-03-29 00:00:00,隔离开关,南沙110kV变电站,0.525,0.589,12.15,0.667,0.693,3.93,,,,,,,,,,,,,,,,,,
EQ-0059,2023-03-29 00:00:00,避雷器,松山湖220kV变电站,0.478,0.522,9.17,0.578,0.629,8.72,,,,,,,,,,,,,,,,,,
EQ-0230,2023-03-29 00:00:00,电容器组,亦庄110kV变电站,0.582,0.616,5.76,0.718,0.766,6.59,,,,,,,,,,0.006,0.005,-14.07,,,,,,
EQ-0072,2023-04-22 00:00:00,断路器,南沙110kV变电站,0.498,0.656,31.88,0.622,0.818,31.59,,,,,,,9612.0,10132.333,5.41,,,,,,,0.478,0.455,-4.88
EQ-0248,2023-03-30 00:00:00,电容器组,通州35kV变电站,0.456,0.481,5.38,0.556,0.612,9.91,,,,,,,,,,0.005,0.005,-4.18,,,,,,
EQ-0129,2023-03-30 00:00:00,电力变压器,临港110kV变电站,0.436,0.442,1.43,0.564,0.545,-3.37,45.567,60.6,32.99,60.033,72.5,20.77,11430.667,11255.0,-1.54,0.004,0.004,-11.43,7.6,6.233,-17.98,,,
EQ-0384,2023-03-30 00:00:00,电容器组,重庆两江220kV变电站,0.5,0.534,6.76,0.617,0.677,9.8,,,,,,,,,,0.004,0.004,-4.02,,,,,,
EQ-0095,2023-03-30 00:00:00,隔离开关,前海110kV变电站,0.551,0.581,5.54,0.692,0.691,-0.1,,,,,,,,,,,,,,,,,,
EQ-0013,2023-04-13 00:00:00,断路器,龙华220kV变电站,0.534,0.737,37.93,0.653,0.885,35.43,,,,,,,8064.667,7442.0,-7.72,,,,,,,0.481,0.471,-2.01
EQ-0231,2023-03-30 00:00:00,避雷器,亦庄110kV变电站,0.492,0.509,3.53,0.638,0.633,-0.77,,,,,,,,,,,,,,,,,,
EQ-0348,2023-03-30 00:00:00,电力变压器,武侯110kV变电站,0.444,0.497,11.95,0.578,0.661,14.49,44.467,62.933,41.53,60.5,78.933,30.47,9060.333,9907.333,9.35,0.004,0.005,19.71,10.567,6.267,-40.69,,,
EQ-0051,2023-03-30 00:00:00,隔离开关,松山湖220kV变电站,0.59,0.624,5.66,0.724,0.759,4.79,,,,,,,,,,,,,,,,,,
EQ-0330,2023-04-04 00:00:00,断路器,长沙星沙110kV变电站,0.531,0.751,41.47,0.658,0.949,44.21,,,,,,,9991.333,9615.333,-3.76,,,,,,,0.46,0.491,6.81
EQ-0195,2023-04-26 00:00:00,电容器组,杭州滨江110kV变电站,0.531,0.692,30.32,0.652,0.849,30.31,,,,,,,,,,0.006,0.005,-11.39,,,,,,
EQ-0228,2023-03-30 00:00:00,隔离开关,亦庄110kV变电站,0.554,0.61,10.16,0.718,0.782,8.96,,,,,,,,,,,,,,,,,,
EQ-0352,2023-03-30 00:00:00,断路器,武侯110kV变电站,0.525,0.562,7.15,0.657,0.664,1.1,,,,,,,9325.0,10836.667,16.21,,,,,,,0.461,0.483,4.7
EQ-0289,2023-04-22 00:00:00,隔离开关,石家庄高新35kV变电站,0.496,0.656,32.25,0.633,0.831,31.36,,,,,,,,,,,,,,,,,,
EQ-0361,2023-03-31 00:00:00,避雷器,武侯110kV变电站,0.598,0.627,4.86,0.714,0.798,11.7,,,,,,,,,,,,,,,,,,
EQ-0292,2023-03-31 00:00:00,避雷器,石家庄高新35kV变电站,0.47,0.523,11.19,0.595,0.653,9.83,,,,,,,,,,,,,,,,,,
EQ-0103,2023-03-31 00:00:00,避雷器,前海110kV变电站,0.569,0.596,4.64,0.735,0.752,2.35,,,,,,,,,,,,,,,,,,
EQ-0242,2023-03-31 00:00:00,断路器,通州35kV变电站,0.625,0.647,3.46,0.775,0.784,1.22,,,,,,,9619.667,9941.0,3.34,,,,,,,0.493,0.493,-0.14
EQ-0287,2023-03-31 00:00:00,隔离开关,石家庄高新35kV变电站,0.488,0.491,0.78,0.62,0.61,-1.59,,,,,,,,,,,,,,,,,,
EQ-0401,2023-03-31 00:00:00,隔离开关,成都高新35kV变电站,0.52,0.575,10.49,0.65,0.721,10.89,,,,,,,,,,,,,,,,,,
EQ-0309,2023-03-31 00:00:00,避雷器,武昌110kV变电站,0.518,0.558,7.75,0.634,0.686,8.09,,,,,,,,,,,,,,,,,,
EQ-0283,2023-03-31 00:00:00,电力变压器,石家庄高新35kV变电站,0.595,0.6,0.82,0.742,0.742,0.06,45.433,59.533,31.03,62.8,77.433,23.3,9729.333,7513.667,-22.77,0.005,0.004,-4.03,4.633,14.6,215.11,,,
EQ-0050,2023-03-31 00:00:00,断路器,松山湖220kV变电站,0.484,0.534,10.39,0.62,0.683,10.28,,,,,,,11371.0,9385.0,-17.47,,,,,,,0.52,0.487,-6.35
EQ-0385,2023-04-27 00:00:00,电容器组,重庆两江220kV变电站,0.429,0.586,36.44,0.522,0.724,38.7,,,,,,,,,,0.004,0.004,4.41,,,,,,
EQ-0234,2023-03-31 00:00:00,避雷器,亦庄110kV变电站,0.434,0.444,2.41,0.549,0.54,-1.68,,,,,,,,,,,,,,,,,,
EQ-0295,2023-03-31 00:00:00,电力变压器,武昌110kV变电站,0.574,0.596,3.82,0.723,0.747,3.25,48.2,65.067,34.99,66.433,82.4,24.03,9514.0,10192.667,7.13,0.004,0.005,22.62,9.467,8.7,-8.1,,,
EQ-0125,2023-03-31 00:00:00,避雷器,张江110kV变电站,0.468,0.498,6.4,0.582,0.616,5.88,,,,,,,,,,,,,,,,,,
EQ-0427,2023-03-31 00:00:00,电力变压器,大连开发区35kV变电站,0.507,0.544,7.29,0.641,0.716,11.72,41.567,55.1,32.56,57.067,70.367,23.31,7094.333,8079.333,13.88,0.005,0.005,11.0,16.667,13.267,-20.4,,,
EQ-0225,2023-03-31 00:00:00,隔离开关,亦庄110kV变电站,0.498,0.513,3.18,0.639,0.674,5.44,,,,,,,,,,,,,,,,,,
EQ-0082,2023-03-31 00:00:00,避雷器,南沙110kV变电站,0.596,0.619,3.81,0.753,0.783,3.94,,,,,,,,,,,,,,,,,,
EQ-0213,2023-04-01 00:00:00,避雷器,昆山35kV变电站,0.463,0.58,25.11,0.583,0.7,20.13,,,,,,,,,,,,,,,,,,
EQ-0275,2023-04-15 00:00:00,避雷器,天津滨海220kV变电站,0.55,0.727,32.14,0.676,0.894,32.2,,,,,,,,,,,,,,,,,,
EQ-0066,2023-04-09 00:00:00,GIS组合电器,松山湖220kV变电站,0.399,0.547,37.3,0.507,0.676,33.43,53.767,72.967,35.71,68.267,90.733,32.91,10733.333,8331.333,-22.38,,,,9.4,12.867,36.88,0.488,0.476,-2.46
EQ-0295,2023-04-13 00:00:00,电力变压器,武昌110kV变电站,0.532,0.698,31.04,0.676,0.872,28.89,49.667,71.9,44.77,66.933,91.3,36.4,8787.0,10213.667,16.24,0.005,0.004,-10.7,9.467,8.2,-13.38,,,
EQ-0278,2023-04-01 00:00:00,避雷器,天津滨海220kV变电站,0.452,0.559,23.75,0.586,0.696,18.91,,,,,,,,,,,,,,,,,,
EQ-0165,2023-04-01 00:00:00,隔离开关,苏州工业园220kV变电站,0.583,0.687,17.83,0.737,0.85,15.32,,,,,,,,,,,,,,,,,,
EQ-0338,2023-04-01 00:00:00,隔离开关,长沙星沙110kV变电站,0.464,0.58,25.2,0.57,0.72,26.24,,,,,,,,,,,,,,,,,,
EQ-0114,2023-04-01 00:00:00,断路器,张江110kV变电站,0.624,0.733,17.53,0.787,0.895,13.69,,,,,,,10133.667,8426.333,-16.85,,,,,,,0.499,0.478,-4.21
EQ-0401,2023-04-01 00:00:00,隔离开关,成都高新35kV变电站,0.52,0.668,28.33,0.65,0.837,28.72,,,,,,,,,,,,,,,,,,
EQ-0345,2023-04-01 00:00:00,GIS组合电器,长沙星沙110kV变电站,0.538,0.709,31.74,0.677,0.884,30.47,43.2,71.2,64.81,60.467,88.867,46.97,7940.667,8293.333,4.44,,,,4.9,10.733,119.05,0.528,0.463,-12.43
EQ-0376,2023-04-05 00:00:00,断路器,重庆两江220kV变电站,0.419,0.549,31.01,0.54,0.664,22.8,,,,,,,8972.667,9744.667,8.6,,,,,,,0.5,0.479,-4.2
EQ-0144,2023-04-01 00:00:00,避雷器,临港110kV变电站,0.531,0.63,18.67,0.661,0.78,17.97,,,,,,,,,,,,,,,,,,
EQ-0140,2023-04-01 00:00:00,隔离开关,临港110kV变电站,0.466,0.603,29.46,0.56,0.744,33.03,,,,,,,,,,,,,,,,,,
EQ-0391,2023-04-25 00:00:00,避雷器,重庆两江220kV变电站,0.437,0.547,25.19,0.512,0.683,33.52,,,,,,,,,,,,,,,,,,
EQ-0416,2023-04-24 00:00:00,隔离开关,沈阳浑南110kV变电站,0.57,0.772,35.29,0.72,0.95,31.94,,,,,,,,,,,,,,,,,,
EQ-0400,2023-04-10 00:00:00,隔离开关,成都高新35kV变电站,0.505,0.658,30.18,0.606,0.786,29.76,,,,,,,,,,,,,,,,,,
EQ-0382,2023-04-01 00:00:00,隔离开关,重庆两江220kV变电站,0.55,0.692,25.76,0.694,0.833,19.99,,,,,,,,,,,,,,,,,,
EQ-0392,2023-04-13 00:00:00,GIS组合电器,重庆两江220kV变电站,0.427,0.562,31.55,0.537,0.706,31.4,46.233,69.233,49.75,62.7,86.633,38.17,8031.333,8411.0,4.73,,,,7.533,9.867,30.97,0.454,0.493,8.52
EQ-0387,2023-04-08 00:00:00,避雷器,重庆两江220kV变电站,0.455,0.582,27.97,0.575,0.736,27.91,,,,,,,,,,,,,,,,,,
EQ-0042,2023-04-01 00:00:00,电力变压器,松山湖220kV变电站,0.568,0.702,23.54,0.729,0.903,23.96,52.133,76.867,47.44,67.833,95.833,41.28,8242.667,9420.0,14.28,0.005,0.004,-23.78,6.633,10.567,59.3,,,
EQ-0026,2023-04-02 00:00:00,电容器组,龙华220kV变电站,0.581,0.767,31.86,0.709,0.938,32.43,,,,,,,,,,0.005,0.004,-17.08,,,,,,
EQ-0380,2023-04-23 00:00:00,隔离开关,重庆两江220kV变电站,0.468,0.628,34.3,0.582,0.776,33.38,,,,,,,,,,,,,,,,,,
EQ-0355,2023-04-02 00:00:00,隔离开关,武侯110kV变电站,0.477,0.592,24.07,0.604,0.737,22.09,,,,,,,,,,,,,,,,,,
EQ-0138,2023-04-02 00:00:00,隔离开关,临港110kV变电站,0.457,0.605,32.32,0.582,0.754,29.49,,,,,,,,,,,,,,,,,,
EQ-0280,2023-03-30 00:00:00,GIS组合电器,天津滨海220kV变电站,0.43,0.46,7.02,0.554,0.574,3.59,37.933,59.0,55.54,52.033,74.267,42.73,7529.333,8326.333,10.59,,,,11.133,8.9,-20.06,0.483,0.485,0.48
EQ-0329,2023-04-02 00:00:00,电力变压器,长沙星沙110kV变电站,0.461,0.582,26.35,0.591,0.75,26.82,49.467,67.933,37.33,64.333,84.0,30.57,10559.333,9074.667,-14.06,0.004,0.003,-17.69,7.8,6.967,-10.68,,,
EQ-0362,2023-04-02 00:00:00,避雷器,武侯110kV变电站,0.525,0.67,27.56,0.666,0.832,25.03,,,,,,,,,,,,,,,,,,
EQ-0418,2023-04-02 00:00:00,隔离开关,沈阳浑南110kV变电站,0.535,0.732,36.8,0.71,0.929,30.77,,,,,,,,,,,,,,,,,,
EQ-0354,2023-04-11 00:00:00,隔离开关,武侯110kV变电站,0.422,0.552,30.85,0.533,0.708,32.88,,,,,,,,,,,,,,,,,,
EQ-0105,2023-04-02 00:00:00,GIS组合电器,前海110kV变电站,0.476,0.677,42.39,0.584,0.85,45.57,55.033,80.067,45.49,71.033,95.133,33.93,11619.667,8209.0,-29.35,,,,7.3,5.467,-25.11,0.505,0.515,2.11
EQ-0274,2023-04-02 00:00:00,避雷器,天津滨海220kV变电站,0.563,0.738,31.25,0.69,0.911,32.1,,,,,,,,,,,,,,,,,,
EQ-0134,2023-04-02 00:00:00,断路器,临港110kV变电站,0.454,0.566,24.54,0.552,0.694,25.72,,,,,,,7851.0,9232.0,17.59,,,,,,,0.496,0.498,0.47
EQ-0231,2023-04-30 00:00:00,避雷器,亦庄110kV变电站,0.455,0.626,37.52,0.571,0.784,37.32,,,,,,,,,,,,,,,,,,
EQ-0311,2023-04-03 00:00:00,避雷器,武昌110kV变电站,0.582,0.788,35.28,0.73,0.995,36.27,,,,,,,,,,,,,,,,,,
EQ-0011,2023-04-01 00:00:00,断路器,龙华220kV变电站,0.427,0.556,30.27,0.526,0.679,29.11,,,,,,,7490.667,10037.0,33.99,,,,,,,0.514,0.495,-3.7
EQ-0058,2023-04-03 00:00:00,电容器组,松山湖220kV变电站,0.548,0.736,34.16,0.695,0.95,36.74,,,,,,,,,,0.005,0.005,-2.44,,,,,,
EQ-0080,2023-04-03 00:00:00,电容器组,南沙110kV变电站,0.516,0.723,39.97,0.631,0.93,47.47,,,,,,,,,,0.004,0.005,6.4,,,,,,
EQ-0019,2023-04-01 00:00:00,隔离开关,龙华220kV变电站,0.57,0.789,38.58,0.687,0.997,45.07,,,,,,,,,,,,,,,,,,
EQ-0256,2023-03-28 00:00:00,断路器,天津滨海220kV变电站,0.424,0.478,12.64,0.523,0.568,8.57,,,,,,,8545.667,8196.333,-4.09,,,,,,,0.497,0.516,3.89
EQ-0031,2023-04-03 00:00:00,避雷器,龙华220kV变电站,0.522,0.686,31.5,0.628,0.888,41.33,,,,,,,,,,,,,,,,,,
EQ-0334,2023-04-08 00:00:00,断路器,长沙星沙110kV变电站,0.445,0.595,33.83,0.555,0.767,38.26,,,,,,,10205.0,10770.333,5.54,,,,,,,0.492,0.515,4.75
EQ-0023,2023-04-03 00:00:00,隔离开关,龙华220kV变电站,0.495,0.731,47.63,0.591,0.87,47.1,,,,,,,,,,,,,,,,,,
EQ-0385,2023-04-03 00:00:00,电容器组,重庆两江220kV变电站,0.429,0.586,36.44,0.522,0.724,38.7,,,,,,,,,,0.004,0.004,4.41,,,,,,
EQ-0054,2023-04-03 00:00:00,隔离开关,松山湖220kV变电站,0.496,0.65,30.87,0.623,0.822,32.01,,,,,,,,,,,,,,,,,,
EQ-0196,2023-04-03 00:00:00,避雷器,杭州滨江110kV变电站,0.478,0.597,24.97,0.609,0.757,24.3,,,,,,,,,,,,,,,,,,
EQ-0439,2023-04-03 00:00:00,避雷器,大连开发区35kV变电站,0.448,0.592,32.06,0.584,0.725,24.11,,,,,,,,,,,,,,,,,,
EQ-0150,2023-04-24 00:00:00,电力变压器,苏州工业园220kV变电站,0.443,0.62,39.86,0.548,0.773,41.11,48.733,68.033,39.6,63.033,85.333,35.38,9365.333,9373.667,0.09,0.004,0.005,23.48,5.533,7.767,40.36,,,
EQ-0072,2023-04-03 00:00:00,断路器,南沙110kV变电站,0.498,0.656,31.88,0.622,0.818,31.59,,,,,,,9612.0,10132.333,5.41,,,,,,,0.478,0.455,-4.88
EQ-0433,2023-04-14 00:00:00,隔离开关,大连开发区35kV变电站,0.375,0.525,40.05,0.469,0.64,36.38,,,,,,,,,,,,,,,,,,
EQ-0120,2023-04-03 00:00:00,隔离开关,张江110kV变电站,0.433,0.569,31.45,0.552,0.704,27.42,,,,,,,,,,,,,,,,,,
EQ-0237,2023-03-27 00:00:00,GIS组合电器,亦庄110kV变电站,0.545,0.577,5.89,0.699,0.731,4.58,43.133,60.967,41.34,57.767,77.233,33.7,7988.667,7713.0,-3.45,,,,13.467,11.233,-16.58,0.504,0.472,-6.22
EQ-0412,2023-04-27 00:00:00,断路器,沈阳浑南110kV变电站,0.511,0.656,28.2,0.632,0.801,26.67,,,,,,,8509.333,8702.333,2.27,,,,,,,0.495,0.488,-1.41
EQ-0305,2023-04-03 00:00:00,隔离开关,武昌110kV变电站,0.441,0.596,35.35,0.559,0.7,25.2,,,,,,,,,,,,,,,,,,
EQ-0238,2023-05-01 00:00:00,电力变压器,通州35kV变电站,0.453,0.725,60.02,0.59,0.927,56.98,45.067,74.633,65.61,60.067,94.967,58.1,6158.0,8275.333,34.38,0.005,0.004,-9.6,10.5,10.333,-1.59,,,
EQ-0348,2023-04-04 00:00:00,电力变压器,武侯110kV变电站,0.422,0.598,41.83,0.564,0.784,39.03,46.767,72.7,55.45,62.233,89.833,44.35,10092.667,8534.0,-15.44,0.004,0.004,-12.97,11.067,9.867,-10.84,,,
EQ-0360,2023-04-04 00:00:00,避雷器,武侯110kV变电站,0.55,0.688,25.02,0.695,0.845,21.73,,,,,,,,,,,,,,,,,,
EQ-0227,2023-04-04 00:00:00,隔离开关,亦庄110kV变电站,0.558,0.74,32.56,0.667,0.928,38.98,,,,,,,,,,,,,,,,,,
EQ-0425,2023-04-04 00:00:00,避雷器,沈阳浑南110kV变电站,0.531,0.708,33.14,0.698,0.888,27.15,,,,,,,,,,,,,,,,,,
EQ-0094,2023-04-24 00:00:00,断路器,前海110kV变电站,0.451,0.589,30.76,0.59,0.691,17.24,,,,,,,7880.333,7953.0,0.92,,,,,,,0.494,0.493,-0.27
EQ-0129,2023-04-04 00:00:00,电力变压器,临港110kV变电站,0.401,0.532,32.8,0.492,0.682,38.61,49.9,68.367,37.01,63.7,82.7,29.83,11781.667,11396.0,-3.27,0.004,0.004,11.61,6.833,6.233,-8.78,,,
EQ-0190,2023-04-04 00:00:00,隔离开关,杭州滨江110kV变电站,0.475,0.611,28.79,0.62,0.79,27.42,,,,,,,,,,,,,,,,,,
EQ-0126,2023-04-04 00:00:00,避雷器,张江110kV变电站,0.497,0.681,37.16,0.635,0.812,27.76,,,,,,,,,,,,,,,,,,
EQ-0089,2023-04-04 00:00:00,电力变压器,前海110kV变电站,0.531,0.753,41.93,0.644,0.958,48.69,51.333,75.8,47.66,66.533,95.733,43.89,10646.0,10224.333,-3.96,0.004,0.003,-19.09,7.367,8.2,11.31,,,
EQ-0173,2023-04-04 00:00:00,避雷器,苏州工业园220kV变电站,0.444,0.598,34.52,0.539,0.727,34.89,,,,,,,,,,,,,,,,,,
EQ-0052,2023-04-04 00:00:00,隔离开关,松山湖220kV变电站,0.496,0.67,35.1,0.633,0.88,38.97,,,,,,,,,,,,,,,,,,
EQ-0128,2023-04-14 00:00:00,GIS组合电器,张江110kV变电站,0.483,0.678,40.42,0.592,0.842,42.24,50.467,73.5,45.64,68.167,92.5,35.7,9603.0,8929.667,-7.01,,,,7.467,9.133,22.32,0.5,0.479,-4.13
EQ-0051,2023-04-04 00:00:00,隔离开关,松山湖220kV变电站,0.569,0.723,27.11,0.7,0.905,29.35,,,,,,,,,,,,,,,,,,
EQ-0025,2023-04-04 00:00:00,电容器组,龙华220kV变电站,0.544,0.701,29.04,0.679,0.882,30.0,,,,,,,,,,0.005,0.005,-2.79,,,,,,
EQ-0146,2023-04-22 00:00:00,避雷器,临港110kV变电站,0.416,0.553,32.78,0.534,0.702,31.5,,,,,,,,,,,,,,,,,,
EQ-0010,2023-04-04 00:00:00,断路器,龙华220kV变电站,0.47,0.621,32.02,0.602,0.765,26.97,,,,,,,7128.333,9213.667,29.25,,,,,,,0.483,0.487,0.97
EQ-0312,2023-04-04 00:00:00,避雷器,武昌110kV变电站,0.526,0.708,34.58,0.649,0.907,39.69,,,,,,,,,,,,,,,,,,
EQ-0198,2023-04-04 00:00:00,避雷器,杭州滨江110kV变电站,0.537,0.712,32.54,0.695,0.844,21.38,,,,,,,,,,,,,,,,,,
EQ-0188,2023-04-05 00:00:00,断路器,杭州滨江110kV变电站,0.553,0.763,38.05,0.659,0.927,40.79,,,,,,,7005.667,9322.0,33.06,,,,,,,0.503,0.463,-8.02
EQ-0001,2023-04-01 00:00:00,电力变压器,龙华220kV变电站,0.488,0.619,26.79,0.587,0.759,29.36,50.733,73.633,45.14,65.8,90.733,37.89,10482.0,7655.667,-26.96,0.004,0.004,-2.83,8.533,9.167,7.42,,,
EQ-0121,2023-04-05 00:00:00,电容器组,张江110kV变电站,0.552,0.736,33.17,0.705,0.896,27.1,,,,,,,,,,0.006,0.004,-35.63,,,,,,
EQ-0085,2023-04-23 00:00:00,避雷器,南沙110kV变电站,0.472,0.682,44.49,0.591,0.893,51.08,,,,,,,,,,,,,,,,,,
EQ-0336,2023-04-10 00:00:00,隔离开关,长沙星沙110kV变电站,0.537,0.772,43.7,0.696,0.942,35.48,,,,,,,,,,,,,,,,,,
EQ-0271,2023-04-05 00:00:00,电容器组,天津滨海220kV变电站,0.472,0.618,31.09,0.618,0.782,26.51,,,,,,,,,,0.005,0.005,9.91,,,,,,
EQ-0315,2023-04-05 00:00:00,电力变压器,江夏35kV变电站,0.561,0.755,34.7,0.7,0.948,35.39,51.433,73.9,43.68,67.833,92.8,36.81,8572.333,8431.333,-1.64,0.005,0.005,4.9,11.833,5.533,-53.24,,,
EQ-0017,2023-04-05 00:00:00,隔离开关,龙华220kV变电站,0.577,0.748,29.64,0.721,0.921,27.66,,,,,,,,,,,,,,,,,,
EQ-0064,2023-04-09 00:00:00,避雷器,松山湖220kV变电站,0.572,0.774,35.43,0.694,0.99,42.52,,,,,,,,,,,,,,,,,,
EQ-0156,2023-04-05 00:00:00,断路器,苏州工业园220kV变电站,0.403,0.522,29.5,0.517,0.634,22.67,,,,,,,7343.333,7662.0,4.34,,,,,,,0.495,0.482,-2.49
EQ-0247,2023-04-05 00:00:00,电容器组,通州35kV变电站,0.493,0.699,41.73,0.611,0.892,45.89,,,,,,,,,,0.005,0.004,-13.17,,,,,,
EQ-0143,2023-04-06 00:00:00,避雷器,临港110kV变电站,0.536,0.746,39.09,0.644,0.905,40.56,,,,,,,,,,,,,,,,,,
EQ-0071,2023-04-06 00:00:00,断路器,南沙110kV变电站,0.415,0.527,26.95,0.52,0.666,28.1,,,,,,,11148.333,11048.667,-0.89,,,,,,,0.449,0.522,16.27
EQ-0273,2023-04-06 00:00:00,避雷器,天津滨海220kV变电站,0.54,0.762,41.13,0.672,0.973,44.66,,,,,,,,,,,,,,,,,,
EQ-0319,2023-04-06 00:00:00,隔离开关,江夏35kV变电站,0.421,0.596,41.55,0.508,0.719,41.58,,,,,,,,,,,,,,,,,,
EQ-0092,2023-04-06 00:00:00,断路器,前海110kV变电站,0.472,0.594,25.83,0.602,0.737,22.32,,,,,,,9514.333,8768.0,-7.84,,,,,,,0.466,0.507,8.72
EQ-0388,2023-04-06 00:00:00,避雷器,重庆两江220kV变电站,0.506,0.714,40.97,0.645,0.897,39.2,,,,,,,,,,,,,,,,,,
EQ-0074,2023-04-06 00:00:00,断路器,南沙110kV变电站,0.534,0.761,42.58,0.638,0.927,45.25,,,,,,,11893.333,9223.667,-22.45,,,,,,,0.482,0.476,-1.31
EQ-0104,2023-04-06 00:00:00,避雷器,前海110kV变电站,0.422,0.575,36.3,0.489,0.714,46.19,,,,,,,,,,,,,,,,,,
EQ-0335,2023-03-31 00:00:00,隔离开关,长沙星沙110kV变电站,0.584,0.645,10.35,0.753,0.819,8.74,,,,,,,,,,,,,,,,,,
EQ-0041,2023-04-06 00:00:00,电力变压器,松山湖220kV变电站,0.449,0.572,27.46,0.543,0.737,35.81,55.133,70.967,28.72,70.733,88.7,25.4,9190.667,7630.333,-16.98,0.004,0.004,2.17,7.033,6.7,-4.74,,,
EQ-0124,2023-04-06 00:00:00,避雷器,张江110kV变电站,0.525,0.741,41.11,0.648,0.883,36.24,,,,,,,,,,,,,,,,,,
EQ-0211,2023-04-06 00:00:00,电容器组,昆山35kV变电站,0.418,0.565,35.11,0.512,0.675,31.96,,,,,,,,,,0.004,0.007,54.05,,,,,,
EQ-0332,2023-04-06 00:00:00,断路器,长沙星沙110kV变电站,0.407,0.539,32.39,0.506,0.661,30.65,,,,,,,11404.0,7929.0,-30.47,,,,,,,0.485,0.508,4.74
EQ-0410,2023-04-06 00:00:00,电力变压器,沈阳浑南110kV变电站,0.453,0.583,28.74,0.556,0.736,32.42,43.6,62.433,43.2,59.0,78.567,33.16,7493.667,6771.667,-9.63,0.004,0.005,17.35,12.1,10.833,-10.47,,,
EQ-0438,2023-04-06 00:00:00,避雷器,大连开发区35kV变电站,0.484,0.633,30.88,0.584,0.788,34.82,,,,,,,,,,,,,,,,,,
EQ-0193,2023-04-07 00:00:00,隔离开关,杭州滨江110kV变电站,0.425,0.591,39.03,0.529,0.766,44.75,,,,,,,,,,,,,,,,,,
EQ-0236,2023-04-07 00:00:00,GIS组合电器,亦庄110kV变电站,0.538,0.712,32.24,0.675,0.892,32.11,44.6,69.967,56.88,60.033,89.733,49.47,8142.333,7531.667,-7.5,,,,8.433,10.467,24.11,0.508,0.52,2.36
EQ-0151,2023-04-07 00:00:00,电力变压器,苏州工业园220kV变电站,0.416,0.57,37.1,0.526,0.709,34.92,45.767,71.033,55.21,59.633,86.667,45.33,8153.0,6812.667,-16.44,0.006,0.004,-35.35,14.067,7.733,-45.02,,,
EQ-0423,2023-04-07 00:00:00,避雷器,沈阳浑南110kV变电站,0.463,0.604,30.46,0.559,0.749,33.87,,,,,,,,,,,,,,,,,,
EQ-0075,2023-04-21 00:00:00,断路器,南沙110kV变电站,0.441,0.65,47.53,0.52,0.813,56.31,,,,,,,10327.667,9073.0,-12.15,,,,,,,0.491,0.493,0.54
EQ-0206,2023-04-07 00:00:00,断路器,昆山35kV变电站,0.549,0.735,33.83,0.674,0.899,33.37,,,,,,,7338.0,8539.0,16.37,,,,,,,0.498,0.459,-7.83
EQ-0182,2023-04-07 00:00:00,电力变压器,杭州滨江110kV变电站,0.476,0.674,41.53,0.58,0.836,44.19,48.967,72.333,47.72,63.0,92.3,46.51,10616.667,8333.0,-21.51,0.005,0.003,-34.95,8.767,9.9,12.93,,,
EQ-0381,2023-04-07 00:00:00,隔离开关,重庆两江220kV变电站,0.547,0.74,35.48,0.656,0.934,42.44,,,,,,,,,,,,,,,,,,
EQ-0099,2023-04-07 00:00:00,电容器组,前海110kV变电站,0.506,0.687,35.69,0.619,0.848,37.17,,,,,,,,,,0.005,0.003,-41.1,,,,,,
EQ-0386,2023-04-06 00:00:00,避雷器,重庆两江220kV变电站,0.46,0.612,33.12,0.577,0.747,29.47,,,,,,,,,,,,,,,,,,
EQ-0258,2023-04-07 00:00:00,断路器,天津滨海220kV变电站,0.472,0.597,26.5,0.567,0.726,27.94,,,,,,,8566.667,10577.0,23.47,,,,,,,0.478,0.46,-3.84
EQ-0020,2023-04-07 00:00:00,隔离开关,龙华220kV变电站,0.426,0.601,40.9,0.539,0.731,35.71,,,,,,,,,,,,,,,,,,
EQ-0241,2023-04-08 00:00:00,断路器,通州35kV变电站,0.452,0.58,28.11,0.575,0.728,26.47,,,,,,,9026.667,8055.0,-10.76,,,,,,,0.466,0.48,3.0
EQ-0013,2023-04-16 00:00:00,断路器,龙华220kV变电站,0.534,0.737,37.93,0.653,0.885,35.43,,,,,,,8064.667,7442.0,-7.72,,,,,,,0.481,0.471,-2.01
EQ-0396,2023-04-08 00:00:00,电力变压器,成都高新35kV变电站,0.438,0.593,35.36,0.524,0.753,43.67,45.767,73.367,60.31,60.267,89.267,48.12,11011.333,9043.667,-17.87,0.004,0.004,4.91,6.967,7.0,0.48,,,
EQ-0419,2023-04-08 00:00:00,隔离开关,沈阳浑南110kV变电站,0.484,0.687,41.8,0.624,0.863,38.31,,,,,,,,,,,,,,,,,,
EQ-0406,2023-04-08 00:00:00,避雷器,成都高新35kV变电站,0.416,0.54,29.56,0.52,0.676,29.99,,,,,,,,,,,,,,,,,,
EQ-0301,2023-04-08 00:00:00,断路器,武昌110kV变电站,0.406,0.544,33.92,0.511,0.683,33.54,,,,,,,7818.333,8059.667,3.09,,,,,,,0.507,0.479,-5.58
EQ-0260,2023-04-08 00:00:00,断路器,天津滨海220kV变电站,0.568,0.718,26.42,0.708,0.907,28.16,,,,,,,10340.333,7302.333,-29.38,,,,,,,0.509,0.477,-6.22
EQ-0268,2023-04-30 00:00:00,隔离开关,天津滨海220kV变电站,0.541,0.73,34.99,0.677,0.903,33.34,,,,,,,,,,,,,,,,,,
EQ-0395,2023-04-08 00:00:00,电力变压器,成都高新35kV变电站,0.431,0.592,37.4,0.525,0.764,45.38,46.433,68.233,46.95,61.167,85.533,39.84,8796.0,10508.0,19.46,0.004,0.004,-16.24,11.7,7.8,-33.33,,,
EQ-0346,2023-04-08 00:00:00,电力变压器,武侯110kV变电站,0.46,0.644,40.18,0.584,0.824,41.08,48.667,71.433,46.78,64.367,90.567,40.7,10746.667,8198.0,-23.72,0.005,0.005,11.42,8.133,9.533,17.21,,,
EQ-0049,2023-04-08 00:00:00,断路器,松山湖220kV变电站,0.459,0.615,34.13,0.591,0.769,30.07,,,,,,,8324.0,10414.667,25.12,,,,,,,0.506,0.479,-5.33
EQ-0037,2023-04-20 00:00:00,GIS组合电器,龙华220kV变电站,0.488,0.665,36.31,0.631,0.806,27.67,53.333,78.967,48.06,70.067,96.4,37.58,8459.667,8589.667,1.54,,,,12.633,11.567,-8.44,0.472,0.496,5.08
EQ-0299,2023-04-08 00:00:00,断路器,武昌110kV变电站,0.524,0.741,41.41,0.627,0.945,50.82,,,,,,,9777.0,9140.667,-6.51,,,,,,,0.492,0.509,3.32
EQ-0352,2023-04-09 00:00:00,断路器,武侯110kV变电站,0.522,0.673,28.95,0.637,0.816,28.22,,,,,,,9654.667,10394.667,7.66,,,,,,,0.487,0.469,-3.7
EQ-0248,2023-04-12 00:00:00,电容器组,通州35kV变电站,0.425,0.552,29.83,0.507,0.689,35.83,,,,,,,,,,0.005,0.005,8.66,,,,,,
EQ-0322,2023-04-09 00:00:00,电容器组,江夏35kV变电站,0.417,0.559,34.11,0.507,0.691,36.36,,,,,,,,,,0.004,0.004,-12.1,,,,,,
EQ-0251,2023-04-09 00:00:00,避雷器,通州35kV变电站,0.488,0.631,29.33,0.618,0.802,29.75,,,,,,,,,,,,,,,,,,
EQ-0163,2023-04-22 00:00:00,隔离开关,苏州工业园220kV变电站,0.413,0.551,33.53,0.494,0.669,35.42,,,,,,,,,,,,,,,,,,
EQ-0351,2023-04-09 00:00:00,断路器,武侯110kV变电站,0.444,0.609,37.13,0.565,0.756,33.73,,,,,,,11335.333,9860.667,-13.01,,,,,,,0.485,0.491,1.24
EQ-0432,2023-04-20 00:00:00,隔离开关,大连开发区35kV变电站,0.378,0.538,42.55,0.466,0.645,38.36,,,,,,,,,,,,,,,,,,
EQ-0047,2023-04-09 00:00:00,断路器,松山湖220kV变电站,0.501,0.645,28.79,0.623,0.802,28.74,,,,,,,8233.667,7645.667,-7.14,,,,,,,0.494,0.488,-1.21
EQ-0076,2023-04-09 00:00:00,隔离开关,南沙110kV变电站,0.416,0.595,43.14,0.516,0.711,37.76,,,,,,,,,,,,,,,,,,
EQ-0333,2023-04-09 00:00:00,断路器,长沙星沙110kV变电站,0.514,0.712,38.63,0.628,0.88,39.96,,,,,,,9625.0,7107.0,-26.16,,,,,,,0.505,0.486,-3.83
EQ-0327,2023-04-09 00:00:00,电力变压器,长沙星沙110kV变电站,0.432,0.59,36.44,0.553,0.71,28.33,44.933,69.867,55.49,58.4,85.833,46.97,10232.333,8941.0,-12.62,0.005,0.003,-26.24,3.933,6.833,73.73,,,
EQ-0357,2023-04-09 00:00:00,隔离开关,武侯110kV变电站,0.518,0.666,28.58,0.635,0.843,32.85,,,,,,,,,,,,,,,,,,
EQ-0065,2023-04-09 00:00:00,GIS组合电器,松山湖220kV变电站,0.463,0.616,32.96,0.569,0.811,42.4,52.3,74.833,43.08,67.9,92.967,36.92,10069.333,8199.667,-18.57,,,,9.433,9.333,-1.06,0.474,0.512,8.02
EQ-0152,2023-04-09 00:00:00,电力变压器,苏州工业园220kV变电站,0.533,0.711,33.45,0.661,0.881,33.22,51.267,69.633,35.83,68.567,87.033,26.93,9499.333,10557.0,11.13,0.004,0.005,32.58,7.667,6.133,-20.0,,,
EQ-0008,2023-04-09 00:00:00,断路器,龙华220kV变电站,0.413,0.55,33.15,0.528,0.689,30.38,,,,,,,9893.667,6531.0,-33.99,,,,,,,0.506,0.502,-0.73
EQ-0235,2023-04-09 00:00:00,避雷器,亦庄110kV变电站,0.41,0.577,40.61,0.509,0.742,45.62,,,,,,,,,,,,,,,,,,
EQ-0125,2023-04-09 00:00:00,避雷器,张江110kV变电站,0.439,0.597,36.19,0.553,0.74,33.8,,,,,,,,,,,,,,,,,,
EQ-0180,2023-04-09 00:00:00,GIS组合电器,苏州工业园220kV变电站,0.4,0.526,31.34,0.516,0.64,23.98,49.1,66.133,34.69,64.133,82.367,28.43,8221.667,9214.667,12.08,,,,14.0,11.833,-15.48,0.48,0.446,-7.02
EQ-0130,2023-04-30 00:00:00,电力变压器,临港110kV变电站,0.445,0.567,27.4,0.553,0.732,32.32,48.267,71.833,48.83,64.933,89.9,38.45,9997.0,8805.0,-11.92,0.005,0.005,-3.7,8.8,7.9,-10.23,,,
EQ-0004,2023-04-03 00:00:00,电力变压器,龙华220kV变电站,0.516,0.635,23.19,0.636,0.809,27.09,55.967,76.1,35.97,73.467,92.7,26.18,9229.667,8865.667,-3.94,0.005,0.004,-19.89,4.633,9.567,106.47,,,
EQ-0250,2023-04-10 00:00:00,避雷器,通州35kV变电站,0.505,0.683,35.34,0.648,0.816,25.93,,,,,,,,,,,,,,,,,,
EQ-0246,2023-04-10 00:00:00,隔离开关,通州35kV变电站,0.525,0.676,28.61,0.662,0.84,26.86,,,,,,,,,,,,,,,,,,
EQ-0113,2023-04-10 00:00:00,断路器,张江110kV变电站,0.513,0.728,41.81,0.635,0.891,40.36,,,,,,,9715.667,8906.667,-8.33,,,,,,,0.461,0.512,11.06
EQ-0136,2023-04-10 00:00:00,断路器,临港110kV变电站,0.44,0.611,39.07,0.559,0.766,36.96,,,,,,,10895.333,9773.667,-10.29,,,,,,,0.503,0.471,-6.49
EQ-0245,2023-04-10 00:00:00,隔离开关,通州35kV变电站,0.536,0.705,31.44,0.655,0.847,29.31,,,,,,,,,,,,,,,,,,
EQ-0368,2023-04-10 00:00:00,电力变压器,重庆两江220kV变电站,0.504,0.699,38.59,0.617,0.857,38.88,48.5,71.133,46.67,65.633,90.9,38.5,8096.333,8938.0,10.4,0.004,0.004,-0.87,5.1,6.867,34.64,,,
EQ-0217,2023-04-10 00:00:00,电力变压器,亦庄110kV变电站,0.526,0.704,33.72,0.669,0.88,31.54,48.9,74.867,53.1,64.3,94.533,47.02,8397.0,8233.0,-1.95,0.005,0.005,-6.99,9.5,11.433,20.35,,,
EQ-0414,2023-04-10 00:00:00,断路器,沈阳浑南110kV变电站,0.47,0.665,41.47,0.559,0.845,51.1,,,,,,,8373.667,7914.333,-5.49,,,,,,,0.484,0.484,-0.07
EQ-0208,2023-04-10 00:00:00,隔离开关,昆山35kV变电站,0.444,0.628,41.52,0.535,0.762,42.45,,,,,,,,,,,,,,,,,,
EQ-0179,2023-04-10 00:00:00,GIS组合电器,苏州工业园220kV变电站,0.526,0.671,27.58,0.688,0.839,21.92,50.333,75.933,50.86,66.8,93.633,40.17,6678.0,8183.333,22.54,,,,10.1,11.8,16.83,0.502,0.471,-6.17
EQ-0285,2023-04-10 00:00:00,断路器,石家庄高新35kV变电站,0.533,0.709,33.14,0.672,0.886,31.86,,,,,,,9913.667,9431.0,-4.87,,,,,,,0.497,0.465,-6.43
EQ-0233,2023-04-10 00:00:00,避雷器,亦庄110kV变电站,0.566,0.739,30.67,0.748,0.913,22.17,,,,,,,,,,,,,,,,,,
EQ-0077,2023-04-10 00:00:00,隔离开关,南沙110kV变电站,0.494,0.694,40.35,0.617,0.819,32.78,,,,,,,,,,,,,,,,,,
EQ-0321,2023-04-10 00:00:00,隔离开关,江夏35kV变电站,0.464,0.582,25.28,0.59,0.731,23.94,,,,,,,,,,,,,,,,,,
EQ-0201,2023-04-10 00:00:00,电力变压器,昆山35kV变电站,0.496,0.658,32.46,0.628,0.845,34.5,51.667,70.167,35.81,68.367,88.8,29.89,6753.667,7627.0,12.93,0.005,0.004,-9.88,9.3,13.7,47.31,,,
EQ-0078,2023-04-10 00:00:00,隔离开关,南沙110kV变电站,0.529,0.768,45.23,0.705,0.947,34.32,,,,,,,,,,,,,,,,,,
EQ-0176,2023-04-16 00:00:00,避雷器,苏州工业园220kV变电站,0.539,0.721,33.72,0.695,0.868,24.95,,,,,,,,,,,,,,,,,,
EQ-0189,2023-04-10 00:00:00,断路器,杭州滨江110kV变电站,0.48,0.613,27.74,0.599,0.762,27.17,,,,,,,9614.333,8555.0,-11.02,,,,,,,0.492,0.502,2.03
EQ-0187,2023-04-10 00:00:00,断路器,杭州滨江110kV变电站,0.547,0.749,37.09,0.673,0.908,34.89,,,,,,,10824.333,9053.0,-16.36,,,,,,,0.516,0.487,-5.68
EQ-0298,2023-04-10 00:00:00,断路器,武昌110kV变电站,0.488,0.688,41.09,0.608,0.825,35.64,,,,,,,9062.667,7749.333,-14.49,,,,,,,0.507,0.462,-8.75
EQ-0239,2023-04-11 00:00:00,电力变压器,通州35kV变电站,0.405,0.606,49.42,0.486,0.754,54.96,42.933,69.3,61.41,57.067,88.5,55.08,9077.333,9960.333,9.73,0.004,0.005,15.65,8.933,6.033,-32.46,,,
EQ-0420,2023-04-11 00:00:00,电容器组,沈阳浑南110kV变电站,0.493,0.679,37.6,0.584,0.854,46.3,,,,,,,,,,0.003,0.005,39.8,,,,,,
EQ-0257,2023-04-11 00:00:00,断路器,天津滨海220kV变电站,0.469,0.627,33.72,0.56,0.774,38.21,,,,,,,9871.333,8232.0,-16.61,,,,,,,0.472,0.482,2.12
EQ-0240,2023-04-11 00:00:00,断路器,通州35kV变电站,0.481,0.632,31.5,0.599,0.811,35.51,,,,,,,9278.0,9397.333,1.29,,,,,,,0.459,0.482,5.09
EQ-0204,2023-04-11 00:00:00,断路器,昆山35kV变电站,0.415,0.611,47.21,0.509,0.808,58.78,,,,,,,8782.667,6927.667,-21.12,,,,,,,0.515,0.509,-1.29
EQ-0370,2023-04-30 00:00:00,断路器,重庆两江220kV变电站,0.417,0.558,33.93,0.517,0.702,35.8,,,,,,,9457.0,7077.333,-25.16,,,,,,,0.496,0.479,-3.49
EQ-0177,2023-04-11 00:00:00,避雷器,苏州工业园220kV变电站,0.48,0.659,37.14,0.631,0.815,29.28,,,,,,,,,,,,,,,,,,
EQ-0244,2023-04-11 00:00:00,隔离开关,通州35kV变电站,0.525,0.707,34.8,0.622,0.883,42.1,,,,,,,,,,,,,,,,,,
EQ-0116,2023-04-12 00:00:00,隔离开关,张江110kV变电站,0.513,0.659,28.4,0.652,0.806,23.62,,,,,,,,,,,,,,,,,,
EQ-0330,2023-04-12 00:00:00,断路器,长沙星沙110kV变电站,0.531,0.751,41.47,0.658,0.949,44.21,,,,,,,9991.333,9615.333,-3.76,,,,,,,0.46,0.491,6.81
EQ-0021,2023-04-12 00:00:00,隔离开关,龙华220kV变电站,0.552,0.753,36.46,0.708,0.912,28.79,,,,,,,,,,,,,,,,,,
EQ-0141,2023-04-12 00:00:00,电容器组,临港110kV变电站,0.489,0.612,25.26,0.591,0.771,30.53,,,,,,,,,,0.003,0.003,-6.01,,,,,,
EQ-0302,2023-04-12 00:00:00,断路器,武昌110kV变电站,0.441,0.62,40.53,0.565,0.777,37.5,,,,,,,8494.0,9010.0,6.07,,,,,,,0.482,0.49,1.66
EQ-0243,2023-04-12 00:00:00,断路器,通州35kV变电站,0.42,0.568,35.33,0.538,0.718,33.26,,,,,,,8456.333,8830.667,4.43,,,,,,,0.463,0.51,10.22
EQ-0383,2023-04-12 00:00:00,电容器组,重庆两江220kV变电站,0.425,0.569,33.96,0.534,0.717,34.12,,,,,,,,,,0.005,0.004,-2.62,,,,,,
EQ-0402,2023-04-12 00:00:00,隔离开关,成都高新35kV变电站,0.518,0.672,29.57,0.644,0.82,27.31,,,,,,,,,,,,,,,,,,
EQ-0255,2023-04-12 00:00:00,电力变压器,天津滨海220kV变电站,0.517,0.725,40.19,0.656,0.926,41.15,50.033,69.967,39.84,66.067,88.133,33.4,10187.667,8940.667,-12.24,0.004,0.004,2.22,14.467,9.133,-36.87,,,
EQ-0169,2023-04-12 00:00:00,电容器组,苏州工业园220kV变电站,0.474,0.624,31.81,0.567,0.79,39.34,,,,,,,,,,0.005,0.006,3.44,,,,,,
EQ-0263,2023-04-12 00:00:00,断路器,天津滨海220kV变电站,0.541,0.725,34.02,0.695,0.892,28.36,,,,,,,10631.333,8067.333,-24.12,,,,,,,0.506,0.484,-4.48
EQ-0185,2023-04-12 00:00:00,断路器,杭州滨江110kV变电站,0.519,0.738,42.12,0.622,0.919,47.59,,,,,,,9262.0,9886.333,6.74,,,,,,,0.468,0.517,10.54
EQ-0016,2023-04-22 00:00:00,隔离开关,龙华220kV变电站,0.548,0.757,38.07,0.687,0.933,35.87,,,,,,,,,,,,,,,,,,
EQ-0223,2023-05-06 00:00:00,断路器,亦庄110kV变电站,0.459,0.685,49.16,0.591,0.854,44.46,,,,,,,9208.0,8392.667,-8.85,,,,,,,0.491,0.478,-2.65
EQ-0373,2023-04-13 00:00:00,断路器,重庆两江220kV变电站,0.499,0.698,39.85,0.644,0.855,32.73,,,,,,,9585.333,7566.333,-21.06,,,,,,,0.53,0.478,-9.75
EQ-0060,2023-04-28 00:00:00,避雷器,松山湖220kV变电站,0.421,0.575,36.61,0.538,0.71,32.07,,,,,,,,,,,,,,,,,,
EQ-0172,2023-04-13 00:00:00,避雷器,苏州工业园220kV变电站,0.51,0.63,23.54,0.637,0.784,23.15,,,,,,,,,,,,,,,,,,
EQ-0103,2023-04-13 00:00:00,避雷器,前海110kV变电站,0.536,0.705,31.43,0.664,0.905,36.39,,,,,,,,,,,,,,,,,,
EQ-0127,2023-04-13 00:00:00,GIS组合电器,张江110kV变电站,0.478,0.671,40.35,0.572,0.818,43.01,48.6,70.4,44.86,62.333,88.433,41.87,9857.0,8932.667,-9.38,,,,7.8,6.0,-23.08,0.496,0.49,-1.14
EQ-0175,2023-04-13 00:00:00,避雷器,苏州工业园220kV变电站,0.425,0.568,33.84,0.53,0.734,38.29,,,,,,,,,,,,,,,,,,
EQ-0344,2023-04-22 00:00:00,避雷器,长沙星沙110kV变电站,0.527,0.746,41.53,0.63,0.954,51.38,,,,,,,,,,,,,,,,,,
EQ-0421,2023-04-13 00:00:00,电容器组,沈阳浑南110kV变电站,0.441,0.613,39.07,0.576,0.766,33.15,,,,,,,,,,0.004,0.004,10.7,,,,,,
EQ-0353,2023-04-13 00:00:00,断路器,武侯110kV变电站,0.513,0.682,33.16,0.642,0.85,32.45,,,,,,,11792.0,10370.333,-12.06,,,,,,,0.509,0.489,-3.93
EQ-0229,2023-04-16 00:00:00,电容器组,亦庄110kV变电站,0.537,0.692,28.84,0.703,0.832,18.3,,,,,,,,,,0.003,0.003,-7.0,,,,,,
EQ-0090,2023-04-13 00:00:00,断路器,前海110kV变电站,0.513,0.701,36.54,0.642,0.849,32.22,,,,,,,8122.333,8101.333,-0.26,,,,,,,0.492,0.482,-1.97
EQ-0209,2023-04-13 00:00:00,隔离开关,昆山35kV变电站,0.482,0.616,27.86,0.587,0.763,30.04,,,,,,,,,,,,,,,,,,
EQ-0162,2023-04-13 00:00:00,隔离开关,苏州工业园220kV变电站,0.533,0.662,24.17,0.681,0.827,21.35,,,,,,,,,,,,,,,,,,
EQ-0230,2023-04-13 00:00:00,电容器组,亦庄110kV变电站,0.542,0.749,38.1,0.676,0.918,35.8,,,,,,,,,,0.006,0.005,-19.39,,,,,,
EQ-0056,2023-05-12 00:00:00,隔离开关,松山湖220kV变电站,0.451,0.699,54.86,0.565,0.901,59.53,,,,,,,,,,,,,,,,,,
EQ-0286,2023-04-13 00:00:00,断路器,石家庄高新35kV变电站,0.465,0.619,33.22,0.567,0.8,41.21,,,,,,,8244.667,8793.0,6.65,,,,,,,0.49,0.492,0.48
EQ-0300,2023-04-08 00:00:00,断路器,武昌110kV变电站,0.549,0.671,22.3,0.688,0.838,21.89,,,,,,,9546.0,8558.0,-10.35,,,,,,,0.503,0.505,0.53
EQ-0050,2023-04-14 00:00:00,断路器,松山湖220kV变电站,0.441,0.633,43.49,0.558,0.812,45.44,,,,,,,10870.667,9628.333,-11.43,,,,,,,0.502,0.508,1.13
EQ-0310,2023-04-14 00:00:00,避雷器,武昌110kV变电站,0.408,0.565,38.51,0.497,0.695,39.86,,,,,,,,,,,,,,,,,,
EQ-0069,2023-04-14 00:00:00,电力变压器,南沙110kV变电站,0.523,0.742,41.86,0.647,0.886,36.9,57.833,78.6,35.91,74.833,97.067,29.71,10296.667,8991.0,-12.68,0.004,0.003,-5.7,6.867,7.5,9.22,,,
EQ-0411,2023-04-14 00:00:00,断路器,沈阳浑南110kV变电站,0.527,0.787,49.22,0.668,0.958,43.5,,,,,,,7860.333,8379.667,6.61,,,,,,,0.478,0.475,-0.49
EQ-0379,2023-04-14 00:00:00,隔离开关,重庆两江220kV变电站,0.453,0.575,26.8,0.56,0.745,32.97,,,,,,,,,,,,,,,,,,
EQ-0098,2023-04-14 00:00:00,隔离开关,前海110kV变电站,0.46,0.644,40.1,0.56,0.755,34.78,,,,,,,,,,,,,,,,,,
EQ-0131,2023-04-14 00:00:00,电力变压器,临港110kV变电站,0.382,0.542,41.78,0.491,0.674,37.41,42.133,65.333,55.06,53.867,82.933,53.96,9652.667,9170.333,-5.0,0.004,0.004,-3.72,7.167,4.333,-39.53,,,
EQ-0224,2023-04-14 00:00:00,隔离开关,亦庄110kV变电站,0.477,0.63,32.18,0.595,0.789,32.65,,,,,,,,,,,,,,,,,,
EQ-0061,2023-04-14 00:00:00,避雷器,松山湖220kV变电站,0.432,0.58,34.32,0.551,0.735,33.31,,,,,,,,,,,,,,,,,,
EQ-0145,2023-04-14 00:00:00,避雷器,临港110kV变电站,0.424,0.581,37.14,0.503,0.739,46.73,,,,,,,,,,,,,,,,,,
EQ-0358,2023-04-13 00:00:00,电容器组,武侯110kV变电站,0.515,0.689,33.67,0.647,0.902,39.34,,,,,,,,,,0.005,0.006,11.85,,,,,,
EQ-0267,2023-05-03 00:00:00,隔离开关,天津滨海220kV变电站,0.466,0.675,44.85,0.594,0.818,37.71,,,,,,,,,,,,,,,,,,
EQ-0205,2023-04-14 00:00:00,断路器,昆山35kV变电站,0.419,0.589,40.62,0.529,0.743,40.42,,,,,,,9116.0,8025.0,-11.97,,,,,,,0.455,0.446,-1.98
EQ-0365,2023-04-14 00:00:00,电力变压器,重庆两江220kV变电站,0.539,0.719,33.38,0.67,0.894,33.46,54.533,74.733,37.04,69.8,93.833,34.43,8456.667,7639.667,-9.66,0.004,0.005,18.54,9.733,8.867,-8.9,,,
EQ-0184,2023-04-14 00:00:00,电力变压器,杭州滨江110kV变电站,0.545,0.718,31.76,0.671,0.887,32.22,51.2,76.4,49.22,68.3,95.1,39.24,10623.0,9257.0,-12.86,0.004,0.003,-22.89,4.4,14.8,236.36,,,
EQ-0367,2023-04-14 00:00:00,电力变压器,重庆两江220kV变电站,0.478,0.608,27.1,0.603,0.776,28.62,49.033,70.667,44.12,63.933,86.967,36.03,8912.333,8369.667,-6.09,0.005,0.005,-0.58,9.967,12.933,29.77,,,
EQ-0003,2023-04-14 00:00:00,电力变压器,龙华220kV变电站,0.437,0.602,37.64,0.564,0.771,36.62,55.233,75.433,36.57,71.333,93.4,30.93,7462.667,6734.667,-9.76,0.005,0.005,1.73,11.867,9.433,-20.51,,,
EQ-0403,2023-04-14 00:00:00,电容器组,成都高新35kV变电站,0.421,0.555,31.97,0.513,0.689,34.32,,,,,,,,,,0.005,0.005,-1.72,,,,,,
EQ-0043,2023-04-14 00:00:00,断路器,松山湖220kV变电站,0.421,0.564,34.05,0.533,0.726,36.21,,,,,,,8927.667,7908.0,-11.42,,,,,,,0.471,0.482,2.34
EQ-0053,2023-04-14 00:00:00,隔离开关,松山湖220kV变电站,0.43,0.582,35.43,0.516,0.74,43.32,,,,,,,,,,,,,,,,,,
EQ-0199,2023-04-15 00:00:00,避雷器,杭州滨江110kV变电站,0.563,0.78,38.57,0.701,0.918,30.95,,,,,,,,,,,,,,,,,,
EQ-0324,2023-04-15 00:00:00,避雷器,江夏35kV变电站,0.559,0.726,29.84,0.707,0.897,26.81,,,,,,,,,,,,,,,,,,
EQ-0282,2023-04-15 00:00:00,电力变压器,石家庄高新35kV变电站,0.592,0.76,28.47,0.752,0.91,21.07,48.8,71.067,45.63,65.1,90.633,39.22,8699.667,8834.667,1.55,0.004,0.003,-15.44,10.633,8.5,-20.06,,,
EQ-0214,2023-04-15 00:00:00,避雷器,昆山35kV变电站,0.505,0.683,35.24,0.64,0.818,27.8,,,,,,,,,,,,,,,,,,
EQ-0409,2023-04-15 00:00:00,电力变压器,沈阳浑南110kV变电站,0.539,0.735,36.37,0.641,0.908,41.71,41.8,68.633,64.19,57.333,86.233,50.41,9169.333,6786.0,-25.99,0.004,0.004,-10.06,4.033,7.8,93.39,,,
EQ-0036,2023-04-15 00:00:00,GIS组合电器,龙华220kV变电站,0.523,0.687,31.26,0.676,0.878,29.81,53.7,77.767,44.82,69.633,95.933,37.77,9416.667,8460.333,-10.16,,,,4.967,14.067,183.22,0.442,0.522,18.11
EQ-0314,2023-04-13 00:00:00,电力变压器,江夏35kV变电站,0.537,0.731,36.11,0.644,0.925,43.71,50.633,72.6,43.38,65.933,91.967,39.48,8998.667,7425.0,-17.49,0.004,0.005,7.09,17.533,12.7,-27.57,,,
EQ-0147,2023-04-15 00:00:00,GIS组合电器,临港110kV变电站,0.442,0.553,25.11,0.555,0.697,25.61,50.733,69.233,36.47,63.833,85.7,34.26,9746.0,9261.667,-4.97,,,,5.967,4.3,-27.93,0.507,0.479,-5.65
EQ-0012,2023-04-16 00:00:00,断路器,龙华220kV变电站,0.491,0.651,32.44,0.626,0.805,28.45,,,,,,,8946.333,8407.333,-6.02,,,,,,,0.476,0.505,6.1
EQ-0364,2023-04-16 00:00:00,GIS组合电器,武侯110kV变电站,0.393,0.502,27.59,0.484,0.606,25.3,45.733,64.3,40.6,59.367,81.5,37.28,9887.0,9665.333,-2.24,,,,6.2,7.9,27.42,0.482,0.48,-0.48
EQ-0110,2023-04-20 00:00:00,断路器,张江110kV变电站,0.451,0.583,29.13,0.574,0.743,29.47,,,,,,,9112.333,7396.667,-18.83,,,,,,,0.488,0.464,-4.78
EQ-0166,2023-04-22 00:00:00,隔离开关,苏州工业园220kV变电站,0.432,0.565,30.75,0.547,0.665,21.58,,,,,,,,,,,,,,,,,,
EQ-0306,2023-04-16 00:00:00,隔离开关,武昌110kV变电站,0.48,0.627,30.54,0.597,0.782,31.05,,,,,,,,,,,,,,,,,,
EQ-0428,2023-04-16 00:00:00,电力变压器,大连开发区35kV变电站,0.519,0.736,41.75,0.661,0.908,37.43,41.067,71.833,74.92,57.833,89.233,54.29,7625.0,9123.333,19.65,0.005,0.004,-13.5,8.833,7.433,-15.85,,,
EQ-0375,2023-04-16 00:00:00,断路器,重庆两江220kV变电站,0.543,0.755,39.07,0.674,0.964,43.12,,,,,,,10681.0,8544.333,-20.0,,,,,,,0.494,0.486,-1.62
EQ-0323,2023-04-16 00:00:00,电容器组,江夏35kV变电站,0.485,0.636,30.95,0.609,0.822,34.96,,,,,,,,,,0.004,0.004,22.76,,,,,,
EQ-0297,2023-05-13 00:00:00,电力变压器,武昌110kV变电站,0.419,0.586,39.95,0.525,0.731,39.1,53.667,71.267,32.8,67.733,87.733,29.53,9488.333,7690.0,-18.95,0.005,0.004,-26.92,10.233,12.2,19.22,,,
EQ-0294,2023-04-16 00:00:00,避雷器,石家庄高新35kV变电站,0.546,0.736,34.8,0.691,0.903,30.66,,,,,,,,,,,,,,,,,,
EQ-0055,2023-04-16 00:00:00,隔离开关,松山湖220kV变电站,0.473,0.615,30.09,0.581,0.735,26.48,,,,,,,,,,,,,,,,,,
EQ-0292,2023-04-16 00:00:00,避雷器,石家庄高新35kV变电站,0.446,0.598,34.11,0.564,0.734,30.11,,,,,,,,,,,,,,,,,,
EQ-0040,2023-04-16 00:00:00,电力变压器,松山湖220kV变电站,0.565,0.74,30.9,0.726,0.885,21.87,56.3,79.333,40.91,73.033,99.567,36.33,9290.333,8340.0,-10.23,0.003,0.004,29.3,11.967,9.8,-18.11,,,
EQ-0142,2023-04-17 00:00:00,电容器组,临港110kV变电站,0.496,0.686,38.37,0.65,0.815,25.33,,,,,,,,,,0.004,0.004,-11.37,,,,,,
EQ-0062,2023-04-17 00:00:00,避雷器,松山湖220kV变电站,0.438,0.543,23.9,0.574,0.7,21.94,,,,,,,,,,,,,,,,,,
EQ-0153,2023-04-17 00:00:00,断路器,苏州工业园220kV变电站,0.413,0.53,28.44,0.517,0.647,25.25,,,,,,,8378.333,8394.0,0.19,,,,,,,0.505,0.486,-3.76
EQ-0342,2023-05-17 00:00:00,避雷器,长沙星沙110kV变电站,0.43,0.609,41.5,0.531,0.767,44.44,,,,,,,,,,,,,,,,,,
EQ-0288,2023-05-04 00:00:00,隔离开关,石家庄高新35kV变电站,0.486,0.702,44.43,0.612,0.903,47.57,,,,,,,,,,,,,,,,,,
EQ-0112,2023-05-09 00:00:00,断路器,张江110kV变电站,0.487,0.699,43.57,0.602,0.83,37.97,,,,,,,8764.0,7739.333,-11.69,,,,,,,0.489,0.48,-1.77
EQ-0006,2023-05-17 00:00:00,断路器,龙华220kV变电站,0.433,0.647,49.32,0.559,0.771,37.86,,,,,,,8198.333,8167.667,-0.37,,,,,,,0.474,0.455,-3.94
EQ-0303,2023-05-11 00:00:00,隔离开关,武昌110kV变电站,0.494,0.712,44.34,0.625,0.925,48.08,,,,,,,,,,,,,,,,,,
EQ-0304,2023-05-10 00:00:00,隔离开关,武昌110kV变电站,0.513,0.743,44.7,0.659,0.89,35.06,,,,,,,,,,,,,,,,,,
EQ-0216,2023-04-17 00:00:00,电力变压器,亦庄110kV变电站,0.55,0.747,35.81,0.705,0.908,28.75,47.433,70.667,48.98,62.2,89.867,44.48,10921.0,9072.0,-16.93,0.005,0.004,-7.04,11.9,11.433,-3.92,,,
EQ-0434,2023-04-17 00:00:00,隔离开关,大连开发区35kV变电站,0.42,0.575,36.86,0.519,0.703,35.44,,,,,,,,,,,,,,,,,,
EQ-0405,2023-04-17 00:00:00,避雷器,成都高新35kV变电站,0.449,0.582,29.62,0.554,0.711,28.37,,,,,,,,,,,,,,,,,,
EQ-0210,2023-04-17 00:00:00,电容器组,昆山35kV变电站,0.534,0.699,30.87,0.699,0.875,25.19,,,,,,,,,,0.005,0.006,18.53,,,,,,
EQ-0234,2023-04-17 00:00:00,避雷器,亦庄110kV变电站,0.396,0.519,31.14,0.495,0.65,31.44,,,,,,,,,,,,,,,,,,
EQ-0369,2023-04-17 00:00:00,断路器,重庆两江220kV变电站,0.508,0.641,26.17,0.604,0.757,25.39,,,,,,,8704.667,7599.333,-12.7,,,,,,,0.51,0.478,-6.27
EQ-0253,2023-04-17 00:00:00,电力变压器,天津滨海220kV变电站,0.426,0.582,36.51,0.528,0.713,35.17,45.333,66.067,45.74,58.233,82.2,41.16,8331.333,8517.0,2.23,0.005,0.004,-0.44,7.733,11.133,43.97,,,
EQ-0197,2023-04-17 00:00:00,避雷器,杭州滨江110kV变电站,0.409,0.557,36.36,0.484,0.697,44.04,,,,,,,,,,,,,,,,,,
EQ-0374,2023-05-16 00:00:00,断路器,重庆两江220kV变电站,0.54,0.81,50.03,0.654,0.965,47.57,,,,,,,8442.667,8225.333,-2.57,,,,,,,0.463,0.508,9.57
EQ-0404,2023-04-17 01:35:00,电容器组,成都高新35kV变电站,0.574,0.738,28.61,0.719,0.888,23.54,,,,,,,,,,0.004,0.004,-7.66,,,,,,
EQ-0366,2023-04-18 00:00:00,电力变压器,重庆两江220kV变电站,0.464,0.6,29.23,0.558,0.766,37.34,49.067,64.367,31.18,61.933,84.367,36.22,6757.333,8443.0,24.95,0.004,0.004,23.73,8.967,11.033,23.05,,,
EQ-0228,2023-04-18 00:00:00,隔离开关,亦庄110kV变电站,0.533,0.726,36.26,0.677,0.94,38.89,,,,,,,,,,,,,,,,,,
EQ-0093,2023-04-28 00:00:00,断路器,前海110kV变电站,0.479,0.676,41.15,0.595,0.817,37.45,,,,,,,11161.0,10303.0,-7.69,,,,,,,0.508,0.515,1.38
EQ-0160,2023-04-18 00:00:00,断路器,苏州工业园220kV变电站,0.416,0.531,27.74,0.523,0.666,27.25,,,,,,,7938.333,7189.0,-9.44,,,,,,,0.501,0.451,-9.97
EQ-0115,2023-04-18 00:00:00,断路器,张江110kV变电站,0.446,0.61,36.65,0.542,0.799,47.45,,,,,,,8325.0,7318.333,-12.09,,,,,,,0.464,0.489,5.46
EQ-0159,2023-04-18 00:00:00,断路器,苏州工业园220kV变电站,0.556,0.7,25.9,0.694,0.834,20.09,,,,,,,9651.667,8861.0,-8.19,,,,,,,0.515,0.489,-4.98
EQ-0067,2023-04-18 00:00:00,GIS组合电器,松山湖220kV变电站,0.532,0.679,27.69,0.654,0.812,23.99,55.967,73.767,31.8,70.467,91.133,29.33,8810.0,7734.667,-12.21,,,,9.033,7.533,-16.61,0.497,0.467,-5.91
EQ-0270,2023-04-18 00:00:00,电容器组,天津滨海220kV变电站,0.494,0.646,30.84,0.608,0.819,34.67,,,,,,,,,,0.005,0.005,1.09,,,,,,
EQ-0032,2023-04-18 00:00:00,避雷器,龙华220kV变电站,0.401,0.551,37.48,0.5,0.713,42.54,,,,,,,,,,,,,,,,,,
EQ-0426,2023-04-18 00:00:00,GIS组合电器,沈阳浑南110kV变电站,0.48,0.685,42.79,0.614,0.844,37.45,43.967,67.467,53.45,58.9,86.167,46.29,8699.0,8511.333,-2.16,,,,6.567,12.1,84.26,0.469,0.493,5.12
EQ-0102,2023-04-18 00:00:00,避雷器,前海110kV变电站,0.516,0.707,37.03,0.664,0.889,33.95,,,,,,,,,,,,,,,,,,
EQ-0154,2023-04-18 00:00:00,断路器,苏州工业园220kV变电站,0.452,0.642,42.14,0.557,0.797,43.06,,,,,,,8596.667,9643.667,12.18,,,,,,,0.455,0.473,3.96
EQ-0038,2023-04-18 00:00:00,GIS组合电器,龙华220kV变电站,0.475,0.627,32.15,0.603,0.786,30.26,54.333,75.133,38.28,69.9,92.0,31.62,8981.0,7005.667,-21.99,,,,13.467,8.8,-34.65,0.471,0.495,5.02
EQ-0436,2023-04-18 00:00:00,电容器组,大连开发区35kV变电站,0.46,0.645,40.18,0.55,0.808,47.03,,,,,,,,,,0.005,0.006,23.26,,,,,,
EQ-0219,2023-04-18 00:00:00,断路器,亦庄110kV变电站,0.539,0.701,30.06,0.709,0.855,20.52,,,,,,,9797.0,7685.667,-21.55,,,,,,,0.488,0.502,2.94
EQ-0283,2023-04-22 00:00:00,电力变压器,石家庄高新35kV变电站,0.557,0.698,25.17,0.709,0.842,18.71,46.533,69.6,49.57,63.833,88.533,38.69,9284.0,7340.0,-20.94,0.004,0.004,0.9,8.0,17.6,120.0,,,
EQ-0088,2023-04-19 00:00:00,电力变压器,前海110kV变电站,0.431,0.577,33.83,0.541,0.738,36.56,50.933,72.667,42.67,65.333,88.533,35.51,11472.0,10454.0,-8.87,0.004,0.003,-27.94,9.5,14.867,56.49,,,
EQ-0014,2023-04-19 00:00:00,断路器,龙华220kV变电站,0.459,0.615,34.07,0.6,0.784,30.62,,,,,,,8916.333,7468.667,-16.24,,,,,,,0.478,0.479,0.21
EQ-0079,2023-04-19 00:00:00,隔离开关,南沙110kV变电站,0.467,0.644,37.94,0.596,0.824,38.42,,,,,,,,,,,,,,,,,,
EQ-0226,2023-04-19 00:00:00,隔离开关,亦庄110kV变电站,0.501,0.682,36.2,0.629,0.869,38.12,,,,,,,,,,,,,,,,,,
EQ-0328,2023-04-19 00:00:00,电力变压器,长沙星沙110kV变电站,0.547,0.728,33.11,0.699,0.886,26.69,52.633,71.033,34.96,69.2,89.6,29.48,11786.0,8030.667,-31.86,0.004,0.004,-10.82,3.4,7.067,107.84,,,
EQ-0325,2023-04-19 00:00:00,避雷器,江夏35kV变电站,0.398,0.541,36.01,0.518,0.672,29.87,,,,,,,,,,,,,,,,,,
EQ-0022,2023-05-10 00:00:00,隔离开关,龙华220kV变电站,0.503,0.761,51.2,0.65,0.953,46.59,,,,,,,,,,,,,,,,,,
EQ-0101,2023-04-19 00:00:00,避雷器,前海110kV变电站,0.42,0.575,36.98,0.529,0.72,36.0,,,,,,,,,,,,,,,,,,
EQ-0415,2023-04-19 00:00:00,断路器,沈阳浑南110kV变电站,0.42,0.529,26.08,0.534,0.662,24.01,,,,,,,7737.667,9941.667,28.48,,,,,,,0.479,0.503,5.15
EQ-0404,2023-04-19 00:00:00,电容器组,成都高新35kV变电站,0.574,0.738,28.61,0.719,0.888,23.54,,,,,,,,,,0.004,0.004,-7.66,,,,,,
EQ-0183,2023-04-19 00:00:00,电力变压器,杭州滨江110kV变电站,0.431,0.56,30.09,0.537,0.736,37.03,44.6,69.167,55.08,57.867,84.633,46.26,9376.333,7146.667,-23.78,0.004,0.004,3.18,11.867,8.7,-26.69,,,
EQ-0170,2023-04-19 00:00:00,电容器组,苏州工业园220kV变电站,0.404,0.609,50.92,0.499,0.771,54.46,,,,,,,,,,0.006,0.005,-9.54,,,,,,
EQ-0361,2023-04-19 00:00:00,避雷器,武侯110kV变电站,0.544,0.739,35.7,0.682,0.932,36.54,,,,,,,,,,,,,,,,,,
EQ-0398,2023-04-19 00:00:00,断路器,成都高新35kV变电站,0.511,0.675,32.08,0.617,0.855,38.52,,,,,,,10282.667,10441.333,1.54,,,,,,,0.471,0.482,2.41
EQ-0363,2023-04-20 00:00:00,避雷器,武侯110kV变电站,0.407,0.569,39.7,0.51,0.716,40.37,,,,,,,,,,,,,,,,,,
EQ-0174,2023-05-09 00:00:00,避雷器,苏州工业园220kV变电站,0.462,0.724,56.82,0.59,0.926,56.97,,,,,,,,,,,,,,,,,,
EQ-0408,2023-04-15 00:00:00,电力变压器,沈阳浑南110kV变电站,0.541,0.731,34.96,0.676,0.912,34.81,40.567,68.8,69.6,57.433,86.1,49.91,8463.0,8699.333,2.79,0.004,0.004,10.1,7.9,12.0,51.9,,,
EQ-0137,2023-04-14 00:00:00,隔离开关,临港110kV变电站,0.438,0.576,31.59,0.544,0.693,27.53,,,,,,,,,,,,,,,,,,
EQ-0132,2023-04-20 00:00:00,断路器,临港110kV变电站,0.507,0.71,40.06,0.642,0.88,37.01,,,,,,,10310.333,10327.667,0.17,,,,,,,0.469,0.47,0.21
EQ-0046,2023-04-20 00:00:00,断路器,松山湖220kV变电站,0.555,0.715,28.8,0.661,0.889,34.35,,,,,,,10621.667,8947.333,-15.76,,,,,,,0.507,0.509,0.33
EQ-0431,2023-04-20 00:00:00,断路器,大连开发区35kV变电站,0.539,0.762,41.46,0.666,0.938,40.75,,,,,,,6579.333,7527.667,14.41,,,,,,,0.47,0.452,-3.69
EQ-0254,2023-05-20 00:00:00,电力变压器,天津滨海220kV变电站,0.536,0.81,51.3,0.68,0.975,43.36,52.267,74.9,43.3,69.233,96.933,40.01,9996.333,7938.0,-20.59,0.005,0.004,-24.75,5.033,8.333,65.56,,,
EQ-0281,2023-04-20 00:00:00,GIS组合电器,天津滨海220kV变电站,0.542,0.717,32.28,0.686,0.864,26.08,48.767,73.4,50.51,66.3,93.567,41.13,8280.0,6781.667,-18.1,,,,13.533,11.733,-13.3,0.486,0.483,-0.75
EQ-0167,2023-05-19 00:00:00,隔离开关,苏州工业园220kV变电站,0.581,0.809,39.39,0.713,1.019,42.95,,,,,,,,,,,,,,,,,,
EQ-0045,2023-04-28 00:00:00,断路器,松山湖220kV变电站,0.506,0.646,27.64,0.642,0.81,26.16,,,,,,,8880.0,9372.0,5.54,,,,,,,0.498,0.5,0.47
EQ-0171,2023-04-20 00:00:00,电容器组,苏州工业园220kV变电站,0.475,0.618,30.13,0.59,0.78,32.03,,,,,,,,,,0.005,0.004,-32.0,,,,,,
EQ-0158,2023-05-03 00:00:00,断路器,苏州工业园220kV变电站,0.465,0.656,40.88,0.607,0.825,35.86,,,,,,,9842.667,8475.667,-13.89,,,,,,,0.49,0.475,-3.13
EQ-0095,2023-05-19 00:00:00,隔离开关,前海110kV变电站,0.523,0.766,46.4,0.652,0.955,46.36,,,,,,,,,,,,,,,,,,
EQ-0057,2023-05-10 00:00:00,电容器组,松山湖220kV变电站,0.573,0.846,47.67,0.713,1.008,41.37,,,,,,,,,,0.005,0.005,-4.85,,,,,,
EQ-0068,2023-05-10 00:00:00,电力变压器,南沙110kV变电站,0.414,0.591,42.63,0.514,0.707,37.54,55.667,75.433,35.51,67.767,91.5,35.02,8459.667,8756.667,3.51,0.004,0.003,-14.45,4.633,8.167,76.26,,,
EQ-0082,2023-04-20 18:18:00,避雷器,南沙110kV变电站,0.556,0.713,28.08,0.694,0.886,27.71,,,,,,,,,,,,,,,,,,
EQ-0059,2023-04-21 00:00:00,避雷器,松山湖220kV变电站,0.463,0.612,32.21,0.56,0.758,35.33,,,,,,,,,,,,,,,,,,
EQ-0200,2023-04-21 00:00:00,GIS组合电器,杭州滨江110kV变电站,0.411,0.5,21.69,0.519,0.609,17.31,47.8,66.867,39.89,61.667,81.733,32.54,8661.0,8666.0,0.06,,,,7.433,7.633,2.69,0.485,0.467,-3.65
EQ-0427,2023-04-21 00:00:00,电力变压器,大连开发区35kV变电站,0.486,0.622,27.97,0.621,0.819,31.96,46.1,62.767,36.15,60.0,80.267,33.78,7745.333,6964.333,-10.08,0.005,0.004,-14.85,15.667,14.267,-8.94,,,
EQ-0339,2023-04-21 00:00:00,电容器组,长沙星沙110kV变电站,0.476,0.662,38.98,0.592,0.824,39.13,,,,,,,,,,0.004,0.004,-9.49,,,,,,
EQ-0149,2023-04-21 00:00:00,电力变压器,苏州工业园220kV变电站,0.433,0.56,29.21,0.548,0.662,20.88,45.967,63.3,37.71,62.033,79.633,28.37,6049.667,7175.0,18.6,0.005,0.006,13.4,11.367,10.0,-12.02,,,
EQ-0394,2023-04-21 00:00:00,GIS组合电器,重庆两江220kV变电站,0.555,0.76,37.08,0.646,0.903,39.79,56.267,73.367,30.39,72.6,92.367,27.23,8903.333,8765.0,-1.55,,,,10.233,11.433,11.73,0.484,0.472,-2.55
EQ-0117,2023-04-21 00:00:00,隔离开关,张江110kV变电站,0.494,0.709,43.53,0.63,0.907,43.95,,,,,,,,,,,,,,,,,,
EQ-0034,2023-05-21 00:00:00,避雷器,龙华220kV变电站,0.499,0.743,48.84,0.646,0.873,35.16,,,,,,,,,,,,,,,,,,
EQ-0157,2023-04-14 00:00:00,断路器,苏州工业园220kV变电站,0.529,0.66,24.84,0.646,0.824,27.52,,,,,,,7569.0,8568.333,13.2,,,,,,,0.503,0.478,-4.9
EQ-0276,2023-04-30 00:00:00,避雷器,天津滨海220kV变电站,0.476,0.628,31.89,0.586,0.786,34.03,,,,,,,,,,,,,,,,,,
EQ-0252,2023-04-21 00:00:00,电力变压器,天津滨海220kV变电站,0.425,0.579,36.14,0.526,0.725,37.88,44.667,64.233,43.81,58.667,81.567,39.03,9937.667,7630.333,-23.22,0.005,0.006,11.69,14.8,10.933,-26.13,,,
EQ-0261,2023-04-21 00:00:00,断路器,天津滨海220kV变电站,0.554,0.701,26.62,0.685,0.839,22.53,,,,,,,7921.667,7925.0,0.04,,,,,,,0.49,0.475,-3.13
EQ-0139,2023-04-21 00:00:00,隔离开关,临港110kV变电站,0.503,0.656,30.56,0.627,0.768,22.45,,,,,,,,,,,,,,,,,,
EQ-0407,2023-04-21 00:00:00,避雷器,成都高新35kV变电站,0.437,0.55,25.93,0.57,0.685,20.22,,,,,,,,,,,,,,,,,,
EQ-0384,2023-05-13 00:00:00,电容器组,重庆两江220kV变电站,0.488,0.733,50.32,0.621,0.961,54.75,,,,,,,,,,0.004,0.004,13.64,,,,,,
EQ-0430,2023-04-22 00:00:00,断路器,大连开发区35kV变电站,0.523,0.646,23.51,0.631,0.803,27.27,,,,,,,8293.0,8791.0,6.01,,,,,,,0.495,0.514,3.77
EQ-0341,2023-04-22 00:00:00,避雷器,长沙星沙110kV变电站,0.458,0.645,40.87,0.572,0.793,38.63,,,,,,,,,,,,,,,,,,
EQ-0331,2023-04-22 00:00:00,断路器,长沙星沙110kV变电站,0.43,0.592,37.71,0.559,0.748,33.83,,,,,,,9906.667,8354.0,-15.67,,,,,,,0.522,0.481,-7.79
EQ-0161,2023-04-22 00:00:00,断路器,苏州工业园220kV变电站,0.416,0.555,33.43,0.523,0.714,36.71,,,,,,,8368.0,8048.333,-3.82,,,,,,,0.446,0.48,7.7
EQ-0009,2023-04-22 00:00:00,断路器,龙华220kV变电站,0.479,0.592,23.73,0.593,0.743,25.3,,,,,,,7834.333,8488.667,8.35,,,,,,,0.506,0.475,-6.0
EQ-0289,2023-04-22 00:00:00,隔离开关,石家庄高新35kV变电站,0.496,0.656,32.25,0.633,0.831,31.36,,,,,,,,,,,,,,,,,,
EQ-0002,2023-04-22 00:00:00,电力变压器,龙华220kV变电站,0.457,0.642,40.4,0.563,0.796,41.47,53.5,75.633,41.37,69.667,92.967,33.44,9367.333,8449.667,-9.8,0.005,0.005,12.9,11.833,9.567,-19.15,,,
EQ-0027,2023-05-03 00:00:00,避雷器,龙华220kV变电站,0.516,0.799,54.77,0.639,0.965,51.03,,,,,,,,,,,,,,,,,,
EQ-0091,2023-04-22 00:00:00,断路器,前海110kV变电站,0.562,0.723,28.64,0.715,0.943,31.87,,,,,,,9477.333,11149.667,17.65,,,,,,,0.528,0.495,-6.31
EQ-0106,2023-04-18 00:00:00,GIS组合电器,前海110kV变电站,0.477,0.649,35.91,0.612,0.807,31.91,54.233,76.233,40.57,67.233,95.1,41.45,10524.0,9998.667,-4.99,,,,11.033,8.633,-21.75,0.498,0.498,-0.07
EQ-0202,2023-04-22 00:00:00,电力变压器,昆山35kV变电站,0.493,0.671,35.93,0.602,0.832,38.16,53.567,73.4,37.03,70.633,93.333,32.14,7979.667,8107.0,1.6,0.006,0.006,10.17,10.467,12.1,15.61,,,
EQ-0035,2023-04-22 00:00:00,GIS组合电器,龙华220kV变电站,0.486,0.676,38.99,0.593,0.857,44.39,52.133,79.533,52.56,66.133,98.9,49.55,8246.333,8006.333,-2.91,,,,11.867,6.367,-46.35,0.47,0.503,7.03
EQ-0350,2023-04-22 00:00:00,断路器,武侯110kV变电站,0.504,0.683,35.64,0.657,0.816,24.09,,,,,,,9206.333,9812.667,6.59,,,,,,,0.493,0.493,0.07
EQ-0424,2023-04-22 00:00:00,避雷器,沈阳浑南110kV变电站,0.446,0.595,33.32,0.562,0.726,29.36,,,,,,,,,,,,,,,,,,
EQ-0164,2023-04-23 00:00:00,隔离开关,苏州工业园220kV变电站,0.489,0.662,35.43,0.618,0.84,35.97,,,,,,,,,,,,,,,,,,
EQ-0133,2023-04-23 00:00:00,断路器,临港110kV变电站,0.439,0.54,23.01,0.559,0.683,22.15,,,,,,,9698.333,8841.667,-8.83,,,,,,,0.499,0.489,-2.14
EQ-0195,2023-05-02 00:00:00,电容器组,杭州滨江110kV变电站,0.524,0.787,50.32,0.635,0.979,54.08,,,,,,,,,,0.007,0.005,-30.08,,,,,,
EQ-0178,2023-05-01 00:00:00,避雷器,苏州工业园220kV变电站,0.391,0.594,52.07,0.508,0.754,48.46,,,,,,,,,,,,,,,,,,
EQ-0194,2023-04-23 00:00:00,电容器组,杭州滨江110kV变电站,0.399,0.519,30.06,0.471,0.663,40.69,,,,,,,,,,0.005,0.005,-8.46,,,,,,
EQ-0111,2023-04-23 00:00:00,断路器,张江110kV变电站,0.526,0.644,22.32,0.642,0.812,26.57,,,,,,,10445.333,9087.333,-13.0,,,,,,,0.506,0.484,-4.41
EQ-0417,2023-04-23 00:00:00,隔离开关,沈阳浑南110kV变电站,0.412,0.594,44.28,0.517,0.729,41.09,,,,,,,,,,,,,,,,,,
EQ-0249,2023-04-23 00:00:00,避雷器,通州35kV变电站,0.469,0.607,29.44,0.597,0.732,22.52,,,,,,,,,,,,,,,,,,
EQ-0048,2023-04-23 00:00:00,断路器,松山湖220kV变电站,0.494,0.666,35.03,0.632,0.836,32.2,,,,,,,8024.0,9381.667,16.92,,,,,,,0.495,0.469,-5.26
EQ-0005,2023-04-23 00:00:00,电力变压器,龙华220kV变电站,0.455,0.584,28.31,0.59,0.751,27.4,55.6,79.033,42.15,71.167,96.733,35.93,7759.333,6750.333,-13.0,0.006,0.004,-29.66,13.033,9.967,-23.53,,,
EQ-0015,2023-04-23 00:00:00,断路器,龙华220kV变电站,0.399,0.571,42.96,0.491,0.694,41.51,,,,,,,9481.0,7168.667,-24.39,,,,,,,0.481,0.468,-2.57
EQ-0081,2023-04-18 00:00:00,电容器组,南沙110kV变电站,0.513,0.667,30.01,0.631,0.8,26.75,,,,,,,,,,0.004,0.004,-3.74,,,,,,
EQ-0313,2023-04-23 00:00:00,GIS组合电器,武昌110kV变电站,0.541,0.751,38.83,0.668,0.947,41.88,49.367,75.233,52.4,65.3,94.367,44.51,10208.667,9594.667,-6.01,,,,7.433,6.667,-10.31,0.461,0.482,4.48
EQ-0024,2023-04-24 00:00:00,电容器组,龙华220kV变电站,0.447,0.583,30.31,0.558,0.696,24.76,,,,,,,,,,0.004,0.005,15.61,,,,,,
EQ-0063,2023-04-24 00:00:00,避雷器,松山湖220kV变电站,0.46,0.587,27.61,0.564,0.73,29.31,,,,,,,,,,,,,,,,,,
EQ-0225,2023-04-28 00:00:00,隔离开关,亦庄110kV变电站,0.471,0.586,24.38,0.598,0.74,23.78,,,,,,,,,,,,,,,,,,
EQ-0218,2023-04-24 00:00:00,断路器,亦庄110kV变电站,0.517,0.709,37.18,0.649,0.875,34.85,,,,,,,9961.333,10870.0,9.12,,,,,,,0.489,0.528,7.98
EQ-0192,2023-04-24 00:00:00,隔离开关,杭州滨江110kV变电站,0.522,0.715,37.08,0.657,0.896,36.54,,,,,,,,,,,,,,,,,,
EQ-0212,2023-04-24 00:00:00,避雷器,昆山35kV变电站,0.504,0.693,37.47,0.624,0.85,36.33,,,,,,,,,,,,,,,,,,
EQ-0122,2023-04-24 00:00:00,电容器组,张江110kV变电站,0.471,0.67,42.21,0.611,0.842,37.81,,,,,,,,,,0.005,0.004,-7.49,,,,,,
EQ-0326,2023-04-24 00:00:00,避雷器,江夏35kV变电站,0.412,0.55,33.33,0.536,0.655,22.31,,,,,,,,,,,,,,,,,,
EQ-0222,2023-04-24 00:00:00,断路器,亦庄110kV变电站,0.391,0.536,37.24,0.513,0.651,26.83,,,,,,,8337.667,9186.0,10.17,,,,,,,0.517,0.49,-5.28
EQ-0033,2023-04-24 00:00:00,避雷器,龙华220kV变电站,0.507,0.677,33.48,0.619,0.845,36.43,,,,,,,,,,,,,,,,,,
EQ-0007,2023-04-24 00:00:00,断路器,龙华220kV变电站,0.479,0.615,28.44,0.571,0.774,35.44,,,,,,,9407.667,8803.333,-6.42,,,,,,,0.479,0.513,7.09
EQ-0221,2023-04-24 00:00:00,断路器,亦庄110kV变电站,0.535,0.759,41.77,0.66,0.939,42.25,,,,,,,7704.667,9330.333,21.1,,,,,,,0.502,0.501,-0.07
EQ-0109,2023-04-24 00:00:00,电力变压器,张江110kV变电站,0.522,0.734,40.59,0.66,0.882,33.75,51.8,72.033,39.06,66.7,89.867,34.73,10273.667,8691.0,-15.41,0.004,0.005,25.29,5.833,12.9,121.14,,,
EQ-0359,2023-04-24 00:00:00,电容器组,武侯110kV变电站,0.43,0.576,34.03,0.54,0.737,36.51,,,,,,,,,,0.004,0.004,5.37,,,,,,
EQ-0108,2023-04-30 00:00:00,电力变压器,张江110kV变电站,0.572,0.776,35.73,0.685,0.916,33.75,54.5,74.4,36.51,70.167,93.2,32.83,9276.0,8328.0,-10.22,0.004,0.004,1.92,8.867,9.033,1.88,,,
EQ-0087,2023-05-01 00:00:00,电力变压器,前海110kV变电站,0.485,0.746,53.88,0.625,0.958,53.25,52.7,80.7,53.13,67.067,103.167,53.83,8831.667,8225.667,-6.86,0.003,0.004,25.8,6.667,8.367,25.5,,,
EQ-0372,2023-04-25 00:00:00,断路器,重庆两江220kV变电站,0.451,0.607,34.65,0.555,0.763,37.4,,,,,,,9777.333,7800.667,-20.22,,,,,,,0.49,0.477,-2.59
EQ-0317,2023-04-25 00:00:00,断路器,江夏35kV变电站,0.397,0.543,36.71,0.498,0.673,35.16,,,,,,,7718.0,7024.333,-8.99,,,,,,,0.489,0.5,2.32
EQ-0356,2023-04-25 00:00:00,隔离开关,武侯110kV变电站,0.44,0.566,28.56,0.54,0.706,30.84,,,,,,,,,,,,,,,,,,
EQ-0284,2023-04-25 00:00:00,断路器,石家庄高新35kV变电站,0.434,0.577,33.12,0.554,0.729,31.63,,,,,,,11694.333,9604.0,-17.87,,,,,,,0.507,0.486,-4.14
EQ-0155,2023-04-25 00:00:00,断路器,苏州工业园220kV变电站,0.44,0.602,36.86,0.556,0.747,34.29,,,,,,,7719.0,7598.0,-1.57,,,,,,,0.476,0.479,0.77
EQ-0191,2023-04-25 00:00:00,隔离开关,杭州滨江110kV变电站,0.528,0.694,31.58,0.64,0.87,36.06,,,,,,,,,,,,,,,,,,
EQ-0347,2023-04-25 00:00:00,电力变压器,武侯110kV变电站,0.416,0.579,39.17,0.518,0.709,36.82,45.133,66.933,48.3,60.367,84.033,39.2,9944.667,7357.0,-26.02,0.004,0.005,51.01,7.4,7.7,4.05,,,
EQ-0070,2023-04-25 00:00:00,电力变压器,南沙110kV变电站,0.466,0.597,28.07,0.578,0.742,28.3,50.233,72.333,43.99,65.867,89.1,35.27,8965.667,8711.667,-2.83,0.004,0.005,52.32,6.3,7.7,22.22,,,
EQ-0107,2023-04-25 00:00:00,电力变压器,张江110kV变电站,0.363,0.523,43.96,0.451,0.652,44.62,47.267,69.633,47.32,61.567,85.167,38.33,9592.333,9007.333,-6.1,0.005,0.003,-36.82,8.733,12.067,38.17,,,
EQ-0028,2023-04-26 00:00:00,避雷器,龙华220kV变电站,0.516,0.728,41.18,0.637,0.882,38.58,,,,,,,,,,,,,,,,,,
EQ-0135,2023-04-26 00:00:00,断路器,临港110kV变电站,0.477,0.639,34.09,0.603,0.795,31.75,,,,,,,8874.0,9640.333,8.64,,,,,,,0.516,0.473,-8.27
EQ-0073,2023-04-26 00:00:00,断路器,南沙110kV变电站,0.459,0.637,38.77,0.576,0.81,40.61,,,,,,,11267.0,10619.333,-5.75,,,,,,,0.507,0.515,1.71
EQ-0083,2023-05-07 00:00:00,避雷器,南沙110kV变电站,0.567,0.823,45.03,0.733,0.981,33.95,,,,,,,,,,,,,,,,,,
EQ-0309,2023-04-26 00:00:00,避雷器,武昌110kV变电站,0.488,0.628,28.75,0.614,0.752,22.46,,,,,,,,,,,,,,,,,,
EQ-0168,2023-04-26 00:00:00,隔离开关,苏州工业园220kV变电站,0.542,0.727,34.09,0.682,0.901,32.04,,,,,,,,,,,,,,,,,,
EQ-0397,2023-04-26 00:00:00,断路器,成都高新35kV变电站,0.513,0.685,33.65,0.668,0.857,28.16,,,,,,,6916.667,9219.0,33.29,,,,,,,0.495,0.525,6.06
EQ-0018,2023-05-26 00:00:00,隔离开关,龙华220kV变电站,0.412,0.659,59.71,0.523,0.812,55.28,,,,,,,,,,,,,,,,,,
EQ-0435,2023-04-26 00:00:00,电容器组,大连开发区35kV变电站,0.439,0.588,33.93,0.555,0.76,36.97,,,,,,,,,,0.005,0.005,-3.66,,,,,,
EQ-0390,2023-04-26 00:00:00,避雷器,重庆两江220kV变电站,0.44,0.567,28.92,0.562,0.748,33.02,,,,,,,,,,,,,,,,,,
EQ-0123,2023-04-27 00:00:00,避雷器,张江110kV变电站,0.408,0.545,33.49,0.51,0.686,34.56,,,,,,,,,,,,,,,,,,
EQ-0220,2023-05-02 00:00:00,断路器,亦庄110kV变电站,0.558,0.851,52.42,0.694,1.001,44.26,,,,,,,9447.667,7229.0,-23.48,,,,,,,0.507,0.47,-7.3
EQ-0266,2023-04-27 00:00:00,隔离开关,天津滨海220kV变电站,0.42,0.56,33.24,0.509,0.713,40.03,,,,,,,,,,,,,,,,,,
EQ-0029,2023-04-27 00:00:00,避雷器,龙华220kV变电站,0.582,0.769,32.2,0.757,0.938,23.83,,,,,,,,,,,,,,,,,,
EQ-0269,2023-04-27 00:00:00,隔离开关,天津滨海220kV变电站,0.489,0.651,33.26,0.608,0.802,31.99,,,,,,,,,,,,,,,,,,
EQ-0340,2023-04-27 00:00:00,电容器组,长沙星沙110kV变电站,0.538,0.727,35.24,0.675,0.925,37.0,,,,,,,,,,0.004,0.005,5.11,,,,,,
EQ-0044,2023-04-27 00:00:00,断路器,松山湖220kV变电站,0.453,0.619,36.65,0.562,0.773,37.49,,,,,,,9109.667,8613.667,-5.44,,,,,,,0.507,0.471,-6.97
EQ-0371,2023-04-27 00:00:00,断路器,重庆两江220kV变电站,0.444,0.649,46.1,0.582,0.824,41.75,,,,,,,9473.0,8623.333,-8.97,,,,,,,0.488,0.492,0.68
EQ-0429,2023-05-15 00:00:00,断路器,大连开发区35kV变电站,0.535,0.759,41.8,0.693,0.929,34.05,,,,,,,8871.333,7254.333,-18.23,,,,,,,0.491,0.479,-2.51
EQ-0207,2023-04-27 00:00:00,隔离开关,昆山35kV变电站,0.546,0.713,30.45,0.666,0.902,35.48,,,,,,,,,,,,,,,,,,
EQ-0437,2023-05-24 00:00:00,避雷器,大连开发区35kV变电站,0.441,0.674,52.66,0.576,0.881,53.1,,,,,,,,,,,,,,,,,,
EQ-0307,2023-04-28 00:00:00,电容器组,武昌110kV变电站,0.459,0.559,21.72,0.591,0.677,14.55,,,,,,,,,,0.003,0.004,26.9,,,,,,
EQ-0148,2023-05-21 00:00:00,电力变压器,苏州工业园220kV变电站,0.489,0.747,52.71,0.633,0.884,39.66,56.033,77.7,38.67,71.2,97.667,37.17,8041.667,8189.0,1.83,0.006,0.005,-19.04,11.267,10.533,-6.51,,,
EQ-0308,2023-04-28 00:00:00,电容器组,武昌110kV变电站,0.459,0.646,40.66,0.59,0.779,32.04,,,,,,,,,,0.004,0.004,-0.94,,,,,,
EQ-0262,2023-04-28 00:00:00,断路器,天津滨海220kV变电站,0.479,0.64,33.52,0.623,0.813,30.54,,,,,,,10508.333,8910.0,-15.21,,,,,,,0.485,0.475,-2.06
EQ-0422,2023-04-28 00:00:00,避雷器,沈阳浑南110kV变电站,0.553,0.726,31.15,0.729,0.908,24.54,,,,,,,,,,,,,,,,,,
EQ-0118,2023-04-28 00:00:00,隔离开关,张江110kV变电站,0.532,0.738,38.62,0.619,0.899,45.24,,,,,,,,,,,,,,,,,,
EQ-0279,2023-04-28 00:00:00,GIS组合电器,天津滨海220kV变电站,0.507,0.61,20.27,0.612,0.759,24.03,47.233,64.4,36.34,61.133,81.5,33.32,10751.0,7015.333,-34.75,,,,12.933,9.167,-29.12,0.482,0.458,-4.84
EQ-0100,2023-04-28 00:00:00,电容器组,前海110kV变电站,0.575,0.69,20.11,0.701,0.868,23.9,,,,,,,,,,0.004,0.004,6.71,,,,,,
EQ-0343,2023-05-13 00:00:00,避雷器,长沙星沙110kV变电站,0.528,0.815,54.37,0.677,1.02,50.69,,,,,,,,,,,,,,,,,,
EQ-0084,2023-05-16 00:00:00,避雷器,南沙110kV变电站,0.586,0.886,51.1,0.738,1.055,42.97,,,,,,,,,,,,,,,,,,
EQ-0337,2023-04-28 00:00:00,隔离开关,长沙星沙110kV变电站,0.53,0.703,32.78,0.684,0.82,19.93,,,,,,,,,,,,,,,,,,
EQ-0272,2023-04-26 00:00:00,电容器组,天津滨海220kV变电站,0.501,0.66,31.73,0.625,0.807,29.09,,,,,,,,,,0.003,0.004,40.0,,,,,,
EQ-0039,2023-04-28 00:00:00,电力变压器,松山湖220kV变电站,0.535,0.704,31.61,0.656,0.869,32.45,58.333,78.367,34.34,74.833,96.133,28.46,11866.333,7770.333,-34.52,0.003,0.005,66.43,7.067,7.2,1.89,,,
EQ-0181,2023-04-29 00:00:00,GIS组合电器,苏州工业园220kV变电站,0.455,0.656,44.29,0.532,0.81,52.15,49.6,75.6,52.42,63.933,96.4,50.78,9747.0,8637.667,-11.38,,,,5.133,11.933,132.47,0.522,0.498,-4.66
EQ-0096,2023-04-29 00:00:00,隔离开关,前海110kV变电站,0.477,0.632,32.42,0.606,0.782,28.91,,,,,,,,,,,,,,,,,,
EQ-0320,2023-05-06 00:00:00,隔离开关,江夏35kV变电站,0.414,0.633,52.91,0.513,0.757,47.74,,,,,,,,,,,,,,,,,,
EQ-0318,2023-04-29 00:00:00,断路器,江夏35kV变电站,0.435,0.598,37.63,0.534,0.746,39.7,,,,,,,7606.333,9247.333,21.57,,,,,,,0.475,0.474,-0.14
EQ-0265,2023-04-29 00:00:00,隔离开关,天津滨海220kV变电站,0.479,0.645,34.49,0.587,0.806,37.31,,,,,,,,,,,,,,,,,,
EQ-0264,2023-05-06 00:00:00,隔离开关,天津滨海220kV变电站,0.564,0.852,51.0,0.703,1.02,45.07,,,,,,,,,,,,,,,,,,
EQ-0186,2023-05-19 00:00:00,断路器,杭州滨江110kV变电站,0.552,0.839,51.85,0.692,1.024,48.1,,,,,,,9830.0,6090.333,-38.04,,,,,,,0.527,0.489,-7.27
EQ-0277,2023-04-29 00:00:00,避雷器,天津滨海220kV变电站,0.446,0.604,35.57,0.54,0.771,42.72,,,,,,,,,,,,,,,,,,
EQ-0097,2023-04-29 00:00:00,隔离开关,前海110kV变电站,0.479,0.652,36.24,0.604,0.798,32.15,,,,,,,,,,,,,,,,,,
EQ-0203,2023-04-29 00:00:00,断路器,昆山35kV变电站,0.438,0.596,36.12,0.557,0.737,32.31,,,,,,,6567.0,7642.0,16.37,,,,,,,0.521,0.441,-15.3
EQ-0377,2023-04-29 00:00:00,隔离开关,重庆两江220kV变电站,0.447,0.621,38.85,0.546,0.776,42.14,,,,,,,,,,,,,,,,,,
EQ-0393,2023-04-29 00:00:00,GIS组合电器,重庆两江220kV变电站,0.496,0.684,37.87,0.603,0.861,42.79,47.533,69.067,45.3,62.367,85.9,37.73,9218.667,8436.0,-8.49,,,,12.233,11.2,-8.45,0.462,0.458,-0.79
EQ-0389,2023-04-29 00:00:00,避雷器,重庆两江220kV变电站,0.445,0.593,33.19,0.57,0.731,28.22,,,,,,,,,,,,,,,,,,
EQ-0259,2023-05-27 00:00:00,断路器,天津滨海220kV变电站,0.423,0.6,41.7,0.544,0.77,41.62,,,,,,,8371.0,6979.0,-16.63,,,,,,,0.509,0.483,-5.17
EQ-0215,2023-04-29 00:00:00,电力变压器,亦庄110kV变电站,0.461,0.614,33.11,0.569,0.792,39.22,44.2,63.2,42.99,57.5,81.0,40.87,8439.0,7706.333,-8.68,0.004,0.006,36.73,11.233,13.4,19.29,,,
EQ-0030,2023-04-29 00:00:00,避雷器,龙华220kV变电站,0.532,0.723,35.85,0.666,0.871,30.65,,,,,,,,,,,,,,,,,,
EQ-0378,2023-04-29 00:00:00,隔离开关,重庆两江220kV变电站,0.429,0.545,27.04,0.521,0.666,27.84,,,,,,,,,,,,,,,,,,
EQ-0086,2023-04-29 00:00:00,GIS组合电器,南沙110kV变电站,0.505,0.697,37.94,0.647,0.861,33.14,58.067,76.3,31.4,75.367,95.6,26.85,8368.0,10138.333,21.16,,,,10.167,6.7,-34.1,0.477,0.509,6.78
EQ-0291,2023-04-30 00:00:00,电容器组,石家庄高新35kV变电站,0.547,0.736,34.55,0.691,0.902,30.63,,,,,,,,,,0.004,0.005,37.93,,,,,,
EQ-0242,2023-04-30 00:00:00,断路器,通州35kV变电站,0.58,0.726,25.14,0.702,0.878,25.03,,,,,,,9663.0,9432.667,-2.38,,,,,,,0.481,0.485,0.9
EQ-0413,2023-04-30 00:00:00,断路器,沈阳浑南110kV变电站,0.468,0.618,32.11,0.591,0.796,34.62,,,,,,,7631.667,7066.0,-7.41,,,,,,,0.495,0.47,-5.05
EQ-0316,2023-04-30 00:00:00,断路器,江夏35kV变电站,0.542,0.719,32.64,0.696,0.924,32.7,,,,,,,7990.333,7949.0,-0.52,,,,,,,0.48,0.476,-0.76
EQ-0399,2023-04-30 00:00:00,断路器,成都高新35kV变电站,0.549,0.757,37.69,0.688,0.968,40.63,,,,,,,10900.0,7728.0,-29.1,,,,,,,0.501,0.478,-4.72
EQ-0119,2023-04-30 00:00:00,隔离开关,张江110kV变电站,0.436,0.597,36.95,0.538,0.723,34.49,,,,,,,,,,,,,,,,,,
EQ-0290,2023-05-06 00:00:00,电容器组,石家庄高新35kV变电站,0.529,0.781,47.63,0.669,1.016,51.81,,,,,,,,,,0.004,0.005,27.29,,,,,,
EQ-0232,2023-04-30 00:00:00,避雷器,亦庄110kV变电站,0.486,0.678,39.73,0.611,0.87,42.38,,,,,,,,,,,,,,,,,,
EQ-0287,2023-04-30 00:00:00,隔离开关,石家庄高新35kV变电站,0.465,0.576,24.03,0.603,0.727,20.48,,,,,,,,,,,,,,,,,,
EQ-0082,2023-05-10 00:00:00,避雷器,南沙110kV变电站,0.56,0.804,43.6,0.688,1.01,46.95,,,,,,,,,,,,,,,,,,
EQ-0349,2023-04-30 00:00:00,断路器,武侯110kV变电站,0.416,0.543,30.4,0.516,0.68,31.71,,,,,,,9075.333,7670.667,-15.48,,,,,,,0.518,0.518,0.06
EQ-0296,2023-04-30 00:00:00,电力变压器,武昌110kV变电站,0.504,0.679,34.72,0.648,0.843,30.08,50.4,75.333,49.47,64.433,93.367,44.9,10282.0,8920.333,-13.24,0.004,0.005,3.68,6.967,9.967,43.06,,,
EQ-0293,2023-05-22 00:00:00,避雷器,石家庄高新35kV变电站,0.514,0.748,45.34,0.622,0.966,55.39,,,,,,,,,,,,,,,,,,
EQ-0008,2023-05-02 00:00:00,断路器,龙华220kV变电站,0.434,0.607,39.87,0.568,0.769,35.38,,,,,,,8543.0,7594.667,-11.1,,,,,,,0.512,0.483,-5.67
EQ-0438,2023-05-17 00:00:00,避雷器,大连开发区35kV变电站,0.487,0.704,44.66,0.582,0.873,49.9,,,,,,,,,,,,,,,,,,
EQ-0106,2023-05-04 06:19:00,GIS组合电器,前海110kV变电站,0.493,0.734,48.8,0.618,0.905,46.45,62.033,81.1,30.74,76.3,101.033,32.42,9762.667,10359.667,6.12,,,,9.2,8.167,-11.23,0.504,0.498,-1.32
EQ-0220,2023-05-07 00:00:00,断路器,亦庄110kV变电站,0.558,0.851,52.42,0.694,1.001,44.26,,,,,,,9447.667,7229.0,-23.48,,,,,,,0.507,0.47,-7.3
EQ-0292,2023-06-07 00:00:00,避雷器,石家庄高新35kV变电站,0.523,0.631,20.79,0.653,0.771,18.06,,,,,,,,,,,,,,,,,,
EQ-0152,2023-05-12 00:00:00,电力变压器,苏州工业园220kV变电站,0.539,0.813,50.77,0.686,0.967,41.06,55.467,79.4,43.15,71.933,98.6,37.07,10218.667,9279.667,-9.19,0.004,0.006,69.13,6.533,8.233,26.02,,,
EQ-0369,2023-05-13 00:00:00,断路器,重庆两江220kV变电站,0.533,0.741,38.99,0.63,0.877,39.26,,,,,,,8574.667,7886.0,-8.03,,,,,,,0.503,0.48,-4.51
EQ-0022,2023-05-19 00:00:00,隔离开关,龙华220kV变电站,0.503,0.761,51.2,0.65,0.953,46.59,,,,,,,,,,,,,,,,,,
EQ-0291,2023-06-05 00:00:00,电容器组,石家庄高新35kV变电站,0.616,0.801,30.11,0.763,0.985,29.11,,,,,,,,,,0.004,0.006,42.36,,,,,,
EQ-0272,2023-05-17 00:00:00,电容器组,天津滨海220kV变电站,0.501,0.782,56.04,0.635,0.933,46.86,,,,,,,,,,0.003,0.004,21.02,,,,,,
EQ-0190,2023-05-20 00:00:00,隔离开关,杭州滨江110kV变电站,0.467,0.71,52.12,0.6,0.925,53.99,,,,,,,,,,,,,,,,,,
EQ-0354,2023-06-09 00:00:00,隔离开关,武侯110kV变电站,0.452,0.635,40.41,0.584,0.798,36.72,,,,,,,,,,,,,,,,,,
EQ-0349,2023-06-10 00:00:00,断路器,武侯110kV变电站,0.467,0.635,36.11,0.565,0.787,39.21,,,,,,,8599.0,9456.0,9.97,,,,,,,0.511,0.495,-3.2
EQ-0102,2023-05-23 00:00:00,避雷器,前海110kV变电站,0.525,0.769,46.56,0.663,0.996,50.31,,,,,,,,,,,,,,,,,,
EQ-0437,2023-05-26 00:00:00,避雷器,大连开发区35kV变电站,0.441,0.674,52.66,0.576,0.881,53.1,,,,,,,,,,,,,,,,,,
EQ-0439,2023-05-25 00:00:00,避雷器,大连开发区35kV变电站,0.456,0.653,43.04,0.57,0.791,38.86,,,,,,,,,,,,,,,,,,
EQ-0300,2023-05-25 00:00:00,断路器,武昌110kV变电站,0.54,0.758,40.23,0.682,0.955,40.03,,,,,,,9754.667,8076.333,-17.21,,,,,,,0.514,0.479,-6.68
EQ-0206,2023-06-09 00:00:00,断路器,昆山35kV变电站,0.616,0.828,34.34,0.735,1.023,39.15,,,,,,,7525.333,9519.0,26.49,,,,,,,0.455,0.47,3.45
EQ-0180,2023-05-25 05:56:00,GIS组合电器,苏州工业园220kV变电站,0.406,0.597,47.02,0.509,0.733,43.99,56.533,68.0,20.28,71.367,85.933,20.41,9611.333,7711.667,-19.76,,,,15.967,8.567,-46.35,0.48,0.464,-3.33
EQ-0071,2023-05-26 00:51:00,断路器,南沙110kV变电站,0.417,0.616,47.79,0.53,0.785,48.14,,,,,,,10938.333,11855.667,8.39,,,,,,,0.474,0.49,3.45
EQ-0141,2023-05-29 00:00:00,电容器组,临港110kV变电站,0.498,0.701,40.7,0.602,0.897,49.11,,,,,,,,,,0.003,0.003,6.93,,,,,,
EQ-0049,2023-05-30 00:00:00,断路器,松山湖220kV变电站,0.478,0.683,42.79,0.623,0.839,34.67,,,,,,,9750.0,8809.333,-9.65,,,,,,,0.514,0.478,-7.07
EQ-0111,2023-05-30 00:00:00,断路器,张江110kV变电站,0.515,0.752,45.83,0.641,0.97,51.24,,,,,,,10238.333,8166.0,-20.24,,,,,,,0.496,0.498,0.34
EQ-0007,2023-05-30 00:00:00,断路器,龙华220kV变电站,0.49,0.693,41.26,0.582,0.901,54.69,,,,,,,9934.333,6917.0,-30.37,,,,,,,0.494,0.486,-1.49
EQ-0011,2023-06-01 00:00:00,断路器,龙华220kV变电站,0.422,0.646,53.18,0.515,0.793,53.92,,,,,,,10123.667,8623.0,-14.82,,,,,,,0.474,0.481,1.48
EQ-0134,2023-06-01 00:00:00,断路器,临港110kV变电站,0.458,0.658,43.76,0.567,0.806,42.12,,,,,,,8356.0,10403.0,24.5,,,,,,,0.495,0.496,0.2
EQ-0243,2023-05-31 00:00:00,断路器,通州35kV变电站,0.438,0.635,44.83,0.545,0.791,45.12,,,,,,,9080.667,8224.0,-9.43,,,,,,,0.473,0.479,1.2
EQ-0249,2023-06-01 00:00:00,避雷器,通州35kV变电站,0.479,0.693,44.6,0.601,0.879,46.13,,,,,,,,,,,,,,,,,,
EQ-0154,2023-06-01 00:00:00,断路器,苏州工业园220kV变电站,0.471,0.724,53.59,0.6,0.934,55.8,,,,,,,9663.0,9872.667,2.17,,,,,,,0.468,0.455,-2.78
EQ-0417,2023-06-15 00:00:00,隔离开关,沈阳浑南110kV变电站,0.493,0.63,27.78,0.611,0.746,22.15,,,,,,,,,,,,,,,,,,
EQ-0057,2023-06-01 00:00:00,电容器组,松山湖220kV变电站,0.573,0.843,47.09,0.713,1.008,41.46,,,,,,,,,,0.005,0.005,0.0,,,,,,
EQ-0040,2023-06-01 00:00:00,电力变压器,松山湖220kV变电站,0.584,0.817,40.01,0.739,1.001,35.43,65.133,79.933,22.72,82.467,101.767,23.4,9317.333,8991.0,-3.5,0.004,0.005,23.25,12.467,4.233,-66.04,,,
EQ-0033,2023-06-01 00:00:00,避雷器,龙华220kV变电站,0.509,0.772,51.57,0.631,0.985,56.25,,,,,,,,,,,,,,,,,,
EQ-0260,2023-06-27 00:00:00,断路器,天津滨海220kV变电站,0.638,0.814,27.52,0.804,1.02,26.92,,,,,,,7833.333,8431.333,7.63,,,,,,,0.5,0.481,-3.67
EQ-0160,2023-06-01 00:00:00,断路器,苏州工业园220kV变电站,0.426,0.656,53.85,0.551,0.835,51.6,,,,,,,7361.333,6828.0,-7.25,,,,,,,0.485,0.475,-1.99
EQ-0171,2023-06-27 00:00:00,电容器组,苏州工业园220kV变电站,0.529,0.706,33.59,0.65,0.922,41.78,,,,,,,,,,0.004,0.004,0.0,,,,,,
EQ-0043,2023-06-02 00:00:00,断路器,松山湖220kV变电站,0.47,0.647,37.63,0.607,0.791,30.15,,,,,,,8284.667,8485.0,2.42,,,,,,,0.48,0.492,2.43
EQ-0027,2023-06-02 00:00:00,避雷器,龙华220kV变电站,0.569,0.807,41.85,0.684,0.998,45.96,,,,,,,,,,,,,,,,,,
EQ-0421,2023-06-02 00:00:00,电容器组,沈阳浑南110kV变电站,0.491,0.693,41.02,0.632,0.849,34.37,,,,,,,,,,0.005,0.004,-26.59,,,,,,
EQ-0133,2023-06-02 00:00:00,断路器,临港110kV变电站,0.482,0.58,20.3,0.624,0.741,18.67,,,,,,,9609.0,8238.333,-14.26,,,,,,,0.497,0.478,-3.82
EQ-0402,2023-06-02 00:00:00,隔离开关,成都高新35kV变电站,0.571,0.781,36.79,0.682,0.984,44.42,,,,,,,,,,,,,,,,,,
EQ-0118,2023-05-29 00:00:00,隔离开关,张江110kV变电站,0.557,0.809,45.35,0.672,1.0,48.82,,,,,,,,,,,,,,,,,,
EQ-0142,2023-06-02 00:00:00,电容器组,临港110kV变电站,0.56,0.765,36.67,0.694,0.922,32.91,,,,,,,,,,0.003,0.003,-3.92,,,,,,
EQ-0407,2023-06-02 00:00:00,避雷器,成都高新35kV变电站,0.467,0.608,30.19,0.608,0.737,21.37,,,,,,,,,,,,,,,,,,
EQ-0269,2023-06-02 00:00:00,隔离开关,天津滨海220kV变电站,0.555,0.737,32.74,0.671,0.963,43.58,,,,,,,,,,,,,,,,,,
EQ-0252,2023-06-02 00:00:00,电力变压器,天津滨海220kV变电站,0.476,0.653,37.05,0.613,0.815,32.91,56.133,69.933,24.58,72.233,86.1,19.2,7211.333,8442.333,17.07,0.006,0.005,-21.84,13.2,8.967,-32.07,,,
EQ-0185,2023-06-02 00:00:00,断路器,杭州滨江110kV变电站,0.609,0.815,33.93,0.759,0.995,31.14,,,,,,,9452.333,8247.0,-12.75,,,,,,,0.517,0.479,-7.29
EQ-0190,2023-06-02 00:00:00,隔离开关,杭州滨江110kV变电站,0.527,0.693,31.58,0.683,0.873,27.71,,,,,,,,,,,,,,,,,,
EQ-0295,2023-06-02 00:00:00,电力变压器,武昌110kV变电站,0.596,0.738,23.84,0.747,0.904,21.01,65.067,75.267,15.68,82.4,95.467,15.86,10192.667,7416.667,-27.24,0.005,0.004,-25.28,8.7,4.333,-50.19,,,
EQ-0048,2023-06-03 00:00:00,断路器,松山湖220kV变电站,0.56,0.733,30.77,0.71,0.918,29.35,,,,,,,10481.333,9248.0,-11.77,,,,,,,0.469,0.488,4.2
EQ-0286,2023-06-03 00:00:00,断路器,石家庄高新35kV变电站,0.54,0.691,27.96,0.692,0.877,26.87,,,,,,,9856.333,7182.667,-27.13,,,,,,,0.503,0.486,-3.25
EQ-0355,2023-06-03 00:00:00,隔离开关,武侯110kV变电站,0.531,0.636,19.89,0.671,0.758,12.96,,,,,,,,,,,,,,,,,,
EQ-0196,2023-06-10 00:00:00,避雷器,杭州滨江110kV变电站,0.522,0.675,29.27,0.642,0.852,32.73,,,,,,,,,,,,,,,,,,
EQ-0067,2023-07-01 00:00:00,GIS组合电器,松山湖220kV变电站,0.603,0.692,14.71,0.716,0.866,20.92,67.333,76.933,14.26,83.467,93.7,12.26,8209.667,8162.667,-0.57,,,,7.633,7.8,2.18,0.496,0.487,-1.88
EQ-0132,2023-06-25 00:00:00,断路器,临港110kV变电站,0.589,0.81,37.56,0.704,1.039,47.61,,,,,,,10252.333,10437.0,1.8,,,,,,,0.457,0.506,10.8
EQ-0050,2023-06-10 00:00:00,断路器,松山湖220kV变电站,0.534,0.677,26.77,0.683,0.831,21.57,,,,,,,9385.0,9768.333,4.08,,,,,,,0.487,0.508,4.38
EQ-0261,2023-06-03 00:00:00,断路器,天津滨海220kV变电站,0.628,0.807,28.49,0.771,0.967,25.38,,,,,,,8663.333,8193.333,-5.43,,,,,,,0.502,0.504,0.4
EQ-0266,2023-06-03 00:00:00,隔离开关,天津滨海220kV变电站,0.479,0.626,30.53,0.62,0.79,27.48,,,,,,,,,,,,,,,,,,
EQ-0262,2023-06-08 00:00:00,断路器,天津滨海220kV变电站,0.535,0.719,34.29,0.677,0.906,33.83,,,,,,,8319.667,9088.667,9.24,,,,,,,0.466,0.496,6.44
EQ-0120,2023-06-03 00:00:00,隔离开关,张江110kV变电站,0.497,0.643,29.53,0.623,0.828,32.91,,,,,,,,,,,,,,,,,,
EQ-0335,2023-06-03 00:00:00,隔离开关,长沙星沙110kV变电站,0.645,0.766,18.71,0.819,0.96,17.16,,,,,,,,,,,,,,,,,,
EQ-0323,2023-06-03 00:00:00,电容器组,江夏35kV变电站,0.557,0.721,29.41,0.708,0.896,26.52,,,,,,,,,,0.005,0.004,-15.12,,,,,,
EQ-0400,2023-06-03 00:00:00,隔离开关,成都高新35kV变电站,0.572,0.767,34.07,0.682,0.958,40.55,,,,,,,,,,,,,,,,,,
EQ-0404,2023-06-03 00:00:00,电容器组,成都高新35kV变电站,0.616,0.841,36.62,0.747,0.995,33.08,,,,,,,,,,0.004,0.004,9.67,,,,,,
EQ-0174,2023-06-03 00:00:00,避雷器,苏州工业园220kV变电站,0.523,0.725,38.56,0.677,0.922,36.24,,,,,,,,,,,,,,,,,,
EQ-0363,2023-06-17 00:00:00,避雷器,武侯110kV变电站,0.493,0.621,25.96,0.643,0.775,20.48,,,,,,,,,,,,,,,,,,
EQ-0302,2023-06-03 00:00:00,断路器,武昌110kV变电站,0.529,0.678,28.22,0.674,0.818,21.27,,,,,,,7660.0,8916.0,16.4,,,,,,,0.475,0.469,-1.19
EQ-0192,2023-06-03 00:00:00,隔离开关,杭州滨江110kV变电站,0.614,0.785,27.78,0.794,0.92,15.85,,,,,,,,,,,,,,,,,,
EQ-0123,2023-06-03 00:00:00,避雷器,张江110kV变电站,0.464,0.614,32.55,0.575,0.791,37.41,,,,,,,,,,,,,,,,,,
EQ-0342,2023-06-11 00:00:00,避雷器,长沙星沙110kV变电站,0.462,0.62,34.16,0.562,0.798,42.09,,,,,,,,,,,,,,,,,,
EQ-0296,2023-06-08 00:00:00,电力变压器,武昌110kV变电站,0.578,0.779,34.85,0.734,0.923,25.72,65.4,78.567,20.13,82.033,96.633,17.8,7757.667,7862.333,1.35,0.005,0.003,-27.56,8.167,9.633,17.96,,,
EQ-0358,2023-06-04 00:00:00,电容器组,武侯110kV变电站,0.582,0.782,34.39,0.73,1.005,37.72,,,,,,,,,,0.005,0.005,7.61,,,,,,
EQ-0058,2023-06-04 00:00:00,电容器组,松山湖220kV变电站,0.628,0.848,35.19,0.811,1.06,30.58,,,,,,,,,,0.004,0.005,21.66,,,,,,
EQ-0161,2023-06-04 00:00:00,断路器,苏州工业园220kV变电站,0.47,0.62,31.91,0.601,0.769,27.92,,,,,,,8797.0,7909.333,-10.09,,,,,,,0.473,0.472,-0.07
EQ-0360,2023-06-04 00:00:00,避雷器,武侯110kV变电站,0.581,0.833,43.27,0.703,1.048,48.97,,,,,,,,,,,,,,,,,,
EQ-0194,2023-06-04 00:00:00,电容器组,杭州滨江110kV变电站,0.446,0.591,32.69,0.553,0.748,35.17,,,,,,,,,,0.005,0.004,-20.24,,,,,,
EQ-0287,2023-06-04 00:00:00,隔离开关,石家庄高新35kV变电站,0.491,0.658,33.88,0.61,0.856,40.31,,,,,,,,,,,,,,,,,,
EQ-0001,2023-06-27 00:00:00,电力变压器,龙华220kV变电站,0.521,0.667,27.89,0.664,0.818,23.22,65.7,75.8,15.37,83.267,93.533,12.33,8395.0,7758.333,-7.58,0.004,0.005,38.44,11.1,8.867,-20.12,,,
EQ-0098,2023-06-04 00:00:00,隔离开关,前海110kV变电站,0.53,0.725,36.7,0.632,0.875,38.3,,,,,,,,,,,,,,,,,,
EQ-0205,2023-06-04 00:00:00,断路器,昆山35kV变电站,0.509,0.623,22.4,0.634,0.8,26.2,,,,,,,7663.0,7844.0,2.36,,,,,,,0.443,0.48,8.51
EQ-0020,2023-06-04 00:00:00,隔离开关,龙华220kV变电站,0.516,0.645,25.08,0.637,0.792,24.4,,,,,,,,,,,,,,,,,,
EQ-0022,2023-06-10 00:00:00,隔离开关,龙华220kV变电站,0.548,0.761,38.73,0.715,0.953,33.25,,,,,,,,,,,,,,,,,,
EQ-0367,2023-06-05 00:00:00,电力变压器,重庆两江220kV变电站,0.53,0.696,31.4,0.674,0.835,24.05,59.7,74.6,24.96,76.333,90.267,18.25,9661.333,6684.333,-30.81,0.005,0.005,-4.13,13.4,8.667,-35.32,,,
EQ-0214,2023-06-05 00:00:00,避雷器,昆山35kV变电站,0.578,0.762,31.77,0.702,0.954,35.91,,,,,,,,,,,,,,,,,,
EQ-0039,2023-06-26 00:00:00,电力变压器,松山湖220kV变电站,0.604,0.8,32.42,0.719,1.016,41.29,71.233,82.633,16.0,87.333,102.5,17.37,9090.333,8379.0,-7.83,0.004,0.004,-15.18,8.5,6.267,-26.27,,,
EQ-0434,2023-06-05 00:00:00,隔离开关,大连开发区35kV变电站,0.489,0.637,30.23,0.598,0.816,36.4,,,,,,,,,,,,,,,,,,
EQ-0334,2023-06-10 00:00:00,断路器,长沙星沙110kV变电站,0.499,0.71,42.21,0.652,0.877,34.4,,,,,,,11018.0,10027.0,-8.99,,,,,,,0.509,0.502,-1.38
EQ-0353,2023-06-05 00:00:00,断路器,武侯110kV变电站,0.585,0.732,25.2,0.744,0.884,18.77,,,,,,,11775.0,9794.667,-16.82,,,,,,,0.504,0.496,-1.46
EQ-0034,2023-05-30 00:00:00,避雷器,龙华220kV变电站,0.499,0.743,48.84,0.646,0.873,35.16,,,,,,,,,,,,,,,,,,
EQ-0294,2023-06-20 00:00:00,避雷器,石家庄高新35kV变电站,0.605,0.801,32.51,0.768,0.979,27.46,,,,,,,,,,,,,,,,,,
EQ-0076,2023-06-05 00:00:00,隔离开关,南沙110kV变电站,0.483,0.658,36.11,0.584,0.836,43.19,,,,,,,,,,,,,,,,,,
EQ-0357,2023-06-05 00:00:00,隔离开关,武侯110kV变电站,0.574,0.729,26.91,0.712,0.922,29.47,,,,,,,,,,,,,,,,,,
EQ-0204,2023-06-05 00:00:00,断路器,昆山35kV变电站,0.506,0.661,30.79,0.661,0.842,27.4,,,,,,,7064.333,8887.333,25.81,,,,,,,0.521,0.503,-3.39
EQ-0255,2023-06-05 00:00:00,电力变压器,天津滨海220kV变电站,0.598,0.78,30.58,0.768,0.965,25.63,61.167,73.867,20.76,77.967,91.667,17.57,8238.667,9446.0,14.65,0.003,0.006,86.61,10.6,11.133,5.03,,,
EQ-0234,2023-06-06 00:00:00,避雷器,亦庄110kV变电站,0.444,0.612,37.88,0.54,0.77,42.66,,,,,,,,,,,,,,,,,,
EQ-0395,2023-06-06 00:00:00,电力变压器,成都高新35kV变电站,0.502,0.652,29.98,0.653,0.789,20.73,58.5,74.167,26.78,74.833,92.267,23.3,10043.667,8615.0,-14.22,0.004,0.004,18.89,10.067,5.467,-45.7,,,
EQ-0265,2023-06-06 00:00:00,隔离开关,天津滨海220kV变电站,0.557,0.756,35.75,0.694,0.937,35.05,,,,,,,,,,,,,,,,,,
EQ-0356,2023-06-06 00:00:00,隔离开关,武侯110kV变电站,0.497,0.658,32.34,0.612,0.846,38.24,,,,,,,,,,,,,,,,,,
EQ-0015,2023-06-06 00:00:00,断路器,龙华220kV变电站,0.47,0.632,34.41,0.582,0.77,32.18,,,,,,,8332.0,8805.333,5.68,,,,,,,0.481,0.48,-0.28
EQ-0411,2023-06-06 00:00:00,断路器,沈阳浑南110kV变电站,0.653,0.876,34.09,0.827,1.052,27.24,,,,,,,9012.0,7690.0,-14.67,,,,,,,0.483,0.468,-3.1
EQ-0088,2023-06-06 00:00:00,电力变压器,前海110kV变电站,0.499,0.668,33.9,0.655,0.856,30.8,64.5,80.4,24.65,79.6,98.533,23.79,10968.0,8376.667,-23.63,0.003,0.004,29.91,12.567,10.5,-16.45,,,
EQ-0221,2023-06-06 00:00:00,断路器,亦庄110kV变电站,0.639,0.819,28.05,0.795,0.986,24.07,,,,,,,8534.667,8949.333,4.86,,,,,,,0.494,0.469,-5.19
EQ-0131,2023-06-18 00:00:00,电力变压器,临港110kV变电站,0.452,0.621,37.47,0.588,0.733,24.61,54.667,73.867,35.12,70.167,91.633,30.59,9702.333,9926.333,2.31,0.004,0.005,39.01,5.9,5.533,-6.21,,,
EQ-0103,2023-06-06 00:00:00,避雷器,前海110kV变电站,0.596,0.768,29.0,0.752,0.951,26.42,,,,,,,,,,,,,,,,,,
EQ-0176,2023-06-11 00:00:00,避雷器,苏州工业园220kV变电站,0.618,0.793,28.19,0.739,0.95,28.49,,,,,,,,,,,,,,,,,,
EQ-0187,2023-06-06 00:00:00,断路器,杭州滨江110kV变电站,0.624,0.817,30.95,0.767,0.973,26.89,,,,,,,9222.0,8618.0,-6.55,,,,,,,0.51,0.474,-7.05
EQ-0188,2023-06-07 00:00:00,断路器,杭州滨江110kV变电站,0.635,0.832,31.06,0.772,0.976,26.44,,,,,,,9226.667,8157.0,-11.59,,,,,,,0.468,0.464,-0.78
EQ-0297,2023-06-07 00:00:00,电力变压器,武昌110kV变电站,0.461,0.576,24.98,0.574,0.733,27.74,58.733,69.3,17.99,74.0,85.833,15.99,9161.333,7509.0,-18.04,0.005,0.004,-15.63,6.5,11.433,75.9,,,
EQ-0041,2023-06-07 00:00:00,电力变压器,松山湖220kV变电站,0.508,0.641,26.21,0.65,0.825,26.79,68.033,74.967,10.19,85.167,93.567,9.86,8704.667,7795.667,-10.44,0.003,0.004,46.93,6.467,3.933,-39.18,,,
EQ-0091,2023-06-12 00:00:00,断路器,前海110kV变电站,0.631,0.79,25.26,0.813,1.001,23.01,,,,,,,10988.667,10971.0,-0.16,,,,,,,0.491,0.523,6.52
EQ-0340,2023-06-04 00:00:00,电容器组,长沙星沙110kV变电站,0.597,0.814,36.24,0.776,1.004,29.34,,,,,,,,,,0.004,0.005,10.67,,,,,,
EQ-0276,2023-06-07 00:00:00,避雷器,天津滨海220kV变电站,0.539,0.682,26.56,0.654,0.837,28.02,,,,,,,,,,,,,,,,,,
EQ-0224,2023-06-07 00:00:00,隔离开关,亦庄110kV变电站,0.535,0.716,33.76,0.69,0.872,26.25,,,,,,,,,,,,,,,,,,
EQ-0320,2023-07-06 00:00:00,隔离开关,江夏35kV变电站,0.561,0.582,3.7,0.685,0.694,1.37,,,,,,,,,,,,,,,,,,
EQ-0422,2023-06-07 00:00:00,避雷器,沈阳浑南110kV变电站,0.631,0.783,24.07,0.821,0.958,16.68,,,,,,,,,,,,,,,,,,
EQ-0285,2023-06-07 00:00:00,断路器,石家庄高新35kV变电站,0.613,0.828,35.07,0.79,1.005,27.33,,,,,,,9881.333,9058.667,-8.33,,,,,,,0.483,0.46,-4.77
EQ-0275,2023-06-08 00:00:00,避雷器,天津滨海220kV变电站,0.625,0.837,34.06,0.758,1.044,37.74,,,,,,,,,,,,,,,,,,
EQ-0149,2023-07-03 00:00:00,电力变压器,苏州工业园220kV变电站,0.56,0.566,1.04,0.662,0.691,4.29,63.3,67.467,6.58,79.633,84.9,6.61,7175.0,7598.333,5.9,0.006,0.005,-25.26,10.0,13.067,30.67,,,
EQ-0241,2023-06-08 00:00:00,断路器,通州35kV变电站,0.509,0.657,29.06,0.645,0.842,30.57,,,,,,,8835.0,8585.667,-2.82,,,,,,,0.488,0.468,-4.1
EQ-0036,2023-06-24 00:00:00,GIS组合电器,龙华220kV变电站,0.585,0.77,31.49,0.748,1.006,34.43,70.433,79.767,13.25,86.9,97.6,12.31,10177.0,8232.333,-19.11,,,,10.333,12.133,17.42,0.502,0.474,-5.51
EQ-0229,2023-06-08 00:00:00,电容器组,亦庄110kV变电站,0.62,0.781,25.92,0.752,0.968,28.68,,,,,,,,,,0.003,0.004,4.46,,,,,,
EQ-0114,2023-06-08 00:00:00,断路器,张江110kV变电站,0.6,0.864,44.16,0.76,1.025,34.83,,,,,,,9202.667,8282.667,-10.0,,,,,,,0.483,0.483,0.14
EQ-0212,2023-06-08 00:00:00,避雷器,昆山35kV变电站,0.582,0.734,26.08,0.729,0.869,19.12,,,,,,,,,,,,,,,,,,
EQ-0406,2023-06-08 00:00:00,避雷器,成都高新35kV变电站,0.477,0.593,24.28,0.593,0.743,25.28,,,,,,,,,,,,,,,,,,
EQ-0290,2023-06-08 00:00:00,电容器组,石家庄高新35kV变电站,0.574,0.777,35.29,0.735,0.984,33.92,,,,,,,,,,0.005,0.005,-3.16,,,,,,
EQ-0102,2023-06-20 00:00:00,避雷器,前海110kV变电站,0.596,0.757,27.0,0.748,0.957,28.02,,,,,,,,,,,,,,,,,,
EQ-0368,2023-06-08 00:00:00,电力变压器,重庆两江220kV变电站,0.605,0.775,27.99,0.759,0.963,26.83,64.9,75.1,15.72,84.167,95.567,13.54,8524.0,10955.0,28.52,0.005,0.004,-27.68,5.133,9.0,75.32,,,
EQ-0425,2023-06-08 00:00:00,避雷器,沈阳浑南110kV变电站,0.601,0.783,30.26,0.758,0.985,29.87,,,,,,,,,,,,,,,,,,
EQ-0315,2023-06-05 00:00:00,电力变压器,江夏35kV变电站,0.667,0.801,20.03,0.851,1.029,20.88,66.067,75.1,13.67,83.167,97.333,17.03,8262.333,8865.333,7.3,0.005,0.005,6.04,9.833,9.633,-2.03,,,
EQ-0143,2023-06-09 00:00:00,避雷器,临港110kV变电站,0.612,0.841,37.37,0.747,0.997,33.52,,,,,,,,,,,,,,,,,,
EQ-0298,2023-06-09 00:00:00,断路器,武昌110kV变电站,0.593,0.759,28.0,0.717,0.911,27.13,,,,,,,8251.0,7939.333,-3.78,,,,,,,0.478,0.501,4.88
EQ-0439,2023-06-09 00:00:00,避雷器,大连开发区35kV变电站,0.489,0.656,34.15,0.631,0.773,22.44,,,,,,,,,,,,,,,,,,
EQ-0242,2023-06-09 00:00:00,断路器,通州35kV变电站,0.647,0.813,25.74,0.784,0.967,23.36,,,,,,,9941.0,8362.0,-15.88,,,,,,,0.493,0.478,-2.91
EQ-0003,2023-06-09 00:00:00,电力变压器,龙华220kV变电站,0.519,0.676,30.14,0.661,0.858,29.69,71.433,77.933,9.1,88.133,96.967,10.02,6528.333,8770.667,34.35,0.005,0.005,13.79,10.967,9.533,-13.07,,,
EQ-0106,2023-06-09 00:00:00,GIS组合电器,前海110kV变电站,0.559,0.705,26.03,0.708,0.843,18.95,71.0,76.833,8.22,87.7,95.267,8.63,10746.667,10277.0,-4.37,,,,5.2,10.533,102.56,0.498,0.519,4.28
EQ-0089,2023-06-09 00:00:00,电力变压器,前海110kV变电站,0.633,0.823,30.06,0.818,1.025,25.2,67.8,83.867,23.7,86.067,104.433,21.34,9853.0,11021.0,11.85,0.002,0.004,92.17,9.433,11.033,16.96,,,
EQ-0105,2023-06-09 00:00:00,GIS组合电器,前海110kV变电站,0.564,0.741,31.36,0.7,0.949,35.51,71.833,82.667,15.08,86.0,102.467,19.15,9689.0,10257.667,5.87,,,,3.733,8.5,127.68,0.506,0.495,-2.17
EQ-0305,2023-06-04 00:00:00,隔离开关,武昌110kV变电站,0.497,0.658,32.27,0.592,0.81,36.84,,,,,,,,,,,,,,,,,,
EQ-0321,2023-06-09 00:00:00,隔离开关,江夏35kV变电站,0.506,0.705,39.49,0.634,0.888,39.99,,,,,,,,,,,,,,,,,,
EQ-0175,2023-06-10 00:00:00,避雷器,苏州工业园220kV变电站,0.498,0.64,28.48,0.643,0.754,17.25,,,,,,,,,,,,,,,,,,
EQ-0405,2023-06-10 00:00:00,避雷器,成都高新35kV变电站,0.483,0.694,43.8,0.583,0.88,50.81,,,,,,,,,,,,,,,,,,
EQ-0093,2023-06-06 00:00:00,断路器,前海110kV变电站,0.554,0.743,34.17,0.683,0.898,31.43,,,,,,,9787.0,11117.667,13.6,,,,,,,0.501,0.505,0.8
EQ-0239,2023-06-30 00:00:00,电力变压器,通州35kV变电站,0.489,0.63,28.69,0.621,0.774,24.55,59.333,70.533,18.88,76.467,88.633,15.91,10611.667,8805.0,-17.03,0.005,0.005,-6.12,7.133,6.767,-5.14,,,
EQ-0279,2023-06-10 00:00:00,GIS组合电器,天津滨海220kV变电站,0.537,0.734,36.71,0.661,0.901,36.24,56.267,71.867,27.73,72.333,90.667,25.35,7694.667,6857.667,-10.88,,,,8.0,9.3,16.25,0.454,0.493,8.52
EQ-0054,2023-06-10 00:00:00,隔离开关,松山湖220kV变电站,0.553,0.705,27.47,0.723,0.905,25.16,,,,,,,,,,,,,,,,,,
EQ-0172,2023-06-10 00:00:00,避雷器,苏州工业园220kV变电站,0.545,0.723,32.72,0.691,0.884,28.0,,,,,,,,,,,,,,,,,,
EQ-0277,2023-06-10 00:00:00,避雷器,天津滨海220kV变电站,0.521,0.679,30.19,0.64,0.862,34.79,,,,,,,,,,,,,,,,,,
EQ-0146,2023-06-10 00:00:00,避雷器,临港110kV变电站,0.485,0.608,25.4,0.6,0.758,26.29,,,,,,,,,,,,,,,,,,
EQ-0403,2023-06-10 00:00:00,电容器组,成都高新35kV变电站,0.467,0.628,34.52,0.57,0.778,36.31,,,,,,,,,,0.005,0.005,-1.05,,,,,,
EQ-0390,2023-07-04 00:00:00,避雷器,重庆两江220kV变电站,0.567,0.556,-1.91,0.748,0.662,-11.53,,,,,,,,,,,,,,,,,,
EQ-0385,2023-06-29 00:00:00,电容器组,重庆两江220kV变电站,0.481,0.718,49.21,0.606,0.876,44.54,,,,,,,,,,0.004,0.005,21.64,,,,,,
EQ-0021,2023-06-10 00:00:00,隔离开关,龙华220kV变电站,0.624,0.856,37.13,0.765,1.028,34.32,,,,,,,,,,,,,,,,,,
EQ-0370,2023-07-03 00:00:00,断路器,重庆两江220kV变电站,0.558,0.537,-3.86,0.702,0.67,-4.49,,,,,,,7077.333,9510.667,34.38,,,,,,,0.479,0.483,0.84
EQ-0318,2023-06-17 00:00:00,断路器,江夏35kV变电站,0.512,0.641,25.22,0.634,0.81,27.68,,,,,,,9025.0,8276.333,-8.3,,,,,,,0.475,0.466,-1.96
EQ-0079,2023-06-10 00:00:00,隔离开关,南沙110kV变电站,0.56,0.722,28.94,0.72,0.933,29.63,,,,,,,,,,,,,,,,,,
EQ-0397,2023-06-11 00:00:00,断路器,成都高新35kV变电站,0.591,0.733,23.91,0.733,0.899,22.62,,,,,,,8319.0,8080.333,-2.87,,,,,,,0.523,0.516,-1.46
EQ-0159,2023-06-10 00:00:00,断路器,苏州工业园220kV变电站,0.592,0.805,36.06,0.722,0.998,38.14,,,,,,,9237.333,9466.0,2.48,,,,,,,0.49,0.498,1.56
EQ-0177,2023-06-11 00:00:00,避雷器,苏州工业园220kV变电站,0.555,0.704,26.73,0.702,0.878,25.1,,,,,,,,,,,,,,,,,,
EQ-0299,2023-06-18 00:00:00,断路器,武昌110kV变电站,0.618,0.786,27.19,0.791,1.0,26.52,,,,,,,8422.333,9483.333,12.6,,,,,,,0.511,0.492,-3.59
EQ-0410,2023-06-11 00:00:00,电力变压器,沈阳浑南110kV变电站,0.498,0.644,29.36,0.622,0.824,32.63,57.167,64.4,12.65,72.467,82.233,13.48,6991.0,7205.667,3.07,0.004,0.005,21.27,11.433,12.467,9.04,,,
EQ-0082,2023-06-11 00:00:00,避雷器,南沙110kV变电站,0.619,0.815,31.75,0.783,0.999,27.64,,,,,,,,,,,,,,,,,,
EQ-0341,2023-06-11 00:00:00,避雷器,长沙星沙110kV变电站,0.557,0.684,22.84,0.702,0.827,17.79,,,,,,,,,,,,,,,,,,
EQ-0129,2023-06-11 00:00:00,电力变压器,临港110kV变电站,0.442,0.578,30.78,0.545,0.755,38.49,60.6,71.1,17.33,72.5,89.067,22.85,11255.0,11443.667,1.68,0.004,0.005,30.51,6.233,3.9,-37.43,,,
EQ-0195,2023-06-11 00:00:00,电容器组,杭州滨江110kV变电站,0.571,0.804,40.79,0.698,1.023,46.67,,,,,,,,,,0.006,0.005,-15.21,,,,,,
EQ-0151,2023-06-11 00:00:00,电力变压器,苏州工业园220kV变电站,0.477,0.636,33.27,0.598,0.794,32.84,60.733,72.4,19.21,74.967,89.667,19.61,8454.667,7028.333,-16.87,0.005,0.004,-15.33,12.9,10.333,-19.9,,,
EQ-0309,2023-06-11 00:00:00,避雷器,武昌110kV变电站,0.558,0.702,25.75,0.686,0.857,24.97,,,,,,,,,,,,,,,,,,
EQ-0157,2023-06-11 00:00:00,断路器,苏州工业园220kV变电站,0.588,0.722,22.77,0.721,0.909,26.11,,,,,,,8067.0,8642.0,7.13,,,,,,,0.464,0.508,9.55
EQ-0165,2023-06-11 00:00:00,隔离开关,苏州工业园220kV变电站,0.605,0.78,28.94,0.741,0.975,31.55,,,,,,,,,,,,,,,,,,
EQ-0047,2023-06-11 00:00:00,断路器,松山湖220kV变电站,0.552,0.71,28.64,0.668,0.919,37.6,,,,,,,7150.667,8095.667,13.22,,,,,,,0.499,0.474,-5.14
EQ-0128,2023-06-11 00:00:00,GIS组合电器,张江110kV变电站,0.565,0.767,35.91,0.684,0.973,42.33,65.667,76.533,16.55,82.633,97.8,18.35,8066.0,8994.0,11.51,,,,9.3,4.367,-53.05,0.476,0.503,5.67
EQ-0211,2023-07-03 00:00:00,电容器组,昆山35kV变电站,0.565,0.56,-0.91,0.675,0.706,4.5,,,,,,,,,,0.007,0.004,-32.28,,,,,,
EQ-0032,2023-06-10 00:00:00,避雷器,龙华220kV变电站,0.477,0.598,25.49,0.632,0.781,23.64,,,,,,,,,,,,,,,,,,
EQ-0304,2023-06-11 00:00:00,隔离开关,武昌110kV变电站,0.567,0.751,32.4,0.72,0.905,25.58,,,,,,,,,,,,,,,,,,
EQ-0374,2023-06-12 00:00:00,断路器,重庆两江220kV变电站,0.581,0.817,40.58,0.688,0.995,44.61,,,,,,,8199.667,7474.667,-8.84,,,,,,,0.464,0.501,8.05
EQ-0236,2023-06-12 00:00:00,GIS组合电器,亦庄110kV变电站,0.599,0.793,32.35,0.779,0.958,23.04,57.833,76.067,31.53,75.7,96.567,27.56,7312.0,9160.0,25.27,,,,9.067,9.967,9.93,0.514,0.486,-5.51
EQ-0173,2023-06-12 00:00:00,避雷器,苏州工业园220kV变电站,0.515,0.658,27.8,0.617,0.802,30.03,,,,,,,,,,,,,,,,,,
EQ-0420,2023-06-12 00:00:00,电容器组,沈阳浑南110kV变电站,0.563,0.744,32.23,0.699,0.965,38.02,,,,,,,,,,0.005,0.004,-5.8,,,,,,
EQ-0092,2023-06-12 00:00:00,断路器,前海110kV变电站,0.525,0.651,24.04,0.655,0.796,21.51,,,,,,,8663.333,9697.667,11.94,,,,,,,0.504,0.476,-5.56
EQ-0311,2023-06-12 00:00:00,避雷器,武昌110kV变电站,0.668,0.838,25.49,0.878,1.006,14.49,,,,,,,,,,,,,,,,,,
EQ-0274,2023-06-21 00:00:00,避雷器,天津滨海220kV变电站,0.651,0.81,24.45,0.814,0.959,17.9,,,,,,,,,,,,,,,,,,
EQ-0257,2023-06-12 00:00:00,断路器,天津滨海220kV变电站,0.532,0.7,31.65,0.62,0.902,45.37,,,,,,,9386.0,9040.0,-3.69,,,,,,,0.458,0.501,9.39
EQ-0246,2023-06-12 00:00:00,隔离开关,通州35kV变电站,0.594,0.78,31.38,0.719,0.982,36.55,,,,,,,,,,,,,,,,,,
EQ-0037,2023-06-12 00:00:00,GIS组合电器,龙华220kV变电站,0.572,0.732,28.03,0.712,0.892,25.16,66.9,84.567,26.41,82.733,104.667,26.51,7890.0,7618.667,-3.44,,,,9.567,14.267,49.13,0.496,0.44,-11.16
EQ-0038,2023-06-12 00:00:00,GIS组合电器,龙华220kV变电站,0.542,0.738,36.28,0.663,0.916,38.25,65.5,82.1,25.34,80.867,102.933,27.29,6989.333,7393.0,5.78,,,,11.3,4.833,-57.23,0.475,0.47,-1.12
EQ-0162,2023-07-11 00:00:00,隔离开关,苏州工业园220kV变电站,0.662,0.681,2.77,0.827,0.87,5.22,,,,,,,,,,,,,,,,,,
EQ-0332,2023-06-12 00:00:00,断路器,长沙星沙110kV变电站,0.444,0.611,37.39,0.557,0.762,36.89,,,,,,,8736.333,8700.333,-0.41,,,,,,,0.506,0.487,-3.88
EQ-0035,2023-06-12 00:00:00,GIS组合电器,龙华220kV变电站,0.572,0.75,31.22,0.732,0.906,23.73,71.2,79.767,12.03,89.0,98.833,11.05,7646.0,10043.0,31.35,,,,7.0,8.733,24.76,0.482,0.488,1.25
EQ-0046,2023-06-12 00:00:00,断路器,松山湖220kV变电站,0.603,0.856,41.84,0.751,1.035,37.83,,,,,,,10080.667,8134.0,-19.31,,,,,,,0.506,0.506,-0.07
EQ-0273,2023-07-02 00:00:00,避雷器,天津滨海220kV变电站,0.762,0.74,-2.96,0.973,0.905,-6.96,,,,,,,,,,,,,,,,,,
EQ-0169,2023-07-02 00:00:00,电容器组,苏州工业园220kV变电站,0.624,0.615,-1.55,0.79,0.767,-2.85,,,,,,,,,,0.006,0.005,-12.71,,,,,,
EQ-0354,2023-06-12 00:00:00,隔离开关,武侯110kV变电站,0.452,0.635,40.41,0.584,0.798,36.72,,,,,,,,,,,,,,,,,,
EQ-0280,2023-06-16 00:00:00,GIS组合电器,天津滨海220kV变电站,0.46,0.584,26.86,0.574,0.751,30.89,59.0,67.933,15.14,74.267,84.567,13.87,8326.333,8559.333,2.8,,,,8.9,11.3,26.97,0.485,0.494,1.79
EQ-0030,2023-06-12 00:00:00,避雷器,龙华220kV变电站,0.62,0.797,28.44,0.758,0.961,26.8,,,,,,,,,,,,,,,,,,
EQ-0326,2023-06-12 00:00:00,避雷器,江夏35kV变电站,0.472,0.613,29.98,0.574,0.743,29.6,,,,,,,,,,,,,,,,,,
EQ-0230,2023-06-21 00:00:00,电容器组,亦庄110kV变电站,0.616,0.843,36.8,0.766,1.0,30.64,,,,,,,,,,0.005,0.004,-12.82,,,,,,
EQ-0254,2023-06-12 00:00:00,电力变压器,天津滨海220kV变电站,0.621,0.771,24.04,0.797,0.9,13.01,61.567,74.533,21.06,80.633,95.1,17.94,9783.333,8183.667,-16.35,0.005,0.003,-32.35,5.9,10.333,75.14,,,
EQ-0251,2023-06-12 00:00:00,避雷器,通州35kV变电站,0.534,0.693,29.72,0.685,0.903,31.9,,,,,,,,,,,,,,,,,,
EQ-0071,2023-06-16 00:00:00,断路器,南沙110kV变电站,0.456,0.611,34.17,0.566,0.787,38.88,,,,,,,10715.333,9991.667,-6.75,,,,,,,0.507,0.465,-8.22
EQ-0081,2023-06-12 00:00:00,电容器组,南沙110kV变电站,0.572,0.714,24.75,0.694,0.871,25.59,,,,,,,,,,0.004,0.004,3.71,,,,,,
EQ-0014,2023-06-13 00:00:00,断路器,龙华220kV变电站,0.538,0.68,26.56,0.708,0.852,20.26,,,,,,,8944.333,8559.0,-4.31,,,,,,,0.488,0.509,4.37
EQ-0119,2023-07-05 00:00:00,隔离开关,张江110kV变电站,0.597,0.561,-6.09,0.723,0.678,-6.32,,,,,,,,,,,,,,,,,,
EQ-0427,2023-06-21 00:00:00,电力变压器,大连开发区35kV变电站,0.544,0.675,24.12,0.716,0.858,19.8,55.1,64.067,16.27,70.367,82.267,16.91,8079.333,8232.0,1.89,0.005,0.004,-23.77,13.267,9.033,-31.91,,,
EQ-0019,2023-06-13 00:00:00,隔离开关,龙华220kV变电站,0.676,0.85,25.87,0.862,1.017,17.92,,,,,,,,,,,,,,,,,,
EQ-0399,2023-06-13 00:00:00,断路器,成都高新35kV变电站,0.638,0.782,22.58,0.847,0.921,8.67,,,,,,,9319.0,8382.667,-10.05,,,,,,,0.484,0.481,-0.76
EQ-0104,2023-06-17 00:00:00,避雷器,前海110kV变电站,0.503,0.628,24.88,0.6,0.78,29.96,,,,,,,,,,,,,,,,,,
EQ-0051,2023-07-13 00:00:00,隔离开关,松山湖220kV变电站,0.723,0.752,4.0,0.905,0.934,3.24,,,,,,,,,,,,,,,,,,
EQ-0307,2023-07-10 00:00:00,电容器组,武昌110kV变电站,0.559,0.613,9.77,0.677,0.754,11.42,,,,,,,,,,0.004,0.005,5.2,,,,,,
EQ-0012,2023-06-13 00:00:00,断路器,龙华220kV变电站,0.558,0.711,27.25,0.703,0.894,27.14,,,,,,,8403.0,9158.333,8.99,,,,,,,0.491,0.482,-1.77
EQ-0322,2023-06-13 00:00:00,电容器组,江夏35kV变电站,0.477,0.634,32.96,0.58,0.769,32.6,,,,,,,,,,0.004,0.005,8.68,,,,,,
EQ-0328,2023-06-13 00:00:00,电力变压器,长沙星沙110kV变电站,0.617,0.83,34.58,0.739,1.003,35.71,63.133,75.8,20.06,80.9,96.567,19.37,9992.667,8453.667,-15.4,0.004,0.004,17.82,4.433,7.5,69.17,,,
EQ-0351,2023-06-13 00:00:00,断路器,武侯110kV变电站,0.515,0.687,33.46,0.649,0.869,33.79,,,,,,,9366.0,10490.333,12.0,,,,,,,0.486,0.474,-2.47
EQ-0256,2023-06-13 00:00:00,断路器,天津滨海220kV变电站,0.478,0.637,33.49,0.568,0.813,43.3,,,,,,,8196.333,7664.667,-6.49,,,,,,,0.516,0.477,-7.62
EQ-0182,2023-06-13 00:00:00,电力变压器,杭州滨江110kV变电站,0.581,0.722,24.42,0.714,0.902,26.3,64.4,80.067,24.33,80.8,101.133,25.17,8962.667,7723.667,-13.82,0.003,0.004,35.22,10.767,13.1,21.67,,,
EQ-0365,2023-06-13 00:00:00,电力变压器,重庆两江220kV变电站,0.605,0.778,28.64,0.762,0.956,25.44,66.767,78.033,16.87,83.4,98.633,18.27,7495.667,8209.0,9.52,0.005,0.004,-27.14,9.867,9.233,-6.42,,,
EQ-0074,2023-06-13 00:00:00,断路器,南沙110kV变电站,0.613,0.864,41.01,0.767,1.042,35.86,,,,,,,9217.667,10899.0,18.24,,,,,,,0.472,0.487,3.18
EQ-0338,2023-06-13 00:00:00,隔离开关,长沙星沙110kV变电站,0.509,0.671,31.81,0.636,0.856,34.71,,,,,,,,,,,,,,,,,,
EQ-0377,2023-06-10 00:00:00,隔离开关,重庆两江220kV变电站,0.519,0.719,38.41,0.648,0.913,40.88,,,,,,,,,,,,,,,,,,
EQ-0136,2023-07-07 00:00:00,断路器,临港110kV变电站,0.611,0.631,3.23,0.766,0.756,-1.36,,,,,,,9773.667,10103.333,3.37,,,,,,,0.471,0.51,8.43
EQ-0055,2023-06-08 00:00:00,隔离开关,松山湖220kV变电站,0.532,0.662,24.48,0.638,0.801,25.52,,,,,,,,,,,,,,,,,,
EQ-0180,2023-06-13 00:00:00,GIS组合电器,苏州工业园220kV变电站,0.445,0.603,35.44,0.556,0.723,30.06,59.2,68.767,16.16,74.267,86.867,16.97,9268.0,7581.333,-18.2,,,,13.1,7.6,-41.98,0.47,0.465,-1.06
EQ-0109,2023-06-14 00:00:00,电力变压器,张江110kV变电站,0.624,0.811,29.89,0.786,0.968,23.14,61.6,79.1,28.41,76.867,100.7,31.01,8664.0,9663.0,11.53,0.004,0.005,33.23,9.467,13.667,44.37,,,
EQ-0168,2023-06-27 00:00:00,隔离开关,苏州工业园220kV变电站,0.616,0.807,30.97,0.765,0.982,28.35,,,,,,,,,,,,,,,,,,
EQ-0222,2023-06-14 00:00:00,断路器,亦庄110kV变电站,0.44,0.605,37.59,0.549,0.738,34.57,,,,,,,7914.333,8984.667,13.52,,,,,,,0.502,0.469,-6.64
EQ-0387,2023-06-14 00:00:00,避雷器,重庆两江220kV变电站,0.504,0.663,31.43,0.621,0.807,29.93,,,,,,,,,,,,,,,,,,
EQ-0384,2023-06-14 00:00:00,电容器组,重庆两江220kV变电站,0.534,0.737,38.03,0.677,0.977,44.38,,,,,,,,,,0.004,0.004,21.42,,,,,,
EQ-0380,2023-06-14 00:00:00,隔离开关,重庆两江220kV变电站,0.548,0.673,22.91,0.687,0.822,19.55,,,,,,,,,,,,,,,,,,
EQ-0197,2023-06-14 00:00:00,避雷器,杭州滨江110kV变电站,0.473,0.609,28.67,0.602,0.732,21.7,,,,,,,,,,,,,,,,,,
EQ-0045,2023-07-04 00:00:00,断路器,松山湖220kV变电站,0.646,0.618,-4.45,0.81,0.775,-4.34,,,,,,,9372.0,8551.667,-8.75,,,,,,,0.5,0.473,-5.4
EQ-0085,2023-06-14 00:00:00,避雷器,南沙110kV变电站,0.562,0.749,33.17,0.71,0.969,36.53,,,,,,,,,,,,,,,,,,
EQ-0228,2023-07-09 00:00:00,隔离开关,亦庄110kV变电站,0.726,0.723,-0.37,0.94,0.938,-0.27,,,,,,,,,,,,,,,,,,
EQ-0016,2023-06-14 00:00:00,隔离开关,龙华220kV变电站,0.659,0.84,27.44,0.803,1.009,25.69,,,,,,,,,,,,,,,,,,
EQ-0116,2023-06-14 00:00:00,隔离开关,张江110kV变电站,0.568,0.739,30.01,0.722,0.901,24.72,,,,,,,,,,,,,,,,,,
EQ-0415,2023-06-15 00:00:00,断路器,沈阳浑南110kV变电站,0.469,0.607,29.43,0.576,0.775,34.47,,,,,,,9043.333,10377.333,14.75,,,,,,,0.497,0.498,0.13
EQ-0068,2023-06-15 00:00:00,电力变压器,南沙110kV变电站,0.441,0.583,32.34,0.548,0.698,27.24,64.533,73.467,13.84,76.767,89.733,16.89,8939.667,9007.333,0.76,0.004,0.003,-19.26,7.867,6.233,-20.76,,,
EQ-0349,2023-06-15 00:00:00,断路器,武侯110kV变电站,0.467,0.635,36.11,0.565,0.787,39.21,,,,,,,8599.0,9456.0,9.97,,,,,,,0.511,0.495,-3.2
EQ-0281,2023-06-10 00:00:00,GIS组合电器,天津滨海220kV变电站,0.623,0.811,30.2,0.786,0.972,23.67,63.833,76.633,20.05,81.333,98.833,21.52,7590.667,7383.333,-2.73,,,,15.2,4.333,-71.49,0.5,0.477,-4.67
EQ-0198,2023-06-15 00:00:00,避雷器,杭州滨江110kV变电站,0.605,0.799,31.88,0.733,0.962,31.24,,,,,,,,,,,,,,,,,,
EQ-0389,2023-07-11 00:00:00,避雷器,重庆两江220kV变电站,0.593,0.558,-5.81,0.731,0.716,-1.93,,,,,,,,,,,,,,,,,,
EQ-0005,2023-06-10 00:00:00,电力变压器,龙华220kV变电站,0.507,0.66,30.32,0.66,0.842,27.46,69.433,80.533,15.99,85.9,99.167,15.44,6708.333,7581.333,13.01,0.004,0.005,11.47,13.3,10.767,-19.05,,,
EQ-0232,2023-06-15 00:00:00,避雷器,亦庄110kV变电站,0.575,0.727,26.47,0.737,0.936,26.98,,,,,,,,,,,,,,,,,,
EQ-0244,2023-06-15 00:00:00,隔离开关,通州35kV变电站,0.587,0.792,34.8,0.74,0.972,31.41,,,,,,,,,,,,,,,,,,
EQ-0372,2023-06-15 00:00:00,断路器,重庆两江220kV变电站,0.517,0.694,34.28,0.622,0.886,42.49,,,,,,,9274.0,9329.667,0.6,,,,,,,0.47,0.525,11.55
EQ-0253,2023-06-09 00:00:00,电力变压器,天津滨海220kV变电站,0.472,0.652,38.07,0.586,0.785,33.97,57.367,67.167,17.08,71.2,85.833,20.55,9271.667,8339.667,-10.05,0.004,0.005,21.95,11.067,11.833,6.93,,,
EQ-0166,2023-06-16 00:00:00,隔离开关,苏州工业园220kV变电站,0.478,0.657,37.62,0.584,0.821,40.53,,,,,,,,,,,,,,,,,,
EQ-0429,2023-06-16 00:00:00,断路器,大连开发区35kV变电站,0.577,0.743,28.79,0.725,0.935,29.02,,,,,,,7258.667,7075.667,-2.52,,,,,,,0.478,0.486,1.81
EQ-0431,2023-06-16 00:00:00,断路器,大连开发区35kV变电站,0.649,0.872,34.46,0.82,1.034,26.17,,,,,,,7177.333,8899.667,24.0,,,,,,,0.455,0.506,11.05
EQ-0148,2023-06-16 00:00:00,电力变压器,苏州工业园220kV变电站,0.55,0.725,31.9,0.696,0.851,22.23,63.633,77.3,21.48,81.567,95.133,16.63,8322.0,9222.667,10.82,0.006,0.004,-18.9,10.633,10.567,-0.63,,,
EQ-0213,2023-06-16 00:00:00,避雷器,昆山35kV变电站,0.509,0.66,29.77,0.63,0.829,31.64,,,,,,,,,,,,,,,,,,
EQ-0373,2023-06-30 00:00:00,断路器,重庆两江220kV变电站,0.596,0.783,31.24,0.739,0.977,32.17,,,,,,,9142.0,7073.333,-22.63,,,,,,,0.508,0.488,-3.93
EQ-0398,2023-06-16 00:00:00,断路器,成都高新35kV变电站,0.569,0.766,34.64,0.743,0.927,24.73,,,,,,,10978.333,8852.333,-19.37,,,,,,,0.482,0.476,-1.11
EQ-0339,2023-06-16 00:00:00,电容器组,长沙星沙110kV变电站,0.56,0.754,34.63,0.674,0.955,41.67,,,,,,,,,,0.005,0.003,-30.39,,,,,,
EQ-0235,2023-06-16 00:00:00,避雷器,亦庄110kV变电站,0.495,0.64,29.23,0.629,0.806,28.24,,,,,,,,,,,,,,,,,,
EQ-0310,2023-06-16 00:00:00,避雷器,武昌110kV变电站,0.491,0.585,19.18,0.595,0.705,18.44,,,,,,,,,,,,,,,,,,
EQ-0223,2023-06-16 00:00:00,断路器,亦庄110kV变电站,0.52,0.667,28.21,0.676,0.845,24.95,,,,,,,8613.0,9420.333,9.37,,,,,,,0.491,0.486,-0.88
EQ-0073,2023-06-16 00:00:00,断路器,南沙110kV变电站,0.525,0.688,30.98,0.656,0.903,37.53,,,,,,,12340.667,9291.0,-24.71,,,,,,,0.514,0.506,-1.69
EQ-0017,2023-06-16 00:00:00,隔离开关,龙华220kV变电站,0.658,0.819,24.49,0.834,0.996,19.44,,,,,,,,,,,,,,,,,,
EQ-0112,2023-06-17 00:00:00,断路器,张江110kV变电站,0.543,0.691,27.4,0.656,0.833,26.92,,,,,,,8036.667,8954.333,11.42,,,,,,,0.507,0.489,-3.55
EQ-0200,2023-06-17 00:00:00,GIS组合电器,杭州滨江110kV变电站,0.447,0.572,27.94,0.539,0.733,35.95,61.833,68.067,10.08,77.4,83.667,8.1,7294.0,8911.667,22.18,,,,5.7,6.567,15.2,0.495,0.472,-4.51
EQ-0316,2023-06-17 00:00:00,断路器,江夏35kV变电站,0.611,0.839,37.27,0.798,1.032,29.34,,,,,,,7415.333,8001.0,7.9,,,,,,,0.476,0.472,-0.77
EQ-0343,2023-06-17 00:00:00,避雷器,长沙星沙110kV变电站,0.6,0.825,37.55,0.769,1.008,31.04,,,,,,,,,,,,,,,,,,
EQ-0438,2023-06-17 00:00:00,避雷器,大连开发区35kV变电站,0.552,0.68,23.07,0.684,0.839,22.68,,,,,,,,,,,,,,,,,,
EQ-0303,2023-06-17 00:00:00,隔离开关,武昌110kV变电站,0.553,0.696,26.02,0.724,0.904,24.83,,,,,,,,,,,,,,,,,,
EQ-0408,2023-06-17 00:00:00,电力变压器,沈阳浑南110kV变电站,0.607,0.821,35.27,0.758,1.044,37.8,57.467,71.633,24.65,73.233,91.867,25.44,8471.0,8645.0,2.05,0.003,0.006,78.84,10.3,11.067,7.44,,,
EQ-0117,2023-06-17 00:00:00,隔离开关,张江110kV变电站,0.575,0.849,47.58,0.758,1.021,34.69,,,,,,,,,,,,,,,,,,
EQ-0433,2023-06-17 00:00:00,隔离开关,大连开发区35kV变电站,0.438,0.569,29.75,0.547,0.735,34.39,,,,,,,,,,,,,,,,,,
EQ-0189,2023-06-17 00:00:00,断路器,杭州滨江110kV变电站,0.51,0.709,38.91,0.656,0.846,28.92,,,,,,,9430.667,7923.667,-15.98,,,,,,,0.526,0.478,-9.07
EQ-0292,2023-06-21 00:00:00,避雷器,石家庄高新35kV变电站,0.523,0.631,20.79,0.653,0.771,18.06,,,,,,,,,,,,,,,,,,
EQ-0018,2023-06-17 00:00:00,隔离开关,龙华220kV变电站,0.471,0.661,40.21,0.618,0.785,27.1,,,,,,,,,,,,,,,,,,
EQ-0025,2023-06-21 00:00:00,电容器组,龙华220kV变电站,0.622,0.784,26.05,0.792,0.979,23.55,,,,,,,,,,0.005,0.005,14.89,,,,,,
EQ-0219,2023-07-13 00:00:00,断路器,亦庄110kV变电站,0.701,0.742,5.95,0.855,0.914,6.85,,,,,,,7685.667,8665.333,12.75,,,,,,,0.502,0.49,-2.46
EQ-0258,2023-06-18 00:00:00,断路器,天津滨海220kV变电站,0.52,0.657,26.48,0.641,0.81,26.52,,,,,,,8867.667,9606.333,8.33,,,,,,,0.487,0.501,2.95
EQ-0330,2023-06-18 00:00:00,断路器,长沙星沙110kV变电站,0.644,0.804,24.8,0.808,1.011,25.18,,,,,,,10245.667,10096.333,-1.46,,,,,,,0.486,0.471,-2.95
EQ-0062,2023-06-18 00:00:00,避雷器,松山湖220kV变电站,0.471,0.618,31.13,0.605,0.766,26.57,,,,,,,,,,,,,,,,,,
EQ-0346,2023-07-03 00:00:00,电力变压器,武侯110kV变电站,0.644,0.618,-4.09,0.824,0.753,-8.61,71.433,67.933,-4.9,90.567,83.667,-7.62,8198.0,9292.0,13.34,0.005,0.005,-8.15,9.533,5.5,-42.31,,,
EQ-0345,2023-06-18 00:00:00,GIS组合电器,长沙星沙110kV变电站,0.584,0.759,30.03,0.734,0.947,28.98,62.333,76.567,22.83,77.667,94.833,22.1,9357.0,8379.333,-10.45,,,,8.467,12.467,47.24,0.49,0.473,-3.54
EQ-0070,2023-06-18 00:00:00,电力变压器,南沙110kV变电站,0.522,0.717,37.38,0.649,0.9,38.57,67.2,78.167,16.32,84.233,97.833,16.15,8520.333,10678.333,25.33,0.005,0.005,-9.72,7.267,8.167,12.39,,,
EQ-0306,2023-06-18 00:00:00,隔离开关,武昌110kV变电站,0.527,0.71,34.56,0.645,0.891,38.06,,,,,,,,,,,,,,,,,,
EQ-0337,2023-06-18 00:00:00,隔离开关,长沙星沙110kV变电站,0.615,0.759,23.4,0.743,0.934,25.61,,,,,,,,,,,,,,,,,,
EQ-0087,2023-06-18 00:00:00,电力变压器,前海110kV变电站,0.542,0.727,34.34,0.686,0.955,39.16,65.033,81.233,24.91,82.4,103.3,25.36,7568.667,8371.333,10.61,0.004,0.004,-5.18,4.8,8.067,68.06,,,
EQ-0137,2023-07-11 00:00:00,隔离开关,临港110kV变电站,0.576,0.568,-1.33,0.693,0.709,2.24,,,,,,,,,,,,,,,,,,
EQ-0331,2023-06-18 00:00:00,断路器,长沙星沙110kV变电站,0.5,0.677,35.47,0.649,0.818,26.01,,,,,,,8908.667,10096.0,13.33,,,,,,,0.479,0.517,8.0
EQ-0350,2023-06-18 00:00:00,断路器,武侯110kV变电站,0.556,0.772,38.75,0.696,0.942,35.37,,,,,,,9719.0,9152.0,-5.83,,,,,,,0.514,0.447,-12.97
EQ-0077,2023-06-18 00:00:00,隔离开关,南沙110kV变电站,0.589,0.768,30.35,0.693,0.935,34.89,,,,,,,,,,,,,,,,,,
EQ-0140,2023-06-19 00:00:00,隔离开关,临港110kV变电站,0.507,0.667,31.57,0.617,0.806,30.63,,,,,,,,,,,,,,,,,,
EQ-0107,2023-06-19 00:00:00,电力变压器,张江110kV变电站,0.445,0.585,31.55,0.542,0.738,36.12,60.7,72.5,19.44,75.5,90.267,19.56,8757.667,8645.667,-1.28,0.004,0.004,12.79,11.3,5.033,-55.46,,,
EQ-0179,2023-06-19 00:00:00,GIS组合电器,苏州工业园220kV变电站,0.59,0.78,32.08,0.749,0.981,30.98,66.0,79.5,20.45,83.533,98.9,18.4,7915.333,8629.0,9.02,,,,11.967,12.967,8.36,0.493,0.476,-3.51
EQ-0394,2023-06-19 00:00:00,GIS组合电器,重庆两江220kV变电站,0.611,0.882,44.31,0.744,1.028,38.18,65.533,81.133,23.8,83.133,101.333,21.89,8829.0,7498.667,-15.07,,,,10.833,10.6,-2.15,0.501,0.46,-8.18
EQ-0267,2023-06-14 00:00:00,隔离开关,天津滨海220kV变电站,0.521,0.664,27.5,0.638,0.828,29.82,,,,,,,,,,,,,,,,,,
EQ-0308,2023-06-19 00:00:00,电容器组,武昌110kV变电站,0.56,0.738,31.68,0.692,0.907,31.15,,,,,,,,,,0.004,0.003,-16.74,,,,,,
EQ-0111,2023-06-19 00:00:00,断路器,张江110kV变电站,0.57,0.718,26.12,0.715,0.902,26.21,,,,,,,9711.667,8655.333,-10.88,,,,,,,0.481,0.519,7.9
EQ-0324,2023-06-14 00:00:00,避雷器,江夏35kV变电站,0.642,0.78,21.38,0.807,0.922,14.23,,,,,,,,,,,,,,,,,,
EQ-0199,2023-06-19 00:00:00,避雷器,杭州滨江110kV变电站,0.63,0.841,33.51,0.762,1.013,32.87,,,,,,,,,,,,,,,,,,
EQ-0028,2023-06-19 00:00:00,避雷器,龙华220kV变电站,0.608,0.802,32.04,0.739,0.976,32.14,,,,,,,,,,,,,,,,,,
EQ-0064,2023-06-23 00:00:00,避雷器,松山湖220kV变电站,0.679,0.844,24.33,0.877,1.038,18.42,,,,,,,,,,,,,,,,,,
EQ-0227,2023-06-19 00:00:00,隔离开关,亦庄110kV变电站,0.627,0.853,35.93,0.776,1.049,35.14,,,,,,,,,,,,,,,,,,
EQ-0184,2023-06-19 00:00:00,电力变压器,杭州滨江110kV变电站,0.584,0.86,47.34,0.735,1.032,40.35,68.967,82.967,20.3,86.533,104.833,21.15,9509.667,8978.667,-5.58,0.003,0.003,0.88,11.133,12.067,8.38,,,
EQ-0381,2023-06-29 00:00:00,隔离开关,重庆两江220kV变电站,0.63,0.838,33.01,0.795,1.034,29.96,,,,,,,,,,,,,,,,,,
EQ-0052,2023-06-19 00:00:00,隔离开关,松山湖220kV变电站,0.565,0.764,35.26,0.747,0.97,29.82,,,,,,,,,,,,,,,,,,
EQ-0108,2023-07-18 00:00:00,电力变压器,张江110kV变电站,0.776,0.761,-1.96,0.916,0.911,-0.51,74.4,73.267,-1.52,93.2,92.367,-0.89,8328.0,8983.0,7.87,0.004,0.003,-25.02,9.033,8.233,-8.86,,,
EQ-0412,2023-06-19 00:00:00,断路器,沈阳浑南110kV变电站,0.565,0.736,30.32,0.711,0.893,25.61,,,,,,,8306.667,9714.0,16.94,,,,,,,0.478,0.486,1.67
EQ-0086,2023-06-20 00:00:00,GIS组合电器,南沙110kV变电站,0.589,0.764,29.68,0.734,0.944,28.58,70.133,79.167,12.88,88.567,99.633,12.5,10283.333,9734.667,-5.34,,,,8.067,9.567,18.6,0.512,0.468,-8.47
EQ-0293,2023-06-20 00:00:00,避雷器,石家庄高新35kV变电站,0.564,0.748,32.72,0.687,0.963,40.16,,,,,,,,,,,,,,,,,,
EQ-0271,2023-06-20 00:00:00,电容器组,天津滨海220kV变电站,0.528,0.671,27.0,0.681,0.853,25.19,,,,,,,,,,0.005,0.006,14.56,,,,,,
EQ-0078,2023-06-20 00:00:00,隔离开关,南沙110kV变电站,0.634,0.834,31.43,0.819,0.981,19.78,,,,,,,,,,,,,,,,,,
EQ-0237,2023-06-20 00:00:00,GIS组合电器,亦庄110kV变电站,0.577,0.788,36.67,0.731,0.981,34.2,60.967,69.833,14.54,77.233,89.133,15.41,7713.0,8619.0,11.75,,,,11.233,9.3,-17.21,0.472,0.482,2.05
EQ-0220,2023-06-20 00:00:00,断路器,亦庄110kV变电站,0.617,0.863,39.85,0.77,1.023,32.89,,,,,,,8880.333,8155.333,-8.16,,,,,,,0.485,0.503,3.71
EQ-0004,2023-06-15 00:00:00,电力变压器,龙华220kV变电站,0.549,0.729,32.71,0.677,0.931,37.57,66.667,79.933,19.9,82.933,98.267,18.49,8947.0,9037.0,1.01,0.004,0.004,18.42,7.833,9.2,17.45,,,
EQ-0259,2023-07-13 00:00:00,断路器,天津滨海220kV变电站,0.529,0.539,1.88,0.695,0.696,0.06,,,,,,,7104.0,9322.333,31.23,,,,,,,0.501,0.489,-2.53
EQ-0437,2023-06-15 00:00:00,避雷器,大连开发区35kV变电站,0.498,0.652,30.89,0.643,0.856,32.99,,,,,,,,,,,,,,,,,,
EQ-0270,2023-06-20 00:00:00,电容器组,天津滨海220kV变电站,0.553,0.745,34.64,0.723,0.936,29.47,,,,,,,,,,0.004,0.005,18.97,,,,,,
EQ-0115,2023-06-20 00:00:00,断路器,张江110kV变电站,0.532,0.673,26.44,0.673,0.886,31.61,,,,,,,6995.333,9614.0,37.43,,,,,,,0.465,0.489,5.31
EQ-0366,2023-06-20 00:00:00,电力变压器,重庆两江220kV变电站,0.513,0.705,37.39,0.636,0.899,41.36,58.167,71.0,22.06,75.033,90.9,21.15,8580.667,7793.0,-9.18,0.005,0.005,-0.95,13.1,7.367,-43.77,,,
EQ-0278,2023-07-20 00:00:00,避雷器,天津滨海220kV变电站,0.559,0.544,-2.7,0.696,0.662,-4.97,,,,,,,,,,,,,,,,,,
EQ-0430,2023-06-18 00:00:00,断路器,大连开发区35kV变电站,0.561,0.752,33.9,0.664,0.958,44.16,,,,,,,9675.667,6742.333,-30.32,,,,,,,0.5,0.506,1.13
EQ-0141,2023-06-20 00:00:00,电容器组,临港110kV变电站,0.543,0.709,30.54,0.672,0.896,33.27,,,,,,,,,,0.003,0.004,27.03,,,,,,
EQ-0396,2023-07-05 00:00:00,电力变压器,成都高新35kV变电站,0.593,0.606,2.22,0.753,0.755,0.22,73.367,65.433,-10.81,89.267,82.233,-7.88,9043.667,7238.667,-19.96,0.004,0.004,2.11,7.0,8.133,16.19,,,
EQ-0435,2023-06-27 00:00:00,电容器组,大连开发区35kV变电站,0.502,0.649,29.06,0.637,0.798,25.2,,,,,,,,,,0.005,0.004,-25.64,,,,,,
EQ-0216,2023-06-21 00:00:00,电力变压器,亦庄110kV变电站,0.623,0.837,34.46,0.794,1.001,26.19,60.833,78.033,28.27,77.7,99.1,27.54,9372.0,9733.667,3.86,0.004,0.005,16.39,11.2,9.633,-13.99,,,
EQ-0066,2023-06-21 00:00:00,GIS组合电器,松山湖220kV变电站,0.461,0.617,33.84,0.537,0.763,41.98,65.433,75.1,14.77,81.333,93.2,14.59,9892.333,9332.333,-5.66,,,,9.233,9.833,6.5,0.466,0.507,8.8
EQ-0083,2023-06-21 00:00:00,避雷器,南沙110kV变电站,0.65,0.8,22.95,0.823,0.978,18.82,,,,,,,,,,,,,,,,,,
EQ-0206,2023-06-21 00:00:00,断路器,昆山35kV变电站,0.616,0.828,34.34,0.735,1.023,39.15,,,,,,,7525.333,9519.0,26.49,,,,,,,0.455,0.47,3.45
EQ-0110,2023-07-19 00:00:00,断路器,张江110kV变电站,0.583,0.557,-4.44,0.743,0.709,-4.59,,,,,,,7396.667,10267.333,38.81,,,,,,,0.464,0.494,6.46
EQ-0063,2023-06-21 00:00:00,避雷器,松山湖220kV变电站,0.526,0.661,25.75,0.66,0.808,22.41,,,,,,,,,,,,,,,,,,
EQ-0127,2023-06-21 00:00:00,GIS组合电器,张江110kV变电站,0.564,0.749,32.8,0.695,0.892,28.37,64.0,75.967,18.7,80.633,94.7,17.45,10499.333,9001.667,-14.26,,,,5.9,8.833,49.72,0.49,0.508,3.6
EQ-0009,2023-07-01 00:00:00,断路器,龙华220kV变电站,0.53,0.598,12.89,0.652,0.713,9.27,,,,,,,8563.333,8414.667,-1.74,,,,,,,0.471,0.463,-1.63
EQ-0095,2023-06-22 00:00:00,隔离开关,前海110kV变电站,0.581,0.759,30.57,0.691,0.973,40.81,,,,,,,,,,,,,,,,,,
EQ-0376,2023-06-22 00:00:00,断路器,重庆两江220kV变电站,0.457,0.604,32.25,0.568,0.714,25.6,,,,,,,8605.333,8263.667,-3.97,,,,,,,0.48,0.493,2.71
EQ-0183,2023-06-22 00:00:00,电力变压器,杭州滨江110kV变电站,0.473,0.636,34.43,0.598,0.794,32.68,60.067,72.833,21.25,74.067,91.033,22.91,8753.667,8086.0,-7.63,0.004,0.004,7.13,13.2,4.267,-67.68,,,
EQ-0333,2023-06-22 00:00:00,断路器,长沙星沙110kV变电站,0.606,0.738,21.65,0.76,0.922,21.35,,,,,,,8140.333,8890.333,9.21,,,,,,,0.49,0.468,-4.62
EQ-0008,2023-06-22 00:00:00,断路器,龙华220kV变电站,0.503,0.592,17.86,0.661,0.752,13.76,,,,,,,7819.333,8491.0,8.59,,,,,,,0.501,0.487,-2.73
EQ-0391,2023-06-22 00:00:00,避雷器,重庆两江220kV变电站,0.469,0.616,31.29,0.572,0.787,37.7,,,,,,,,,,,,,,,,,,
EQ-0284,2023-06-22 00:00:00,断路器,石家庄高新35kV变电站,0.49,0.662,35.03,0.619,0.796,28.7,,,,,,,10290.333,9021.0,-12.34,,,,,,,0.504,0.491,-2.64
EQ-0158,2023-06-22 00:00:00,断路器,苏州工业园220kV变电站,0.504,0.661,31.01,0.667,0.827,24.01,,,,,,,9098.667,8767.333,-3.64,,,,,,,0.503,0.457,-9.21
EQ-0364,2023-06-22 00:00:00,GIS组合电器,武侯110kV变电站,0.434,0.574,32.36,0.52,0.72,38.51,55.433,69.333,25.08,72.267,85.867,18.82,10571.0,9175.333,-13.2,,,,7.3,7.733,5.94,0.472,0.526,11.45
EQ-0225,2023-06-15 00:00:00,隔离开关,亦庄110kV变电站,0.513,0.645,25.67,0.674,0.803,19.21,,,,,,,,,,,,,,,,,,
EQ-0263,2023-07-08 00:00:00,断路器,天津滨海220kV变电站,0.725,0.759,4.67,0.892,0.96,7.67,,,,,,,8067.333,8871.667,9.97,,,,,,,0.484,0.478,-1.24
EQ-0210,2023-06-22 00:00:00,电容器组,昆山35kV变电站,0.611,0.757,23.9,0.785,0.955,21.72,,,,,,,,,,0.006,0.004,-24.85,,,,,,
EQ-0029,2023-06-22 00:00:00,避雷器,龙华220kV变电站,0.657,0.856,30.23,0.822,1.011,22.91,,,,,,,,,,,,,,,,,,
EQ-0144,2023-06-22 00:00:00,避雷器,临港110kV变电站,0.555,0.705,27.13,0.677,0.892,31.63,,,,,,,,,,,,,,,,,,
EQ-0099,2023-07-17 00:00:00,电容器组,前海110kV变电站,0.687,0.703,2.33,0.848,0.872,2.78,,,,,,,,,,0.003,0.004,16.99,,,,,,
EQ-0413,2023-06-23 00:00:00,断路器,沈阳浑南110kV变电站,0.525,0.738,40.79,0.687,0.902,31.35,,,,,,,7209.333,9029.0,25.24,,,,,,,0.483,0.446,-7.67
EQ-0383,2023-06-23 00:00:00,电容器组,重庆两江220kV变电站,0.48,0.637,32.68,0.607,0.779,28.31,,,,,,,,,,0.004,0.005,4.17,,,,,,
EQ-0201,2023-06-23 00:00:00,电力变压器,昆山35kV变电站,0.566,0.722,27.59,0.722,0.921,27.52,61.367,79.167,29.01,78.633,98.467,25.22,7258.0,7980.333,9.95,0.004,0.004,3.69,15.8,18.633,17.93,,,
EQ-0272,2023-06-23 00:00:00,电容器组,天津滨海220kV变电站,0.548,0.788,43.89,0.691,0.96,38.9,,,,,,,,,,0.004,0.005,31.31,,,,,,
EQ-0096,2023-06-23 00:00:00,隔离开关,前海110kV变电站,0.529,0.703,32.94,0.639,0.912,42.8,,,,,,,,,,,,,,,,,,
EQ-0250,2023-06-23 00:00:00,避雷器,通州35kV变电站,0.583,0.801,37.4,0.72,0.978,35.92,,,,,,,,,,,,,,,,,,
EQ-0423,2023-06-23 00:00:00,避雷器,沈阳浑南110kV变电站,0.516,0.694,34.54,0.641,0.869,35.65,,,,,,,,,,,,,,,,,,
EQ-0233,2023-06-23 00:00:00,避雷器,亦庄110kV变电站,0.652,0.791,21.23,0.826,0.96,16.31,,,,,,,,,,,,,,,,,,
EQ-0424,2023-06-23 00:00:00,避雷器,沈阳浑南110kV变电站,0.5,0.689,37.92,0.639,0.832,30.19,,,,,,,,,,,,,,,,,,
EQ-0245,2023-06-24 00:00:00,隔离开关,通州35kV变电站,0.615,0.784,27.52,0.762,0.959,25.98,,,,,,,,,,,,,,,,,,
EQ-0375,2023-06-24 00:00:00,断路器,重庆两江220kV变电站,0.64,0.8,25.0,0.82,0.989,20.54,,,,,,,8103.667,7821.667,-3.48,,,,,,,0.495,0.469,-5.25
EQ-0031,2023-06-28 00:00:00,避雷器,龙华220kV变电站,0.607,0.744,22.55,0.776,0.9,16.01,,,,,,,,,,,,,,,,,,
EQ-0319,2023-06-24 00:00:00,隔离开关,江夏35kV变电站,0.499,0.647,29.54,0.618,0.799,29.14,,,,,,,,,,,,,,,,,,
EQ-0059,2023-06-24 00:00:00,避雷器,松山湖220kV变电站,0.522,0.713,36.6,0.629,0.9,43.19,,,,,,,,,,,,,,,,,,
EQ-0283,2023-06-24 00:00:00,电力变压器,石家庄高新35kV变电站,0.6,0.825,37.54,0.742,1.006,35.57,59.533,76.9,29.17,77.433,96.8,25.01,7513.667,8252.667,9.84,0.004,0.004,-9.38,14.6,15.867,8.68,,,
EQ-0193,2023-06-24 00:00:00,隔离开关,杭州滨江110kV变电站,0.497,0.633,27.39,0.631,0.835,32.19,,,,,,,,,,,,,,,,,,
EQ-0288,2023-07-22 00:00:00,隔离开关,石家庄高新35kV变电站,0.639,0.595,-6.89,0.835,0.746,-10.62,,,,,,,,,,,,,,,,,,
EQ-0240,2023-06-28 00:00:00,断路器,通州35kV变电站,0.554,0.7,26.31,0.711,0.861,21.12,,,,,,,8063.333,9815.333,21.73,,,,,,,0.484,0.49,1.1
EQ-0291,2023-06-24 00:00:00,电容器组,石家庄高新35kV变电站,0.616,0.801,30.11,0.763,0.985,29.11,,,,,,,,,,0.004,0.006,42.36,,,,,,
EQ-0336,2023-06-24 00:00:00,隔离开关,长沙星沙110kV变电站,0.633,0.872,37.71,0.816,1.042,27.69,,,,,,,,,,,,,,,,,,
EQ-0170,2023-06-24 00:00:00,电容器组,苏州工业园220kV变电站,0.505,0.641,26.99,0.648,0.799,23.25,,,,,,,,,,0.005,0.005,4.49,,,,,,
EQ-0069,2023-06-24 00:00:00,电力变压器,南沙110kV变电站,0.64,0.829,29.52,0.772,1.0,29.48,71.033,80.1,12.76,88.667,100.967,13.87,9747.333,8721.333,-10.53,0.003,0.004,24.3,6.1,8.233,34.97,,,
EQ-0301,2023-07-19 00:00:00,断路器,武昌110kV变电站,0.544,0.535,-1.55,0.683,0.671,-1.77,,,,,,,8059.667,9523.0,18.16,,,,,,,0.479,0.49,2.23
EQ-0300,2023-06-24 00:00:00,断路器,武昌110kV变电站,0.572,0.764,33.59,0.725,0.945,30.38,,,,,,,9871.333,7978.333,-19.18,,,,,,,0.516,0.465,-9.89
EQ-0382,2023-06-24 00:00:00,隔离开关,重庆两江220kV变电站,0.623,0.77,23.59,0.754,0.947,25.57,,,,,,,,,,,,,,,,,,
EQ-0152,2023-06-24 00:00:00,电力变压器,苏州工业园220kV变电站,0.62,0.795,28.36,0.778,0.944,21.4,62.8,80.433,28.08,80.167,100.7,25.61,10344.0,9280.333,-10.28,0.005,0.005,10.79,6.267,8.867,41.49,,,
EQ-0026,2023-06-24 00:00:00,电容器组,龙华220kV变电站,0.648,0.853,31.54,0.811,1.06,30.78,,,,,,,,,,0.004,0.004,-0.32,,,,,,
EQ-0186,2023-06-24 00:00:00,断路器,杭州滨江110kV变电站,0.616,0.85,37.9,0.795,1.013,27.4,,,,,,,7872.0,6465.667,-17.87,,,,,,,0.514,0.491,-4.54
EQ-0378,2023-06-24 00:00:00,隔离开关,重庆两江220kV变电站,0.483,0.629,30.41,0.587,0.753,28.17,,,,,,,,,,,,,,,,,,
EQ-0409,2023-06-25 00:00:00,电力变压器,沈阳浑南110kV变电站,0.628,0.834,32.85,0.779,0.999,28.18,61.433,73.2,19.15,78.5,91.267,16.26,7732.0,7830.333,1.27,0.004,0.004,9.78,3.767,8.3,120.35,,,
EQ-0090,2023-06-25 00:00:00,断路器,前海110kV变电站,0.574,0.812,41.48,0.688,1.01,46.77,,,,,,,8342.0,6900.0,-17.29,,,,,,,0.506,0.465,-8.23
EQ-0075,2023-06-25 00:00:00,断路器,南沙110kV变电站,0.554,0.663,19.59,0.673,0.834,23.88,,,,,,,8516.667,9488.0,11.41,,,,,,,0.491,0.486,-1.15
EQ-0191,2023-06-25 00:00:00,隔离开关,杭州滨江110kV变电站,0.602,0.787,30.74,0.729,1.014,39.12,,,,,,,,,,,,,,,,,,
EQ-0344,2023-07-04 00:00:00,避雷器,长沙星沙110kV变电站,0.746,0.712,-4.46,0.954,0.911,-4.45,,,,,,,,,,,,,,,,,,
EQ-0044,2023-06-25 00:00:00,断路器,松山湖220kV变电站,0.513,0.706,37.53,0.66,0.835,26.63,,,,,,,8933.0,9071.0,1.54,,,,,,,0.467,0.456,-2.43
EQ-0178,2023-07-10 00:00:00,避雷器,苏州工业园220kV变电站,0.526,0.496,-5.65,0.666,0.604,-9.31,,,,,,,,,,,,,,,,,,
EQ-0247,2023-07-04 00:00:00,电容器组,通州35kV变电站,0.699,0.656,-6.08,0.892,0.802,-10.07,,,,,,,,,,0.004,0.005,28.94,,,,,,
EQ-0203,2023-07-06 00:00:00,断路器,昆山35kV变电站,0.596,0.599,0.53,0.737,0.735,-0.26,,,,,,,7642.0,6301.0,-17.55,,,,,,,0.441,0.468,6.2
EQ-0113,2023-06-30 00:00:00,断路器,张江110kV变电站,0.597,0.841,40.89,0.759,1.02,34.32,,,,,,,8567.333,10025.667,17.02,,,,,,,0.495,0.508,2.63
EQ-0428,2023-06-25 00:00:00,电力变压器,大连开发区35kV变电站,0.621,0.771,24.17,0.772,0.948,22.71,59.1,75.733,28.14,77.067,93.733,21.63,9399.333,8213.333,-12.62,0.005,0.004,-16.26,6.833,10.8,58.05,,,
EQ-0231,2023-06-25 00:00:00,避雷器,亦庄110kV变电站,0.509,0.705,38.38,0.633,0.882,39.23,,,,,,,,,,,,,,,,,,
EQ-0419,2023-06-30 00:00:00,隔离开关,沈阳浑南110kV变电站,0.564,0.75,32.96,0.725,0.934,28.77,,,,,,,,,,,,,,,,,,
EQ-0065,2023-07-08 00:00:00,GIS组合电器,松山湖220kV变电站,0.616,0.615,-0.15,0.811,0.754,-6.99,74.833,72.133,-3.61,92.967,89.467,-3.76,8199.667,8288.333,1.08,,,,9.333,5.1,-45.36,0.512,0.465,-9.12
EQ-0414,2023-06-26 00:00:00,断路器,沈阳浑南110kV变电站,0.545,0.748,37.23,0.674,0.921,36.67,,,,,,,8584.667,7970.667,-7.15,,,,,,,0.472,0.495,5.02
EQ-0359,2023-06-26 00:00:00,电容器组,武侯110kV变电站,0.491,0.668,36.07,0.604,0.848,40.36,,,,,,,,,,0.004,0.005,39.57,,,,,,
EQ-0209,2023-06-26 00:00:00,隔离开关,昆山35kV变电站,0.53,0.718,35.27,0.661,0.896,35.43,,,,,,,,,,,,,,,,,,
EQ-0056,2023-06-26 00:00:00,隔离开关,松山湖220kV变电站,0.502,0.695,38.39,0.653,0.89,36.25,,,,,,,,,,,,,,,,,,
EQ-0013,2023-06-26 00:00:00,断路器,龙华220kV变电站,0.633,0.805,27.23,0.765,1.015,32.77,,,,,,,8066.667,8494.333,5.3,,,,,,,0.464,0.471,1.44
EQ-0325,2023-06-26 00:00:00,避雷器,江夏35kV变电站,0.466,0.596,28.04,0.566,0.762,34.69,,,,,,,,,,,,,,,,,,
EQ-0080,2023-06-26 00:00:00,电容器组,南沙110kV变电站,0.622,0.773,24.19,0.785,0.98,24.82,,,,,,,,,,0.005,0.005,8.01,,,,,,
EQ-0006,2023-06-26 00:00:00,断路器,龙华220kV变电站,0.458,0.662,44.47,0.57,0.815,42.87,,,,,,,8317.667,8586.667,3.23,,,,,,,0.469,0.478,1.78
EQ-0139,2023-06-26 00:00:00,隔离开关,临港110kV变电站,0.573,0.747,30.46,0.678,0.913,34.56,,,,,,,,,,,,,,,,,,
EQ-0401,2023-07-11 00:00:00,隔离开关,成都高新35kV变电站,0.668,0.68,1.73,0.837,0.828,-1.09,,,,,,,,,,,,,,,,,,
EQ-0153,2023-06-26 00:00:00,断路器,苏州工业园220kV变电站,0.466,0.613,31.4,0.564,0.776,37.67,,,,,,,8213.667,8354.667,1.72,,,,,,,0.482,0.492,2.07
EQ-0138,2023-06-26 00:00:00,隔离开关,临港110kV变电站,0.533,0.65,21.97,0.673,0.803,19.36,,,,,,,,,,,,,,,,,,
EQ-0361,2023-07-22 00:00:00,避雷器,武侯110kV变电站,0.739,0.718,-2.84,0.932,0.88,-5.57,,,,,,,,,,,,,,,,,,
EQ-0202,2023-06-27 00:00:00,电力变压器,昆山35kV变电站,0.576,0.77,33.7,0.693,0.995,43.64,66.067,77.467,17.26,84.533,98.7,16.76,7833.667,9019.0,15.13,0.006,0.005,-9.44,10.233,12.833,25.41,,,
EQ-0347,2023-06-27 00:00:00,电力变压器,武侯110kV变电站,0.485,0.644,32.77,0.584,0.799,36.84,57.767,71.933,24.52,72.3,90.8,25.59,8104.667,9036.0,11.49,0.004,0.005,8.31,7.5,7.2,-4.0,,,
EQ-0130,2023-06-27 00:00:00,电力变压器,临港110kV变电站,0.475,0.654,37.66,0.609,0.824,35.29,66.833,75.3,12.67,83.567,95.5,14.28,9030.0,8903.333,-1.4,0.005,0.004,-9.27,9.4,9.933,5.67,,,
EQ-0362,2023-06-27 00:00:00,避雷器,武侯110kV变电站,0.602,0.754,25.2,0.762,0.904,18.65,,,,,,,,,,,,,,,,,,
EQ-0348,2023-06-27 00:00:00,电力变压器,武侯110kV变电站,0.497,0.666,33.99,0.661,0.806,21.89,62.933,76.6,21.72,78.933,94.467,19.68,9907.333,9441.667,-4.7,0.005,0.004,-24.16,6.267,8.9,42.02,,,
EQ-0155,2023-07-27 00:00:00,断路器,苏州工业园220kV变电站,0.602,0.586,-2.67,0.747,0.747,0.07,,,,,,,7598.0,7313.333,-3.75,,,,,,,0.479,0.471,-1.81
EQ-0426,2023-06-27 00:00:00,GIS组合电器,沈阳浑南110kV变电站,0.599,0.739,23.27,0.77,0.919,19.32,58.4,72.3,23.8,75.833,91.9,21.19,9135.0,8365.333,-8.43,,,,11.367,11.667,2.64,0.48,0.485,1.18
EQ-0122,2023-07-27 00:00:00,电容器组,张江110kV变电站,0.67,0.609,-9.23,0.842,0.766,-9.05,,,,,,,,,,0.004,0.006,41.91,,,,,,
EQ-0393,2023-06-27 00:00:00,GIS组合电器,重庆两江220kV变电站,0.574,0.74,28.87,0.699,0.919,31.51,63.0,72.233,14.66,78.067,89.267,14.35,8190.667,8148.333,-0.52,,,,11.3,13.3,17.7,0.47,0.476,1.28
EQ-0436,2023-07-10 00:00:00,电容器组,大连开发区35kV变电站,0.645,0.643,-0.27,0.808,0.778,-3.79,,,,,,,,,,0.006,0.006,-1.75,,,,,,
EQ-0167,2023-06-27 00:00:00,隔离开关,苏州工业园220kV变电站,0.635,0.792,24.86,0.796,0.974,22.23,,,,,,,,,,,,,,,,,,
EQ-0313,2023-06-27 00:00:00,GIS组合电器,武昌110kV变电站,0.635,0.788,24.23,0.802,0.964,20.12,65.867,76.567,16.24,83.3,97.433,16.97,9315.333,9677.667,3.89,,,,10.2,6.933,-32.03,0.469,0.476,1.49
EQ-0329,2023-06-27 00:00:00,电力变压器,长沙星沙110kV变电站,0.503,0.671,33.51,0.637,0.874,37.27,61.667,73.4,19.03,77.5,91.1,17.55,10297.333,10643.667,3.36,0.004,0.004,11.31,6.067,9.2,51.65,,,
EQ-0163,2023-07-23 00:00:00,隔离开关,苏州工业园220kV变电站,0.551,0.529,-4.01,0.669,0.679,1.49,,,,,,,,,,,,,,,,,,
EQ-0207,2023-06-28 00:00:00,隔离开关,昆山35kV变电站,0.594,0.802,35.09,0.749,0.994,32.81,,,,,,,,,,,,,,,,,,
EQ-0208,2023-06-28 00:00:00,隔离开关,昆山35kV变电站,0.519,0.701,35.12,0.643,0.846,31.54,,,,,,,,,,,,,,,,,,
EQ-0125,2023-06-28 00:00:00,避雷器,张江110kV变电站,0.498,0.672,34.87,0.616,0.818,32.65,,,,,,,,,,,,,,,,,,
EQ-0072,2023-06-28 00:00:00,断路器,南沙110kV变电站,0.56,0.733,30.9,0.689,0.935,35.75,,,,,,,9778.667,8725.667,-10.77,,,,,,,0.468,0.457,-2.49
EQ-0023,2023-07-01 00:00:00,隔离开关,龙华220kV变电站,0.599,0.658,9.98,0.721,0.844,17.17,,,,,,,,,,,,,,,,,,
EQ-0147,2023-06-28 00:00:00,GIS组合电器,临港110kV变电站,0.464,0.619,33.46,0.583,0.774,32.77,62.4,72.033,15.44,76.3,90.5,18.61,8903.0,10512.667,18.08,,,,5.7,9.933,74.27,0.492,0.477,-2.98
EQ-0094,2023-06-28 00:00:00,断路器,前海110kV变电站,0.506,0.636,25.8,0.613,0.783,27.7,,,,,,,7199.667,8958.667,24.43,,,,,,,0.509,0.466,-8.45
EQ-0164,2023-06-28 00:00:00,隔离开关,苏州工业园220kV变电站,0.563,0.76,35.06,0.711,0.919,29.32,,,,,,,,,,,,,,,,,,
EQ-0327,2023-06-28 00:00:00,电力变压器,长沙星沙110kV变电站,0.513,0.618,20.55,0.619,0.746,20.5,61.533,67.733,10.08,75.667,86.233,13.96,10693.667,8448.0,-21.0,0.004,0.004,-2.71,5.867,8.6,46.59,,,
EQ-0226,2023-07-03 00:00:00,隔离开关,亦庄110kV变电站,0.682,0.65,-4.64,0.869,0.817,-5.97,,,,,,,,,,,,,,,,,,
EQ-0317,2023-06-28 00:00:00,断路器,江夏35kV变电站,0.455,0.596,31.2,0.553,0.771,39.56,,,,,,,6002.0,7838.333,30.6,,,,,,,0.494,0.473,-4.18
EQ-0084,2023-06-28 00:00:00,避雷器,南沙110kV变电站,0.649,0.863,32.97,0.837,1.025,22.44,,,,,,,,,,,,,,,,,,
EQ-0215,2023-07-19 00:00:00,电力变压器,亦庄110kV变电站,0.614,0.597,-2.73,0.792,0.77,-2.7,63.2,64.033,1.32,81.0,81.033,0.04,7706.333,7061.667,-8.37,0.006,0.005,-16.55,13.4,11.533,-13.93,,,
EQ-0379,2023-06-28 00:00:00,隔离开关,重庆两江220kV变电站,0.503,0.651,29.24,0.628,0.805,28.23,,,,,,,,,,,,,,,,,,
EQ-0042,2023-06-28 00:00:00,电力变压器,松山湖220kV变电站,0.578,0.774,33.97,0.722,0.998,38.29,66.733,82.233,23.23,86.333,101.167,17.18,8415.0,10294.333,22.33,0.004,0.003,-27.51,11.0,10.0,-9.09,,,
EQ-0264,2023-06-28 00:00:00,隔离开关,天津滨海220kV变电站,0.642,0.83,29.29,0.798,0.984,23.31,,,,,,,,,,,,,,,,,,
EQ-0352,2023-07-04 00:00:00,断路器,武侯110kV变电站,0.673,0.701,4.1,0.816,0.896,9.7,,,,,,,10394.667,11164.667,7.41,,,,,,,0.469,0.505,7.68
EQ-0238,2023-06-28 00:00:00,电力变压器,通州35kV变电站,0.538,0.719,33.53,0.706,0.899,27.33,59.467,72.467,21.86,74.333,94.067,26.55,8057.0,6904.667,-14.3,0.004,0.005,27.47,9.4,9.5,1.06,,,
EQ-0002,2023-06-29 00:00:00,电力变压器,龙华220kV变电站,0.509,0.742,45.91,0.633,0.946,49.45,65.733,83.567,27.13,81.1,103.4,27.5,8163.667,9200.333,12.7,0.006,0.005,-10.72,9.467,10.233,8.1,,,
EQ-0024,2023-07-06 00:00:00,电容器组,龙华220kV变电站,0.583,0.575,-1.39,0.696,0.733,5.37,,,,,,,,,,0.005,0.003,-41.22,,,,,,
EQ-0386,2023-06-29 00:00:00,避雷器,重庆两江220kV变电站,0.514,0.7,36.13,0.626,0.844,34.84,,,,,,,,,,,,,,,,,,
EQ-0100,2023-06-29 00:00:00,电容器组,前海110kV变电站,0.625,0.803,28.46,0.761,1.028,35.03,,,,,,,,,,0.005,0.004,-17.1,,,,,,
EQ-0388,2023-06-24 00:00:00,避雷器,重庆两江220kV变电站,0.587,0.78,32.79,0.753,0.944,25.39,,,,,,,,,,,,,,,,,,
EQ-0314,2023-06-29 00:00:00,电力变压器,江夏35kV变电站,0.608,0.778,28.01,0.772,0.978,26.6,64.667,74.733,15.57,82.8,96.067,16.02,8706.333,7066.667,-18.83,0.005,0.005,10.32,14.933,11.667,-21.87,,,
EQ-0061,2023-06-29 00:00:00,避雷器,松山湖220kV变电站,0.484,0.693,43.03,0.602,0.926,53.74,,,,,,,,,,,,,,,,,,
EQ-0121,2023-06-29 00:00:00,电容器组,张江110kV变电站,0.606,0.831,37.23,0.752,1.02,35.61,,,,,,,,,,0.005,0.005,0.79,,,,,,
EQ-0060,2023-07-23 00:00:00,避雷器,松山湖220kV变电站,0.575,0.572,-0.56,0.71,0.727,2.43,,,,,,,,,,,,,,,,,,
EQ-0145,2023-06-29 00:00:00,避雷器,临港110kV变电站,0.478,0.694,45.18,0.611,0.904,47.96,,,,,,,,,,,,,,,,,,
EQ-0124,2023-06-29 00:00:00,避雷器,张江110kV变电站,0.602,0.826,37.13,0.731,0.985,34.62,,,,,,,,,,,,,,,,,,
EQ-0369,2023-06-29 00:00:00,断路器,重庆两江220kV变电站,0.549,0.77,40.1,0.644,0.921,42.99,,,,,,,7952.667,8603.0,8.18,,,,,,,0.483,0.492,2.0
EQ-0248,2023-07-26 00:00:00,电容器组,通州35kV变电站,0.552,0.566,2.54,0.689,0.692,0.38,,,,,,,,,,0.005,0.004,-20.72,,,,,,
EQ-0312,2023-06-29 00:00:00,避雷器,武昌110kV变电站,0.617,0.753,22.05,0.801,0.935,16.78,,,,,,,,,,,,,,,,,,
EQ-0282,2023-06-29 00:00:00,电力变压器,石家庄高新35kV变电站,0.654,0.846,29.45,0.813,1.003,23.39,63.667,73.233,15.03,80.267,93.733,16.78,9206.333,8210.0,-10.82,0.004,0.005,45.85,8.367,6.733,-19.52,,,
EQ-0010,2023-07-14 00:00:00,断路器,龙华220kV变电站,0.621,0.578,-6.86,0.765,0.732,-4.29,,,,,,,9213.667,7424.0,-19.42,,,,,,,0.487,0.5,2.53
EQ-0418,2023-06-29 00:00:00,隔离开关,沈阳浑南110kV变电站,0.61,0.864,41.56,0.793,1.062,33.86,,,,,,,,,,,,,,,,,,
EQ-0126,2023-06-29 00:00:00,避雷器,张江110kV变电站,0.578,0.726,25.51,0.718,0.921,28.19,,,,,,,,,,,,,,,,,,
EQ-0289,2023-06-30 00:00:00,隔离开关,石家庄高新35kV变电站,0.553,0.756,36.75,0.706,0.915,29.67,,,,,,,,,,,,,,,,,,
EQ-0135,2023-06-30 00:00:00,断路器,临港110kV变电站,0.554,0.685,23.78,0.681,0.856,25.71,,,,,,,8834.333,9537.333,7.96,,,,,,,0.5,0.497,-0.67
EQ-0371,2023-06-30 00:00:00,断路器,重庆两江220kV变电站,0.525,0.693,32.05,0.679,0.873,28.61,,,,,,,8304.667,9112.333,9.73,,,,,,,0.5,0.502,0.33
EQ-0268,2023-06-30 00:00:00,隔离开关,天津滨海220kV变电站,0.613,0.814,32.81,0.756,0.989,30.79,,,,,,,,,,,,,,,,,,
EQ-0053,2023-06-30 00:00:00,隔离开关,松山湖220kV变电站,0.49,0.652,33.19,0.606,0.821,35.36,,,,,,,,,,,,,,,,,,
EQ-0432,2023-06-23 00:00:00,隔离开关,大连开发区35kV变电站,0.445,0.604,35.75,0.541,0.742,37.3,,,,,,,,,,,,,,,,,,
EQ-0049,2023-06-30 00:00:00,断路器,松山湖220kV变电站,0.529,0.687,29.97,0.68,0.829,21.83,,,,,,,9760.667,8118.667,-16.82,,,,,,,0.491,0.475,-3.26
EQ-0181,2023-06-30 00:00:00,GIS组合电器,苏州工业园220kV变电站,0.559,0.7,25.26,0.667,0.91,36.42,67.4,71.533,6.13,85.7,91.933,7.27,8640.333,7792.667,-9.81,,,,11.233,7.8,-30.56,0.529,0.481,-9.01
EQ-0007,2023-06-30 00:00:00,断路器,龙华220kV变电站,0.534,0.687,28.83,0.652,0.892,36.73,,,,,,,9613.667,7505.667,-21.93,,,,,,,0.482,0.468,-2.97
EQ-0150,2023-06-29 00:00:00,电力变压器,苏州工业园220kV变电站,0.505,0.712,41.04,0.646,0.84,30.02,60.0,75.2,25.33,76.233,94.5,23.96,8663.0,7651.667,-11.67,0.005,0.004,-4.66,6.767,8.733,29.06,,,
EQ-0392,2023-06-30 00:00:00,GIS组合电器,重庆两江220kV变电站,0.482,0.623,29.19,0.616,0.794,28.85,61.067,71.567,17.19,77.033,88.033,14.28,8478.667,9659.0,13.92,,,,9.633,5.967,-38.06,0.465,0.497,6.81
EQ-0416,2023-06-30 00:00:00,隔离开关,沈阳浑南110kV变电站,0.671,0.833,24.1,0.843,1.032,22.41,,,,,,,,,,,,,,,,,,
EQ-0217,2023-06-30 00:00:00,电力变压器,亦庄110kV变电站,0.601,0.79,31.5,0.775,0.938,21.04,65.9,75.467,14.52,83.733,94.7,13.1,8980.0,7507.667,-16.4,0.006,0.004,-29.73,10.467,3.633,-65.29,,,
EQ-0156,2023-06-30 00:00:00,断路器,苏州工业园220kV变电站,0.444,0.593,33.5,0.568,0.709,24.8,,,,,,,8197.667,7458.333,-9.02,,,,,,,0.462,0.477,3.25
EQ-0097,2023-06-30 00:00:00,隔离开关,前海110kV变电站,0.562,0.717,27.77,0.706,0.858,21.55,,,,,,,,,,,,,,,,,,
EQ-0101,2023-06-30 00:00:00,避雷器,前海110kV变电站,0.499,0.614,23.16,0.625,0.779,24.58,,,,,,,,,,,,,,,,,,
EQ-0218,2023-06-30 00:00:00,断路器,亦庄110kV变电站,0.594,0.817,37.64,0.749,0.977,30.47,,,,,,,11202.333,10015.0,-10.6,,,,,,,0.502,0.522,3.98
EQ-0163,2023-07-10 00:00:00,隔离开关,苏州工业园220kV变电站,0.551,0.529,-4.01,0.669,0.679,1.49,,,,,,,,,,,,,,,,,,
EQ-0085,2023-07-04 00:00:00,避雷器,南沙110kV变电站,0.682,0.648,-4.98,0.893,0.835,-6.45,,,,,,,,,,,,,,,,,,
EQ-0438,2023-07-07 00:00:00,避雷器,大连开发区35kV变电站,0.633,0.609,-3.86,0.788,0.768,-2.54,,,,,,,,,,,,,,,,,,
EQ-0017,2023-07-10 00:00:00,隔离开关,龙华220kV变电站,0.748,0.713,-4.65,0.921,0.865,-6.0,,,,,,,,,,,,,,,,,,
EQ-0437,2023-07-11 00:00:00,避雷器,大连开发区35kV变电站,0.606,0.576,-5.07,0.799,0.741,-7.29,,,,,,,,,,,,,,,,,,
EQ-0267,2023-07-19 00:00:00,隔离开关,天津滨海220kV变电站,0.613,0.596,-2.84,0.745,0.735,-1.26,,,,,,,,,,,,,,,,,,
EQ-0239,2023-07-13 00:00:00,电力变压器,通州35kV变电站,0.606,0.537,-11.38,0.754,0.692,-8.17,69.3,61.133,-11.78,88.5,77.533,-12.39,9960.333,10408.333,4.5,0.005,0.004,-16.08,6.033,6.633,9.94,,,
EQ-0251,2023-07-14 00:00:00,避雷器,通州35kV变电站,0.631,0.617,-2.14,0.802,0.814,1.49,,,,,,,,,,,,,,,,,,
EQ-0273,2023-07-17 00:00:00,避雷器,天津滨海220kV变电站,0.762,0.74,-2.96,0.973,0.905,-6.96,,,,,,,,,,,,,,,,,,
EQ-0301,2023-07-18 00:00:00,断路器,武昌110kV变电站,0.544,0.535,-1.55,0.683,0.671,-1.77,,,,,,,8059.667,9523.0,18.16,,,,,,,0.479,0.49,2.23
EQ-0020,2023-07-18 00:00:00,隔离开关,龙华220kV变电站,0.601,0.568,-5.43,0.731,0.714,-2.41,,,,,,,,,,,,,,,,,,
EQ-0194,2023-07-27 00:00:00,电容器组,杭州滨江110kV变电站,0.519,0.54,4.07,0.663,0.661,-0.2,,,,,,,,,,0.005,0.004,-7.52,,,,,,
EQ-0029,2023-08-02 00:00:00,避雷器,龙华220kV变电站,0.894,0.628,-29.74,1.044,0.796,-23.76,,,,,,,,,,,,,,,,,,
EQ-0180,2023-08-01 00:00:00,GIS组合电器,苏州工业园220kV变电站,0.526,0.443,-15.73,0.64,0.548,-14.35,66.133,57.6,-12.9,82.367,73.033,-11.33,9214.667,7428.333,-19.39,,,,11.833,10.933,-7.61,0.446,0.466,4.56
EQ-0337,2023-08-02 00:00:00,隔离开关,长沙星沙110kV变电站,0.796,0.593,-25.46,0.961,0.738,-23.25,,,,,,,,,,,,,,,,,,
EQ-0085,2023-08-04 00:00:00,避雷器,南沙110kV变电站,0.766,0.546,-28.67,1.023,0.698,-31.78,,,,,,,,,,,,,,,,,,
EQ-0033,2023-08-07 00:00:00,避雷器,龙华220kV变电站,0.774,0.609,-21.38,0.986,0.748,-24.08,,,,,,,,,,,,,,,,,,
EQ-0042,2023-08-11 00:00:00,电力变压器,松山湖220kV变电站,0.797,0.58,-27.18,1.026,0.735,-28.4,80.6,65.5,-18.73,101.067,81.667,-19.2,8986.0,9509.0,5.82,0.003,0.005,67.59,9.333,7.9,-15.36,,,
EQ-0073,2023-08-15 06:08:00,断路器,南沙110kV变电站,0.709,0.521,-26.54,0.926,0.668,-27.87,,,,,,,9613.0,9468.333,-1.5,,,,,,,0.509,0.495,-2.81
EQ-0385,2023-08-16 00:00:00,电容器组,重庆两江220kV变电站,0.691,0.519,-24.89,0.864,0.637,-26.36,,,,,,,,,,0.005,0.005,1.89,,,,,,
EQ-0339,2023-08-19 00:00:00,电容器组,长沙星沙110kV变电站,0.754,0.59,-21.78,0.942,0.732,-22.29,,,,,,,,,,0.004,0.003,-21.53,,,,,,
EQ-0074,2023-08-25 00:00:00,断路器,南沙110kV变电站,0.857,0.645,-24.72,1.047,0.846,-19.18,,,,,,,10264.0,11423.333,11.3,,,,,,,0.486,0.49,0.82
EQ-0360,2023-08-22 00:00:00,避雷器,武侯110kV变电站,0.819,0.632,-22.76,0.99,0.842,-14.93,,,,,,,,,,,,,,,,,,
EQ-0190,2023-08-22 00:00:00,隔离开关,杭州滨江110kV变电站,0.71,0.529,-25.54,0.925,0.669,-27.69,,,,,,,,,,,,,,,,,,
EQ-0270,2023-08-24 14:04:00,电容器组,天津滨海220kV变电站,0.753,0.554,-26.5,0.947,0.731,-22.83,,,,,,,,,,0.006,0.004,-26.62,,,,,,
EQ-0156,2023-08-30 00:00:00,断路器,苏州工业园220kV变电站,0.586,0.471,-19.63,0.704,0.582,-17.38,,,,,,,7800.333,8051.667,3.22,,,,,,,0.491,0.484,-1.29
EQ-0259,2023-08-31 00:00:00,断路器,天津滨海220kV变电站,0.6,0.459,-23.37,0.77,0.609,-21.0,,,,,,,6979.0,11002.667,57.65,,,,,,,0.483,0.488,1.1
EQ-0292,2023-09-22 00:00:00,避雷器,石家庄高新35kV变电站,0.631,0.508,-19.48,0.771,0.649,-15.83,,,,,,,,,,,,,,,,,,
EQ-0105,2023-09-08 00:00:00,GIS组合电器,前海110kV变电站,0.741,0.578,-22.01,0.949,0.705,-25.68,82.667,56.467,-31.69,102.467,69.567,-32.11,10257.667,9534.0,-7.05,,,,8.5,13.5,58.82,0.495,0.502,1.35
EQ-0189,2023-09-09 00:00:00,断路器,杭州滨江110kV变电站,0.709,0.527,-25.69,0.846,0.657,-22.38,,,,,,,7923.667,9770.667,23.31,,,,,,,0.478,0.501,4.74
EQ-0144,2023-09-12 00:00:00,避雷器,临港110kV变电站,0.705,0.557,-21.02,0.892,0.67,-24.89,,,,,,,,,,,,,,,,,,
EQ-0146,2023-09-14 00:00:00,避雷器,临港110kV变电站,0.608,0.467,-23.09,0.758,0.616,-18.69,,,,,,,,,,,,,,,,,,
EQ-0270,2023-09-16 00:00:00,电容器组,天津滨海220kV变电站,0.745,0.576,-22.68,0.936,0.73,-22.01,,,,,,,,,,0.005,0.005,-12.69,,,,,,
EQ-0369,2023-10-07 00:00:00,断路器,重庆两江220kV变电站,0.69,0.597,-13.61,0.839,0.735,-12.41,,,,,,,9441.333,11200.333,18.63,,,,,,,0.487,0.512,5.2
EQ-0268,2023-09-19 00:00:00,隔离开关,天津滨海220kV变电站,0.814,0.608,-25.26,0.989,0.745,-24.7,,,,,,,,,,,,,,,,,,
EQ-0267,2023-09-19 13:22:00,隔离开关,天津滨海220kV变电站,0.664,0.55,-17.26,0.828,0.693,-16.28,,,,,,,,,,,,,,,,,,
EQ-0169,2023-09-20 00:00:00,电容器组,苏州工业园220kV变电站,0.716,0.506,-29.35,0.889,0.626,-29.57,,,,,,,,,,0.006,0.004,-36.28,,,,,,
EQ-0035,2023-09-30 00:00:00,GIS组合电器,龙华220kV变电站,0.75,0.532,-29.1,0.906,0.649,-28.31,79.767,58.133,-27.12,98.833,74.833,-24.28,10043.0,9081.667,-9.57,,,,8.733,11.533,32.06,0.488,0.472,-3.21
EQ-0294,2023-09-30 01:27:00,避雷器,石家庄高新35kV变电站,0.801,0.604,-24.63,0.979,0.775,-20.83,,,,,,,,,,,,,,,,,,
EQ-0191,2023-10-30 00:00:00,隔离开关,杭州滨江110kV变电站,0.696,0.616,-11.51,0.876,0.747,-14.69,,,,,,,,,,,,,,,,,,
EQ-0112,2023-10-15 00:00:00,断路器,张江110kV变电站,0.64,0.543,-15.11,0.795,0.688,-13.47,,,,,,,8671.667,8501.667,-1.96,,,,,,,0.477,0.503,5.52
EQ-0063,2023-10-07 00:00:00,避雷器,松山湖220kV变电站,0.611,0.52,-14.82,0.75,0.672,-10.37,,,,,,,,,,,,,,,,,,
EQ-0306,2023-10-07 00:35:00,隔离开关,武昌110kV变电站,0.629,0.573,-8.97,0.796,0.724,-8.97,,,,,,,,,,,,,,,,,,
EQ-0308,2023-10-02 00:00:00,电容器组,武昌110kV变电站,0.669,0.577,-13.76,0.812,0.719,-11.52,,,,,,,,,,0.004,0.005,27.61,,,,,,
EQ-0080,2023-10-31 00:00:00,电容器组,南沙110kV变电站,0.68,0.615,-9.55,0.854,0.752,-11.99,,,,,,,,,,0.005,0.004,-20.2,,,,,,
EQ-0128,2023-10-14 00:00:00,GIS组合电器,张江110kV变电站,0.694,0.585,-15.82,0.865,0.703,-18.74,69.0,47.3,-31.45,88.333,64.767,-26.68,8480.333,8472.0,-0.1,,,,4.733,10.9,130.28,0.487,0.493,1.23
EQ-0383,2023-10-15 00:00:00,电容器组,重庆两江220kV变电站,0.562,0.463,-17.53,0.699,0.602,-13.8,,,,,,,,,,0.005,0.004,-23.17,,,,,,
EQ-0438,2023-10-21 00:00:00,避雷器,大连开发区35kV变电站,0.609,0.567,-6.89,0.768,0.719,-6.4,,,,,,,,,,,,,,,,,,
EQ-0182,2023-10-17 00:00:00,电力变压器,杭州滨江110kV变电站,0.633,0.559,-11.68,0.805,0.679,-15.68,73.4,46.7,-36.38,92.167,63.333,-31.28,8326.333,10107.333,21.39,0.005,0.005,-14.01,11.933,10.433,-12.57,,,
EQ-0375,2023-10-17 00:00:00,断路器,重庆两江220kV变电站,0.693,0.63,-9.02,0.846,0.769,-9.19,,,,,,,8195.0,7912.0,-3.45,,,,,,,0.477,0.528,10.76
EQ-0052,2023-10-20 00:00:00,隔离开关,松山湖220kV变电站,0.673,0.611,-9.22,0.852,0.742,-12.92,,,,,,,,,,,,,,,,,,
EQ-0301,2023-10-20 05:06:00,断路器,武昌110kV变电站,0.535,0.513,-4.13,0.671,0.658,-1.94,,,,,,,9523.0,8946.333,-6.06,,,,,,,0.49,0.473,-3.4
EQ-0091,2023-10-21 00:00:00,断路器,前海110kV变电站,0.695,0.612,-11.9,0.877,0.762,-13.05,,,,,,,9839.0,10638.333,8.12,,,,,,,0.514,0.503,-2.2
EQ-0057,2023-10-25 00:00:00,电容器组,松山湖220kV变电站,0.728,0.632,-13.19,0.899,0.814,-9.44,,,,,,,,,,0.005,0.004,-15.4,,,,,,
EQ-0174,2023-10-27 00:00:00,避雷器,苏州工业园220kV变电站,0.655,0.553,-15.68,0.842,0.682,-19.01,,,,,,,,,,,,,,,,,,
EQ-0313,2023-10-30 00:00:00,GIS组合电器,武昌110kV变电站,0.681,0.654,-4.01,0.839,0.801,-4.57,68.767,49.833,-27.53,86.633,66.433,-23.32,8353.333,9349.667,11.93,,,,7.767,7.867,1.29,0.487,0.525,7.88
EQ-0220,2023-10-30 00:00:00,断路器,亦庄110kV变电站,0.767,0.639,-16.71,0.931,0.773,-17.0,,,,,,,8305.0,10006.333,20.49,,,,,,,0.518,0.498,-3.8
EQ-0249,2023-11-13 00:00:00,避雷器,通州35kV变电站,0.546,0.551,0.97,0.695,0.688,-0.99,,,,,,,,,,,,,,,,,,
EQ-0384,2023-11-06 00:00:00,电容器组,重庆两江220kV变电站,0.564,0.562,-0.41,0.726,0.712,-2.0,,,,,,,,,,0.004,0.006,44.91,,,,,,
EQ-0166,2023-12-05 00:00:00,隔离开关,苏州工业园220kV变电站,0.492,0.483,-1.98,0.631,0.585,-7.27,,,,,,,,,,,,,,,,,,
EQ-0299,2023-12-09 00:00:00,断路器,武昌110kV变电站,0.618,0.558,-9.59,0.784,0.718,-8.45,,,,,,,8800.0,8647.667,-1.73,,,,,,,0.524,0.502,-4.26
EQ-0061,2023-11-12 00:00:00,避雷器,松山湖220kV变电站,0.511,0.482,-5.58,0.663,0.628,-5.24,,,,,,,,,,,,,,,,,,
EQ-0354,2023-12-09 00:00:00,隔离开关,武侯110kV变电站,0.491,0.465,-5.36,0.609,0.615,0.99,,,,,,,,,,,,,,,,,,
EQ-0251,2023-12-06 00:00:00,避雷器,通州35kV变电站,0.539,0.538,-0.27,0.689,0.704,2.19,,,,,,,,,,,,,,,,,,
EQ-0012,2023-11-24 00:00:00,断路器,龙华220kV变电站,0.584,0.586,0.23,0.729,0.74,1.49,,,,,,,8704.0,10643.667,22.28,,,,,,,0.477,0.446,-6.5
EQ-0107,2023-11-27 00:00:00,电力变压器,张江110kV变电站,0.452,0.487,7.7,0.579,0.607,4.96,52.167,45.0,-13.74,64.867,59.733,-7.91,10072.333,10326.333,2.52,0.005,0.006,14.56,4.767,9.1,90.91,,,
EQ-0056,2023-11-30 00:00:00,隔离开关,松山湖220kV变电站,0.521,0.531,1.99,0.668,0.684,2.4,,,,,,,,,,,,,,,,,,
EQ-0324,2023-12-01 00:00:00,避雷器,江夏35kV变电站,0.605,0.605,-0.02,0.716,0.783,9.47,,,,,,,,,,,,,,,,,,
EQ-0051,2023-12-25 00:00:00,隔离开关,松山湖220kV变电站,0.615,0.612,-0.44,0.792,0.728,-8.05,,,,,,,,,,,,,,,,,,
EQ-0425,2023-12-01 00:00:00,避雷器,沈阳浑南110kV变电站,0.589,0.58,-1.45,0.763,0.717,-6.12,,,,,,,,,,,,,,,,,,
EQ-0002,2023-12-07 00:00:00,电力变压器,龙华220kV变电站,0.51,0.522,2.43,0.64,0.664,3.74,51.933,52.333,0.77,68.467,66.8,-2.43,10629.333,8013.333,-24.61,0.005,0.006,23.58,11.533,8.667,-24.86,,,
EQ-0307,2023-12-03 00:00:00,电容器组,武昌110kV变电站,0.547,0.489,-10.67,0.693,0.616,-11.08,,,,,,,,,,0.004,0.005,24.39,,,,,,
EQ-0421,2023-12-10 15:19:00,电容器组,沈阳浑南110kV变电站,0.491,0.482,-1.74,0.609,0.612,0.52,,,,,,,,,,0.005,0.004,-15.72,,,,,,
EQ-0234,2023-12-23 00:00:00,避雷器,亦庄110kV变电站,0.472,0.446,-5.55,0.571,0.564,-1.29,,,,,,,,,,,,,,,,,,
EQ-0055,2023-12-14 00:00:00,隔离开关,松山湖220kV变电站,0.51,0.504,-1.33,0.637,0.605,-4.96,,,,,,,,,,,,,,,,,,
EQ-0217,2023-12-17 00:00:00,电力变压器,亦庄110kV变电站,0.608,0.602,-1.01,0.756,0.748,-1.08,52.4,44.833,-14.44,68.267,61.033,-10.6,8447.333,8117.0,-3.91,0.004,0.005,9.23,6.733,8.233,22.28,,,
EQ-0157,2023-12-21 00:00:00,断路器,苏州工业园220kV变电站,0.601,0.557,-7.33,0.78,0.705,-9.73,,,,,,,9832.667,9190.333,-6.53,,,,,,,0.476,0.486,2.1
EQ-0008,2024-01-12 00:00:00,断路器,龙华220kV变电站,0.502,0.446,-11.31,0.636,0.568,-10.7,,,,,,,8206.667,7737.667,-5.71,,,,,,,0.487,0.455,-6.64
EQ-0182,2023-12-23 00:00:00,电力变压器,杭州滨江110kV变电站,0.544,0.53,-2.57,0.68,0.664,-2.36,52.733,46.533,-11.76,68.9,63.1,-8.42,10390.667,7996.667,-23.04,0.005,0.005,12.94,9.233,9.033,-2.17,,,
EQ-0203,2023-12-26 00:00:00,断路器,昆山35kV变电站,0.518,0.46,-11.24,0.631,0.604,-4.28,,,,,,,8734.667,9006.667,3.11,,,,,,,0.475,0.475,0.0
EQ-0213,2024-01-03 00:00:00,避雷器,昆山35kV变电站,0.503,0.436,-13.38,0.658,0.54,-17.97,,,,,,,,,,,,,,,,,,
EQ-0358,2023-12-29 00:00:00,电容器组,武侯110kV变电站,0.549,0.575,4.75,0.669,0.734,9.64,,,,,,,,,,0.004,0.005,23.65,,,,,,
EQ-0050,2023-12-30 00:00:00,断路器,松山湖220kV变电站,0.552,0.493,-10.67,0.708,0.627,-11.44,,,,,,,7630.667,9112.667,19.42,,,,,,,0.461,0.501,8.83
EQ-0093,2023-12-31 00:00:00,断路器,前海110kV变电站,0.568,0.528,-7.04,0.734,0.676,-7.9,,,,,,,11056.667,11062.333,0.05,,,,,,,0.494,0.505,2.3
EQ-0276,2024-01-03 00:00:00,避雷器,天津滨海220kV变电站,0.522,0.476,-8.83,0.628,0.606,-3.51,,,,,,,,,,,,,,,,,,
EQ-0089,2024-01-07 00:00:00,电力变压器,前海110kV变电站,0.668,0.562,-15.84,0.853,0.719,-15.65,54.133,56.8,4.93,72.8,73.767,1.33,11335.0,9752.333,-13.96,0.003,0.004,21.97,6.567,8.367,27.41,,,
EQ-0252,2024-01-08 00:00:00,电力变压器,天津滨海220kV变电站,0.504,0.421,-16.49,0.625,0.535,-14.45,41.667,41.267,-0.96,58.6,54.933,-6.26,9576.667,7508.667,-21.59,0.005,0.004,-10.83,9.967,14.933,49.83,,,
EQ-0437,2024-01-10 00:00:00,避雷器,大连开发区35kV变电站,0.502,0.445,-11.31,0.636,0.54,-15.12,,,,,,,,,,,,,,,,,,
EQ-0436,2024-01-12 00:00:00,电容器组,大连开发区35kV变电站,0.544,0.483,-11.12,0.663,0.602,-9.31,,,,,,,,,,0.005,0.005,1.5,,,,,,
EQ-0297,2024-01-13 00:00:00,电力变压器,武昌110kV变电站,0.478,0.424,-11.29,0.603,0.517,-14.34,48.4,47.333,-2.2,62.1,63.4,2.09,10215.0,10378.667,1.6,0.005,0.004,-24.89,8.833,5.833,-33.96,,,
EQ-0255,2024-01-14 00:00:00,电力变压器,天津滨海220kV变电站,0.572,0.545,-4.71,0.734,0.694,-5.45,41.533,51.233,23.35,57.367,66.467,15.86,7648.667,8128.667,6.28,0.005,0.005,-5.03,11.467,14.267,24.42,,,
EQ-0415,2024-01-14 00:00:00,断路器,沈阳浑南110kV变电站,0.518,0.447,-13.73,0.628,0.548,-12.75,,,,,,,7937.667,8889.0,11.99,,,,,,,0.477,0.506,6.01
EQ-0188,2024-01-17 09:25:00,断路器,杭州滨江110kV变电站,0.678,0.545,-19.73,0.829,0.66,-20.34,,,,,,,9466.667,7387.0,-21.97,,,,,,,0.503,0.494,-1.79
EQ-0301,2024-01-17 11:56:00,断路器,武昌110kV变电站,0.513,0.397,-22.62,0.658,0.495,-24.69,,,,,,,8946.333,8833.333,-1.26,,,,,,,0.473,0.484,2.4
EQ-0307,2024-01-21 00:00:00,电容器组,武昌110kV变电站,0.551,0.467,-15.27,0.706,0.564,-20.14,,,,,,,,,,0.005,0.004,-18.05,,,,,,
EQ-0420,2024-01-22 00:00:00,电容器组,沈阳浑南110kV变电站,0.595,0.506,-14.9,0.722,0.624,-13.56,,,,,,,,,,0.005,0.005,-8.48,,,,,,
EQ-0395,2024-01-20 00:00:00,电力变压器,成都高新35kV变电站,0.502,0.447,-11.12,0.618,0.552,-10.75,42.867,50.233,17.19,56.7,62.933,10.99,9796.0,7658.667,-21.82,0.005,0.003,-40.06,10.233,6.633,-35.18,,,
EQ-0132,2024-02-12 00:00:00,断路器,临港110kV变电站,0.619,0.59,-4.65,0.777,0.737,-5.18,,,,,,,10767.333,9133.667,-15.17,,,,,,,0.472,0.479,1.41
EQ-0298,2024-01-23 00:00:00,断路器,武昌110kV变电站,0.619,0.519,-16.1,0.787,0.633,-19.62,,,,,,,9738.333,8766.0,-9.98,,,,,,,0.498,0.465,-6.62
EQ-0215,2024-01-24 00:00:00,电力变压器,亦庄110kV变电站,0.551,0.47,-14.67,0.694,0.604,-13.01,43.933,44.3,0.83,59.433,59.7,0.45,8159.333,8855.0,8.53,0.004,0.003,-30.3,13.0,8.933,-31.28,,,
EQ-0039,2024-01-25 00:00:00,电力变压器,松山湖220kV变电站,0.632,0.568,-10.03,0.762,0.713,-6.5,53.667,53.833,0.31,73.533,70.0,-4.81,9806.333,8354.333,-14.81,0.004,0.004,3.34,8.333,6.5,-22.0,,,
EQ-0222,2024-01-25 00:00:00,断路器,亦庄110kV变电站,0.484,0.406,-16.15,0.626,0.511,-18.28,,,,,,,7849.333,8644.333,10.13,,,,,,,0.501,0.485,-3.13
EQ-0316,2024-01-27 01:38:00,断路器,江夏35kV变电站,0.646,0.571,-11.63,0.837,0.701,-16.27,,,,,,,7298.333,8677.0,18.89,,,,,,,0.474,0.459,-3.3
EQ-0202,2024-02-02 00:00:00,电力变压器,昆山35kV变电站,0.6,0.532,-11.35,0.772,0.675,-12.64,45.767,58.333,27.46,62.3,74.933,20.28,7503.333,8546.0,13.9,0.003,0.005,38.38,10.833,15.6,44.0,,,
EQ-0129,2024-02-03 00:00:00,电力变压器,临港110kV变电站,0.477,0.402,-15.69,0.608,0.517,-15.1,43.167,52.667,22.01,58.633,67.767,15.58,8753.0,11049.667,26.24,0.005,0.003,-44.32,5.967,10.933,83.24,,,
EQ-0374,2024-02-03 23:51:00,断路器,重庆两江220kV变电站,0.586,0.6,2.43,0.707,0.748,5.78,,,,,,,11060.0,9797.667,-11.41,,,,,,,0.482,0.494,2.63
EQ-0112,2024-02-07 00:00:00,断路器,张江110kV变电站,0.554,0.504,-9.03,0.701,0.632,-9.78,,,,,,,8946.667,9311.667,4.08,,,,,,,0.509,0.491,-3.54
EQ-0252,2024-03-01 00:00:00,电力变压器,天津滨海220kV变电站,0.493,0.478,-3.1,0.625,0.592,-5.17,38.067,55.533,45.88,54.233,69.6,28.33,8252.0,8183.333,-0.83,0.005,0.005,-8.76,12.433,6.533,-47.45,,,
EQ-0005,2024-02-15 00:00:00,电力变压器,龙华220kV变电站,0.537,0.459,-14.57,0.687,0.582,-15.28,48.267,57.1,18.3,65.633,73.367,11.78,8343.667,8008.667,-4.02,0.005,0.005,-8.39,10.8,13.733,27.16,,,
EQ-0152,2024-02-19 00:00:00,电力变压器,苏州工业园220kV变电站,0.641,0.557,-13.15,0.808,0.691,-14.39,51.567,57.933,12.35,68.3,74.1,8.49,8325.0,10332.333,24.11,0.004,0.005,25.17,14.2,4.9,-65.49,,,
EQ-0169,2024-02-19 00:00:00,电容器组,苏州工业园220kV变电站,0.532,0.491,-7.66,0.651,0.618,-4.97,,,,,,,,,,0.005,0.005,-6.68,,,,,,
EQ-0217,2024-02-24 04:38:00,电力变压器,亦庄110kV变电站,0.652,0.57,-12.61,0.818,0.705,-13.78,45.267,55.367,22.31,63.233,70.3,11.18,7031.667,10415.667,48.13,0.004,0.004,0.0,6.533,11.7,79.08,,,
EQ-0368,2024-02-25 00:00:00,电力变压器,重庆两江220kV变电站,0.608,0.531,-12.73,0.742,0.693,-6.57,45.167,55.9,23.76,61.3,70.867,15.61,8718.0,7308.667,-16.17,0.004,0.004,-8.52,8.9,11.5,29.21,,,
EQ-0372,2024-02-27 18:37:00,断路器,重庆两江220kV变电站,0.549,0.497,-9.38,0.679,0.634,-6.63,,,,,,,7917.667,8423.0,6.38,,,,,,,0.476,0.507,6.44
EQ-0043,2024-03-01 00:00:00,断路器,松山湖220kV变电站,0.503,0.514,2.25,0.644,0.648,0.52,,,,,,,9796.0,10174.0,3.86,,,,,,,0.46,0.52,12.89
EQ-0212,2024-03-03 00:00:00,避雷器,昆山35kV变电站,0.51,0.6,17.61,0.618,0.761,23.09,,,,,,,,,,,,,,,,,,
EQ-0110,2024-03-05 00:00:00,断路器,张江110kV变电站,0.485,0.488,0.65,0.616,0.586,-4.97,,,,,,,8236.0,9303.667,12.96,,,,,,,0.484,0.502,3.79
EQ-0353,2024-03-03 00:00:00,断路器,武侯110kV变电站,0.556,0.612,10.09,0.661,0.784,18.63,,,,,,,11532.333,9724.0,-15.68,,,,,,,0.498,0.486,-2.48
EQ-0254,2024-03-09 00:00:00,电力变压器,天津滨海220kV变电站,0.571,0.602,5.4,0.732,0.745,1.8,41.667,58.7,40.88,59.867,75.5,26.11,10038.0,7691.667,-23.37,0.005,0.005,9.22,10.367,10.333,-0.32,,,
EQ-0030,2024-03-11 00:00:00,避雷器,龙华220kV变电站,0.548,0.576,5.17,0.692,0.699,0.99,,,,,,,,,,,,,,,,,,
EQ-0311,2024-03-11 00:00:00,避雷器,武昌110kV变电站,0.601,0.684,13.76,0.773,0.879,13.68,,,,,,,,,,,,,,,,,,
EQ-0307,2024-03-13 00:00:00,电容器组,武昌110kV变电站,0.489,0.532,8.85,0.616,0.635,3.1,,,,,,,,,,0.005,0.004,-19.13,,,,,,
EQ-0221,2024-03-15 00:00:00,断路器,亦庄110kV变电站,0.572,0.611,6.75,0.742,0.715,-3.71,,,,,,,10357.667,9191.667,-11.26,,,,,,,0.507,0.487,-4.07
EQ-0387,2024-03-20 00:00:00,避雷器,重庆两江220kV变电站,0.501,0.546,8.99,0.634,0.709,11.76,,,,,,,,,,,,,,,,,,
EQ-0374,2024-03-16 00:00:00,断路器,重庆两江220kV变电站,0.569,0.635,11.63,0.689,0.8,16.08,,,,,,,10000.667,9428.667,-5.72,,,,,,,0.485,0.487,0.34
EQ-0373,2024-03-16 09:18:00,断路器,重庆两江220kV变电站,0.586,0.626,6.85,0.742,0.796,7.33,,,,,,,9009.0,9127.333,1.31,,,,,,,0.513,0.477,-6.95
EQ-0429,2024-03-18 00:00:00,断路器,大连开发区35kV变电站,0.529,0.594,12.15,0.664,0.735,10.71,,,,,,,8548.333,7996.0,-6.46,,,,,,,0.495,0.466,-5.93
EQ-0425,2024-03-22 00:00:00,避雷器,沈阳浑南110kV变电站,0.58,0.62,6.82,0.717,0.8,11.67,,,,,,,,,,,,,,,,,,
EQ-0178,2024-03-30 00:00:00,避雷器,苏州工业园220kV变电站,0.46,0.473,2.85,0.573,0.595,3.8,,,,,,,,,,,,,,,,,,
EQ-0173,2024-04-28 00:00:00,避雷器,苏州工业园220kV变电站,0.463,0.618,33.53,0.573,0.76,32.67,,,,,,,,,,,,,,,,,,
EQ-0346,2024-04-03 00:00:00,电力变压器,武侯110kV变电站,0.459,0.634,38.11,0.548,0.784,43.06,47.867,69.033,44.22,62.833,85.867,36.66,8488.667,8401.667,-1.02,0.005,0.005,19.72,10.333,9.233,-10.65,,,
EQ-0139,2024-03-31 00:00:00,隔离开关,临港110kV变电站,0.551,0.581,5.37,0.697,0.744,6.75,,,,,,,,,,,,,,,,,,
EQ-0117,2024-04-01 00:00:00,隔离开关,张江110kV变电站,0.581,0.742,27.72,0.748,0.931,24.51,,,,,,,,,,,,,,,,,,
EQ-0320,2024-04-01 00:00:00,隔离开关,江夏35kV变电站,0.45,0.57,26.74,0.563,0.725,28.71,,,,,,,,,,,,,,,,,,
EQ-0149,2024-04-01 00:00:00,电力变压器,苏州工业园220kV变电站,0.453,0.578,27.5,0.569,0.712,25.19,46.367,66.7,43.85,61.1,81.3,33.06,6256.333,7517.333,20.16,0.004,0.005,20.0,11.8,11.233,-4.8,,,
EQ-0321,2024-04-29 00:00:00,隔离开关,江夏35kV变电站,0.474,0.598,26.18,0.584,0.763,30.47,,,,,,,,,,,,,,,,,,
EQ-0419,2024-04-01 00:00:00,隔离开关,沈阳浑南110kV变电站,0.517,0.684,32.39,0.612,0.83,35.63,,,,,,,,,,,,,,,,,,
EQ-0169,2024-04-01 00:00:00,电容器组,苏州工业园220kV变电站,0.5,0.645,29.05,0.631,0.838,32.94,,,,,,,,,,0.006,0.005,-13.18,,,,,,
EQ-0218,2024-04-01 00:00:00,断路器,亦庄110kV变电站,0.588,0.71,20.79,0.732,0.867,18.4,,,,,,,11024.333,9350.667,-15.18,,,,,,,0.495,0.503,1.48
EQ-0042,2024-04-01 00:00:00,电力变压器,松山湖220kV变电站,0.543,0.742,36.57,0.674,0.967,43.54,51.5,82.767,60.71,67.833,102.067,50.47,10862.0,9460.333,-12.9,0.004,0.005,27.25,4.967,13.333,168.46,,,
EQ-0219,2024-04-01 00:00:00,断路器,亦庄110kV变电站,0.581,0.769,32.44,0.72,0.921,27.87,,,,,,,9966.0,10419.667,4.55,,,,,,,0.484,0.474,-2.06
EQ-0028,2024-04-16 00:00:00,避雷器,龙华220kV变电站,0.573,0.725,26.59,0.696,0.95,36.55,,,,,,,,,,,,,,,,,,
EQ-0085,2024-04-01 00:00:00,避雷器,南沙110kV变电站,0.534,0.688,28.82,0.637,0.855,34.27,,,,,,,,,,,,,,,,,,
EQ-0329,2024-04-25 00:00:00,电力变压器,长沙星沙110kV变电站,0.47,0.636,35.32,0.562,0.794,41.33,48.033,70.333,46.43,65.033,88.033,35.37,8666.0,9255.0,6.8,0.005,0.003,-41.1,12.5,8.267,-33.87,,,
EQ-0175,2024-04-01 00:00:00,避雷器,苏州工业园220kV变电站,0.458,0.54,17.88,0.575,0.659,14.76,,,,,,,,,,,,,,,,,,
EQ-0358,2024-04-01 00:00:00,电容器组,武侯110kV变电站,0.575,0.703,22.17,0.734,0.855,16.53,,,,,,,,,,0.005,0.004,-27.14,,,,,,
EQ-0093,2024-04-29 00:00:00,断路器,前海110kV变电站,0.511,0.64,25.2,0.643,0.767,19.27,,,,,,,10253.333,10159.333,-0.92,,,,,,,0.478,0.498,4.18
EQ-0408,2024-04-01 00:00:00,电力变压器,沈阳浑南110kV变电站,0.617,0.723,17.31,0.725,0.887,22.38,41.3,64.433,56.01,59.467,83.433,40.3,8176.667,7089.333,-13.3,0.005,0.006,28.31,9.133,9.9,8.39,,,
EQ-0013,2024-04-01 00:00:00,断路器,龙华220kV变电站,0.611,0.74,21.1,0.807,0.927,14.88,,,,,,,8657.667,7610.667,-12.09,,,,,,,0.464,0.489,5.24
EQ-0356,2024-03-25 00:00:00,隔离开关,武侯110kV变电站,0.504,0.535,6.04,0.618,0.644,4.26,,,,,,,,,,,,,,,,,,
EQ-0221,2024-04-01 00:00:00,断路器,亦庄110kV变电站,0.572,0.738,28.91,0.742,0.86,15.9,,,,,,,10357.667,9244.333,-10.75,,,,,,,0.507,0.488,-3.81
EQ-0307,2024-04-02 00:00:00,电容器组,武昌110kV变电站,0.467,0.641,37.45,0.564,0.79,40.08,,,,,,,,,,0.004,0.004,10.31,,,,,,
EQ-0092,2024-04-25 00:00:00,断路器,前海110kV变电站,0.473,0.622,31.44,0.586,0.821,40.09,,,,,,,11343.667,10342.0,-8.83,,,,,,,0.497,0.48,-3.42
EQ-0363,2024-04-02 00:00:00,避雷器,武侯110kV变电站,0.436,0.557,27.65,0.539,0.684,26.93,,,,,,,,,,,,,,,,,,
EQ-0362,2024-04-02 00:00:00,避雷器,武侯110kV变电站,0.574,0.765,33.32,0.736,0.958,30.21,,,,,,,,,,,,,,,,,,
EQ-0439,2024-04-02 00:00:00,避雷器,大连开发区35kV变电站,0.479,0.614,28.05,0.574,0.76,32.55,,,,,,,,,,,,,,,,,,
EQ-0184,2024-04-02 00:00:00,电力变压器,杭州滨江110kV变电站,0.58,0.812,39.98,0.737,0.927,25.83,52.233,79.233,51.69,69.667,97.667,40.19,9734.667,7297.667,-25.03,0.004,0.005,17.98,9.433,12.0,27.21,,,
EQ-0098,2024-04-02 00:00:00,隔离开关,前海110kV变电站,0.483,0.647,33.95,0.604,0.84,39.02,,,,,,,,,,,,,,,,,,
EQ-0322,2024-04-02 00:00:00,电容器组,江夏35kV变电站,0.446,0.569,27.64,0.558,0.743,33.08,,,,,,,,,,0.005,0.005,10.88,,,,,,
EQ-0310,2024-05-03 00:00:00,避雷器,武昌110kV变电站,0.448,0.619,38.3,0.556,0.764,37.31,,,,,,,,,,,,,,,,,,
EQ-0309,2024-04-03 00:00:00,避雷器,武昌110kV变电站,0.489,0.683,39.63,0.628,0.839,33.72,,,,,,,,,,,,,,,,,,
EQ-0099,2024-04-03 00:00:00,电容器组,前海110kV变电站,0.542,0.719,32.52,0.672,0.867,28.98,,,,,,,,,,0.003,0.004,30.11,,,,,,
EQ-0165,2024-04-03 00:00:00,隔离开关,苏州工业园220kV变电站,0.567,0.74,30.59,0.725,0.911,25.63,,,,,,,,,,,,,,,,,,
EQ-0330,2024-04-03 00:00:00,断路器,长沙星沙110kV变电站,0.541,0.719,32.78,0.661,0.884,33.77,,,,,,,9361.667,9238.667,-1.31,,,,,,,0.468,0.475,1.49
EQ-0418,2024-04-03 00:00:00,隔离开关,沈阳浑南110kV变电站,0.55,0.703,27.72,0.685,0.873,27.43,,,,,,,,,,,,,,,,,,
EQ-0020,2024-04-19 00:00:00,隔离开关,龙华220kV变电站,0.446,0.595,33.42,0.551,0.76,37.98,,,,,,,,,,,,,,,,,,
EQ-0105,2024-04-03 00:00:00,GIS组合电器,前海110kV变电站,0.526,0.665,26.38,0.662,0.812,22.55,59.033,73.633,24.73,75.633,90.467,19.61,9627.0,10879.333,13.01,,,,13.0,8.867,-31.79,0.522,0.514,-1.53
EQ-0022,2024-04-03 00:00:00,隔离开关,龙华220kV变电站,0.517,0.704,36.13,0.647,0.888,37.21,,,,,,,,,,,,,,,,,,
EQ-0143,2024-04-12 00:00:00,避雷器,临港110kV变电站,0.559,0.756,35.25,0.701,0.931,32.81,,,,,,,,,,,,,,,,,,
EQ-0431,2024-04-03 00:00:00,断路器,大连开发区35kV变电站,0.574,0.779,35.85,0.722,0.989,36.86,,,,,,,7601.667,7376.667,-2.96,,,,,,,0.452,0.496,9.65
EQ-0379,2024-04-03 00:00:00,隔离开关,重庆两江220kV变电站,0.469,0.61,30.02,0.585,0.76,29.8,,,,,,,,,,,,,,,,,,
EQ-0339,2024-03-28 00:00:00,电容器组,长沙星沙110kV变电站,0.554,0.624,12.69,0.728,0.794,9.0,,,,,,,,,,0.003,0.004,2.54,,,,,,
EQ-0268,2024-04-18 00:00:00,隔离开关,天津滨海220kV变电站,0.535,0.743,38.99,0.655,0.948,44.73,,,,,,,,,,,,,,,,,,
EQ-0151,2024-04-03 00:00:00,电力变压器,苏州工业园220kV变电站,0.438,0.55,25.62,0.543,0.676,24.63,49.0,65.667,34.01,63.267,83.8,32.46,9353.667,8026.667,-14.19,0.006,0.004,-32.7,11.667,9.367,-19.71,,,
EQ-0385,2024-04-03 00:00:00,电容器组,重庆两江220kV变电站,0.465,0.62,33.3,0.596,0.795,33.39,,,,,,,,,,0.005,0.004,-14.48,,,,,,
EQ-0414,2024-04-04 00:00:00,断路器,沈阳浑南110kV变电站,0.497,0.661,32.99,0.612,0.827,35.07,,,,,,,7791.333,7352.0,-5.64,,,,,,,0.453,0.506,11.77
EQ-0278,2024-04-04 00:00:00,避雷器,天津滨海220kV变电站,0.403,0.579,43.79,0.521,0.716,37.58,,,,,,,,,,,,,,,,,,
EQ-0280,2024-04-04 00:00:00,GIS组合电器,天津滨海220kV变电站,0.415,0.565,36.21,0.53,0.703,32.8,46.833,68.133,45.48,59.967,82.967,38.35,7702.0,7733.0,0.4,,,,9.933,10.667,7.38,0.515,0.494,-4.08
EQ-0135,2024-04-04 00:00:00,断路器,临港110kV变电站,0.486,0.618,27.21,0.613,0.766,24.88,,,,,,,8586.333,8260.0,-3.8,,,,,,,0.487,0.503,3.29
EQ-0049,2024-04-02 00:00:00,断路器,松山湖220kV变电站,0.452,0.631,39.49,0.581,0.835,43.74,,,,,,,11241.667,10388.0,-7.59,,,,,,,0.489,0.479,-2.18
EQ-0407,2024-04-04 00:00:00,避雷器,成都高新35kV变电站,0.434,0.562,29.58,0.55,0.698,26.85,,,,,,,,,,,,,,,,,,
EQ-0406,2024-04-04 00:00:00,避雷器,成都高新35kV变电站,0.415,0.591,42.41,0.527,0.734,39.38,,,,,,,,,,,,,,,,,,
EQ-0154,2024-04-04 00:00:00,断路器,苏州工业园220kV变电站,0.519,0.64,23.37,0.642,0.779,21.48,,,,,,,9485.667,9544.333,0.62,,,,,,,0.478,0.5,4.67
EQ-0038,2024-03-28 00:00:00,GIS组合电器,龙华220kV变电站,0.531,0.552,4.09,0.679,0.69,1.63,49.833,66.233,32.91,65.2,81.433,24.9,8956.667,8570.333,-4.31,,,,8.3,10.733,29.32,0.452,0.492,8.78
EQ-0199,2024-04-04 00:00:00,避雷器,杭州滨江110kV变电站,0.572,0.773,35.19,0.734,0.979,33.27,,,,,,,,,,,,,,,,,,
EQ-0069,2024-04-04 00:00:00,电力变压器,南沙110kV变电站,0.523,0.735,40.6,0.671,0.9,34.23,56.3,79.167,40.62,73.2,99.067,35.34,8619.333,8290.0,-3.82,0.003,0.004,61.17,6.8,11.2,64.71,,,
EQ-0233,2024-04-04 00:00:00,避雷器,亦庄110kV变电站,0.567,0.737,30.13,0.721,0.93,28.96,,,,,,,,,,,,,,,,,,
EQ-0075,2024-04-04 00:00:00,断路器,南沙110kV变电站,0.453,0.634,39.9,0.563,0.787,39.68,,,,,,,9320.667,9269.667,-0.55,,,,,,,0.449,0.469,4.38
EQ-0178,2024-04-04 00:00:00,避雷器,苏州工业园220kV变电站,0.409,0.558,36.62,0.522,0.711,36.21,,,,,,,,,,,,,,,,,,
EQ-0004,2024-04-04 00:00:00,电力变压器,龙华220kV变电站,0.503,0.676,34.52,0.637,0.859,34.92,56.567,78.733,39.19,73.0,96.0,31.51,8928.0,7139.667,-20.03,0.005,0.004,-12.28,10.167,11.433,12.46,,,
EQ-0411,2024-04-04 00:00:00,断路器,沈阳浑南110kV变电站,0.569,0.788,38.44,0.737,0.936,27.09,,,,,,,8235.333,8988.333,9.14,,,,,,,0.489,0.47,-3.95
EQ-0438,2024-04-04 00:00:00,避雷器,大连开发区35kV变电站,0.509,0.66,29.7,0.634,0.795,25.34,,,,,,,,,,,,,,,,,,
EQ-0420,2024-04-23 00:00:00,电容器组,沈阳浑南110kV变电站,0.506,0.673,32.93,0.624,0.889,42.4,,,,,,,,,,0.005,0.004,-12.17,,,,,,
EQ-0091,2024-04-04 00:00:00,断路器,前海110kV变电站,0.579,0.708,22.26,0.727,0.897,23.4,,,,,,,9834.667,8165.667,-16.97,,,,,,,0.491,0.473,-3.73
EQ-0367,2024-04-05 00:00:00,电力变压器,重庆两江220kV变电站,0.49,0.63,28.6,0.582,0.803,38.09,50.867,71.567,40.69,66.0,89.4,35.45,8734.333,9301.667,6.5,0.005,0.004,-30.6,8.767,10.733,22.43,,,
EQ-0427,2024-04-05 00:00:00,电力变压器,大连开发区35kV变电站,0.486,0.654,34.57,0.594,0.813,37.05,48.1,63.167,31.32,64.1,80.0,24.8,8301.0,8778.333,5.75,0.004,0.005,7.92,12.267,14.0,14.13,,,
EQ-0434,2024-04-05 00:00:00,隔离开关,大连开发区35kV变电站,0.44,0.577,31.26,0.565,0.708,25.36,,,,,,,,,,,,,,,,,,
EQ-0260,2024-04-26 00:00:00,断路器,天津滨海220kV变电站,0.571,0.746,30.72,0.7,0.936,33.81,,,,,,,8168.0,7983.333,-2.26,,,,,,,0.506,0.494,-2.44
EQ-0133,2024-04-05 00:00:00,断路器,临港110kV变电站,0.417,0.566,35.58,0.545,0.72,32.06,,,,,,,8918.333,8713.333,-2.3,,,,,,,0.477,0.486,1.89
EQ-0292,2024-04-05 00:00:00,避雷器,石家庄高新35kV变电站,0.471,0.575,22.12,0.587,0.694,18.22,,,,,,,,,,,,,,,,,,
EQ-0113,2024-04-05 00:00:00,断路器,张江110kV变电站,0.563,0.764,35.72,0.7,0.958,36.89,,,,,,,8386.333,7644.333,-8.85,,,,,,,0.467,0.491,5.29
EQ-0240,2024-04-26 00:00:00,断路器,通州35kV变电站,0.481,0.645,34.19,0.583,0.842,44.36,,,,,,,8569.333,8732.667,1.91,,,,,,,0.486,0.502,3.43
EQ-0349,2024-04-28 00:00:00,断路器,武侯110kV变电站,0.409,0.577,40.88,0.526,0.718,36.7,,,,,,,8410.0,9573.0,13.83,,,,,,,0.47,0.489,4.04
EQ-0030,2024-04-28 00:00:00,避雷器,龙华220kV变电站,0.518,0.7,35.0,0.635,0.84,32.25,,,,,,,,,,,,,,,,,,
EQ-0355,2024-04-05 00:00:00,隔离开关,武侯110kV变电站,0.484,0.64,32.13,0.595,0.798,34.16,,,,,,,,,,,,,,,,,,
EQ-0228,2024-04-05 00:00:00,隔离开关,亦庄110kV变电站,0.55,0.685,24.61,0.687,0.863,25.66,,,,,,,,,,,,,,,,,,
EQ-0403,2024-04-05 00:00:00,电容器组,成都高新35kV变电站,0.407,0.543,33.56,0.495,0.69,39.36,,,,,,,,,,0.005,0.004,-14.06,,,,,,
EQ-0324,2024-04-05 00:00:00,避雷器,江夏35kV变电站,0.568,0.745,31.27,0.749,0.953,27.2,,,,,,,,,,,,,,,,,,
EQ-0056,2024-04-05 00:00:00,隔离开关,松山湖220kV变电站,0.421,0.639,51.74,0.512,0.813,58.7,,,,,,,,,,,,,,,,,,
EQ-0283,2024-04-27 00:00:00,电力变压器,石家庄高新35kV变电站,0.537,0.747,39.16,0.672,0.905,34.77,47.533,73.1,53.79,64.8,92.5,42.75,10054.333,7099.333,-29.39,0.006,0.005,-2.81,11.2,12.333,10.12,,,
EQ-0090,2024-04-11 00:00:00,断路器,前海110kV变电站,0.544,0.724,32.91,0.709,0.871,22.76,,,,,,,8508.667,9247.333,8.68,,,,,,,0.491,0.493,0.54
EQ-0059,2024-04-05 00:00:00,避雷器,松山湖220kV变电站,0.489,0.633,29.35,0.623,0.788,26.39,,,,,,,,,,,,,,,,,,
EQ-0285,2024-04-05 00:00:00,断路器,石家庄高新35kV变电站,0.57,0.733,28.43,0.702,0.953,35.66,,,,,,,9633.0,8100.0,-15.91,,,,,,,0.523,0.497,-4.91
EQ-0188,2024-04-06 00:00:00,断路器,杭州滨江110kV变电站,0.545,0.759,39.38,0.66,0.909,37.69,,,,,,,7387.0,9825.0,33.0,,,,,,,0.494,0.481,-2.63
EQ-0304,2024-04-06 00:00:00,隔离开关,武昌110kV变电站,0.513,0.675,31.74,0.634,0.828,30.66,,,,,,,,,,,,,,,,,,
EQ-0068,2024-04-06 00:00:00,电力变压器,南沙110kV变电站,0.434,0.547,26.11,0.541,0.658,21.79,53.6,74.033,38.12,68.7,90.167,31.25,8949.667,7861.333,-12.16,0.003,0.004,36.0,10.0,10.233,2.33,,,
EQ-0080,2024-04-06 00:00:00,电容器组,南沙110kV变电站,0.541,0.722,33.51,0.651,0.91,39.84,,,,,,,,,,0.004,0.006,35.23,,,,,,
EQ-0225,2024-04-06 00:00:00,隔离开关,亦庄110kV变电站,0.473,0.646,36.37,0.594,0.831,40.04,,,,,,,,,,,,,,,,,,
EQ-0360,2024-04-06 00:00:00,避雷器,武侯110kV变电站,0.532,0.732,37.65,0.664,0.93,39.95,,,,,,,,,,,,,,,,,,
EQ-0157,2024-04-06 00:00:00,断路器,苏州工业园220kV变电站,0.517,0.724,40.04,0.666,0.865,29.95,,,,,,,10107.667,8144.333,-19.42,,,,,,,0.48,0.487,1.46
EQ-0214,2024-04-06 00:00:00,避雷器,昆山35kV变电站,0.519,0.659,26.94,0.664,0.843,26.97,,,,,,,,,,,,,,,,,,
EQ-0109,2024-03-30 00:00:00,电力变压器,张江110kV变电站,0.584,0.639,9.53,0.709,0.814,14.81,46.933,65.267,39.06,65.8,80.7,22.64,9358.333,7009.333,-25.1,0.004,0.006,53.02,9.733,12.333,26.71,,,
EQ-0087,2024-04-06 00:00:00,电力变压器,前海110kV变电站,0.505,0.659,30.5,0.62,0.846,36.35,54.967,75.7,37.72,69.2,92.7,33.96,8589.0,9346.667,8.82,0.005,0.005,4.22,7.533,11.567,53.54,,,
EQ-0241,2024-04-06 00:00:00,断路器,通州35kV变电站,0.473,0.609,28.94,0.577,0.775,34.31,,,,,,,10187.0,8217.333,-19.34,,,,,,,0.511,0.479,-6.39
EQ-0197,2024-04-01 00:00:00,避雷器,杭州滨江110kV变电站,0.47,0.6,27.6,0.617,0.787,27.5,,,,,,,,,,,,,,,,,,
EQ-0164,2024-04-06 00:00:00,隔离开关,苏州工业园220kV变电站,0.513,0.7,36.44,0.641,0.906,41.29,,,,,,,,,,,,,,,,,,
EQ-0306,2024-04-14 00:00:00,隔离开关,武昌110kV变电站,0.476,0.616,29.54,0.611,0.742,21.57,,,,,,,,,,,,,,,,,,
EQ-0126,2024-04-14 00:00:00,避雷器,张江110kV变电站,0.519,0.715,37.66,0.676,0.909,34.41,,,,,,,,,,,,,,,,,,
EQ-0160,2024-04-06 00:00:00,断路器,苏州工业园220kV变电站,0.413,0.568,37.39,0.501,0.714,42.53,,,,,,,8089.333,6392.0,-20.98,,,,,,,0.466,0.501,7.51
EQ-0203,2024-04-14 00:00:00,断路器,昆山35kV变电站,0.458,0.628,36.91,0.591,0.804,35.95,,,,,,,8001.333,6670.0,-16.64,,,,,,,0.495,0.463,-6.59
EQ-0291,2024-04-06 00:00:00,电容器组,石家庄高新35kV变电站,0.529,0.78,47.46,0.676,0.913,34.93,,,,,,,,,,0.005,0.005,-11.12,,,,,,
EQ-0293,2024-04-06 00:00:00,避雷器,石家庄高新35kV变电站,0.508,0.694,36.6,0.638,0.875,37.22,,,,,,,,,,,,,,,,,,
EQ-0394,2024-04-06 00:00:00,GIS组合电器,重庆两江220kV变电站,0.554,0.778,40.61,0.675,0.972,44.03,54.567,73.233,34.21,72.233,93.1,28.89,8904.667,7030.0,-21.05,,,,9.567,9.467,-1.05,0.482,0.495,2.7
EQ-0302,2024-04-01 00:00:00,断路器,武昌110kV变电站,0.508,0.62,22.19,0.616,0.73,18.53,,,,,,,7407.667,7229.333,-2.41,,,,,,,0.477,0.497,4.12
EQ-0368,2024-04-07 00:00:00,电力变压器,重庆两江220kV变电站,0.534,0.698,30.84,0.68,0.901,32.56,49.9,72.667,45.62,65.0,91.5,40.77,7309.667,10167.333,39.09,0.004,0.005,28.66,8.633,9.6,11.2,,,
EQ-0338,2024-04-07 00:00:00,隔离开关,长沙星沙110kV变电站,0.485,0.646,33.24,0.593,0.842,42.04,,,,,,,,,,,,,,,,,,
EQ-0192,2024-04-07 00:00:00,隔离开关,杭州滨江110kV变电站,0.556,0.715,28.71,0.712,0.87,22.26,,,,,,,,,,,,,,,,,,
EQ-0364,2024-04-07 00:00:00,GIS组合电器,武侯110kV变电站,0.408,0.545,33.35,0.528,0.706,33.83,49.0,68.633,40.07,64.033,86.167,34.57,11859.0,9952.667,-16.07,,,,9.367,7.533,-19.57,0.488,0.484,-0.82
EQ-0415,2024-04-29 00:00:00,断路器,沈阳浑南110kV变电站,0.447,0.594,32.88,0.548,0.72,31.36,,,,,,,8889.0,8782.0,-1.2,,,,,,,0.506,0.493,-2.5
EQ-0081,2024-04-07 00:00:00,电容器组,南沙110kV变电站,0.514,0.701,36.33,0.628,0.835,32.94,,,,,,,,,,0.004,0.004,14.55,,,,,,
EQ-0089,2024-04-07 00:00:00,电力变压器,前海110kV变电站,0.562,0.787,39.91,0.719,0.968,34.64,56.8,83.267,46.6,73.767,102.0,38.27,9752.333,9824.0,0.73,0.004,0.004,-4.87,8.367,8.367,0.0,,,
EQ-0266,2024-04-04 00:00:00,隔离开关,天津滨海220kV变电站,0.416,0.58,39.37,0.503,0.727,44.54,,,,,,,,,,,,,,,,,,
EQ-0417,2024-04-07 00:00:00,隔离开关,沈阳浑南110kV变电站,0.438,0.584,33.45,0.525,0.748,42.65,,,,,,,,,,,,,,,,,,
EQ-0010,2024-04-07 00:00:00,断路器,龙华220kV变电站,0.493,0.653,32.31,0.604,0.825,36.55,,,,,,,7851.667,8515.667,8.46,,,,,,,0.482,0.483,0.28
EQ-0171,2024-04-07 00:00:00,电容器组,苏州工业园220kV变电站,0.464,0.66,42.02,0.587,0.836,42.36,,,,,,,,,,0.005,0.004,-9.98,,,,,,
EQ-0150,2024-04-07 00:00:00,电力变压器,苏州工业园220kV变电站,0.476,0.669,40.36,0.597,0.786,31.61,49.0,70.733,44.35,63.2,87.533,38.5,7942.0,8754.0,10.22,0.004,0.005,11.07,10.333,12.733,23.23,,,
EQ-0254,2024-04-07 00:00:00,电力变压器,天津滨海220kV变电站,0.531,0.716,34.91,0.676,0.905,33.84,42.933,69.1,60.95,60.433,87.2,44.29,10079.333,7773.667,-22.88,0.004,0.005,15.48,11.767,10.133,-13.88,,,
EQ-0390,2024-04-07 00:00:00,避雷器,重庆两江220kV变电站,0.435,0.59,35.59,0.547,0.744,35.94,,,,,,,,,,,,,,,,,,
EQ-0055,2024-04-08 00:00:00,隔离开关,松山湖220kV变电站,0.476,0.677,42.27,0.592,0.842,42.24,,,,,,,,,,,,,,,,,,
EQ-0196,2024-04-08 00:00:00,避雷器,杭州滨江110kV变电站,0.461,0.633,37.09,0.574,0.782,36.2,,,,,,,,,,,,,,,,,,
EQ-0250,2024-04-08 00:00:00,避雷器,通州35kV变电站,0.547,0.71,29.64,0.72,0.864,20.04,,,,,,,,,,,,,,,,,,
EQ-0074,2024-04-08 00:00:00,断路器,南沙110kV变电站,0.551,0.749,35.89,0.714,0.908,27.19,,,,,,,9598.667,10859.667,13.14,,,,,,,0.493,0.501,1.62
EQ-0072,2024-04-08 00:00:00,断路器,南沙110kV变电站,0.517,0.676,30.89,0.635,0.872,37.39,,,,,,,10679.0,7731.333,-27.6,,,,,,,0.501,0.463,-7.46
EQ-0176,2024-04-08 00:00:00,避雷器,苏州工业园220kV变电站,0.525,0.707,34.75,0.682,0.899,31.71,,,,,,,,,,,,,,,,,,
EQ-0086,2024-04-08 00:00:00,GIS组合电器,南沙110kV变电站,0.528,0.709,34.11,0.625,0.915,46.32,52.9,76.4,44.42,70.167,94.167,34.2,9197.333,8967.667,-2.5,,,,8.367,7.4,-11.55,0.501,0.499,-0.33
EQ-0245,2024-04-08 00:00:00,隔离开关,通州35kV变电站,0.557,0.712,27.81,0.677,0.89,31.51,,,,,,,,,,,,,,,,,,
EQ-0423,2024-04-08 00:00:00,避雷器,沈阳浑南110kV变电站,0.467,0.596,27.48,0.556,0.771,38.74,,,,,,,,,,,,,,,,,,
EQ-0130,2024-04-08 00:00:00,电力变压器,临港110kV变电站,0.467,0.635,36.01,0.615,0.801,30.13,49.5,69.733,40.88,64.867,89.6,38.13,10517.0,9515.333,-9.52,0.004,0.004,-0.68,8.367,10.333,23.51,,,
EQ-0402,2024-05-06 00:00:00,隔离开关,成都高新35kV变电站,0.52,0.792,52.33,0.661,1.009,52.66,,,,,,,,,,,,,,,,,,
EQ-0102,2024-04-08 00:00:00,避雷器,前海110kV变电站,0.528,0.674,27.76,0.667,0.874,31.11,,,,,,,,,,,,,,,,,,
EQ-0146,2024-04-08 00:00:00,避雷器,临港110kV变电站,0.443,0.585,31.96,0.553,0.737,33.35,,,,,,,,,,,,,,,,,,
EQ-0334,2024-04-08 00:00:00,断路器,长沙星沙110kV变电站,0.484,0.614,26.91,0.585,0.795,35.93,,,,,,,9819.333,8625.667,-12.16,,,,,,,0.475,0.53,11.65
EQ-0347,2024-04-05 00:00:00,电力变压器,武侯110kV变电站,0.431,0.536,24.53,0.554,0.656,18.36,48.6,72.133,48.42,64.4,87.867,36.44,8808.0,9104.0,3.36,0.004,0.005,7.41,9.667,6.533,-32.41,,,
EQ-0212,2024-04-09 00:00:00,避雷器,昆山35kV变电站,0.502,0.668,33.12,0.601,0.86,43.03,,,,,,,,,,,,,,,,,,
EQ-0284,2024-04-09 00:00:00,断路器,石家庄高新35kV变电站,0.458,0.607,32.44,0.59,0.72,22.13,,,,,,,10509.0,9216.0,-12.3,,,,,,,0.498,0.482,-3.28
EQ-0387,2024-04-17 00:00:00,避雷器,重庆两江220kV变电站,0.489,0.637,30.25,0.607,0.803,32.28,,,,,,,,,,,,,,,,,,
EQ-0183,2024-04-09 00:00:00,电力变压器,杭州滨江110kV变电站,0.417,0.568,36.15,0.512,0.723,41.25,49.733,70.067,40.88,63.133,86.2,36.54,8641.667,8955.333,3.63,0.004,0.004,13.02,11.033,13.333,20.85,,,
EQ-0409,2024-04-09 00:00:00,电力变压器,沈阳浑南110kV变电站,0.554,0.737,33.14,0.676,0.924,36.76,44.633,65.9,47.65,60.6,85.233,40.65,9342.0,7765.667,-16.87,0.005,0.005,-0.69,13.033,9.133,-29.92,,,
EQ-0248,2024-04-09 00:00:00,电容器组,通州35kV变电站,0.453,0.583,28.55,0.56,0.749,33.63,,,,,,,,,,0.006,0.006,3.76,,,,,,
EQ-0052,2024-04-09 00:00:00,隔离开关,松山湖220kV变电站,0.537,0.665,23.92,0.674,0.854,26.61,,,,,,,,,,,,,,,,,,
EQ-0316,2024-04-09 00:00:00,断路器,江夏35kV变电站,0.571,0.762,33.34,0.701,0.937,33.72,,,,,,,8677.0,8179.667,-5.73,,,,,,,0.459,0.501,9.16
EQ-0006,2024-04-09 00:00:00,断路器,龙华220kV变电站,0.451,0.567,25.6,0.579,0.69,19.22,,,,,,,10160.667,7360.667,-27.56,,,,,,,0.489,0.508,3.81
EQ-0209,2024-04-09 00:00:00,隔离开关,昆山35kV变电站,0.474,0.658,38.9,0.585,0.824,40.91,,,,,,,,,,,,,,,,,,
EQ-0426,2024-04-09 00:00:00,GIS组合电器,沈阳浑南110kV变电站,0.489,0.705,44.29,0.612,0.913,49.19,44.133,61.833,40.11,61.367,79.533,29.6,8795.0,9000.333,2.33,,,,5.233,11.167,113.38,0.47,0.503,7.1
EQ-0386,2024-04-09 00:00:00,避雷器,重庆两江220kV变电站,0.47,0.621,31.97,0.607,0.789,29.9,,,,,,,,,,,,,,,,,,
EQ-0138,2024-04-09 00:00:00,隔离开关,临港110kV变电站,0.465,0.65,39.64,0.598,0.787,31.63,,,,,,,,,,,,,,,,,,
EQ-0272,2024-04-14 00:00:00,电容器组,天津滨海220kV变电站,0.508,0.711,39.91,0.633,0.875,38.32,,,,,,,,,,0.005,0.004,-24.79,,,,,,
EQ-0325,2024-04-10 00:00:00,避雷器,江夏35kV变电站,0.425,0.537,26.36,0.525,0.654,24.64,,,,,,,,,,,,,,,,,,
EQ-0413,2024-04-10 00:00:00,断路器,沈阳浑南110kV变电站,0.479,0.692,44.5,0.602,0.911,51.35,,,,,,,9174.667,7814.333,-14.83,,,,,,,0.513,0.487,-5.07
EQ-0269,2024-04-10 00:00:00,隔离开关,天津滨海220kV变电站,0.494,0.652,31.96,0.589,0.82,39.18,,,,,,,,,,,,,,,,,,
EQ-0116,2024-04-10 00:00:00,隔离开关,张江110kV变电站,0.495,0.682,37.93,0.636,0.865,36.06,,,,,,,,,,,,,,,,,,
EQ-0220,2024-04-10 00:00:00,断路器,亦庄110kV变电站,0.577,0.761,31.87,0.724,0.905,25.04,,,,,,,8443.667,8374.333,-0.82,,,,,,,0.493,0.506,2.64
EQ-0161,2024-04-10 00:00:00,断路器,苏州工业园220kV变电站,0.406,0.569,40.15,0.497,0.742,49.43,,,,,,,11206.0,6771.667,-39.57,,,,,,,0.52,0.462,-11.15
EQ-0202,2024-04-10 00:00:00,电力变压器,昆山35kV变电站,0.51,0.695,36.25,0.639,0.879,37.63,53.433,74.333,39.11,68.533,94.9,38.47,8201.667,7335.333,-10.56,0.003,0.006,88.98,10.233,13.233,29.32,,,
EQ-0124,2024-04-20 00:00:00,避雷器,张江110kV变电站,0.547,0.785,43.42,0.718,0.94,30.86,,,,,,,,,,,,,,,,,,
EQ-0384,2024-04-10 00:00:00,电容器组,重庆两江220kV变电站,0.506,0.662,30.91,0.606,0.814,34.21,,,,,,,,,,0.004,0.004,24.77,,,,,,
EQ-0365,2024-04-10 00:00:00,电力变压器,重庆两江220kV变电站,0.546,0.79,44.77,0.68,0.913,34.35,54.433,75.767,39.19,71.367,93.433,30.92,8832.667,9475.667,7.28,0.005,0.006,18.86,12.667,17.967,41.84,,,
EQ-0229,2024-04-10 00:00:00,电容器组,亦庄110kV变电站,0.539,0.742,37.69,0.676,0.919,36.05,,,,,,,,,,0.005,0.005,-4.25,,,,,,
EQ-0047,2024-04-05 00:00:00,断路器,松山湖220kV变电站,0.531,0.632,19.01,0.657,0.812,23.69,,,,,,,8544.667,7976.667,-6.65,,,,,,,0.47,0.451,-4.04
EQ-0040,2024-04-10 00:00:00,电力变压器,松山湖220kV变电站,0.593,0.778,31.11,0.773,0.975,26.11,57.633,79.6,38.11,72.8,97.867,34.43,8257.333,9322.667,12.9,0.004,0.004,0.17,13.8,10.233,-25.85,,,
EQ-0148,2024-04-10 00:00:00,电力变压器,苏州工业园220kV变电站,0.504,0.668,32.66,0.608,0.859,41.35,53.733,72.567,35.05,69.033,89.833,30.13,7602.0,8367.667,10.07,0.004,0.005,27.73,5.8,13.0,124.14,,,
EQ-0054,2024-04-10 00:00:00,隔离开关,松山湖220kV变电站,0.473,0.633,33.7,0.597,0.754,26.26,,,,,,,,,,,,,,,,,,
EQ-0077,2024-04-25 00:00:00,隔离开关,南沙110kV变电站,0.546,0.676,23.8,0.668,0.836,25.09,,,,,,,,,,,,,,,,,,
EQ-0189,2024-04-10 00:00:00,断路器,杭州滨江110kV变电站,0.501,0.647,29.16,0.626,0.848,35.39,,,,,,,7202.667,9649.333,33.97,,,,,,,0.494,0.507,2.56
EQ-0058,2024-04-10 00:00:00,电容器组,松山湖220kV变电站,0.604,0.791,31.03,0.769,0.959,24.71,,,,,,,,,,0.004,0.004,-1.72,,,,,,
EQ-0196,2024-04-10 11:10:00,避雷器,杭州滨江110kV变电站,0.461,0.633,37.09,0.574,0.782,36.2,,,,,,,,,,,,,,,,,,
EQ-0348,2024-04-11 00:00:00,电力变压器,武侯110kV变电站,0.451,0.582,28.98,0.573,0.75,30.91,45.633,69.9,53.18,60.267,89.1,47.84,9478.667,9663.667,1.95,0.005,0.005,-3.0,11.967,7.733,-35.38,,,
EQ-0027,2024-04-11 00:00:00,避雷器,龙华220kV变电站,0.554,0.689,24.4,0.697,0.873,25.24,,,,,,,,,,,,,,,,,,
EQ-0249,2024-04-11 00:00:00,避雷器,通州35kV变电站,0.484,0.625,29.3,0.628,0.774,23.28,,,,,,,,,,,,,,,,,,
EQ-0289,2024-04-11 00:00:00,隔离开关,石家庄高新35kV变电站,0.519,0.675,29.9,0.658,0.803,22.02,,,,,,,,,,,,,,,,,,
EQ-0258,2024-04-11 00:00:00,断路器,天津滨海220kV变电站,0.467,0.648,38.63,0.577,0.826,43.14,,,,,,,12053.333,9880.0,-18.03,,,,,,,0.518,0.523,0.9
EQ-0404,2024-04-11 00:00:00,电容器组,成都高新35kV变电站,0.54,0.703,29.99,0.691,0.868,25.73,,,,,,,,,,0.003,0.003,2.63,,,,,,
EQ-0173,2024-04-11 00:00:00,避雷器,苏州工业园220kV变电站,0.463,0.618,33.53,0.573,0.76,32.67,,,,,,,,,,,,,,,,,,
EQ-0122,2024-04-11 00:00:00,电容器组,张江110kV变电站,0.479,0.654,36.51,0.601,0.834,38.82,,,,,,,,,,0.004,0.004,-4.45,,,,,,
EQ-0187,2024-04-11 00:00:00,断路器,杭州滨江110kV变电站,0.572,0.764,33.66,0.72,0.94,30.58,,,,,,,11215.667,8012.333,-28.56,,,,,,,0.471,0.467,-0.78
EQ-0023,2024-04-11 00:00:00,隔离开关,龙华220kV变电站,0.517,0.746,44.33,0.638,0.912,42.96,,,,,,,,,,,,,,,,,,
EQ-0158,2024-04-11 00:00:00,断路器,苏州工业园220kV变电站,0.474,0.618,30.24,0.615,0.749,21.71,,,,,,,7720.667,8557.0,10.83,,,,,,,0.499,0.477,-4.41
EQ-0335,2024-04-11 00:00:00,隔离开关,长沙星沙110kV变电站,0.545,0.751,37.9,0.674,0.945,40.16,,,,,,,,,,,,,,,,,,
EQ-0088,2024-04-11 00:00:00,电力变压器,前海110kV变电站,0.439,0.587,33.72,0.542,0.735,35.66,52.233,71.9,37.65,67.3,90.533,34.52,11145.667,10124.667,-9.16,0.004,0.004,11.4,5.933,9.767,64.61,,,
EQ-0018,2024-04-12 00:00:00,隔离开关,龙华220kV变电站,0.417,0.587,40.74,0.51,0.768,50.63,,,,,,,,,,,,,,,,,,
EQ-0232,2024-05-07 00:00:00,避雷器,亦庄110kV变电站,0.498,0.732,46.88,0.635,0.952,49.9,,,,,,,,,,,,,,,,,,
EQ-0279,2024-04-12 00:00:00,GIS组合电器,天津滨海220kV变电站,0.508,0.695,36.97,0.637,0.854,34.15,46.1,70.1,52.06,61.367,88.333,43.94,10053.667,9380.667,-6.69,,,,7.433,8.267,11.21,0.496,0.499,0.6
EQ-0043,2024-04-12 00:00:00,断路器,松山湖220kV变电站,0.434,0.589,35.71,0.564,0.713,26.35,,,,,,,9856.0,9325.667,-5.38,,,,,,,0.491,0.52,5.83
EQ-0353,2024-04-29 00:00:00,断路器,武侯110kV变电站,0.538,0.691,28.5,0.655,0.884,34.89,,,,,,,12503.667,9315.0,-25.5,,,,,,,0.474,0.494,4.29
EQ-0381,2024-04-12 00:00:00,隔离开关,重庆两江220kV变电站,0.572,0.734,28.32,0.709,0.902,27.16,,,,,,,,,,,,,,,,,,
EQ-0328,2024-04-12 00:00:00,电力变压器,长沙星沙110kV变电站,0.553,0.709,28.39,0.69,0.893,29.49,51.233,71.067,38.71,68.333,90.767,32.83,8342.0,9236.0,10.72,0.005,0.004,-14.78,9.833,9.367,-4.75,,,
EQ-0008,2024-04-08 00:00:00,断路器,龙华220kV变电站,0.446,0.561,26.01,0.568,0.696,22.49,,,,,,,7737.667,6998.0,-9.56,,,,,,,0.455,0.464,1.98
EQ-0287,2024-04-12 00:00:00,隔离开关,石家庄高新35kV变电站,0.446,0.601,34.72,0.56,0.713,27.16,,,,,,,,,,,,,,,,,,
EQ-0401,2024-04-12 00:00:00,隔离开关,成都高新35kV变电站,0.497,0.689,38.49,0.614,0.865,40.88,,,,,,,,,,,,,,,,,,
EQ-0263,2024-04-12 00:00:00,断路器,天津滨海220kV变电站,0.553,0.745,34.67,0.702,0.876,24.69,,,,,,,8069.667,8962.0,11.06,,,,,,,0.52,0.49,-5.77
EQ-0082,2024-04-13 00:00:00,避雷器,南沙110kV变电站,0.614,0.757,23.31,0.804,0.954,18.66,,,,,,,,,,,,,,,,,,
EQ-0327,2024-04-13 00:00:00,电力变压器,长沙星沙110kV变电站,0.419,0.567,35.3,0.522,0.7,33.98,46.633,64.1,37.46,61.733,79.267,28.4,10707.667,8932.667,-16.58,0.004,0.004,-8.7,8.833,8.667,-1.89,,,
EQ-0371,2024-04-13 00:00:00,断路器,重庆两江220kV变电站,0.462,0.61,32.24,0.55,0.764,38.88,,,,,,,7497.0,7364.667,-1.77,,,,,,,0.47,0.449,-4.54
EQ-0375,2024-04-13 00:00:00,断路器,重庆两江220kV变电站,0.567,0.758,33.67,0.711,0.937,31.78,,,,,,,10060.333,8278.0,-17.72,,,,,,,0.456,0.478,4.82
EQ-0237,2024-04-13 00:00:00,GIS组合电器,亦庄110kV变电站,0.548,0.75,36.92,0.714,0.946,32.5,47.867,72.367,51.18,64.133,91.133,42.1,9876.667,6940.0,-29.73,,,,10.2,14.067,37.91,0.494,0.464,-6.01
EQ-0337,2024-04-13 00:00:00,隔离开关,长沙星沙110kV变电站,0.527,0.728,38.11,0.65,0.896,37.93,,,,,,,,,,,,,,,,,,
EQ-0223,2024-04-29 00:00:00,断路器,亦庄110kV变电站,0.457,0.588,28.73,0.563,0.754,33.88,,,,,,,9454.667,10398.333,9.98,,,,,,,0.488,0.496,1.78
EQ-0053,2024-04-13 00:00:00,隔离开关,松山湖220kV变电站,0.415,0.574,38.25,0.526,0.709,34.87,,,,,,,,,,,,,,,,,,
EQ-0119,2024-04-20 00:00:00,隔离开关,张江110kV变电站,0.453,0.594,31.07,0.594,0.747,25.87,,,,,,,,,,,,,,,,,,
EQ-0277,2024-04-13 00:00:00,避雷器,天津滨海220kV变电站,0.469,0.626,33.53,0.599,0.79,31.8,,,,,,,,,,,,,,,,,,
EQ-0200,2024-05-04 00:00:00,GIS组合电器,杭州滨江110kV变电站,0.435,0.615,41.26,0.56,0.753,34.36,55.667,74.8,34.37,70.2,90.8,29.34,9716.333,7177.0,-26.13,,,,10.8,8.2,-24.07,0.486,0.503,3.57
EQ-0195,2024-04-08 00:00:00,电容器组,杭州滨江110kV变电站,0.534,0.677,26.88,0.715,0.853,19.24,,,,,,,,,,0.004,0.005,12.16,,,,,,
EQ-0380,2024-04-13 00:00:00,隔离开关,重庆两江220kV变电站,0.474,0.599,26.36,0.598,0.715,19.63,,,,,,,,,,,,,,,,,,
EQ-0185,2024-04-12 00:00:00,断路器,杭州滨江110kV变电站,0.53,0.732,38.18,0.662,0.91,37.57,,,,,,,9586.333,7478.667,-21.99,,,,,,,0.469,0.466,-0.64
EQ-0021,2024-04-13 00:00:00,隔离开关,龙华220kV变电站,0.577,0.748,29.73,0.682,0.911,33.63,,,,,,,,,,,,,,,,,,
EQ-0342,2024-04-13 00:00:00,避雷器,长沙星沙110kV变电站,0.421,0.598,42.07,0.534,0.711,33.24,,,,,,,,,,,,,,,,,,
EQ-0186,2024-04-14 00:00:00,断路器,杭州滨江110kV变电站,0.586,0.752,28.27,0.7,0.945,34.93,,,,,,,9280.0,8714.0,-6.1,,,,,,,0.472,0.452,-4.1
EQ-0156,2024-04-14 00:00:00,断路器,苏州工业园220kV变电站,0.438,0.543,23.78,0.539,0.694,28.79,,,,,,,7775.0,8320.667,7.02,,,,,,,0.473,0.505,6.84
EQ-0142,2024-04-14 00:00:00,电容器组,临港110kV变电站,0.542,0.718,32.56,0.647,0.896,38.57,,,,,,,,,,0.004,0.004,4.1,,,,,,
EQ-0341,2024-04-14 00:00:00,避雷器,长沙星沙110kV变电站,0.458,0.64,39.75,0.6,0.781,30.12,,,,,,,,,,,,,,,,,,
EQ-0064,2024-04-14 00:00:00,避雷器,松山湖220kV变电站,0.571,0.743,30.15,0.73,0.898,23.0,,,,,,,,,,,,,,,,,,
EQ-0296,2024-05-07 00:00:00,电力变压器,武昌110kV变电站,0.514,0.828,61.08,0.657,1.038,58.05,58.1,77.7,33.73,74.3,98.567,32.66,10113.333,7086.333,-29.93,0.003,0.005,41.83,6.8,9.7,42.65,,,
EQ-0002,2024-04-14 00:00:00,电力变压器,龙华220kV变电站,0.491,0.641,30.62,0.639,0.837,31.09,52.667,77.4,46.96,67.267,94.267,40.14,9223.667,9507.333,3.08,0.005,0.004,-9.41,6.8,10.067,48.04,,,
EQ-0182,2024-04-14 00:00:00,电力变压器,杭州滨江110kV变电站,0.495,0.654,32.04,0.643,0.841,30.73,53.267,72.133,35.42,69.4,91.5,31.84,7814.0,8653.667,10.75,0.005,0.003,-36.0,10.067,9.467,-5.96,,,
EQ-0294,2024-04-14 00:00:00,避雷器,石家庄高新35kV变电站,0.583,0.773,32.54,0.705,0.913,29.43,,,,,,,,,,,,,,,,,,
EQ-0382,2024-04-14 00:00:00,隔离开关,重庆两江220kV变电站,0.553,0.724,31.03,0.728,0.906,24.52,,,,,,,,,,,,,,,,,,
EQ-0227,2024-04-14 00:00:00,隔离开关,亦庄110kV变电站,0.551,0.8,45.29,0.703,0.953,35.48,,,,,,,,,,,,,,,,,,
EQ-0222,2024-04-17 00:00:00,断路器,亦庄110kV变电站,0.406,0.557,37.37,0.511,0.713,39.43,,,,,,,8644.333,8089.333,-6.42,,,,,,,0.485,0.491,1.17
EQ-0172,2024-04-14 00:00:00,避雷器,苏州工业园220kV变电站,0.512,0.645,26.15,0.653,0.839,28.41,,,,,,,,,,,,,,,,,,
EQ-0238,2024-04-14 00:00:00,电力变压器,通州35kV变电站,0.487,0.639,31.21,0.624,0.841,34.74,45.3,63.367,39.88,59.533,81.267,36.51,7925.667,8513.667,7.42,0.006,0.005,-17.88,16.167,14.567,-9.9,,,
EQ-0103,2024-04-14 00:00:00,避雷器,前海110kV变电站,0.558,0.727,30.32,0.668,0.93,39.34,,,,,,,,,,,,,,,,,,
EQ-0162,2024-04-15 00:00:00,隔离开关,苏州工业园220kV变电站,0.517,0.684,32.32,0.669,0.862,28.81,,,,,,,,,,,,,,,,,,
EQ-0009,2024-04-15 00:00:00,断路器,龙华220kV变电站,0.46,0.605,31.5,0.591,0.767,29.84,,,,,,,7596.333,6643.667,-12.54,,,,,,,0.483,0.518,7.24
EQ-0373,2024-04-15 00:00:00,断路器,重庆两江220kV变电站,0.564,0.713,26.44,0.738,0.891,20.65,,,,,,,8883.0,8613.0,-3.04,,,,,,,0.492,0.472,-4.2
EQ-0244,2024-04-15 00:00:00,隔离开关,通州35kV变电站,0.551,0.766,39.02,0.69,0.928,34.47,,,,,,,,,,,,,,,,,,
EQ-0336,2024-05-12 00:00:00,隔离开关,长沙星沙110kV变电站,0.625,0.841,34.53,0.809,0.966,19.45,,,,,,,,,,,,,,,,,,
EQ-0312,2024-04-15 00:00:00,避雷器,武昌110kV变电站,0.495,0.707,42.93,0.608,0.849,39.77,,,,,,,,,,,,,,,,,,
EQ-0318,2024-04-29 00:00:00,断路器,江夏35kV变电站,0.428,0.582,35.95,0.519,0.724,39.43,,,,,,,8702.333,7295.0,-16.17,,,,,,,0.471,0.492,4.53
EQ-0044,2024-05-07 00:00:00,断路器,松山湖220kV变电站,0.511,0.721,41.13,0.62,0.927,49.35,,,,,,,6916.333,7407.0,7.09,,,,,,,0.459,0.515,12.27
EQ-0029,2024-04-15 00:00:00,避雷器,龙华220kV变电站,0.592,0.787,32.81,0.73,0.966,32.29,,,,,,,,,,,,,,,,,,
EQ-0067,2024-04-15 00:00:00,GIS组合电器,松山湖220kV变电站,0.534,0.692,29.77,0.68,0.866,27.44,55.967,81.033,44.79,72.733,100.867,38.68,9214.333,7316.333,-20.6,,,,9.667,6.833,-29.31,0.496,0.489,-1.54
EQ-0300,2024-05-08 00:00:00,断路器,武昌110kV变电站,0.543,0.834,53.57,0.689,1.054,52.93,,,,,,,8043.0,7919.0,-1.54,,,,,,,0.483,0.484,0.14
EQ-0331,2024-04-16 00:00:00,断路器,长沙星沙110kV变电站,0.435,0.612,40.54,0.53,0.767,44.69,,,,,,,7563.333,8992.0,18.89,,,,,,,0.473,0.463,-2.11
EQ-0298,2024-04-16 00:00:00,断路器,武昌110kV变电站,0.519,0.699,34.57,0.633,0.869,37.34,,,,,,,8766.0,8877.0,1.27,,,,,,,0.465,0.5,7.45
EQ-0045,2024-04-16 00:00:00,断路器,松山湖220kV变电站,0.511,0.666,30.47,0.622,0.839,34.85,,,,,,,9640.667,7399.0,-23.25,,,,,,,0.487,0.481,-1.23
EQ-0003,2024-04-16 00:00:00,电力变压器,龙华220kV变电站,0.454,0.618,36.19,0.586,0.805,37.47,53.367,72.6,36.04,68.533,89.8,31.03,9136.0,8175.0,-10.52,0.005,0.005,-4.97,17.6,11.733,-33.33,,,
EQ-0412,2024-04-16 00:00:00,断路器,沈阳浑南110kV变电站,0.51,0.736,44.38,0.662,0.906,36.7,,,,,,,9219.333,8649.333,-6.18,,,,,,,0.483,0.476,-1.38
EQ-0270,2024-04-16 00:00:00,电容器组,天津滨海220kV变电站,0.508,0.684,34.68,0.644,0.833,29.38,,,,,,,,,,0.005,0.005,7.18,,,,,,
EQ-0234,2024-04-16 00:00:00,避雷器,亦庄110kV变电站,0.43,0.556,29.37,0.541,0.679,25.54,,,,,,,,,,,,,,,,,,
EQ-0001,2024-04-19 00:00:00,电力变压器,龙华220kV变电站,0.462,0.644,39.5,0.596,0.776,30.28,57.533,77.633,34.94,72.667,94.333,29.82,8058.667,8065.333,0.08,0.004,0.005,12.99,9.433,7.267,-22.97,,,
EQ-0107,2024-04-16 00:00:00,电力变压器,张江110kV变电站,0.42,0.566,34.75,0.508,0.731,44.01,47.033,65.5,39.26,61.167,79.633,30.19,11036.0,9909.333,-10.21,0.006,0.005,-15.8,11.9,10.633,-10.64,,,
EQ-0396,2024-05-11 00:00:00,电力变压器,成都高新35kV变电站,0.476,0.684,43.62,0.623,0.815,30.75,52.6,75.467,43.47,68.467,91.567,33.74,9626.333,9362.667,-2.74,0.004,0.004,1.33,11.633,8.2,-29.51,,,
EQ-0243,2024-04-16 00:00:00,断路器,通州35kV变电站,0.458,0.581,26.77,0.593,0.674,13.68,,,,,,,10209.333,7615.667,-25.4,,,,,,,0.476,0.494,3.92
EQ-0311,2024-04-16 00:00:00,避雷器,武昌110kV变电站,0.578,0.79,36.63,0.738,0.997,35.0,,,,,,,,,,,,,,,,,,
EQ-0147,2024-04-16 00:00:00,GIS组合电器,临港110kV变电站,0.431,0.572,32.93,0.571,0.714,25.04,48.067,72.6,51.04,61.933,90.433,46.02,8519.667,9565.667,12.28,,,,9.4,10.8,14.89,0.501,0.485,-3.26
EQ-0039,2024-04-16 00:00:00,电力变压器,松山湖220kV变电站,0.568,0.782,37.65,0.713,0.928,30.13,53.833,80.333,49.23,70.0,99.667,42.38,8354.333,9592.667,14.82,0.004,0.005,19.49,6.5,9.0,38.46,,,
EQ-0166,2024-04-20 00:00:00,隔离开关,苏州工业园220kV变电站,0.447,0.597,33.45,0.528,0.727,37.66,,,,,,,,,,,,,,,,,,
EQ-0343,2024-04-17 00:00:00,避雷器,长沙星沙110kV变电站,0.533,0.711,33.25,0.666,0.901,35.16,,,,,,,,,,,,,,,,,,
EQ-0432,2024-04-17 00:00:00,隔离开关,大连开发区35kV变电站,0.396,0.522,31.98,0.491,0.642,30.93,,,,,,,,,,,,,,,,,,
EQ-0239,2024-04-17 00:00:00,电力变压器,通州35kV变电站,0.425,0.599,40.7,0.54,0.716,32.74,44.4,68.933,55.26,58.5,89.133,52.36,8621.333,8407.667,-2.48,0.005,0.005,-16.98,10.967,10.767,-1.82,,,
EQ-0070,2024-05-15 00:00:00,电力变压器,南沙110kV变电站,0.479,0.726,51.65,0.619,0.928,50.0,61.867,80.1,29.47,76.5,100.0,30.72,8322.667,7974.0,-4.19,0.004,0.005,2.1,9.733,9.4,-3.42,,,
EQ-0315,2024-04-17 00:00:00,电力变压器,江夏35kV变电站,0.577,0.763,32.22,0.712,0.912,28.0,51.267,72.467,41.35,67.1,93.533,39.39,9740.333,6876.333,-29.4,0.004,0.005,21.08,10.167,14.633,43.93,,,
EQ-0204,2024-04-17 00:00:00,断路器,昆山35kV变电站,0.436,0.615,41.1,0.552,0.793,43.68,,,,,,,8518.667,8475.0,-0.51,,,,,,,0.479,0.493,2.99
EQ-0391,2024-04-10 00:00:00,避雷器,重庆两江220kV变电站,0.445,0.567,27.53,0.558,0.744,33.26,,,,,,,,,,,,,,,,,,
EQ-0201,2024-04-17 00:00:00,电力变压器,昆山35kV变电站,0.487,0.657,35.08,0.621,0.815,31.3,54.867,72.833,32.75,72.333,91.8,26.91,6149.667,7985.0,29.84,0.006,0.003,-46.04,18.3,11.233,-38.62,,,
EQ-0134,2024-04-17 00:00:00,断路器,临港110kV变电站,0.451,0.592,31.31,0.558,0.743,33.05,,,,,,,10482.667,7823.333,-25.37,,,,,,,0.512,0.482,-5.92
EQ-0261,2024-04-17 00:00:00,断路器,天津滨海220kV变电站,0.569,0.767,34.73,0.702,0.959,36.67,,,,,,,9342.667,9764.333,4.51,,,,,,,0.453,0.475,4.93
EQ-0206,2024-04-17 00:00:00,断路器,昆山35kV变电站,0.537,0.785,46.01,0.703,0.92,30.94,,,,,,,7593.333,7117.667,-6.26,,,,,,,0.501,0.462,-7.72
EQ-0177,2024-04-17 00:00:00,避雷器,苏州工业园220kV变电站,0.479,0.622,29.75,0.616,0.752,22.15,,,,,,,,,,,,,,,,,,
EQ-0410,2024-05-10 00:00:00,电力变压器,沈阳浑南110kV变电站,0.465,0.712,53.1,0.611,0.909,48.72,47.267,66.2,40.06,63.5,84.0,32.28,8288.333,8526.0,2.87,0.005,0.004,-9.86,8.333,8.967,7.6,,,
EQ-0351,2024-05-10 00:00:00,断路器,武侯110kV变电站,0.475,0.668,40.84,0.579,0.818,41.18,,,,,,,8118.333,9013.667,11.03,,,,,,,0.477,0.504,5.59
EQ-0366,2024-04-18 00:00:00,电力变压器,重庆两江220kV变电站,0.451,0.615,36.54,0.535,0.785,46.85,45.6,69.667,52.78,59.567,86.7,45.55,9970.333,8773.333,-12.01,0.004,0.005,24.32,13.133,8.6,-34.52,,,
EQ-0198,2024-04-18 00:00:00,避雷器,杭州滨江110kV变电站,0.551,0.726,31.8,0.67,0.889,32.63,,,,,,,,,,,,,,,,,,
EQ-0163,2024-04-18 00:00:00,隔离开关,苏州工业园220kV变电站,0.44,0.572,30.06,0.529,0.692,30.86,,,,,,,,,,,,,,,,,,
EQ-0235,2024-04-18 00:00:00,避雷器,亦庄110kV变电站,0.421,0.601,42.61,0.524,0.779,48.67,,,,,,,,,,,,,,,,,,
EQ-0210,2024-04-17 00:00:00,电容器组,昆山35kV变电站,0.55,0.75,36.31,0.673,0.925,37.45,,,,,,,,,,0.004,0.005,29.69,,,,,,
EQ-0422,2024-04-18 00:00:00,避雷器,沈阳浑南110kV变电站,0.58,0.721,24.37,0.713,0.867,21.5,,,,,,,,,,,,,,,,,,
EQ-0359,2024-04-18 00:00:00,电容器组,武侯110kV变电站,0.444,0.632,42.26,0.564,0.771,36.52,,,,,,,,,,0.004,0.004,-19.42,,,,,,
EQ-0319,2024-04-18 00:00:00,隔离开关,江夏35kV变电站,0.445,0.582,30.75,0.555,0.729,31.29,,,,,,,,,,,,,,,,,,
EQ-0295,2024-04-18 00:00:00,电力变压器,武昌110kV变电站,0.527,0.721,36.69,0.678,0.88,29.87,45.1,69.0,52.99,61.667,86.5,40.27,9286.333,8736.333,-5.92,0.004,0.003,-29.41,5.5,14.467,163.03,,,
EQ-0388,2024-04-15 00:00:00,避雷器,重庆两江220kV变电站,0.527,0.728,38.1,0.678,0.905,33.53,,,,,,,,,,,,,,,,,,
EQ-0330,2024-04-18 19:08:00,断路器,长沙星沙110kV变电站,0.541,0.719,32.78,0.661,0.884,33.77,,,,,,,9361.667,9238.667,-1.31,,,,,,,0.468,0.475,1.49
EQ-0145,2024-04-19 00:00:00,避雷器,临港110kV变电站,0.441,0.588,33.43,0.55,0.759,37.94,,,,,,,,,,,,,,,,,,
EQ-0288,2024-04-19 00:00:00,隔离开关,石家庄高新35kV变电站,0.476,0.647,36.11,0.601,0.861,43.18,,,,,,,,,,,,,,,,,,
EQ-0120,2024-05-01 00:00:00,隔离开关,张江110kV变电站,0.455,0.691,51.77,0.579,0.862,49.01,,,,,,,,,,,,,,,,,,
EQ-0436,2024-04-19 00:00:00,电容器组,大连开发区35kV变电站,0.483,0.627,29.76,0.602,0.749,24.52,,,,,,,,,,0.005,0.005,-1.91,,,,,,
EQ-0246,2024-04-19 00:00:00,隔离开关,通州35kV变电站,0.571,0.729,27.54,0.712,0.895,25.75,,,,,,,,,,,,,,,,,,
EQ-0101,2024-05-01 00:00:00,避雷器,前海110kV变电站,0.426,0.662,55.45,0.529,0.837,58.23,,,,,,,,,,,,,,,,,,
EQ-0313,2024-04-19 00:00:00,GIS组合电器,武昌110kV变电站,0.548,0.723,31.94,0.693,0.898,29.5,45.3,74.133,63.65,59.333,91.133,53.6,9383.0,9068.667,-3.35,,,,11.4,10.2,-10.53,0.489,0.498,1.7
EQ-0137,2024-04-17 00:00:00,隔离开关,临港110kV变电站,0.482,0.584,21.24,0.642,0.734,14.35,,,,,,,,,,,,,,,,,,
EQ-0213,2024-04-19 00:00:00,避雷器,昆山35kV变电站,0.436,0.596,36.74,0.54,0.745,37.97,,,,,,,,,,,,,,,,,,
EQ-0251,2024-04-13 00:00:00,避雷器,通州35kV变电站,0.493,0.65,31.69,0.62,0.799,28.99,,,,,,,,,,,,,,,,,,
EQ-0096,2024-04-23 00:00:00,隔离开关,前海110kV变电站,0.477,0.658,38.11,0.581,0.836,43.89,,,,,,,,,,,,,,,,,,
EQ-0111,2024-04-20 00:00:00,断路器,张江110kV变电站,0.516,0.694,34.49,0.605,0.885,46.18,,,,,,,8853.333,8792.0,-0.69,,,,,,,0.461,0.504,9.32
EQ-0190,2024-04-20 00:00:00,隔离开关,杭州滨江110kV变电站,0.478,0.64,33.78,0.568,0.791,39.38,,,,,,,,,,,,,,,,,,
EQ-0024,2024-04-20 00:00:00,电容器组,龙华220kV变电站,0.445,0.576,29.32,0.565,0.706,25.03,,,,,,,,,,0.004,0.005,42.88,,,,,,
EQ-0377,2024-04-20 00:00:00,隔离开关,重庆两江220kV变电站,0.477,0.655,37.41,0.585,0.8,36.83,,,,,,,,,,,,,,,,,,
EQ-0264,2024-05-13 00:00:00,隔离开关,天津滨海220kV变电站,0.548,0.802,46.22,0.666,1.012,51.94,,,,,,,,,,,,,,,,,,
EQ-0297,2024-04-20 00:00:00,电力变压器,武昌110kV变电站,0.424,0.558,31.68,0.517,0.686,32.83,47.333,67.433,42.46,63.4,84.9,33.91,10378.667,8746.667,-15.72,0.004,0.003,-25.69,5.833,10.0,71.43,,,
EQ-0247,2024-04-20 00:00:00,电容器组,通州35kV变电站,0.522,0.753,44.29,0.649,0.938,44.64,,,,,,,,,,0.004,0.005,33.82,,,,,,
EQ-0361,2024-04-20 00:00:00,避雷器,武侯110kV变电站,0.568,0.739,30.1,0.702,0.883,25.91,,,,,,,,,,,,,,,,,,
EQ-0144,2024-05-10 00:00:00,避雷器,临港110kV变电站,0.466,0.748,60.52,0.577,0.951,64.75,,,,,,,,,,,,,,,,,,
EQ-0208,2024-04-24 00:00:00,隔离开关,昆山35kV变电站,0.47,0.611,30.05,0.582,0.737,26.44,,,,,,,,,,,,,,,,,,
EQ-0354,2024-04-20 00:00:00,隔离开关,武侯110kV变电站,0.435,0.6,37.94,0.563,0.751,33.5,,,,,,,,,,,,,,,,,,
EQ-0275,2024-04-20 00:00:00,避雷器,天津滨海220kV变电站,0.592,0.785,32.61,0.756,0.953,25.94,,,,,,,,,,,,,,,,,,
EQ-0299,2024-04-21 00:00:00,断路器,武昌110kV变电站,0.544,0.739,35.84,0.701,0.928,32.26,,,,,,,9202.0,9494.667,3.18,,,,,,,0.489,0.498,1.77
EQ-0127,2024-04-21 00:00:00,GIS组合电器,张江110kV变电站,0.5,0.657,31.23,0.611,0.836,36.89,49.533,68.433,38.16,64.733,87.333,34.91,9331.0,7451.0,-20.15,,,,7.167,12.3,71.63,0.502,0.461,-8.1
EQ-0326,2024-04-21 00:00:00,避雷器,江夏35kV变电站,0.427,0.587,37.64,0.526,0.747,41.98,,,,,,,,,,,,,,,,,,
EQ-0139,2024-04-21 00:00:00,隔离开关,临港110kV变电站,0.523,0.648,23.86,0.68,0.798,17.39,,,,,,,,,,,,,,,,,,
EQ-0308,2024-04-21 00:00:00,电容器组,武昌110kV变电站,0.51,0.663,30.0,0.643,0.863,34.06,,,,,,,,,,0.004,0.004,12.9,,,,,,
EQ-0141,2024-04-21 00:00:00,电容器组,临港110kV变电站,0.46,0.661,43.75,0.538,0.825,53.2,,,,,,,,,,0.004,0.004,13.5,,,,,,
EQ-0174,2024-04-21 00:00:00,避雷器,苏州工业园220kV变电站,0.5,0.648,29.61,0.615,0.81,31.72,,,,,,,,,,,,,,,,,,
EQ-0159,2024-05-01 00:00:00,断路器,苏州工业园220kV变电站,0.551,0.83,50.71,0.712,1.066,49.66,,,,,,,9224.333,6841.667,-25.83,,,,,,,0.525,0.481,-8.44
EQ-0061,2024-04-21 00:00:00,避雷器,松山湖220kV变电站,0.446,0.59,32.46,0.565,0.74,31.02,,,,,,,,,,,,,,,,,,
EQ-0132,2024-04-21 00:00:00,断路器,临港110kV变电站,0.577,0.759,31.56,0.745,0.929,24.66,,,,,,,8711.0,9075.0,4.18,,,,,,,0.458,0.511,11.65
EQ-0035,2024-04-22 00:00:00,GIS组合电器,龙华220kV变电站,0.492,0.673,36.68,0.641,0.84,31.11,54.1,75.3,39.19,70.6,92.0,30.31,9371.0,9913.0,5.78,,,,11.633,4.8,-58.74,0.485,0.494,1.85
EQ-0226,2024-04-16 00:00:00,隔离开关,亦庄110kV变电站,0.496,0.725,46.13,0.628,0.923,46.91,,,,,,,,,,,,,,,,,,
EQ-0019,2024-04-21 00:00:00,隔离开关,龙华220kV变电站,0.595,0.762,27.98,0.751,0.936,24.63,,,,,,,,,,,,,,,,,,
EQ-0108,2024-04-22 00:00:00,电力变压器,张江110kV变电站,0.584,0.757,29.77,0.707,0.965,36.5,50.167,79.6,58.67,65.2,97.333,49.28,10539.667,9111.0,-13.56,0.005,0.005,-4.13,8.867,8.4,-5.26,,,
EQ-0095,2024-04-22 00:00:00,隔离开关,前海110kV变电站,0.541,0.701,29.64,0.681,0.878,28.9,,,,,,,,,,,,,,,,,,
EQ-0236,2024-04-22 00:00:00,GIS组合电器,亦庄110kV变电站,0.533,0.689,29.32,0.688,0.899,30.69,48.4,68.867,42.29,65.4,85.633,30.94,9815.333,9555.667,-2.65,,,,7.767,10.033,29.18,0.498,0.485,-2.74
EQ-0118,2024-04-22 00:00:00,隔离开关,张江110kV变电站,0.543,0.779,43.47,0.695,0.942,35.64,,,,,,,,,,,,,,,,,,
EQ-0369,2024-04-22 00:00:00,断路器,重庆两江220kV变电站,0.53,0.695,31.18,0.675,0.888,31.71,,,,,,,10377.667,9453.667,-8.9,,,,,,,0.482,0.453,-5.95
EQ-0230,2024-04-22 00:00:00,电容器组,亦庄110kV变电站,0.557,0.726,30.4,0.718,0.888,23.58,,,,,,,,,,0.005,0.004,-23.75,,,,,,
EQ-0079,2024-04-22 00:00:00,隔离开关,南沙110kV变电站,0.486,0.647,33.18,0.608,0.832,36.88,,,,,,,,,,,,,,,,,,
EQ-0076,2024-04-22 00:00:00,隔离开关,南沙110kV变电站,0.455,0.624,37.12,0.578,0.741,28.12,,,,,,,,,,,,,,,,,,
EQ-0428,2024-04-22 00:00:00,电力变压器,大连开发区35kV变电站,0.554,0.713,28.68,0.682,0.899,31.85,41.0,63.633,55.2,55.7,83.067,49.13,10436.0,7981.0,-23.52,0.004,0.005,7.34,13.733,15.167,10.44,,,
EQ-0207,2024-04-22 00:00:00,隔离开关,昆山35kV变电站,0.546,0.731,33.93,0.697,0.904,29.66,,,,,,,,,,,,,,,,,,
EQ-0152,2024-04-22 00:00:00,电力变压器,苏州工业园220kV变电站,0.557,0.721,29.47,0.697,0.855,22.74,52.467,73.7,40.47,67.967,91.933,35.26,10269.333,9397.333,-8.49,0.004,0.005,20.24,10.233,6.0,-41.37,,,
EQ-0112,2024-04-23 00:00:00,断路器,张江110kV变电站,0.493,0.659,33.66,0.617,0.795,29.02,,,,,,,10363.0,7157.333,-30.93,,,,,,,0.515,0.465,-9.7
EQ-0211,2024-04-23 00:00:00,电容器组,昆山35kV变电站,0.446,0.594,33.26,0.548,0.735,34.16,,,,,,,,,,0.005,0.004,-28.32,,,,,,
EQ-0063,2024-04-23 00:00:00,避雷器,松山湖220kV变电站,0.481,0.62,28.9,0.582,0.781,34.09,,,,,,,,,,,,,,,,,,
EQ-0007,2024-05-22 00:00:00,断路器,龙华220kV变电站,0.471,0.741,57.17,0.578,0.933,61.35,,,,,,,7543.333,8142.0,7.94,,,,,,,0.483,0.509,5.38
EQ-0389,2024-04-23 00:00:00,避雷器,重庆两江220kV变电站,0.445,0.609,36.78,0.569,0.8,40.48,,,,,,,,,,,,,,,,,,
EQ-0397,2024-04-23 00:00:00,断路器,成都高新35kV变电站,0.553,0.682,23.31,0.71,0.842,18.64,,,,,,,12173.667,9550.667,-21.55,,,,,,,0.477,0.462,-3.07
EQ-0346,2024-05-19 00:00:00,电力变压器,武侯110kV变电站,0.472,0.718,52.01,0.551,0.907,64.51,54.333,75.767,39.45,69.167,93.567,35.28,8781.0,8026.0,-8.6,0.005,0.006,20.28,12.933,6.1,-52.84,,,
EQ-0437,2024-04-23 00:00:00,避雷器,大连开发区35kV变电站,0.445,0.595,33.58,0.54,0.718,33.14,,,,,,,,,,,,,,,,,,
EQ-0025,2024-04-23 00:00:00,电容器组,龙华220kV变电站,0.578,0.732,26.7,0.72,0.921,27.87,,,,,,,,,,0.006,0.004,-21.63,,,,,,
EQ-0421,2024-04-23 00:00:00,电容器组,沈阳浑南110kV变电站,0.454,0.638,40.57,0.573,0.787,37.28,,,,,,,,,,0.005,0.005,-1.77,,,,,,
EQ-0071,2024-04-23 00:00:00,断路器,南沙110kV变电站,0.449,0.553,23.16,0.553,0.701,26.63,,,,,,,10659.0,8590.667,-19.4,,,,,,,0.499,0.494,-1.0
EQ-0129,2024-04-23 00:00:00,电力变压器,临港110kV变电站,0.406,0.565,39.03,0.535,0.709,32.51,46.0,67.933,47.68,59.467,84.567,42.21,9340.333,11524.333,23.38,0.003,0.003,-15.47,10.067,8.367,-16.89,,,
EQ-0429,2024-04-23 00:00:00,断路器,大连开发区35kV变电站,0.507,0.702,38.39,0.61,0.901,47.76,,,,,,,7330.0,7885.0,7.57,,,,,,,0.485,0.471,-2.88
EQ-0305,2024-04-23 00:00:00,隔离开关,武昌110kV变电站,0.447,0.556,24.51,0.574,0.674,17.48,,,,,,,,,,,,,,,,,,
EQ-0376,2024-04-23 00:00:00,断路器,重庆两江220kV变电站,0.429,0.56,30.57,0.508,0.688,35.44,,,,,,,10622.333,8631.333,-18.74,,,,,,,0.483,0.461,-4.49
EQ-0012,2024-04-23 00:00:00,断路器,龙华220kV变电站,0.503,0.669,33.09,0.615,0.82,33.2,,,,,,,9840.333,8741.333,-11.17,,,,,,,0.471,0.473,0.42
EQ-0424,2024-04-23 00:00:00,避雷器,沈阳浑南110kV变电站,0.443,0.608,37.09,0.569,0.756,32.9,,,,,,,,,,,,,,,,,,
EQ-0193,2024-04-26 00:00:00,隔离开关,杭州滨江110kV变电站,0.455,0.581,27.66,0.574,0.735,27.99,,,,,,,,,,,,,,,,,,
EQ-0140,2024-04-24 00:00:00,隔离开关,临港110kV变电站,0.451,0.614,35.91,0.563,0.804,42.88,,,,,,,,,,,,,,,,,,
EQ-0194,2024-04-24 00:00:00,电容器组,杭州滨江110kV变电站,0.416,0.548,31.87,0.527,0.704,33.65,,,,,,,,,,0.004,0.004,17.26,,,,,,
EQ-0036,2024-05-17 00:00:00,GIS组合电器,龙华220kV变电站,0.523,0.814,55.67,0.651,0.984,51.24,60.133,86.233,43.4,76.833,106.7,38.87,8992.667,8158.667,-9.27,,,,8.5,9.867,16.08,0.539,0.481,-10.75
EQ-0395,2024-04-24 00:00:00,电力变压器,成都高新35kV变电站,0.447,0.56,25.49,0.552,0.736,33.31,50.233,65.467,30.33,62.933,80.6,28.07,7658.667,7885.333,2.96,0.003,0.005,51.26,6.633,4.8,-27.64,,,
EQ-0033,2024-05-19 00:00:00,避雷器,龙华220kV变电站,0.533,0.817,53.3,0.685,1.023,49.36,,,,,,,,,,,,,,,,,,
EQ-0062,2024-04-24 00:00:00,避雷器,松山湖220kV变电站,0.439,0.573,30.49,0.556,0.694,24.79,,,,,,,,,,,,,,,,,,
EQ-0110,2024-04-24 00:00:00,断路器,张江110kV变电站,0.457,0.582,27.4,0.555,0.727,30.91,,,,,,,8918.333,8897.333,-0.24,,,,,,,0.464,0.506,9.06
EQ-0041,2024-04-24 00:00:00,电力变压器,松山湖220kV变电站,0.457,0.593,29.83,0.614,0.726,18.23,52.6,70.367,33.78,67.733,88.567,30.76,8040.333,8099.667,0.74,0.004,0.004,1.71,14.1,10.533,-25.3,,,
EQ-0332,2024-04-24 00:00:00,断路器,长沙星沙110kV变电站,0.41,0.55,34.3,0.528,0.695,31.72,,,,,,,9734.333,7327.333,-24.73,,,,,,,0.503,0.478,-4.97
EQ-0153,2024-04-24 00:00:00,断路器,苏州工业园220kV变电站,0.402,0.554,38.06,0.515,0.705,36.97,,,,,,,9991.667,8505.667,-14.87,,,,,,,0.456,0.448,-1.61
EQ-0378,2024-04-24 00:00:00,隔离开关,重庆两江220kV变电站,0.414,0.55,33.01,0.533,0.712,33.62,,,,,,,,,,,,,,,,,,
EQ-0104,2024-04-24 00:00:00,避雷器,前海110kV变电站,0.421,0.611,45.14,0.55,0.77,39.9,,,,,,,,,,,,,,,,,,
EQ-0333,2024-04-24 00:00:00,断路器,长沙星沙110kV变电站,0.541,0.718,32.6,0.64,0.864,34.99,,,,,,,9807.333,8968.333,-8.55,,,,,,,0.465,0.453,-2.58
EQ-0301,2024-04-25 00:00:00,断路器,武昌110kV变电站,0.397,0.591,48.89,0.495,0.729,47.11,,,,,,,8833.333,7297.333,-17.39,,,,,,,0.484,0.489,0.89
EQ-0191,2024-04-25 00:00:00,隔离开关,杭州滨江110kV变电站,0.553,0.729,31.75,0.693,0.884,27.62,,,,,,,,,,,,,,,,,,
EQ-0255,2024-04-29 00:00:00,电力变压器,天津滨海220kV变电站,0.545,0.744,36.4,0.694,0.941,35.61,51.233,71.267,39.1,66.467,90.533,36.21,8128.667,7665.667,-5.7,0.005,0.006,17.57,14.267,7.533,-47.2,,,
EQ-0274,2024-04-25 00:00:00,避雷器,天津滨海220kV变电站,0.586,0.759,29.64,0.728,0.946,29.94,,,,,,,,,,,,,,,,,,
EQ-0242,2024-04-28 00:00:00,断路器,通州35kV变电站,0.606,0.768,26.66,0.754,0.961,27.5,,,,,,,9154.333,9495.667,3.73,,,,,,,0.48,0.471,-1.81
EQ-0016,2024-05-21 00:00:00,隔离开关,龙华220kV变电站,0.578,0.876,51.63,0.733,1.012,38.19,,,,,,,,,,,,,,,,,,
EQ-0224,2024-04-25 00:00:00,隔离开关,亦庄110kV变电站,0.481,0.69,43.5,0.575,0.827,43.94,,,,,,,,,,,,,,,,,,
EQ-0265,2024-04-25 00:00:00,隔离开关,天津滨海220kV变电站,0.507,0.648,27.65,0.652,0.803,23.18,,,,,,,,,,,,,,,,,,
EQ-0253,2024-04-25 00:00:00,电力变压器,天津滨海220kV变电站,0.448,0.574,27.93,0.55,0.739,34.46,42.4,66.367,56.53,57.067,82.2,44.04,9962.0,8163.333,-18.06,0.004,0.005,24.69,10.467,11.533,10.19,,,
EQ-0383,2024-05-05 00:00:00,电容器组,重庆两江220kV变电站,0.433,0.668,54.17,0.529,0.828,56.44,,,,,,,,,,0.004,0.005,33.33,,,,,,
EQ-0372,2024-05-11 00:00:00,断路器,重庆两江220kV变电站,0.497,0.675,35.85,0.634,0.842,32.79,,,,,,,8423.0,8751.0,3.89,,,,,,,0.507,0.471,-7.04
EQ-0066,2024-04-24 00:00:00,GIS组合电器,松山湖220kV变电站,0.408,0.548,34.48,0.518,0.673,29.76,51.133,71.4,39.63,66.4,87.8,32.23,9324.667,9389.667,0.7,,,,13.567,7.1,-47.67,0.503,0.482,-4.05
EQ-0015,2024-04-25 00:00:00,断路器,龙华220kV变电站,0.435,0.56,28.89,0.559,0.701,25.42,,,,,,,8982.333,8558.333,-4.72,,,,,,,0.482,0.472,-2.07
EQ-0136,2024-04-26 00:00:00,断路器,临港110kV变电站,0.473,0.642,35.8,0.597,0.758,26.96,,,,,,,10048.333,9616.667,-4.3,,,,,,,0.471,0.468,-0.64
EQ-0094,2024-04-26 00:00:00,断路器,前海110kV变电站,0.463,0.592,27.91,0.569,0.752,32.26,,,,,,,8826.0,9384.333,6.33,,,,,,,0.482,0.493,2.14
EQ-0257,2024-04-26 00:00:00,断路器,天津滨海220kV变电站,0.47,0.59,25.48,0.6,0.76,26.59,,,,,,,8432.333,8920.0,5.78,,,,,,,0.53,0.491,-7.35
EQ-0205,2024-04-26 00:00:00,断路器,昆山35kV变电站,0.455,0.569,25.04,0.588,0.683,16.18,,,,,,,9502.0,7762.667,-18.3,,,,,,,0.45,0.5,11.04
EQ-0017,2024-04-26 00:00:00,隔离开关,龙华220kV变电站,0.552,0.803,45.6,0.718,0.963,34.09,,,,,,,,,,,,,,,,,,
EQ-0115,2024-04-26 00:00:00,断路器,张江110kV变电站,0.451,0.608,34.81,0.555,0.752,35.4,,,,,,,7448.333,7106.333,-4.59,,,,,,,0.515,0.517,0.45
EQ-0057,2024-04-26 00:00:00,电容器组,松山湖220kV变电站,0.593,0.77,29.96,0.777,0.972,25.05,,,,,,,,,,0.004,0.004,6.33,,,,,,
EQ-0273,2024-04-26 00:00:00,避雷器,天津滨海220kV变电站,0.561,0.766,36.47,0.7,0.919,31.37,,,,,,,,,,,,,,,,,,
EQ-0416,2024-04-26 00:00:00,隔离开关,沈阳浑南110kV变电站,0.575,0.781,35.85,0.74,0.942,27.18,,,,,,,,,,,,,,,,,,
EQ-0215,2024-04-26 00:00:00,电力变压器,亦庄110kV变电站,0.47,0.613,30.29,0.604,0.77,27.56,44.3,66.733,50.64,59.7,83.067,39.14,8855.0,8455.667,-4.51,0.003,0.006,106.8,8.933,7.433,-16.79,,,
EQ-0252,2024-04-26 00:00:00,电力变压器,天津滨海220kV变电站,0.421,0.587,39.59,0.535,0.731,36.6,41.267,62.4,51.21,54.933,81.167,47.75,7508.667,8342.0,11.1,0.004,0.006,31.52,14.933,4.767,-68.08,,,
EQ-0037,2024-04-26 00:00:00,GIS组合电器,龙华220kV变电站,0.512,0.71,38.71,0.657,0.868,32.14,53.633,79.733,48.66,68.433,99.0,44.67,8837.0,9338.0,5.67,,,,12.167,8.467,-30.41,0.452,0.458,1.48
EQ-0231,2024-04-26 00:00:00,避雷器,亦庄110kV变电站,0.446,0.604,35.57,0.582,0.731,25.5,,,,,,,,,,,,,,,,,,
EQ-0005,2024-04-26 00:00:00,电力变压器,龙华220kV变电站,0.457,0.632,38.28,0.578,0.797,37.99,51.3,74.5,45.22,67.067,92.667,38.17,7797.0,7524.667,-3.49,0.005,0.005,-5.14,14.367,8.8,-38.75,,,
EQ-0121,2024-04-27 00:00:00,电容器组,张江110kV变电站,0.55,0.749,36.22,0.693,0.884,27.57,,,,,,,,,,0.003,0.006,85.18,,,,,,
EQ-0078,2024-05-10 00:00:00,隔离开关,南沙110kV变电站,0.563,0.885,57.24,0.717,1.034,44.1,,,,,,,,,,,,,,,,,,
EQ-0106,2024-04-27 00:00:00,GIS组合电器,前海110kV变电站,0.481,0.669,39.13,0.617,0.852,38.01,51.3,76.367,48.86,62.8,92.7,47.61,7299.0,9564.667,31.04,,,,11.167,6.433,-42.39,0.484,0.515,6.4
EQ-0048,2024-04-27 00:00:00,断路器,松山湖220kV变电站,0.523,0.681,30.22,0.663,0.813,22.65,,,,,,,8583.0,9116.0,6.21,,,,,,,0.476,0.495,4.13
EQ-0123,2024-05-25 00:00:00,避雷器,张江110kV变电站,0.415,0.643,54.97,0.548,0.804,46.8,,,,,,,,,,,,,,,,,,
EQ-0425,2024-04-27 00:00:00,避雷器,沈阳浑南110kV变电站,0.565,0.733,29.9,0.702,0.923,31.42,,,,,,,,,,,,,,,,,,
EQ-0100,2024-04-27 00:00:00,电容器组,前海110kV变电站,0.569,0.756,32.83,0.675,0.939,39.28,,,,,,,,,,0.004,0.005,37.5,,,,,,
EQ-0286,2024-04-27 00:00:00,断路器,石家庄高新35kV变电站,0.467,0.65,39.01,0.604,0.795,31.56,,,,,,,8716.333,8439.0,-3.18,,,,,,,0.461,0.468,1.45
EQ-0073,2024-04-27 00:00:00,断路器,南沙110kV变电站,0.492,0.659,33.95,0.58,0.843,45.19,,,,,,,9808.333,8396.667,-14.39,,,,,,,0.468,0.496,5.98
EQ-0344,2024-04-27 00:00:00,避雷器,长沙星沙110kV变电站,0.528,0.752,42.28,0.695,0.934,34.3,,,,,,,,,,,,,,,,,,
EQ-0060,2024-04-27 00:00:00,避雷器,松山湖220kV变电站,0.438,0.607,38.36,0.559,0.746,33.55,,,,,,,,,,,,,,,,,,
EQ-0282,2024-04-27 00:00:00,电力变压器,石家庄高新35kV变电站,0.571,0.734,28.5,0.726,0.877,20.89,49.033,70.533,43.85,63.433,91.367,44.04,6886.667,7988.667,16.0,0.006,0.004,-39.79,8.567,11.6,35.41,,,
EQ-0430,2024-05-03 00:00:00,断路器,大连开发区35kV变电站,0.495,0.743,50.04,0.629,0.968,53.86,,,,,,,9226.333,8745.667,-5.21,,,,,,,0.469,0.481,2.63
EQ-0405,2024-05-23 00:00:00,避雷器,成都高新35kV变电站,0.472,0.733,55.43,0.619,0.92,48.67,,,,,,,,,,,,,,,,,,
EQ-0262,2024-04-27 00:00:00,断路器,天津滨海220kV变电站,0.457,0.667,45.86,0.574,0.786,37.03,,,,,,,9581.0,8827.0,-7.87,,,,,,,0.476,0.474,-0.35
EQ-0259,2024-04-27 00:00:00,断路器,天津滨海220kV变电站,0.439,0.542,23.51,0.575,0.704,22.57,,,,,,,8174.667,8966.333,9.68,,,,,,,0.498,0.485,-2.68
EQ-0317,2024-04-27 00:00:00,断路器,江夏35kV变电站,0.411,0.536,30.35,0.529,0.683,29.12,,,,,,,8127.0,7028.333,-13.52,,,,,,,0.504,0.48,-4.77
EQ-0216,2024-04-27 00:00:00,电力变压器,亦庄110kV变电站,0.566,0.785,38.56,0.692,0.944,36.32,48.467,68.833,42.02,65.8,86.267,31.1,8150.333,7956.0,-2.38,0.005,0.005,9.3,9.367,7.6,-18.86,,,
EQ-0352,2024-04-27 00:00:00,断路器,武侯110kV变电站,0.527,0.717,36.08,0.682,0.911,33.57,,,,,,,10000.333,8497.0,-15.03,,,,,,,0.467,0.511,9.42
EQ-0370,2024-04-27 00:00:00,断路器,重庆两江220kV变电站,0.42,0.599,42.5,0.552,0.757,37.18,,,,,,,8784.0,7800.0,-11.2,,,,,,,0.475,0.488,2.59
EQ-0155,2024-04-28 00:00:00,断路器,苏州工业园220kV变电站,0.448,0.601,34.01,0.568,0.763,34.39,,,,,,,8233.667,8306.333,0.88,,,,,,,0.469,0.467,-0.5
EQ-0050,2024-04-28 00:00:00,断路器,松山湖220kV变电站,0.474,0.625,31.86,0.622,0.784,26.12,,,,,,,7878.667,9879.0,25.39,,,,,,,0.503,0.479,-4.77
EQ-0065,2024-04-28 00:00:00,GIS组合电器,松山湖220kV变电站,0.485,0.652,34.45,0.597,0.804,34.59,53.167,76.0,42.95,66.867,92.733,38.68,9953.0,9799.0,-1.55,,,,8.5,10.633,25.1,0.48,0.458,-4.58
EQ-0034,2024-04-28 00:00:00,避雷器,龙华220kV变电站,0.486,0.666,36.92,0.605,0.857,41.64,,,,,,,,,,,,,,,,,,
EQ-0131,2024-05-04 00:00:00,电力变压器,临港110kV变电站,0.411,0.623,51.47,0.512,0.758,48.19,51.933,68.8,32.48,65.533,87.833,34.03,11357.0,9339.0,-17.77,0.004,0.004,13.24,7.567,5.4,-28.63,,,
EQ-0097,2024-04-28 00:00:00,隔离开关,前海110kV变电站,0.52,0.703,35.29,0.659,0.895,35.86,,,,,,,,,,,,,,,,,,
EQ-0026,2024-04-28 00:00:00,电容器组,龙华220kV变电站,0.597,0.774,29.55,0.741,0.982,32.64,,,,,,,,,,0.005,0.005,-6.57,,,,,,
EQ-0392,2024-04-28 00:00:00,GIS组合电器,重庆两江220kV变电站,0.425,0.603,41.95,0.527,0.76,44.05,48.2,69.033,43.22,62.033,85.567,37.94,9637.667,8968.667,-6.94,,,,3.8,8.9,134.21,0.457,0.472,3.36
EQ-0374,2024-05-04 00:00:00,断路器,重庆两江220kV变电站,0.6,0.837,39.53,0.748,1.019,36.14,,,,,,,9797.667,8543.333,-12.8,,,,,,,0.494,0.461,-6.74
EQ-0340,2024-04-28 00:00:00,电容器组,长沙星沙110kV变电站,0.563,0.744,32.27,0.695,0.909,30.67,,,,,,,,,,0.004,0.003,-15.46,,,,,,
EQ-0014,2024-04-28 00:00:00,断路器,龙华220kV变电站,0.483,0.618,28.09,0.566,0.757,33.74,,,,,,,9823.333,8117.0,-17.37,,,,,,,0.472,0.488,3.46
EQ-0168,2024-04-28 00:00:00,隔离开关,苏州工业园220kV变电站,0.574,0.778,35.6,0.69,0.985,42.77,,,,,,,,,,,,,,,,,,
EQ-0114,2024-05-04 00:00:00,断路器,张江110kV变电站,0.571,0.864,51.36,0.71,1.027,44.66,,,,,,,9644.333,9635.333,-0.09,,,,,,,0.474,0.501,5.55
EQ-0128,2024-04-28 00:00:00,GIS组合电器,张江110kV变电站,0.522,0.658,26.16,0.626,0.838,34.03,50.4,75.167,49.14,67.5,94.333,39.75,7736.667,9438.667,22.0,,,,7.7,8.4,9.09,0.479,0.512,6.96
EQ-0083,2024-04-28 00:00:00,避雷器,南沙110kV变电站,0.565,0.785,38.96,0.713,0.963,34.9,,,,,,,,,,,,,,,,,,
EQ-0267,2024-04-28 00:00:00,隔离开关,天津滨海220kV变电站,0.449,0.626,39.2,0.543,0.741,36.55,,,,,,,,,,,,,,,,,,
EQ-0398,2024-04-28 00:00:00,断路器,成都高新35kV变电站,0.511,0.691,35.33,0.652,0.897,37.53,,,,,,,8575.667,9664.0,12.69,,,,,,,0.494,0.479,-2.97
EQ-0350,2024-05-20 00:00:00,断路器,武侯110kV变电站,0.515,0.78,51.46,0.666,0.942,41.39,,,,,,,10615.333,8374.333,-21.11,,,,,,,0.5,0.478,-4.34
EQ-0125,2024-04-28 00:00:00,避雷器,张江110kV变电站,0.444,0.6,35.11,0.532,0.756,42.02,,,,,,,,,,,,,,,,,,
EQ-0345,2024-04-28 00:00:00,GIS组合电器,长沙星沙110kV变电站,0.512,0.697,36.01,0.653,0.913,39.83,49.0,72.8,48.57,66.0,91.0,37.88,8828.0,9517.667,7.81,,,,13.967,8.467,-39.38,0.497,0.487,-2.01
EQ-0323,2024-04-28 00:00:00,电容器组,江夏35kV变电站,0.496,0.72,45.24,0.645,0.901,39.75,,,,,,,,,,0.005,0.006,3.38,,,,,,
EQ-0031,2024-04-28 00:00:00,避雷器,龙华220kV变电站,0.527,0.709,34.6,0.651,0.912,40.17,,,,,,,,,,,,,,,,,,
EQ-0120,2024-04-28 15:48:00,隔离开关,张江110kV变电站,0.455,0.623,36.77,0.579,0.79,36.56,,,,,,,,,,,,,,,,,,
EQ-0180,2024-04-29 00:00:00,GIS组合电器,苏州工业园220kV变电站,0.415,0.567,36.43,0.524,0.738,40.68,50.033,69.167,38.24,63.867,85.667,34.13,9002.333,8149.0,-9.48,,,,7.1,13.767,93.9,0.47,0.506,7.59
EQ-0393,2024-05-14 00:00:00,GIS组合电器,重庆两江220kV变电站,0.544,0.837,53.93,0.68,1.017,49.56,58.233,82.367,41.44,74.567,102.433,37.37,6198.0,9339.333,50.68,,,,10.367,7.033,-32.15,0.525,0.473,-9.85
EQ-0276,2024-04-29 00:00:00,避雷器,天津滨海220kV变电站,0.476,0.63,32.27,0.606,0.809,33.4,,,,,,,,,,,,,,,,,,
EQ-0435,2024-04-29 00:00:00,电容器组,大连开发区35kV变电站,0.476,0.581,21.93,0.631,0.724,14.78,,,,,,,,,,0.005,0.006,4.14,,,,,,
EQ-0170,2024-05-27 00:00:00,电容器组,苏州工业园220kV变电站,0.443,0.671,51.42,0.548,0.833,51.88,,,,,,,,,,0.005,0.004,-15.86,,,,,,
EQ-0357,2024-04-29 00:00:00,隔离开关,武侯110kV变电站,0.495,0.684,38.22,0.631,0.808,28.07,,,,,,,,,,,,,,,,,,
EQ-0256,2024-04-29 00:00:00,断路器,天津滨海220kV变电站,0.436,0.588,34.83,0.522,0.736,41.0,,,,,,,7559.0,7515.667,-0.57,,,,,,,0.507,0.494,-2.56
EQ-0303,2024-04-29 00:00:00,隔离开关,武昌110kV变电站,0.503,0.646,28.4,0.622,0.77,23.87,,,,,,,,,,,,,,,,,,
EQ-0084,2024-04-29 00:00:00,避雷器,南沙110kV变电站,0.596,0.752,26.27,0.772,0.883,14.43,,,,,,,,,,,,,,,,,,
EQ-0433,2024-04-29 00:00:00,隔离开关,大连开发区35kV变电站,0.386,0.519,34.34,0.485,0.629,29.78,,,,,,,,,,,,,,,,,,
EQ-0181,2024-04-30 00:00:00,GIS组合电器,苏州工业园220kV变电站,0.491,0.632,28.62,0.622,0.81,30.37,51.567,70.167,36.07,67.3,86.933,29.17,8811.0,10248.667,16.32,,,,8.567,7.733,-9.73,0.473,0.471,-0.42
EQ-0179,2024-04-30 00:00:00,GIS组合电器,苏州工业园220kV变电站,0.523,0.737,41.04,0.638,0.9,41.15,47.4,77.7,63.92,61.967,96.933,56.43,7858.0,7341.667,-6.57,,,,16.133,7.533,-53.31,0.52,0.505,-2.88
EQ-0167,2024-04-30 00:00:00,隔离开关,苏州工业园220kV变电站,0.57,0.786,37.9,0.714,0.956,34.02,,,,,,,,,,,,,,,,,,
EQ-0314,2024-04-30 00:00:00,电力变压器,江夏35kV变电站,0.564,0.716,27.1,0.693,0.873,26.02,52.9,76.1,43.86,70.4,95.9,36.22,7706.0,7754.667,0.63,0.004,0.004,9.35,14.333,13.0,-9.3,,,
EQ-0011,2024-04-30 00:00:00,断路器,龙华220kV变电站,0.436,0.529,21.52,0.534,0.685,28.31,,,,,,,9658.667,7548.333,-21.85,,,,,,,0.496,0.496,-0.13
EQ-0290,2024-04-30 00:00:00,电容器组,石家庄高新35kV变电站,0.526,0.728,38.55,0.668,0.896,34.27,,,,,,,,,,0.007,0.006,-6.4,,,,,,
EQ-0271,2024-04-30 00:00:00,电容器组,天津滨海220kV变电站,0.452,0.602,33.06,0.562,0.756,34.44,,,,,,,,,,0.005,0.007,35.35,,,,,,
EQ-0281,2024-04-30 00:00:00,GIS组合电器,天津滨海220kV变电站,0.576,0.738,28.25,0.723,0.891,23.24,50.6,73.033,44.33,66.4,92.433,39.21,8845.0,8643.333,-2.28,,,,14.267,7.967,-44.16,0.461,0.474,2.89
EQ-0217,2024-04-30 00:00:00,电力变压器,亦庄110kV变电站,0.565,0.719,27.4,0.676,0.936,38.36,47.667,73.067,53.29,64.067,91.333,42.56,8434.333,8667.333,2.76,0.004,0.003,-20.64,9.433,10.233,8.48,,,
EQ-0399,2024-04-30 00:00:00,断路器,成都高新35kV变电站,0.565,0.681,20.6,0.673,0.904,34.19,,,,,,,11808.0,8210.0,-30.47,,,,,,,0.469,0.462,-1.35
EQ-0400,2024-05-25 00:00:00,隔离开关,成都高新35kV变电站,0.556,0.787,41.54,0.71,0.99,39.49,,,,,,,,,,,,,,,,,,
EQ-0051,2024-04-30 00:00:00,隔离开关,松山湖220kV变电站,0.591,0.761,28.78,0.704,0.918,30.3,,,,,,,,,,,,,,,,,,
EQ-0046,2024-04-30 00:00:00,断路器,松山湖220kV变电站,0.572,0.731,27.76,0.706,0.923,30.71,,,,,,,10778.667,10428.0,-3.25,,,,,,,0.481,0.478,-0.49
EQ-0032,2024-04-30 00:00:00,避雷器,龙华220kV变电站,0.405,0.567,39.91,0.516,0.746,44.64,,,,,,,,,,,,,,,,,,
EQ-0277,2024-05-04 09:04:00,避雷器,天津滨海220kV变电站,0.461,0.724,57.3,0.57,0.902,58.25,,,,,,,,,,,,,,,,,,
EQ-0425,2024-05-06 22:20:00,避雷器,沈阳浑南110kV变电站,0.572,0.826,44.31,0.725,1.009,39.07,,,,,,,,,,,,,,,,,,
EQ-0015,2024-05-07 00:00:00,断路器,龙华220kV变电站,0.434,0.639,47.19,0.564,0.779,37.96,,,,,,,9289.0,7433.0,-19.98,,,,,,,0.454,0.497,9.46
EQ-0185,2024-05-07 00:00:00,断路器,杭州滨江110kV变电站,0.531,0.839,57.98,0.636,1.03,61.96,,,,,,,8671.667,8754.667,0.96,,,,,,,0.454,0.469,3.38
EQ-0433,2024-05-10 00:00:00,隔离开关,大连开发区35kV变电站,0.397,0.597,50.26,0.509,0.706,38.76,,,,,,,,,,,,,,,,,,
EQ-0236,2024-05-16 00:00:00,GIS组合电器,亦庄110kV变电站,0.535,0.772,44.45,0.702,1.001,42.7,52.233,75.167,43.91,67.567,94.867,40.4,9872.333,8672.333,-12.16,,,,9.233,8.367,-9.39,0.491,0.495,0.81
EQ-0302,2024-05-18 00:00:00,断路器,武昌110kV变电站,0.487,0.708,45.4,0.579,0.872,50.65,,,,,,,8865.0,7239.667,-18.33,,,,,,,0.497,0.485,-2.41
EQ-0257,2024-05-21 00:00:00,断路器,天津滨海220kV变电站,0.481,0.673,39.78,0.607,0.85,39.96,,,,,,,8682.333,9301.0,7.13,,,,,,,0.513,0.513,-0.06
EQ-0214,2024-06-19 00:00:00,避雷器,昆山35kV变电站,0.58,0.763,31.64,0.737,0.938,27.36,,,,,,,,,,,,,,,,,,
EQ-0217,2024-05-22 00:00:00,电力变压器,亦庄110kV变电站,0.57,0.824,44.58,0.705,1.032,46.23,55.367,78.633,42.02,70.3,98.3,39.83,10415.667,6723.667,-35.45,0.004,0.004,-12.11,11.7,9.967,-14.81,,,
EQ-0265,2024-05-26 00:00:00,隔离开关,天津滨海220kV变电站,0.521,0.763,46.43,0.671,0.91,35.72,,,,,,,,,,,,,,,,,,
EQ-0163,2024-05-28 00:00:00,隔离开关,苏州工业园220kV变电站,0.454,0.638,40.6,0.544,0.778,43.07,,,,,,,,,,,,,,,,,,
EQ-0375,2024-06-22 00:00:00,断路器,重庆两江220kV变电站,0.641,0.819,27.72,0.794,1.005,26.62,,,,,,,8112.667,9820.333,21.05,,,,,,,0.472,0.468,-0.78
EQ-0177,2024-06-01 00:00:00,避雷器,苏州工业园220kV变电站,0.493,0.681,38.08,0.619,0.804,29.98,,,,,,,,,,,,,,,,,,
EQ-0258,2024-07-01 00:00:00,断路器,天津滨海220kV变电站,0.525,0.647,23.15,0.652,0.81,24.26,,,,,,,9960.333,9836.333,-1.24,,,,,,,0.515,0.522,1.29
EQ-0115,2024-06-01 00:00:00,断路器,张江110kV变电站,0.453,0.698,54.18,0.548,0.922,68.4,,,,,,,7775.667,5838.667,-24.91,,,,,,,0.516,0.504,-2.32
EQ-0099,2024-06-01 00:00:00,电容器组,前海110kV变电站,0.549,0.809,47.56,0.681,1.017,49.3,,,,,,,,,,0.004,0.004,5.07,,,,,,
EQ-0284,2024-06-01 00:00:00,断路器,石家庄高新35kV变电站,0.475,0.655,37.87,0.592,0.79,33.46,,,,,,,10654.667,8526.333,-19.98,,,,,,,0.508,0.49,-3.54
EQ-0175,2024-06-01 00:00:00,避雷器,苏州工业园220kV变电站,0.434,0.627,44.52,0.557,0.762,36.77,,,,,,,,,,,,,,,,,,
EQ-0219,2024-06-01 00:00:00,断路器,亦庄110kV变电站,0.59,0.869,47.22,0.705,1.037,47.03,,,,,,,11097.333,8766.0,-21.01,,,,,,,0.479,0.478,-0.07
EQ-0307,2024-06-01 00:00:00,电容器组,武昌110kV变电站,0.482,0.698,44.65,0.57,0.856,50.15,,,,,,,,,,0.004,0.006,50.59,,,,,,
EQ-0034,2024-06-01 00:00:00,避雷器,龙华220kV变电站,0.519,0.741,42.76,0.644,0.972,50.77,,,,,,,,,,,,,,,,,,
EQ-0263,2024-06-01 00:00:00,断路器,天津滨海220kV变电站,0.545,0.846,55.21,0.679,1.038,52.9,,,,,,,8230.333,8973.667,9.03,,,,,,,0.498,0.461,-7.3
EQ-0208,2024-06-01 00:00:00,隔离开关,昆山35kV变电站,0.48,0.706,47.18,0.605,0.846,39.69,,,,,,,,,,,,,,,,,,
EQ-0250,2024-06-01 00:00:00,避雷器,通州35kV变电站,0.517,0.844,63.3,0.657,1.046,59.26,,,,,,,,,,,,,,,,,,
EQ-0420,2024-06-01 00:00:00,电容器组,沈阳浑南110kV变电站,0.52,0.785,50.81,0.651,0.988,51.82,,,,,,,,,,0.005,0.004,-6.72,,,,,,
EQ-0057,2024-06-01 00:00:00,电容器组,松山湖220kV变电站,0.634,0.849,33.84,0.817,1.06,29.7,,,,,,,,,,0.004,0.004,0.64,,,,,,
EQ-0348,2024-06-02 00:00:00,电力变压器,武侯110kV变电站,0.499,0.612,22.54,0.634,0.768,21.23,61.133,69.967,14.45,79.433,87.3,9.9,9313.667,7870.0,-15.5,0.004,0.005,14.68,10.267,7.867,-23.38,,,
EQ-0293,2024-06-02 00:00:00,避雷器,石家庄高新35kV变电站,0.59,0.77,30.58,0.736,0.98,33.25,,,,,,,,,,,,,,,,,,
EQ-0029,2024-06-02 00:00:00,避雷器,龙华220kV变电站,0.67,0.868,29.57,0.853,1.023,19.95,,,,,,,,,,,,,,,,,,
EQ-0105,2024-06-02 00:00:00,GIS组合电器,前海110kV变电站,0.574,0.767,33.53,0.715,0.905,26.6,67.033,79.867,19.14,82.767,98.6,19.13,11294.0,9350.333,-17.21,,,,10.9,7.167,-34.25,0.524,0.499,-4.83
EQ-0001,2024-06-02 00:00:00,电力变压器,龙华220kV变电站,0.529,0.739,39.89,0.646,0.905,40.19,71.633,81.7,14.05,86.3,101.3,17.38,8308.0,9667.333,16.36,0.004,0.005,10.72,4.433,10.133,128.57,,,
EQ-0044,2024-06-02 00:00:00,断路器,松山湖220kV变电站,0.564,0.724,28.4,0.696,0.924,32.74,,,,,,,7477.333,7731.667,3.4,,,,,,,0.473,0.507,7.04
EQ-0408,2024-05-26 00:00:00,电力变压器,沈阳浑南110kV变电站,0.558,0.805,44.31,0.672,0.98,45.93,48.833,72.033,47.51,64.7,92.067,42.3,7467.0,8510.333,13.97,0.005,0.006,24.49,12.233,11.2,-8.45,,,
EQ-0165,2024-06-27 00:00:00,隔离开关,苏州工业园220kV变电站,0.636,0.829,30.41,0.8,0.987,23.38,,,,,,,,,,,,,,,,,,
EQ-0301,2024-06-02 00:00:00,断路器,武昌110kV变电站,0.471,0.647,37.32,0.579,0.806,39.09,,,,,,,7637.667,7105.0,-6.97,,,,,,,0.509,0.477,-6.28
EQ-0180,2024-06-11 00:00:00,GIS组合电器,苏州工业园220kV变电站,0.48,0.632,31.58,0.608,0.797,31.05,62.133,75.467,21.46,78.5,91.4,16.43,8608.667,7968.333,-7.44,,,,9.733,11.567,18.84,0.506,0.482,-4.87
EQ-0073,2024-06-02 00:00:00,断路器,南沙110kV变电站,0.547,0.771,41.1,0.688,0.98,42.39,,,,,,,8662.0,10081.667,16.39,,,,,,,0.494,0.491,-0.47
EQ-0313,2024-05-30 00:00:00,GIS组合电器,武昌110kV变电站,0.55,0.832,51.31,0.698,1.027,47.14,55.233,79.567,44.06,68.133,97.267,42.76,9627.667,8446.0,-12.27,,,,11.633,6.533,-43.84,0.512,0.478,-6.58
EQ-0330,2024-06-03 00:00:00,断路器,长沙星沙110kV变电站,0.636,0.79,24.21,0.801,0.976,21.96,,,,,,,9430.667,10028.333,6.34,,,,,,,0.48,0.481,0.14
EQ-0309,2024-06-03 00:00:00,避雷器,武昌110kV变电站,0.573,0.766,33.61,0.716,0.923,28.96,,,,,,,,,,,,,,,,,,
EQ-0224,2024-06-03 00:00:00,隔离开关,亦庄110kV变电站,0.603,0.743,23.06,0.72,0.95,32.07,,,,,,,,,,,,,,,,,,
EQ-0092,2024-06-03 00:00:00,断路器,前海110kV变电站,0.542,0.696,28.27,0.704,0.889,26.27,,,,,,,10498.333,10526.0,0.26,,,,,,,0.493,0.48,-2.57
EQ-0290,2024-06-03 00:00:00,电容器组,石家庄高新35kV变电站,0.603,0.822,36.19,0.778,0.995,27.77,,,,,,,,,,0.006,0.005,-13.89,,,,,,
EQ-0079,2024-06-03 00:00:00,隔离开关,南沙110kV变电站,0.552,0.752,36.27,0.676,0.989,46.38,,,,,,,,,,,,,,,,,,
EQ-0326,2024-06-03 00:00:00,避雷器,江夏35kV变电站,0.488,0.681,39.42,0.593,0.885,49.12,,,,,,,,,,,,,,,,,,
EQ-0136,2024-06-03 00:00:00,断路器,临港110kV变电站,0.543,0.706,30.02,0.662,0.86,30.02,,,,,,,10809.0,7932.667,-26.61,,,,,,,0.47,0.489,3.97
EQ-0285,2024-06-03 00:00:00,断路器,石家庄高新35kV变电站,0.658,0.8,21.69,0.854,1.031,20.68,,,,,,,8174.0,7869.333,-3.73,,,,,,,0.509,0.487,-4.26
EQ-0189,2024-06-03 00:00:00,断路器,杭州滨江110kV变电站,0.568,0.697,22.64,0.752,0.88,17.1,,,,,,,9567.667,7300.0,-23.7,,,,,,,0.514,0.504,-1.88
EQ-0225,2024-06-03 00:00:00,隔离开关,亦庄110kV变电站,0.558,0.698,25.06,0.717,0.862,20.33,,,,,,,,,,,,,,,,,,
EQ-0298,2024-06-03 00:00:00,断路器,武昌110kV变电站,0.584,0.809,38.64,0.734,1.002,36.42,,,,,,,9020.0,7070.0,-21.62,,,,,,,0.481,0.478,-0.49
EQ-0210,2024-06-03 00:00:00,电容器组,昆山35kV变电站,0.611,0.828,35.63,0.773,0.993,28.46,,,,,,,,,,0.005,0.004,-6.64,,,,,,
EQ-0072,2024-06-13 00:00:00,断路器,南沙110kV变电站,0.567,0.777,37.07,0.725,0.95,30.98,,,,,,,9622.667,8571.0,-10.93,,,,,,,0.485,0.48,-1.1
EQ-0355,2024-06-03 00:00:00,隔离开关,武侯110kV变电站,0.536,0.762,42.08,0.688,0.902,31.05,,,,,,,,,,,,,,,,,,
EQ-0305,2024-06-03 00:00:00,隔离开关,武昌110kV变电站,0.482,0.633,31.22,0.567,0.81,42.7,,,,,,,,,,,,,,,,,,
EQ-0090,2024-06-03 00:00:00,断路器,前海110kV变电站,0.604,0.808,33.69,0.762,1.001,31.42,,,,,,,9763.0,8343.333,-14.54,,,,,,,0.483,0.502,4.01
EQ-0244,2024-06-03 00:00:00,隔离开关,通州35kV变电站,0.654,0.834,27.5,0.794,1.003,26.41,,,,,,,,,,,,,,,,,,
EQ-0087,2024-06-03 00:00:00,电力变压器,前海110kV变电站,0.549,0.791,43.98,0.696,1.013,45.49,66.033,80.4,21.76,80.6,100.667,24.9,8913.0,8251.333,-7.42,0.004,0.004,5.9,8.6,10.033,16.67,,,
EQ-0340,2024-06-08 00:00:00,电容器组,长沙星沙110kV变电站,0.626,0.853,36.22,0.763,1.033,35.4,,,,,,,,,,0.003,0.004,19.79,,,,,,
EQ-0412,2024-06-03 00:00:00,断路器,沈阳浑南110kV变电站,0.585,0.817,39.56,0.758,0.958,26.4,,,,,,,8874.667,9965.0,12.29,,,,,,,0.483,0.472,-2.21
EQ-0437,2024-06-03 00:00:00,避雷器,大连开发区35kV变电站,0.516,0.656,27.18,0.6,0.845,40.87,,,,,,,,,,,,,,,,,,
EQ-0249,2024-06-03 00:00:00,避雷器,通州35kV变电站,0.549,0.704,28.19,0.701,0.899,28.13,,,,,,,,,,,,,,,,,,
EQ-0314,2024-06-14 00:00:00,电力变压器,江夏35kV变电站,0.625,0.805,28.79,0.798,1.008,26.3,65.867,78.967,19.89,83.867,99.433,18.56,8461.333,7413.667,-12.38,0.004,0.005,39.38,14.533,12.967,-10.78,,,
EQ-0216,2024-06-04 00:00:00,电力变压器,亦庄110kV变电站,0.657,0.875,33.11,0.786,1.013,28.89,59.833,74.233,24.07,76.233,94.167,23.52,9291.0,9413.333,1.32,0.005,0.005,1.63,9.333,8.3,-11.07,,,
EQ-0151,2024-06-04 00:00:00,电力变压器,苏州工业园220kV变电站,0.483,0.622,28.75,0.594,0.743,24.97,60.367,69.3,14.8,76.967,86.033,11.78,8035.333,7721.0,-3.91,0.004,0.005,14.81,11.8,14.533,23.16,,,
EQ-0043,2024-06-04 00:00:00,断路器,松山湖220kV变电站,0.514,0.628,22.21,0.648,0.783,20.88,,,,,,,10174.0,9465.667,-6.96,,,,,,,0.52,0.498,-4.17
EQ-0028,2024-06-04 00:00:00,避雷器,龙华220kV变电站,0.627,0.788,25.74,0.801,1.017,26.94,,,,,,,,,,,,,,,,,,
EQ-0094,2024-06-04 00:00:00,断路器,前海110kV变电站,0.506,0.699,38.06,0.649,0.863,32.98,,,,,,,9230.0,10015.0,8.5,,,,,,,0.489,0.527,7.84
EQ-0269,2024-07-03 00:00:00,隔离开关,天津滨海220kV变电站,0.652,0.656,0.6,0.82,0.83,1.22,,,,,,,,,,,,,,,,,,
EQ-0109,2024-06-10 00:00:00,电力变压器,张江110kV变电站,0.639,0.858,34.22,0.814,1.046,28.49,65.267,80.2,22.88,80.7,100.433,24.45,7009.333,8296.0,18.36,0.006,0.004,-37.85,12.333,9.533,-22.7,,,
EQ-0382,2024-06-11 00:00:00,隔离开关,重庆两江220kV变电站,0.634,0.833,31.47,0.823,1.003,21.94,,,,,,,,,,,,,,,,,,
EQ-0438,2024-06-04 00:00:00,避雷器,大连开发区35kV变电站,0.568,0.725,27.55,0.703,0.889,26.45,,,,,,,,,,,,,,,,,,
EQ-0178,2024-07-04 00:00:00,避雷器,苏州工业园220kV变电站,0.558,0.532,-4.77,0.711,0.657,-7.71,,,,,,,,,,,,,,,,,,
EQ-0376,2024-06-04 00:00:00,断路器,重庆两江220kV变电站,0.479,0.616,28.63,0.579,0.775,33.87,,,,,,,8674.0,8542.667,-1.51,,,,,,,0.484,0.46,-4.96
EQ-0395,2024-06-04 00:00:00,电力变压器,成都高新35kV变电站,0.495,0.647,30.88,0.631,0.798,26.5,58.7,71.633,22.03,72.233,89.433,23.81,7931.0,8862.667,11.75,0.004,0.005,2.56,5.0,3.767,-24.67,,,
EQ-0055,2024-06-04 00:00:00,隔离开关,松山湖220kV变电站,0.561,0.755,34.65,0.715,0.89,24.46,,,,,,,,,,,,,,,,,,
EQ-0241,2024-06-04 00:00:00,断路器,通州35kV变电站,0.532,0.679,27.64,0.664,0.871,31.27,,,,,,,9339.667,8230.0,-11.88,,,,,,,0.504,0.484,-3.97
EQ-0155,2024-06-04 00:00:00,断路器,苏州工业园220kV变电站,0.527,0.667,26.66,0.669,0.845,26.26,,,,,,,7884.667,8602.667,9.11,,,,,,,0.459,0.478,4.14
EQ-0291,2024-06-05 00:00:00,电容器组,石家庄高新35kV变电站,0.607,0.89,46.65,0.734,1.049,42.95,,,,,,,,,,0.005,0.005,13.08,,,,,,
EQ-0375,2024-06-05 00:00:00,断路器,重庆两江220kV变电站,0.641,0.819,27.72,0.794,1.005,26.62,,,,,,,8112.667,9820.333,21.05,,,,,,,0.472,0.468,-0.78
EQ-0217,2024-06-05 00:00:00,电力变压器,亦庄110kV变电站,0.633,0.811,28.11,0.805,0.991,23.11,63.933,77.8,21.69,81.433,96.733,18.79,8737.333,8473.667,-3.02,0.004,0.005,21.49,11.7,13.367,14.25,,,
EQ-0270,2024-06-05 00:00:00,电容器组,天津滨海220kV变电站,0.582,0.752,29.18,0.71,0.969,36.47,,,,,,,,,,0.005,0.004,-27.6,,,,,,
EQ-0033,2024-06-05 00:00:00,避雷器,龙华220kV变电站,0.586,0.8,36.52,0.763,0.968,26.89,,,,,,,,,,,,,,,,,,
EQ-0004,2024-06-23 00:00:00,电力变压器,龙华220kV变电站,0.601,0.783,30.36,0.759,0.962,26.64,70.267,81.533,16.03,87.2,101.3,16.17,8628.333,6108.0,-29.21,0.005,0.004,-8.55,15.633,8.8,-43.71,,,
EQ-0399,2024-06-05 00:00:00,断路器,成都高新35kV变电站,0.582,0.798,37.12,0.752,0.971,29.14,,,,,,,9799.667,9429.0,-3.78,,,,,,,0.462,0.495,7.15
EQ-0303,2024-06-05 00:00:00,隔离开关,武昌110kV变电站,0.546,0.753,37.74,0.654,0.959,46.65,,,,,,,,,,,,,,,,,,
EQ-0370,2024-06-05 00:00:00,断路器,重庆两江220kV变电站,0.491,0.671,36.72,0.612,0.872,42.43,,,,,,,8633.333,8283.333,-4.05,,,,,,,0.491,0.491,0.14
EQ-0196,2024-06-05 00:00:00,避雷器,杭州滨江110kV变电站,0.532,0.735,38.31,0.656,0.929,41.5,,,,,,,,,,,,,,,,,,
EQ-0360,2024-06-05 00:00:00,避雷器,武侯110kV变电站,0.62,0.838,35.28,0.795,1.007,26.77,,,,,,,,,,,,,,,,,,
EQ-0311,2024-06-05 00:00:00,避雷器,武昌110kV变电站,0.684,0.855,25.07,0.879,1.012,15.06,,,,,,,,,,,,,,,,,,
EQ-0153,2024-06-05 00:00:00,断路器,苏州工业园220kV变电站,0.467,0.635,36.12,0.591,0.797,34.92,,,,,,,9029.667,6910.667,-23.47,,,,,,,0.442,0.467,5.73
EQ-0017,2024-06-05 00:00:00,隔离开关,龙华220kV变电站,0.663,0.875,31.95,0.829,1.041,25.52,,,,,,,,,,,,,,,,,,
EQ-0006,2024-06-06 00:00:00,断路器,龙华220kV变电站,0.495,0.654,32.27,0.614,0.77,25.3,,,,,,,8416.0,6749.667,-19.8,,,,,,,0.511,0.512,0.33
EQ-0185,2024-06-06 00:00:00,断路器,杭州滨江110kV变电站,0.616,0.827,34.35,0.771,0.988,28.17,,,,,,,8538.333,8501.333,-0.43,,,,,,,0.448,0.477,6.32
EQ-0212,2024-06-06 00:00:00,避雷器,昆山35kV变电站,0.6,0.72,20.06,0.761,0.902,18.53,,,,,,,,,,,,,,,,,,
EQ-0198,2024-06-06 00:00:00,避雷器,杭州滨江110kV变电站,0.62,0.839,35.26,0.77,0.988,28.29,,,,,,,,,,,,,,,,,,
EQ-0150,2024-06-30 00:00:00,电力变压器,苏州工业园220kV变电站,0.571,0.711,24.61,0.698,0.855,22.54,64.667,71.733,10.93,80.067,89.933,12.32,8844.333,9219.667,4.24,0.005,0.005,15.31,8.2,12.8,56.1,,,
EQ-0016,2024-06-06 00:00:00,隔离开关,龙华220kV变电站,0.623,0.865,38.84,0.76,1.005,32.17,,,,,,,,,,,,,,,,,,
EQ-0413,2024-06-06 00:00:00,断路器,沈阳浑南110kV变电站,0.584,0.751,28.61,0.768,0.946,23.27,,,,,,,7584.667,8388.667,10.6,,,,,,,0.505,0.473,-6.27
EQ-0342,2024-06-06 00:00:00,避雷器,长沙星沙110kV变电站,0.506,0.643,27.02,0.609,0.814,33.58,,,,,,,,,,,,,,,,,,
EQ-0066,2024-06-06 00:00:00,GIS组合电器,松山湖220kV变电站,0.483,0.61,26.32,0.583,0.776,33.17,64.967,74.833,15.19,80.033,92.133,15.12,8463.0,9412.333,11.22,,,,6.933,8.733,25.96,0.466,0.513,10.01
EQ-0160,2024-06-07 00:00:00,断路器,苏州工业园220kV变电站,0.48,0.679,41.52,0.602,0.846,40.57,,,,,,,7347.0,7357.333,0.14,,,,,,,0.482,0.458,-4.98
EQ-0130,2024-06-07 00:00:00,电力变压器,临港110kV变电站,0.539,0.665,23.34,0.679,0.828,21.87,64.667,70.833,9.54,83.4,89.333,7.11,8616.0,10233.667,18.78,0.004,0.004,-15.24,11.267,11.067,-1.78,,,
EQ-0265,2024-06-07 00:00:00,隔离开关,天津滨海220kV变电站,0.568,0.757,33.3,0.739,0.877,18.7,,,,,,,,,,,,,,,,,,
EQ-0372,2024-06-07 00:00:00,断路器,重庆两江220kV变电站,0.535,0.657,22.92,0.677,0.812,19.98,,,,,,,7738.0,8013.0,3.55,,,,,,,0.491,0.479,-2.38
EQ-0019,2024-06-07 00:00:00,隔离开关,龙华220kV变电站,0.636,0.887,39.44,0.822,1.053,28.05,,,,,,,,,,,,,,,,,,
EQ-0045,2024-06-07 00:00:00,断路器,松山湖220kV变电站,0.559,0.741,32.57,0.729,0.917,25.78,,,,,,,9070.333,8655.667,-4.57,,,,,,,0.468,0.495,5.84
EQ-0182,2024-06-07 00:00:00,电力变压器,杭州滨江110kV变电站,0.559,0.724,29.55,0.72,0.894,24.05,65.7,75.467,14.87,83.7,93.6,11.83,9149.667,7306.333,-20.15,0.003,0.004,52.29,10.7,8.833,-17.45,,,
EQ-0031,2024-06-05 00:00:00,避雷器,龙华220kV变电站,0.619,0.807,30.27,0.78,1.027,31.58,,,,,,,,,,,,,,,,,,
EQ-0361,2024-06-07 00:00:00,避雷器,武侯110kV变电站,0.648,0.84,29.59,0.773,1.021,32.08,,,,,,,,,,,,,,,,,,
EQ-0227,2024-06-07 00:00:00,隔离开关,亦庄110kV变电站,0.659,0.887,34.52,0.828,1.038,25.29,,,,,,,,,,,,,,,,,,
EQ-0103,2024-06-22 00:00:00,避雷器,前海110kV变电站,0.642,0.817,27.17,0.784,1.001,27.71,,,,,,,,,,,,,,,,,,
EQ-0352,2024-06-07 00:00:00,断路器,武侯110kV变电站,0.627,0.786,25.41,0.807,0.957,18.59,,,,,,,9588.0,8340.667,-13.01,,,,,,,0.508,0.46,-9.44
EQ-0345,2024-06-07 00:00:00,GIS组合电器,长沙星沙110kV变电站,0.6,0.744,23.99,0.761,0.984,29.29,65.433,75.033,14.67,81.567,95.267,16.8,8067.667,9398.333,16.49,,,,12.833,5.3,-58.7,0.501,0.456,-9.04
EQ-0300,2024-06-07 00:00:00,断路器,武昌110kV变电站,0.627,0.824,31.48,0.793,1.031,30.03,,,,,,,7247.0,8567.0,18.21,,,,,,,0.484,0.472,-2.62
EQ-0320,2024-06-07 00:00:00,隔离开关,江夏35kV变电站,0.469,0.663,41.44,0.587,0.841,43.23,,,,,,,,,,,,,,,,,,
EQ-0120,2024-06-17 00:00:00,隔离开关,张江110kV变电站,0.499,0.69,38.27,0.641,0.867,35.27,,,,,,,,,,,,,,,,,,
EQ-0158,2024-06-07 00:00:00,断路器,苏州工业园220kV变电站,0.521,0.699,34.19,0.665,0.853,28.25,,,,,,,8001.0,9003.333,12.53,,,,,,,0.474,0.502,5.98
EQ-0013,2024-06-07 00:00:00,断路器,龙华220kV变电站,0.671,0.797,18.81,0.818,1.006,23.0,,,,,,,8132.667,8041.667,-1.12,,,,,,,0.476,0.479,0.7
EQ-0101,2024-06-07 00:00:00,避雷器,前海110kV变电站,0.476,0.671,40.89,0.585,0.864,47.8,,,,,,,,,,,,,,,,,,
EQ-0134,2024-06-07 00:00:00,断路器,临港110kV变电站,0.502,0.663,32.07,0.638,0.848,32.93,,,,,,,9418.667,8755.667,-7.04,,,,,,,0.493,0.485,-1.62
EQ-0081,2024-06-07 00:00:00,电容器组,南沙110kV变电站,0.597,0.757,26.87,0.711,0.941,32.34,,,,,,,,,,0.004,0.004,4.13,,,,,,
EQ-0379,2024-06-07 00:00:00,隔离开关,重庆两江220kV变电站,0.536,0.688,28.54,0.669,0.87,30.16,,,,,,,,,,,,,,,,,,
EQ-0246,2024-06-07 00:00:00,隔离开关,通州35kV变电站,0.631,0.808,28.05,0.785,0.977,24.41,,,,,,,,,,,,,,,,,,
EQ-0435,2024-06-07 23:05:00,电容器组,大连开发区35kV变电站,0.508,0.666,31.1,0.636,0.831,30.64,,,,,,,,,,0.007,0.006,-16.67,,,,,,
EQ-0410,2024-06-08 00:00:00,电力变压器,沈阳浑南110kV变电站,0.531,0.688,29.52,0.69,0.873,26.45,52.6,68.533,30.29,69.467,85.333,22.84,8551.333,8330.0,-2.59,0.005,0.004,-26.92,8.3,13.367,61.04,,,
EQ-0234,2024-06-08 00:00:00,避雷器,亦庄110kV变电站,0.469,0.62,32.22,0.561,0.77,37.32,,,,,,,,,,,,,,,,,,
EQ-0344,2024-06-08 00:00:00,避雷器,长沙星沙110kV变电站,0.63,0.8,26.95,0.803,0.992,23.58,,,,,,,,,,,,,,,,,,
EQ-0071,2024-06-08 00:00:00,断路器,南沙110kV变电站,0.48,0.629,31.13,0.599,0.807,34.76,,,,,,,8668.333,9623.0,11.01,,,,,,,0.526,0.47,-10.65
EQ-0329,2024-06-08 00:00:00,电力变压器,长沙星沙110kV变电站,0.528,0.714,35.38,0.638,0.902,41.34,61.333,76.1,24.08,78.033,93.833,20.25,9276.333,9861.333,6.31,0.003,0.004,33.73,9.467,9.667,2.11,,,
EQ-0426,2024-06-08 00:00:00,GIS组合电器,沈阳浑南110kV变电站,0.594,0.791,33.18,0.772,1.02,32.11,55.3,67.833,22.66,72.467,86.733,19.69,9167.0,9243.0,0.83,,,,10.433,9.1,-12.78,0.507,0.471,-7.16
EQ-0024,2024-06-08 00:00:00,电容器组,龙华220kV变电站,0.508,0.669,31.63,0.626,0.825,31.73,,,,,,,,,,0.005,0.006,26.67,,,,,,
EQ-0275,2024-06-08 00:00:00,避雷器,天津滨海220kV变电站,0.664,0.899,35.36,0.858,1.038,20.97,,,,,,,,,,,,,,,,,,
EQ-0098,2024-07-06 00:00:00,隔离开关,前海110kV变电站,0.647,0.613,-5.3,0.84,0.778,-7.37,,,,,,,,,,,,,,,,,,
EQ-0233,2024-06-02 00:00:00,避雷器,亦庄110kV变电站,0.633,0.82,29.6,0.806,1.035,28.38,,,,,,,,,,,,,,,,,,
EQ-0012,2024-06-09 00:00:00,断路器,龙华220kV变电站,0.567,0.832,46.79,0.712,1.004,41.15,,,,,,,9441.0,8150.0,-13.67,,,,,,,0.462,0.473,2.31
EQ-0231,2024-06-09 00:00:00,避雷器,亦庄110kV变电站,0.521,0.671,28.8,0.636,0.836,31.42,,,,,,,,,,,,,,,,,,
EQ-0052,2024-06-09 00:00:00,隔离开关,松山湖220kV变电站,0.579,0.78,34.89,0.72,1.021,41.95,,,,,,,,,,,,,,,,,,
EQ-0294,2024-06-09 00:00:00,避雷器,石家庄高新35kV变电站,0.642,0.863,34.5,0.779,1.022,31.13,,,,,,,,,,,,,,,,,,
EQ-0070,2024-06-09 00:00:00,电力变压器,南沙110kV变电站,0.535,0.717,34.15,0.686,0.898,30.92,69.4,77.9,12.25,84.967,98.667,16.12,7724.333,8715.667,12.83,0.004,0.005,32.4,7.833,7.233,-7.66,,,
EQ-0280,2024-06-02 00:00:00,GIS组合电器,天津滨海220kV变电站,0.491,0.637,29.88,0.633,0.802,26.69,62.533,66.4,6.18,77.8,80.6,3.6,8379.0,6793.333,-18.92,,,,11.133,7.567,-32.04,0.5,0.491,-1.8
EQ-0286,2024-06-19 00:00:00,断路器,石家庄高新35kV变电站,0.541,0.714,31.8,0.659,0.858,30.25,,,,,,,8834.667,8570.0,-3.0,,,,,,,0.468,0.468,0.14
EQ-0368,2024-06-10 00:00:00,电力变压器,重庆两江220kV变电站,0.601,0.787,30.91,0.766,1.001,30.64,65.4,81.3,24.31,82.333,100.567,22.15,8390.667,10960.0,30.62,0.005,0.004,-13.81,7.4,7.167,-3.15,,,
EQ-0430,2024-06-10 00:00:00,断路器,大连开发区35kV变电站,0.551,0.771,39.89,0.701,1.015,44.74,,,,,,,9863.667,8495.667,-13.87,,,,,,,0.491,0.481,-2.1
EQ-0388,2024-06-10 00:00:00,避雷器,重庆两江220kV变电站,0.622,0.786,26.39,0.779,0.948,21.65,,,,,,,,,,,,,,,,,,
EQ-0059,2024-06-10 00:00:00,避雷器,松山湖220kV变电站,0.546,0.705,29.25,0.672,0.887,31.92,,,,,,,,,,,,,,,,,,
EQ-0251,2024-06-10 00:00:00,避雷器,通州35kV变电站,0.548,0.713,30.02,0.675,0.875,29.59,,,,,,,,,,,,,,,,,,
EQ-0248,2024-06-10 00:00:00,电容器组,通州35kV变电站,0.508,0.632,24.46,0.629,0.843,34.06,,,,,,,,,,0.006,0.006,11.95,,,,,,
EQ-0119,2024-06-10 00:00:00,隔离开关,张江110kV变电站,0.494,0.691,39.76,0.626,0.843,34.58,,,,,,,,,,,,,,,,,,
EQ-0117,2024-06-10 00:00:00,隔离开关,张江110kV变电站,0.641,0.795,23.97,0.818,0.969,18.49,,,,,,,,,,,,,,,,,,
EQ-0010,2024-06-10 00:00:00,断路器,龙华220kV变电站,0.543,0.732,34.83,0.693,0.935,34.98,,,,,,,8875.667,6705.667,-24.45,,,,,,,0.496,0.496,-0.13
EQ-0222,2024-06-10 00:00:00,断路器,亦庄110kV变电站,0.461,0.619,34.18,0.585,0.752,28.51,,,,,,,7488.667,8401.667,12.19,,,,,,,0.476,0.518,8.75
EQ-0336,2024-06-10 00:00:00,隔离开关,长沙星沙110kV变电站,0.67,0.833,24.3,0.843,0.972,15.42,,,,,,,,,,,,,,,,,,
EQ-0163,2024-06-27 00:00:00,隔离开关,苏州工业园220kV变电站,0.496,0.646,30.28,0.611,0.789,29.14,,,,,,,,,,,,,,,,,,
EQ-0036,2024-06-10 00:00:00,GIS组合电器,龙华220kV变电站,0.58,0.823,41.89,0.71,1.017,43.17,69.4,84.533,21.81,86.567,105.867,22.29,8182.0,8587.667,4.96,,,,10.633,10.767,1.25,0.515,0.477,-7.37
EQ-0149,2024-06-10 00:00:00,电力变压器,苏州工业园220kV变电站,0.472,0.684,44.72,0.604,0.841,39.33,57.6,76.967,33.62,72.167,95.1,31.78,6928.333,8674.0,25.2,0.005,0.005,-2.23,11.267,14.733,30.77,,,
EQ-0418,2024-07-08 00:00:00,隔离开关,沈阳浑南110kV变电站,0.703,0.758,7.82,0.873,0.915,4.74,,,,,,,,,,,,,,,,,,
EQ-0021,2024-06-10 00:00:00,隔离开关,龙华220kV变电站,0.618,0.884,43.05,0.755,1.053,39.55,,,,,,,,,,,,,,,,,,
EQ-0032,2024-06-10 00:00:00,避雷器,龙华220kV变电站,0.483,0.619,28.09,0.625,0.811,29.75,,,,,,,,,,,,,,,,,,
EQ-0075,2024-06-10 00:00:00,断路器,南沙110kV变电站,0.548,0.666,21.61,0.688,0.799,16.17,,,,,,,9296.333,9949.333,7.02,,,,,,,0.472,0.484,2.47
EQ-0353,2024-06-10 00:00:00,断路器,武侯110kV变电站,0.612,0.798,30.32,0.784,0.985,25.7,,,,,,,9724.0,8518.0,-12.4,,,,,,,0.486,0.497,2.33
EQ-0127,2024-06-11 00:00:00,GIS组合电器,张江110kV变电站,0.565,0.732,29.75,0.698,0.954,36.79,62.167,73.7,18.55,79.2,94.133,18.86,9366.333,7885.333,-15.81,,,,13.667,7.2,-47.32,0.468,0.482,2.85
EQ-0026,2024-06-11 00:00:00,电容器组,龙华220kV变电站,0.679,0.831,22.3,0.856,1.03,20.34,,,,,,,,,,0.005,0.004,-4.13,,,,,,
EQ-0126,2024-06-11 00:00:00,避雷器,张江110kV变电站,0.61,0.766,25.44,0.789,0.978,24.03,,,,,,,,,,,,,,,,,,
EQ-0371,2024-06-11 00:00:00,断路器,重庆两江220kV变电站,0.518,0.681,31.43,0.667,0.834,25.05,,,,,,,7562.667,7354.333,-2.75,,,,,,,0.452,0.456,0.89
EQ-0124,2024-06-11 00:00:00,避雷器,张江110kV变电站,0.654,0.845,29.23,0.817,1.011,23.78,,,,,,,,,,,,,,,,,,
EQ-0118,2024-06-10 00:00:00,隔离开关,张江110kV变电站,0.649,0.863,32.98,0.819,1.036,26.55,,,,,,,,,,,,,,,,,,
EQ-0264,2024-06-11 00:00:00,隔离开关,天津滨海220kV变电站,0.627,0.785,25.21,0.775,0.99,27.74,,,,,,,,,,,,,,,,,,
EQ-0107,2024-06-11 00:00:00,电力变压器,张江110kV变电站,0.486,0.628,29.2,0.609,0.832,36.73,58.7,70.833,20.67,72.9,85.367,17.1,9909.0,9658.333,-2.53,0.005,0.004,-20.92,13.867,10.8,-22.12,,,
EQ-0207,2024-06-11 00:00:00,隔离开关,昆山35kV变电站,0.599,0.866,44.62,0.775,1.01,30.34,,,,,,,,,,,,,,,,,,
EQ-0186,2024-06-11 00:00:00,断路器,杭州滨江110kV变电站,0.64,0.878,37.29,0.808,1.038,28.55,,,,,,,9555.667,7164.0,-25.03,,,,,,,0.483,0.486,0.55
EQ-0193,2024-06-22 00:00:00,隔离开关,杭州滨江110kV变电站,0.507,0.607,19.71,0.628,0.754,19.94,,,,,,,,,,,,,,,,,,
EQ-0343,2024-06-18 00:00:00,避雷器,长沙星沙110kV变电站,0.599,0.809,35.05,0.78,0.983,26.03,,,,,,,,,,,,,,,,,,
EQ-0005,2024-06-30 00:00:00,电力变压器,龙华220kV变电站,0.543,0.722,33.03,0.668,0.935,40.06,65.8,80.0,21.58,81.367,99.6,22.41,8009.667,8121.667,1.4,0.004,0.005,16.65,12.8,7.367,-42.45,,,
EQ-0102,2024-06-12 00:00:00,避雷器,前海110kV变电站,0.573,0.807,40.95,0.746,1.02,36.63,,,,,,,,,,,,,,,,,,
EQ-0022,2024-06-12 00:00:00,隔离开关,龙华220kV变电站,0.6,0.748,24.6,0.765,0.908,18.73,,,,,,,,,,,,,,,,,,
EQ-0398,2024-06-15 00:00:00,断路器,成都高新35kV变电站,0.584,0.783,34.1,0.763,0.991,29.9,,,,,,,8971.333,9742.667,8.6,,,,,,,0.481,0.48,-0.21
EQ-0146,2024-06-07 00:00:00,避雷器,临港110kV变电站,0.505,0.647,28.08,0.646,0.809,25.21,,,,,,,,,,,,,,,,,,
EQ-0308,2024-06-12 00:00:00,电容器组,武昌110kV变电站,0.58,0.742,28.0,0.752,0.955,27.04,,,,,,,,,,0.004,0.005,15.3,,,,,,
EQ-0316,2024-06-12 00:00:00,断路器,江夏35kV变电站,0.644,0.882,36.86,0.807,1.045,29.45,,,,,,,8550.333,9001.333,5.27,,,,,,,0.511,0.468,-8.29
EQ-0378,2024-06-12 00:00:00,隔离开关,重庆两江220kV变电站,0.466,0.658,41.29,0.596,0.823,38.2,,,,,,,,,,,,,,,,,,
EQ-0190,2024-07-12 00:00:00,隔离开关,杭州滨江110kV变电站,0.64,0.626,-2.19,0.791,0.778,-1.68,,,,,,,,,,,,,,,,,,
EQ-0288,2024-06-12 00:00:00,隔离开关,石家庄高新35kV变电站,0.566,0.714,26.21,0.74,0.916,23.68,,,,,,,,,,,,,,,,,,
EQ-0179,2024-06-12 00:00:00,GIS组合电器,苏州工业园220kV变电站,0.624,0.805,28.85,0.776,0.98,26.35,66.567,80.767,21.33,84.4,101.4,20.14,7495.0,8292.667,10.64,,,,8.967,8.6,-4.09,0.507,0.52,2.5
EQ-0100,2024-06-12 00:00:00,电容器组,前海110kV变电站,0.66,0.883,33.78,0.82,1.041,26.97,,,,,,,,,,0.004,0.004,-11.21,,,,,,
EQ-0192,2024-06-12 00:00:00,隔离开关,杭州滨江110kV变电站,0.62,0.817,31.77,0.755,1.004,33.03,,,,,,,,,,,,,,,,,,
EQ-0132,2024-06-12 00:00:00,断路器,临港110kV变电站,0.642,0.844,31.5,0.823,1.004,22.12,,,,,,,7956.667,9439.667,18.64,,,,,,,0.497,0.476,-4.16
EQ-0229,2024-06-12 00:00:00,电容器组,亦庄110kV变电站,0.632,0.825,30.62,0.778,0.996,27.99,,,,,,,,,,0.006,0.004,-30.35,,,,,,
EQ-0322,2024-06-12 00:00:00,电容器组,江夏35kV变电站,0.491,0.635,29.32,0.633,0.833,31.57,,,,,,,,,,0.005,0.006,26.57,,,,,,
EQ-0221,2024-06-18 00:00:00,断路器,亦庄110kV变电站,0.611,0.875,43.19,0.715,1.009,41.19,,,,,,,9191.667,7273.667,-20.87,,,,,,,0.487,0.486,-0.14
EQ-0256,2024-06-13 00:00:00,断路器,天津滨海220kV变电站,0.512,0.65,26.89,0.656,0.792,20.77,,,,,,,6672.667,8494.0,27.3,,,,,,,0.503,0.464,-7.76
EQ-0425,2024-06-13 00:00:00,避雷器,沈阳浑南110kV变电站,0.62,0.829,33.74,0.8,1.014,26.7,,,,,,,,,,,,,,,,,,
EQ-0230,2024-06-13 00:00:00,电容器组,亦庄110kV变电站,0.626,0.852,36.27,0.786,1.012,28.83,,,,,,,,,,0.005,0.003,-23.04,,,,,,
EQ-0283,2024-06-13 00:00:00,电力变压器,石家庄高新35kV变电站,0.625,0.825,32.05,0.765,1.04,35.86,63.733,78.133,22.59,81.033,99.767,23.12,8368.0,8266.667,-1.21,0.005,0.005,-8.55,10.467,14.4,37.58,,,
EQ-0002,2024-06-13 00:00:00,电力变压器,龙华220kV变电站,0.521,0.738,41.59,0.661,0.949,43.64,66.367,78.633,18.48,82.0,97.667,19.11,10245.333,9087.333,-11.3,0.005,0.004,-7.89,7.0,8.0,14.29,,,
EQ-0239,2024-06-13 00:00:00,电力变压器,通州35kV变电站,0.493,0.658,33.41,0.613,0.784,27.97,61.033,74.733,22.45,78.133,93.2,19.28,7409.333,8656.333,16.83,0.005,0.004,-22.1,11.5,8.9,-22.61,,,
EQ-0074,2024-07-05 00:00:00,断路器,南沙110kV变电站,0.749,0.71,-5.29,0.908,0.889,-2.07,,,,,,,10859.667,11709.667,7.83,,,,,,,0.501,0.475,-5.13
EQ-0392,2024-06-07 00:00:00,GIS组合电器,重庆两江220kV变电站,0.508,0.642,26.41,0.649,0.789,21.6,60.833,74.1,21.81,74.667,91.733,22.86,9490.0,9487.667,-0.02,,,,7.033,7.033,0.0,0.47,0.498,5.95
EQ-0377,2024-06-13 00:00:00,隔离开关,重庆两江220kV变电站,0.563,0.728,29.17,0.702,0.896,27.67,,,,,,,,,,,,,,,,,,
EQ-0038,2024-07-08 00:00:00,GIS组合电器,龙华220kV变电站,0.654,0.67,2.49,0.802,0.832,3.71,75.067,75.2,0.18,92.567,93.0,0.47,7377.0,7298.667,-1.06,,,,12.1,15.3,26.45,0.5,0.489,-2.27
EQ-0173,2024-06-13 00:00:00,避雷器,苏州工业园220kV变电站,0.531,0.688,29.51,0.662,0.866,30.68,,,,,,,,,,,,,,,,,,
EQ-0104,2024-06-13 00:00:00,避雷器,前海110kV变电站,0.501,0.674,34.59,0.622,0.83,33.39,,,,,,,,,,,,,,,,,,
EQ-0260,2024-06-13 00:00:00,断路器,天津滨海220kV变电站,0.66,0.801,21.47,0.801,1.031,28.73,,,,,,,8434.333,8191.0,-2.89,,,,,,,0.503,0.475,-5.56
EQ-0122,2024-07-05 00:00:00,电容器组,张江110kV变电站,0.654,0.647,-1.15,0.834,0.832,-0.27,,,,,,,,,,0.004,0.003,-17.22,,,,,,
EQ-0359,2024-06-14 00:00:00,电容器组,武侯110kV变电站,0.516,0.702,36.24,0.646,0.861,33.23,,,,,,,,,,0.003,0.004,14.93,,,,,,
EQ-0201,2024-06-14 00:00:00,电力变压器,昆山35kV变电站,0.585,0.695,18.69,0.733,0.847,15.59,69.067,75.7,9.6,87.833,96.5,9.87,7272.333,8202.333,12.79,0.003,0.005,56.9,12.367,16.0,29.38,,,
EQ-0435,2024-06-14 00:00:00,电容器组,大连开发区35kV变电站,0.508,0.666,31.1,0.636,0.831,30.64,,,,,,,,,,0.007,0.006,-16.67,,,,,,
EQ-0419,2024-06-14 00:00:00,隔离开关,沈阳浑南110kV变电站,0.561,0.751,33.81,0.694,0.945,36.14,,,,,,,,,,,,,,,,,,
EQ-0148,2024-06-14 00:00:00,电力变压器,苏州工业园220kV变电站,0.566,0.747,31.96,0.694,0.953,37.46,67.533,77.0,14.02,83.233,96.167,15.54,8013.0,7515.333,-6.21,0.004,0.005,9.4,9.633,13.133,36.33,,,
EQ-0167,2024-06-14 00:00:00,隔离开关,苏州工业园220kV变电站,0.663,0.866,30.54,0.827,1.075,29.97,,,,,,,,,,,,,,,,,,
EQ-0051,2024-07-02 00:00:00,隔离开关,松山湖220kV变电站,0.761,0.754,-0.89,0.918,0.936,1.96,,,,,,,,,,,,,,,,,,
EQ-0347,2024-06-14 00:00:00,电力变压器,武侯110kV变电站,0.461,0.606,31.54,0.579,0.747,29.01,60.733,74.1,22.01,76.667,89.1,16.22,9394.333,8728.667,-7.09,0.006,0.003,-50.54,9.033,4.0,-55.72,,,
EQ-0243,2024-06-14 00:00:00,断路器,通州35kV变电站,0.493,0.648,31.5,0.592,0.799,35.04,,,,,,,9457.333,8143.0,-13.9,,,,,,,0.485,0.508,4.67
EQ-0334,2024-06-14 00:00:00,断路器,长沙星沙110kV变电站,0.513,0.702,36.88,0.65,0.923,41.89,,,,,,,8897.333,8941.667,0.5,,,,,,,0.516,0.5,-3.1
EQ-0276,2024-06-14 00:00:00,避雷器,天津滨海220kV变电站,0.546,0.677,24.11,0.702,0.842,19.98,,,,,,,,,,,,,,,,,,
EQ-0273,2024-06-14 00:00:00,避雷器,天津滨海220kV变电站,0.644,0.877,36.34,0.801,1.034,29.0,,,,,,,,,,,,,,,,,,
EQ-0144,2024-06-14 00:00:00,避雷器,临港110kV变电站,0.545,0.729,33.72,0.661,0.958,44.83,,,,,,,,,,,,,,,,,,
EQ-0060,2024-06-28 00:00:00,避雷器,松山湖220kV变电站,0.515,0.709,37.68,0.645,0.885,37.2,,,,,,,,,,,,,,,,,,
EQ-0354,2024-06-15 00:00:00,隔离开关,武侯110kV变电站,0.479,0.712,48.64,0.581,0.903,55.54,,,,,,,,,,,,,,,,,,
EQ-0424,2024-06-15 00:00:00,避雷器,沈阳浑南110kV变电站,0.51,0.661,29.72,0.636,0.858,34.73,,,,,,,,,,,,,,,,,,
EQ-0106,2024-06-15 00:00:00,GIS组合电器,前海110kV变电站,0.57,0.717,25.66,0.703,0.911,29.58,67.733,80.167,18.36,81.667,98.967,21.18,9630.333,6999.333,-27.32,,,,9.467,3.833,-59.51,0.498,0.514,3.21
EQ-0271,2024-06-15 00:00:00,电容器组,天津滨海220kV变电站,0.513,0.675,31.58,0.631,0.844,33.83,,,,,,,,,,0.005,0.005,-8.13,,,,,,
EQ-0050,2024-06-15 00:00:00,断路器,松山湖220kV变电站,0.534,0.687,28.49,0.709,0.84,18.35,,,,,,,8283.333,10041.667,21.23,,,,,,,0.471,0.47,-0.21
EQ-0137,2024-06-15 00:00:00,隔离开关,临港110kV变电站,0.506,0.658,29.95,0.646,0.802,24.18,,,,,,,,,,,,,,,,,,
EQ-0065,2024-06-15 00:00:00,GIS组合电器,松山湖220kV变电站,0.524,0.738,40.66,0.648,0.918,41.79,65.9,80.3,21.85,80.7,97.867,21.27,10744.0,9179.0,-14.57,,,,11.7,9.667,-17.38,0.46,0.475,3.19
EQ-0008,2024-06-15 00:00:00,断路器,龙华220kV变电站,0.479,0.631,31.76,0.589,0.797,35.31,,,,,,,7186.333,6790.333,-5.51,,,,,,,0.458,0.479,4.66
EQ-0170,2024-07-09 00:00:00,电容器组,苏州工业园220kV变电站,0.576,0.628,9.02,0.717,0.805,12.35,,,,,,,,,,0.004,0.005,29.0,,,,,,
EQ-0003,2024-06-15 00:00:00,电力变压器,龙华220kV变电站,0.542,0.712,31.42,0.706,0.886,25.38,66.067,79.933,20.99,82.167,98.967,20.45,9832.333,6669.333,-32.17,0.005,0.005,0.87,14.133,12.067,-14.62,,,
EQ-0331,2024-06-15 00:00:00,断路器,长沙星沙110kV变电站,0.517,0.691,33.53,0.644,0.869,34.86,,,,,,,8827.0,7900.667,-10.49,,,,,,,0.471,0.478,1.63
EQ-0235,2024-06-15 00:00:00,避雷器,亦庄110kV变电站,0.501,0.645,28.7,0.635,0.827,30.24,,,,,,,,,,,,,,,,,,
EQ-0259,2024-06-15 00:00:00,断路器,天津滨海220kV变电站,0.481,0.608,26.31,0.615,0.777,26.47,,,,,,,8501.333,9419.667,10.8,,,,,,,0.508,0.478,-5.78
EQ-0047,2024-06-15 00:00:00,断路器,松山湖220kV变电站,0.554,0.697,25.82,0.698,0.894,28.19,,,,,,,8386.0,8098.333,-3.43,,,,,,,0.478,0.491,2.72
EQ-0156,2024-06-16 00:00:00,断路器,苏州工业园220kV变电站,0.477,0.598,25.44,0.623,0.764,22.57,,,,,,,8724.333,8377.0,-3.98,,,,,,,0.486,0.495,1.78
EQ-0324,2024-06-16 00:00:00,避雷器,江夏35kV变电站,0.631,0.83,31.41,0.839,1.011,20.52,,,,,,,,,,,,,,,,,,
EQ-0236,2024-06-16 00:00:00,GIS组合电器,亦庄110kV变电站,0.578,0.785,35.8,0.762,1.008,32.22,59.033,72.6,22.98,74.133,93.933,26.71,9058.667,9622.0,6.22,,,,9.7,11.867,22.34,0.469,0.519,10.58
EQ-0318,2024-06-16 00:00:00,断路器,江夏35kV变电站,0.504,0.708,40.52,0.644,0.909,41.17,,,,,,,8567.0,8640.0,0.85,,,,,,,0.506,0.472,-6.85
EQ-0328,2024-06-26 00:00:00,电力变压器,长沙星沙110kV变电站,0.611,0.813,33.09,0.761,1.03,35.41,61.6,78.0,26.62,78.567,99.4,26.52,9493.0,9313.333,-1.89,0.004,0.004,-9.97,6.333,7.7,21.58,,,
EQ-0385,2024-06-16 00:00:00,电容器组,重庆两江220kV变电站,0.533,0.664,24.63,0.664,0.832,25.2,,,,,,,,,,0.003,0.006,64.74,,,,,,
EQ-0188,2024-06-16 00:00:00,断路器,杭州滨江110kV变电站,0.621,0.902,45.2,0.758,1.062,40.06,,,,,,,9176.0,9982.667,8.79,,,,,,,0.464,0.485,4.67
EQ-0128,2024-06-13 00:00:00,GIS组合电器,张江110kV变电站,0.56,0.784,39.95,0.703,0.986,40.33,64.767,81.6,25.99,82.333,101.467,23.24,8885.667,10137.333,14.09,,,,9.9,8.7,-12.12,0.486,0.495,1.85
EQ-0030,2024-06-16 00:00:00,避雷器,龙华220kV变电站,0.576,0.793,37.58,0.699,0.949,35.71,,,,,,,,,,,,,,,,,,
EQ-0350,2024-07-15 00:00:00,断路器,武侯110kV变电站,0.699,0.67,-4.13,0.867,0.8,-7.75,,,,,,,8265.667,10087.0,22.03,,,,,,,0.508,0.464,-8.72
EQ-0097,2024-06-16 00:00:00,隔离开关,前海110kV变电站,0.601,0.763,26.93,0.78,0.936,20.08,,,,,,,,,,,,,,,,,,
EQ-0113,2024-06-16 00:00:00,断路器,张江110kV变电站,0.625,0.862,37.83,0.801,1.032,28.85,,,,,,,8430.667,9510.667,12.81,,,,,,,0.5,0.466,-6.86
EQ-0268,2024-07-05 00:00:00,隔离开关,天津滨海220kV变电站,0.743,0.713,-4.06,0.948,0.903,-4.66,,,,,,,,,,,,,,,,,,
EQ-0409,2024-06-16 00:00:00,电力变压器,沈阳浑南110kV变电站,0.652,0.828,26.84,0.796,1.039,30.57,57.8,69.333,19.95,76.133,89.233,17.21,7156.333,7172.0,0.22,0.005,0.004,-20.33,12.167,9.933,-18.36,,,
EQ-0237,2024-06-17 00:00:00,GIS组合电器,亦庄110kV变电站,0.65,0.818,25.95,0.823,1.02,24.06,62.167,77.633,24.88,80.5,96.167,19.46,8302.333,7596.0,-8.51,,,,15.0,8.067,-46.22,0.483,0.476,-1.31
EQ-0427,2024-06-17 00:00:00,电力变压器,大连开发区35kV变电站,0.565,0.721,27.65,0.675,0.938,39.06,55.0,73.2,33.09,71.833,90.367,25.8,8311.333,7728.0,-7.02,0.004,0.005,23.21,13.667,8.2,-40.0,,,
EQ-0232,2024-06-17 00:00:00,避雷器,亦庄110kV变电站,0.554,0.718,29.54,0.697,0.93,33.41,,,,,,,,,,,,,,,,,,
EQ-0108,2024-06-17 00:00:00,电力变压器,张江110kV变电站,0.676,0.814,20.42,0.831,1.015,22.13,66.033,82.6,25.09,83.167,103.367,24.29,9139.0,9519.333,4.16,0.004,0.005,15.85,10.2,7.567,-25.82,,,
EQ-0402,2024-06-17 00:00:00,隔离开关,成都高新35kV变电站,0.587,0.764,30.12,0.764,0.944,23.55,,,,,,,,,,,,,,,,,,
EQ-0389,2024-06-17 00:00:00,避雷器,重庆两江220kV变电站,0.506,0.668,31.95,0.663,0.849,28.05,,,,,,,,,,,,,,,,,,
EQ-0335,2024-06-17 00:00:00,隔离开关,长沙星沙110kV变电站,0.642,0.775,20.71,0.813,1.005,23.63,,,,,,,,,,,,,,,,,,
EQ-0063,2024-06-17 00:00:00,避雷器,松山湖220kV变电站,0.522,0.719,37.72,0.658,0.935,42.12,,,,,,,,,,,,,,,,,,
EQ-0323,2024-06-17 00:00:00,电容器组,江夏35kV变电站,0.571,0.798,39.71,0.721,0.966,33.86,,,,,,,,,,0.006,0.006,-5.2,,,,,,
EQ-0096,2024-07-13 00:00:00,隔离开关,前海110kV变电站,0.658,0.625,-5.13,0.836,0.753,-9.9,,,,,,,,,,,,,,,,,,
EQ-0297,2024-06-17 00:00:00,电力变压器,武昌110kV变电站,0.464,0.66,42.29,0.583,0.821,40.89,58.9,73.1,24.11,75.0,89.133,18.84,9818.0,8433.333,-14.1,0.003,0.004,23.31,6.6,9.8,48.48,,,
EQ-0315,2024-06-17 00:00:00,电力变压器,江夏35kV变电站,0.637,0.865,35.8,0.78,1.01,29.5,62.2,79.867,28.4,80.433,101.8,26.56,8068.667,7406.0,-8.21,0.004,0.006,31.16,10.233,11.4,11.4,,,
EQ-0364,2024-06-18 00:00:00,GIS组合电器,武侯110kV变电站,0.485,0.615,26.92,0.625,0.779,24.66,64.033,71.233,11.24,78.3,88.8,13.41,10774.333,8293.667,-23.02,,,,5.7,9.233,61.99,0.487,0.485,-0.41
EQ-0341,2024-06-18 00:00:00,避雷器,长沙星沙110kV变电站,0.528,0.699,32.39,0.677,0.861,27.29,,,,,,,,,,,,,,,,,,
EQ-0393,2024-06-13 00:00:00,GIS组合电器,重庆两江220kV变电站,0.633,0.801,26.5,0.782,0.965,23.43,66.7,81.033,21.49,84.567,99.6,17.78,6662.333,10054.0,50.91,,,,7.733,8.367,8.19,0.514,0.481,-6.36
EQ-0088,2024-06-18 00:00:00,电力变压器,前海110kV变电站,0.537,0.607,12.95,0.662,0.743,12.28,64.9,75.533,16.38,82.167,93.9,14.28,8870.667,11657.667,31.42,0.004,0.005,6.9,7.9,8.667,9.7,,,
EQ-0400,2024-06-18 00:00:00,隔离开关,成都高新35kV变电站,0.615,0.783,27.4,0.782,1.0,27.75,,,,,,,,,,,,,,,,,,
EQ-0274,2024-06-18 00:00:00,避雷器,天津滨海220kV变电站,0.657,0.872,32.57,0.818,1.03,25.88,,,,,,,,,,,,,,,,,,
EQ-0131,2024-07-01 00:00:00,电力变压器,临港110kV变电站,0.461,0.558,20.86,0.573,0.678,18.33,61.133,63.667,4.14,75.133,80.533,7.19,10065.333,8953.667,-11.04,0.004,0.003,-13.6,10.533,6.9,-34.49,,,
EQ-0416,2024-06-18 00:00:00,隔离开关,沈阳浑南110kV变电站,0.649,0.874,34.62,0.8,1.037,29.53,,,,,,,,,,,,,,,,,,
EQ-0356,2024-06-18 00:00:00,隔离开关,武侯110kV变电站,0.535,0.682,27.42,0.644,0.835,29.68,,,,,,,,,,,,,,,,,,
EQ-0135,2024-06-18 00:00:00,断路器,临港110kV变电站,0.528,0.731,38.47,0.649,0.906,39.62,,,,,,,7501.0,9720.0,29.58,,,,,,,0.482,0.508,5.32
EQ-0434,2024-06-18 00:00:00,隔离开关,大连开发区35kV变电站,0.492,0.647,31.33,0.602,0.8,32.89,,,,,,,,,,,,,,,,,,
EQ-0421,2024-06-18 00:00:00,电容器组,沈阳浑南110kV变电站,0.542,0.673,24.21,0.643,0.862,33.98,,,,,,,,,,0.005,0.005,-4.69,,,,,,
EQ-0255,2024-06-18 00:00:00,电力变压器,天津滨海220kV变电站,0.627,0.838,33.72,0.808,1.022,26.47,61.433,77.133,25.56,78.4,98.133,25.17,7060.667,7127.333,0.94,0.006,0.005,-16.7,8.533,9.4,10.16,,,
EQ-0319,2024-06-18 00:00:00,隔离开关,江夏35kV变电站,0.521,0.641,23.15,0.651,0.825,26.74,,,,,,,,,,,,,,,,,,
EQ-0218,2024-06-18 00:00:00,断路器,亦庄110kV变电站,0.618,0.78,26.13,0.733,0.972,32.66,,,,,,,10960.0,7630.333,-30.38,,,,,,,0.486,0.512,5.42
EQ-0123,2024-06-27 00:00:00,避雷器,张江110kV变电站,0.48,0.635,32.27,0.611,0.812,32.96,,,,,,,,,,,,,,,,,,
EQ-0403,2024-06-18 00:00:00,电容器组,成都高新35kV变电站,0.471,0.61,29.38,0.587,0.774,31.93,,,,,,,,,,0.005,0.005,-12.48,,,,,,
EQ-0272,2024-06-18 00:00:00,电容器组,天津滨海220kV变电站,0.599,0.788,31.54,0.74,1.029,38.9,,,,,,,,,,0.005,0.004,-14.22,,,,,,
EQ-0171,2024-06-16 00:00:00,电容器组,苏州工业园220kV变电站,0.55,0.724,31.59,0.704,0.888,26.09,,,,,,,,,,0.004,0.004,2.0,,,,,,
EQ-0042,2024-06-18 00:00:00,电力变压器,松山湖220kV变电站,0.638,0.807,26.63,0.812,1.009,24.28,74.333,83.5,12.33,93.333,102.433,9.75,8667.0,9841.0,13.55,0.005,0.005,5.04,13.267,12.0,-9.55,,,
EQ-0432,2024-06-19 00:00:00,隔离开关,大连开发区35kV变电站,0.447,0.606,35.51,0.55,0.727,32.23,,,,,,,,,,,,,,,,,,
EQ-0143,2024-06-19 00:00:00,避雷器,临港110kV变电站,0.619,0.845,36.54,0.779,1.018,30.73,,,,,,,,,,,,,,,,,,
EQ-0362,2024-06-19 00:00:00,避雷器,武侯110kV变电站,0.655,0.82,25.28,0.842,1.005,19.37,,,,,,,,,,,,,,,,,,
EQ-0252,2024-06-19 00:00:00,电力变压器,天津滨海220kV变电站,0.478,0.665,39.11,0.592,0.837,41.29,55.533,68.0,22.45,69.6,87.467,25.67,8183.333,8865.333,8.33,0.005,0.005,10.4,6.533,6.3,-3.57,,,
EQ-0387,2024-06-19 00:00:00,避雷器,重庆两江220kV变电站,0.546,0.706,29.4,0.709,0.878,23.9,,,,,,,,,,,,,,,,,,
EQ-0140,2024-06-19 00:00:00,隔离开关,临港110kV变电站,0.52,0.664,27.73,0.672,0.85,26.52,,,,,,,,,,,,,,,,,,
EQ-0337,2024-06-19 00:00:00,隔离开关,长沙星沙110kV变电站,0.617,0.781,26.64,0.759,0.982,29.37,,,,,,,,,,,,,,,,,,
EQ-0436,2024-06-19 00:00:00,电容器组,大连开发区35kV变电站,0.546,0.689,26.18,0.662,0.835,26.04,,,,,,,,,,0.005,0.007,46.45,,,,,,
EQ-0367,2024-06-19 00:00:00,电力变压器,重庆两江220kV变电站,0.553,0.737,33.17,0.669,0.947,41.44,65.0,74.2,14.15,82.6,92.067,11.46,9573.0,7493.333,-21.72,0.005,0.005,-8.65,8.9,11.433,28.46,,,
EQ-0374,2024-06-19 00:00:00,断路器,重庆两江220kV变电站,0.635,0.862,35.77,0.8,1.058,32.22,,,,,,,9428.667,8842.333,-6.22,,,,,,,0.487,0.448,-8.01
EQ-0245,2024-06-19 00:00:00,隔离开关,通州35kV变电站,0.595,0.811,36.31,0.747,0.981,31.34,,,,,,,,,,,,,,,,,,
EQ-0054,2024-06-20 00:00:00,隔离开关,松山湖220kV变电站,0.533,0.745,39.85,0.653,0.929,42.39,,,,,,,,,,,,,,,,,,
EQ-0404,2024-06-20 00:00:00,电容器组,成都高新35kV变电站,0.598,0.847,41.49,0.748,1.034,38.23,,,,,,,,,,0.003,0.004,29.17,,,,,,
EQ-0112,2024-06-20 00:00:00,断路器,张江110kV变电站,0.553,0.732,32.34,0.688,0.894,29.95,,,,,,,8243.0,7485.333,-9.19,,,,,,,0.48,0.477,-0.56
EQ-0214,2024-06-18 00:00:00,避雷器,昆山35kV变电站,0.58,0.763,31.64,0.737,0.938,27.36,,,,,,,,,,,,,,,,,,
EQ-0267,2024-06-20 00:00:00,隔离开关,天津滨海220kV变电站,0.541,0.705,30.36,0.653,0.876,34.0,,,,,,,,,,,,,,,,,,
EQ-0380,2024-06-20 00:00:00,隔离开关,重庆两江220kV变电站,0.516,0.722,39.91,0.642,0.889,38.53,,,,,,,,,,,,,,,,,,
EQ-0015,2024-06-20 00:00:00,断路器,龙华220kV变电站,0.498,0.617,23.9,0.638,0.738,15.59,,,,,,,9306.333,6846.667,-26.43,,,,,,,0.463,0.509,9.94
EQ-0125,2024-06-20 00:00:00,避雷器,张江110kV变电站,0.506,0.668,31.88,0.623,0.827,32.77,,,,,,,,,,,,,,,,,,
EQ-0023,2024-06-20 00:00:00,隔离开关,龙华220kV变电站,0.614,0.848,38.09,0.772,0.998,29.27,,,,,,,,,,,,,,,,,,
EQ-0351,2024-06-15 00:00:00,断路器,武侯110kV变电站,0.515,0.676,31.22,0.641,0.847,32.03,,,,,,,8678.333,7729.333,-10.94,,,,,,,0.495,0.496,0.2
EQ-0363,2024-06-28 00:00:00,避雷器,武侯110kV变电站,0.467,0.669,43.22,0.579,0.804,38.95,,,,,,,,,,,,,,,,,,
EQ-0429,2024-06-20 00:00:00,断路器,大连开发区35kV变电站,0.594,0.775,30.52,0.735,1.03,40.12,,,,,,,7996.0,8221.333,2.82,,,,,,,0.466,0.482,3.58
EQ-0020,2024-06-20 00:00:00,隔离开关,龙华220kV变电站,0.515,0.667,29.48,0.633,0.89,40.67,,,,,,,,,,,,,,,,,,
EQ-0346,2024-07-03 00:00:00,电力变压器,武侯110kV变电站,0.634,0.629,-0.68,0.784,0.768,-2.05,69.033,68.7,-0.48,85.867,86.167,0.35,8401.667,8404.0,0.03,0.005,0.005,-10.23,9.233,8.333,-9.75,,,
EQ-0110,2024-06-21 00:00:00,断路器,张江110kV变电站,0.488,0.693,42.0,0.586,0.888,51.55,,,,,,,9303.667,8490.333,-8.74,,,,,,,0.502,0.465,-7.37
EQ-0202,2024-07-15 00:00:00,电力变压器,昆山35kV变电站,0.695,0.704,1.36,0.879,0.883,0.45,74.333,71.133,-4.3,94.9,90.9,-4.21,7335.333,9982.0,36.08,0.006,0.006,-2.86,13.233,14.733,11.34,,,
EQ-0242,2024-06-21 00:00:00,断路器,通州35kV变电站,0.658,0.875,32.95,0.826,1.048,26.88,,,,,,,10471.667,9456.0,-9.7,,,,,,,0.474,0.498,4.99
EQ-0292,2024-06-21 00:00:00,避雷器,石家庄高新35kV变电站,0.514,0.656,27.61,0.631,0.854,35.33,,,,,,,,,,,,,,,,,,
EQ-0310,2024-06-21 00:00:00,避雷器,武昌110kV变电站,0.47,0.63,34.04,0.568,0.77,35.42,,,,,,,,,,,,,,,,,,
EQ-0114,2024-06-21 00:00:00,断路器,张江110kV变电站,0.65,0.863,32.84,0.799,1.041,30.28,,,,,,,10184.667,8801.333,-13.58,,,,,,,0.464,0.5,7.75
EQ-0184,2024-07-03 00:00:00,电力变压器,杭州滨江110kV变电站,0.812,0.759,-6.57,0.927,0.935,0.89,79.233,76.133,-3.91,97.667,94.9,-2.83,7297.667,7377.333,1.09,0.005,0.005,6.55,12.0,10.433,-13.06,,,
EQ-0397,2024-06-21 00:00:00,断路器,成都高新35kV变电站,0.602,0.785,30.41,0.771,0.971,25.98,,,,,,,11254.667,9208.333,-18.18,,,,,,,0.462,0.467,1.23
EQ-0415,2024-07-07 00:00:00,断路器,沈阳浑南110kV变电站,0.594,0.57,-4.1,0.72,0.68,-5.5,,,,,,,8782.0,10031.667,14.23,,,,,,,0.493,0.489,-0.95
EQ-0091,2024-06-21 00:00:00,断路器,前海110kV变电站,0.63,0.812,28.87,0.773,1.025,32.57,,,,,,,8824.333,10469.0,18.64,,,,,,,0.465,0.507,9.03
EQ-0240,2024-07-10 00:00:00,断路器,通州35kV变电站,0.645,0.671,4.01,0.842,0.8,-5.0,,,,,,,8732.667,8814.667,0.94,,,,,,,0.502,0.485,-3.52
EQ-0064,2024-07-21 00:00:00,避雷器,松山湖220kV变电站,0.743,0.739,-0.6,0.898,0.932,3.89,,,,,,,,,,,,,,,,,,
EQ-0325,2024-06-21 00:00:00,避雷器,江夏35kV变电站,0.458,0.58,26.43,0.581,0.698,20.11,,,,,,,,,,,,,,,,,,
EQ-0381,2024-06-21 00:00:00,隔离开关,重庆两江220kV变电站,0.652,0.808,23.99,0.787,0.976,23.9,,,,,,,,,,,,,,,,,,
EQ-0282,2024-06-21 00:00:00,电力变压器,石家庄高新35kV变电站,0.627,0.867,38.19,0.787,1.018,29.38,62.0,74.133,19.57,80.433,96.033,19.39,7427.667,7541.333,1.53,0.004,0.005,35.2,12.8,9.233,-27.86,,,
EQ-0093,2024-06-21 00:00:00,断路器,前海110kV变电站,0.568,0.744,30.99,0.667,0.925,38.72,,,,,,,9866.333,11544.333,17.01,,,,,,,0.481,0.519,8.04
EQ-0141,2024-07-14 00:00:00,电容器组,临港110kV变电站,0.661,0.633,-4.17,0.825,0.775,-6.07,,,,,,,,,,0.004,0.004,6.62,,,,,,
EQ-0176,2024-06-22 00:00:00,避雷器,苏州工业园220kV变电站,0.608,0.807,32.63,0.782,1.015,29.82,,,,,,,,,,,,,,,,,,
EQ-0181,2024-07-15 00:00:00,GIS组合电器,苏州工业园220kV变电站,0.632,0.643,1.73,0.81,0.787,-2.87,70.167,72.7,3.61,86.933,90.433,4.03,10248.667,8010.0,-21.84,,,,7.733,11.0,42.24,0.471,0.486,3.18
EQ-0084,2024-06-22 00:00:00,避雷器,南沙110kV变电站,0.634,0.875,37.97,0.779,1.012,29.8,,,,,,,,,,,,,,,,,,
EQ-0025,2024-06-22 00:00:00,电容器组,龙华220kV变电站,0.631,0.827,31.16,0.802,0.999,24.58,,,,,,,,,,0.006,0.003,-38.74,,,,,,
EQ-0014,2024-06-22 00:00:00,断路器,龙华220kV变电站,0.534,0.703,31.6,0.629,0.91,44.76,,,,,,,7635.0,10165.667,33.15,,,,,,,0.518,0.492,-5.02
EQ-0049,2024-06-22 00:00:00,断路器,松山湖220kV变电站,0.527,0.71,34.76,0.691,0.943,36.44,,,,,,,11275.0,8429.0,-25.24,,,,,,,0.482,0.493,2.28
EQ-0197,2024-06-22 00:00:00,避雷器,杭州滨江110kV变电站,0.513,0.633,23.41,0.658,0.823,25.05,,,,,,,,,,,,,,,,,,
EQ-0121,2024-06-22 00:00:00,电容器组,张江110kV变电站,0.619,0.834,34.69,0.763,1.012,32.72,,,,,,,,,,0.005,0.005,-9.34,,,,,,
EQ-0187,2024-06-22 00:00:00,断路器,杭州滨江110kV变电站,0.673,0.843,25.22,0.814,1.06,30.31,,,,,,,8674.667,8742.333,0.78,,,,,,,0.49,0.478,-2.38
EQ-0295,2024-06-22 00:00:00,电力变压器,武昌110kV变电站,0.632,0.763,20.66,0.796,0.933,17.28,59.733,72.367,21.15,76.567,91.4,19.37,8181.667,8293.0,1.36,0.005,0.005,1.84,11.067,12.0,8.43,,,
EQ-0183,2024-06-22 00:00:00,电力变压器,杭州滨江110kV变电站,0.477,0.658,37.77,0.599,0.864,44.27,62.2,71.833,15.49,76.7,90.367,17.82,8358.333,7790.0,-6.8,0.004,0.005,14.01,12.2,8.7,-28.69,,,
EQ-0152,2024-06-28 00:00:00,电力变压器,苏州工业园220kV变电站,0.605,0.803,32.66,0.739,0.968,30.88,65.733,77.933,18.56,81.867,95.333,16.45,9861.333,7590.667,-23.03,0.005,0.005,-4.78,2.833,10.7,277.65,,,
EQ-0176,2024-06-22 04:59:00,避雷器,苏州工业园220kV变电站,0.608,0.807,32.63,0.782,1.015,29.82,,,,,,,,,,,,,,,,,,
EQ-0299,2024-06-23 00:00:00,断路器,武昌110kV变电站,0.634,0.845,33.23,0.812,1.028,26.59,,,,,,,9769.667,8951.0,-8.38,,,,,,,0.48,0.491,2.43
EQ-0161,2024-06-23 00:00:00,断路器,苏州工业园220kV变电站,0.473,0.623,31.86,0.588,0.803,36.52,,,,,,,8167.333,6933.667,-15.1,,,,,,,0.475,0.477,0.35
EQ-0085,2024-06-23 00:00:00,避雷器,南沙110kV变电站,0.577,0.745,29.15,0.724,0.929,28.33,,,,,,,,,,,,,,,,,,
EQ-0089,2024-06-23 00:00:00,电力变压器,前海110kV变电站,0.659,0.84,27.38,0.839,0.995,18.66,72.867,87.067,19.49,90.5,106.8,18.01,10130.333,10478.0,3.43,0.003,0.004,15.19,10.533,7.8,-25.95,,,
EQ-0162,2024-07-07 00:00:00,隔离开关,苏州工业园220kV变电站,0.684,0.721,5.46,0.862,0.911,5.66,,,,,,,,,,,,,,,,,,
EQ-0037,2024-06-23 00:00:00,GIS组合电器,龙华220kV变电站,0.577,0.787,36.44,0.721,0.974,35.02,66.767,87.267,30.7,84.1,105.4,25.33,8451.333,7582.333,-10.28,,,,10.6,8.533,-19.5,0.445,0.492,10.48
EQ-0358,2024-07-01 00:00:00,电容器组,武侯110kV变电站,0.608,0.697,14.61,0.747,0.842,12.8,,,,,,,,,,0.005,0.004,-3.89,,,,,,
EQ-0228,2024-06-23 00:00:00,隔离开关,亦庄110kV变电站,0.584,0.831,42.26,0.742,1.052,41.77,,,,,,,,,,,,,,,,,,
EQ-0302,2024-07-17 00:00:00,断路器,武昌110kV变电站,0.62,0.64,3.11,0.73,0.782,7.01,,,,,,,7229.333,9027.333,24.87,,,,,,,0.497,0.469,-5.57
EQ-0111,2024-06-23 00:00:00,断路器,张江110kV变电站,0.595,0.782,31.33,0.742,1.004,35.34,,,,,,,9401.333,6335.667,-32.61,,,,,,,0.506,0.47,-7.05
EQ-0138,2024-06-23 00:00:00,隔离开关,临港110kV变电站,0.549,0.722,31.54,0.692,0.857,23.88,,,,,,,,,,,,,,,,,,
EQ-0422,2024-07-10 00:00:00,避雷器,沈阳浑南110kV变电站,0.721,0.727,0.79,0.867,0.895,3.28,,,,,,,,,,,,,,,,,,
EQ-0401,2024-06-23 00:00:00,隔离开关,成都高新35kV变电站,0.576,0.78,35.36,0.722,0.958,32.79,,,,,,,,,,,,,,,,,,
EQ-0349,2024-06-23 00:00:00,断路器,武侯110kV变电站,0.48,0.648,34.95,0.609,0.818,34.37,,,,,,,10034.0,8893.0,-11.37,,,,,,,0.482,0.484,0.42
EQ-0257,2024-06-23 00:00:00,断路器,天津滨海220kV变电站,0.531,0.666,25.34,0.655,0.845,29.06,,,,,,,7954.667,9556.333,20.13,,,,,,,0.495,0.51,2.96
EQ-0296,2024-07-05 00:00:00,电力变压器,武昌110kV变电站,0.731,0.707,-3.34,0.943,0.862,-8.59,72.8,67.067,-7.88,92.967,86.1,-7.39,7059.333,7207.0,2.09,0.005,0.003,-33.76,6.767,8.0,18.23,,,
EQ-0164,2024-06-24 00:00:00,隔离开关,苏州工业园220kV变电站,0.587,0.778,32.54,0.75,0.987,31.64,,,,,,,,,,,,,,,,,,
EQ-0327,2024-06-24 00:00:00,电力变压器,长沙星沙110kV变电站,0.485,0.658,35.61,0.594,0.795,33.81,56.767,73.2,28.95,71.233,91.6,28.59,9391.333,10831.333,15.33,0.004,0.003,-22.79,10.067,12.167,20.86,,,
EQ-0394,2024-06-24 00:00:00,GIS组合电器,重庆两江220kV变电站,0.66,0.869,31.77,0.845,1.011,19.73,67.867,73.333,8.06,86.0,96.367,12.05,8360.0,7091.333,-15.18,,,,7.4,8.2,10.81,0.495,0.463,-6.4
EQ-0080,2024-06-22 00:00:00,电容器组,南沙110kV变电站,0.616,0.787,27.6,0.749,0.988,31.84,,,,,,,,,,0.006,0.005,-18.9,,,,,,
EQ-0289,2024-06-24 00:00:00,隔离开关,石家庄高新35kV变电站,0.581,0.786,35.3,0.692,0.955,37.96,,,,,,,,,,,,,,,,,,
EQ-0339,2024-06-22 00:00:00,电容器组,长沙星沙110kV变电站,0.624,0.794,27.14,0.794,0.963,21.41,,,,,,,,,,0.004,0.004,11.7,,,,,,
EQ-0194,2024-06-24 00:00:00,电容器组,杭州滨江110kV变电站,0.491,0.611,24.5,0.606,0.761,25.56,,,,,,,,,,0.004,0.004,8.3,,,,,,
EQ-0145,2024-06-24 00:00:00,避雷器,临港110kV变电站,0.495,0.685,38.36,0.62,0.838,35.08,,,,,,,,,,,,,,,,,,
EQ-0041,2024-06-24 00:00:00,电力变压器,松山湖220kV变电站,0.513,0.69,34.41,0.655,0.856,30.73,64.733,78.033,20.55,81.767,95.0,16.18,7793.333,8120.0,4.19,0.003,0.005,61.85,13.567,11.133,-17.94,,,
EQ-0383,2024-06-24 00:00:00,电容器组,重庆两江220kV变电站,0.489,0.646,32.2,0.628,0.787,25.24,,,,,,,,,,0.004,0.005,14.06,,,,,,
EQ-0203,2024-06-24 00:00:00,断路器,昆山35kV变电站,0.544,0.688,26.52,0.672,0.893,32.94,,,,,,,6652.0,8155.0,22.59,,,,,,,0.479,0.465,-2.92
EQ-0338,2024-06-24 00:00:00,隔离开关,长沙星沙110kV变电站,0.55,0.684,24.36,0.688,0.854,24.17,,,,,,,,,,,,,,,,,,
EQ-0281,2024-06-24 00:00:00,GIS组合电器,天津滨海220kV变电站,0.643,0.836,30.14,0.79,1.008,27.62,65.667,73.1,11.32,82.167,93.867,14.24,9022.333,8170.667,-9.44,,,,9.633,9.5,-1.38,0.461,0.456,-1.01
EQ-0174,2024-06-25 00:00:00,避雷器,苏州工业园220kV变电站,0.551,0.707,28.36,0.687,0.886,28.93,,,,,,,,,,,,,,,,,,
EQ-0433,2024-06-20 00:00:00,隔离开关,大连开发区35kV变电站,0.427,0.605,41.81,0.522,0.727,39.39,,,,,,,,,,,,,,,,,,
EQ-0317,2024-06-28 00:00:00,断路器,江夏35kV变电站,0.456,0.595,30.45,0.562,0.781,38.94,,,,,,,7601.0,7982.667,5.02,,,,,,,0.496,0.487,-1.75
EQ-0040,2024-06-25 00:00:00,电力变压器,松山湖220kV变电站,0.683,0.864,26.54,0.878,1.038,18.27,70.5,85.567,21.37,87.1,105.233,20.82,9492.0,8617.333,-9.21,0.005,0.004,-10.48,10.833,10.9,0.62,,,
EQ-0406,2024-06-25 00:00:00,避雷器,成都高新35kV变电站,0.512,0.618,20.64,0.646,0.771,19.47,,,,,,,,,,,,,,,,,,
EQ-0390,2024-06-25 00:00:00,避雷器,重庆两江220kV变电站,0.519,0.636,22.64,0.659,0.764,15.93,,,,,,,,,,,,,,,,,,
EQ-0405,2024-07-06 00:00:00,避雷器,成都高新35kV变电站,0.646,0.632,-2.22,0.815,0.792,-2.82,,,,,,,,,,,,,,,,,,
EQ-0046,2024-07-17 00:00:00,断路器,松山湖220kV变电站,0.731,0.691,-5.46,0.923,0.854,-7.39,,,,,,,10428.0,8172.667,-21.63,,,,,,,0.478,0.488,2.09
EQ-0226,2024-06-25 00:00:00,隔离开关,亦庄110kV变电站,0.626,0.777,24.0,0.809,0.945,16.9,,,,,,,,,,,,,,,,,,
EQ-0018,2024-06-25 00:00:00,隔离开关,龙华220kV变电站,0.497,0.631,27.03,0.644,0.827,28.39,,,,,,,,,,,,,,,,,,
EQ-0199,2024-06-25 00:00:00,避雷器,杭州滨江110kV变电站,0.675,0.798,18.32,0.844,1.001,18.52,,,,,,,,,,,,,,,,,,
EQ-0035,2024-06-25 00:00:00,GIS组合电器,龙华220kV变电站,0.585,0.781,33.41,0.748,0.982,31.34,67.9,80.8,19.0,84.133,99.867,18.7,9317.333,10521.667,12.93,,,,6.233,7.133,14.44,0.501,0.484,-3.26
EQ-0431,2024-06-25 00:00:00,断路器,大连开发区35kV变电站,0.683,0.856,25.28,0.889,1.017,14.33,,,,,,,6608.333,7711.667,16.7,,,,,,,0.479,0.504,5.22
EQ-0154,2024-06-25 00:00:00,断路器,苏州工业园220kV变电站,0.552,0.769,39.31,0.695,0.944,35.93,,,,,,,9591.667,8916.0,-7.04,,,,,,,0.497,0.496,-0.13
EQ-0332,2024-06-25 00:00:00,断路器,长沙星沙110kV变电站,0.47,0.628,33.74,0.582,0.813,39.69,,,,,,,8020.667,8667.0,8.06,,,,,,,0.489,0.458,-6.34
EQ-0027,2024-06-25 00:00:00,避雷器,龙华220kV变电站,0.603,0.812,34.58,0.76,1.0,31.48,,,,,,,,,,,,,,,,,,
EQ-0009,2024-06-26 00:00:00,断路器,龙华220kV变电站,0.535,0.698,30.38,0.683,0.867,27.01,,,,,,,7648.333,7701.0,0.69,,,,,,,0.518,0.5,-3.47
EQ-0417,2024-06-26 00:00:00,隔离开关,沈阳浑南110kV变电站,0.493,0.662,34.43,0.63,0.797,26.46,,,,,,,,,,,,,,,,,,
EQ-0069,2024-06-26 00:00:00,电力变压器,南沙110kV变电站,0.639,0.793,23.99,0.821,0.974,18.65,69.7,83.333,19.56,89.1,101.933,14.4,8967.667,8407.0,-6.25,0.004,0.004,25.71,8.367,11.933,42.63,,,
EQ-0067,2024-06-26 00:00:00,GIS组合电器,松山湖220kV变电站,0.592,0.783,32.2,0.747,0.984,31.69,73.9,82.567,11.73,92.033,103.667,12.64,7548.333,9508.0,25.96,,,,7.8,8.567,9.83,0.491,0.487,-0.95
EQ-0369,2024-06-26 00:00:00,断路器,重庆两江220kV变电站,0.602,0.765,27.22,0.764,0.964,26.15,,,,,,,9284.0,8901.0,-4.13,,,,,,,0.46,0.472,2.46
EQ-0391,2024-06-26 00:00:00,避雷器,重庆两江220kV变电站,0.492,0.662,34.58,0.63,0.881,39.88,,,,,,,,,,,,,,,,,,
EQ-0321,2024-06-26 00:00:00,隔离开关,江夏35kV变电站,0.509,0.661,29.79,0.649,0.822,26.75,,,,,,,,,,,,,,,,,,
EQ-0261,2024-06-26 00:00:00,断路器,天津滨海220kV变电站,0.667,0.83,24.41,0.811,1.029,26.89,,,,,,,9034.333,9592.333,6.18,,,,,,,0.474,0.474,0.0
EQ-0053,2024-06-26 00:00:00,隔离开关,松山湖220kV变电站,0.495,0.667,34.81,0.592,0.882,49.11,,,,,,,,,,,,,,,,,,
EQ-0279,2024-06-29 00:00:00,GIS组合电器,天津滨海220kV变电站,0.578,0.763,32.12,0.737,0.941,27.61,62.9,72.0,14.47,80.467,90.867,12.92,10292.0,8860.333,-13.91,,,,11.533,4.3,-62.72,0.504,0.495,-1.78
EQ-0373,2024-07-11 00:00:00,断路器,重庆两江220kV变电站,0.713,0.709,-0.46,0.891,0.926,3.97,,,,,,,8613.0,10187.0,18.27,,,,,,,0.472,0.49,3.82
EQ-0204,2024-06-26 00:00:00,断路器,昆山35kV变电站,0.511,0.674,31.95,0.642,0.896,39.56,,,,,,,8459.0,7396.667,-12.56,,,,,,,0.505,0.465,-7.79
EQ-0205,2024-06-26 00:00:00,断路器,昆山35kV变电站,0.504,0.642,27.58,0.614,0.796,29.77,,,,,,,8781.0,6136.333,-30.12,,,,,,,0.471,0.492,4.46
EQ-0386,2024-06-26 00:00:00,避雷器,重庆两江220kV变电站,0.527,0.702,33.2,0.676,0.916,35.52,,,,,,,,,,,,,,,,,,
EQ-0223,2024-06-26 00:00:00,断路器,亦庄110kV变电站,0.527,0.678,28.59,0.702,0.83,18.19,,,,,,,10869.667,8889.333,-18.22,,,,,,,0.492,0.499,1.49
EQ-0384,2024-06-26 00:00:00,电容器组,重庆两江220kV变电站,0.556,0.744,33.72,0.693,0.902,30.21,,,,,,,,,,0.004,0.004,-10.1,,,,,,
EQ-0211,2024-06-26 00:00:00,电容器组,昆山35kV变电站,0.516,0.675,30.9,0.621,0.861,38.54,,,,,,,,,,0.004,0.006,42.71,,,,,,
EQ-0439,2024-07-05 00:00:00,避雷器,大连开发区35kV变电站,0.614,0.622,1.29,0.76,0.802,5.43,,,,,,,,,,,,,,,,,,
EQ-0423,2024-06-26 00:00:00,避雷器,沈阳浑南110kV变电站,0.504,0.698,38.41,0.633,0.868,37.07,,,,,,,,,,,,,,,,,,
EQ-0061,2024-06-27 00:00:00,避雷器,松山湖220kV变电站,0.513,0.676,31.68,0.657,0.798,21.48,,,,,,,,,,,,,,,,,,
EQ-0068,2024-06-27 00:00:00,电力变压器,南沙110kV变电站,0.488,0.603,23.65,0.612,0.762,24.56,64.767,80.8,24.76,80.833,99.333,22.89,8710.0,9220.333,5.86,0.004,0.005,17.26,10.1,9.133,-9.57,,,
EQ-0039,2024-06-27 00:00:00,电力变压器,松山湖220kV变电站,0.642,0.862,34.21,0.792,1.019,28.53,68.8,84.733,23.16,86.367,105.033,21.61,9227.667,10239.667,10.97,0.004,0.004,5.83,6.367,11.633,82.72,,,
EQ-0411,2024-06-27 00:00:00,断路器,沈阳浑南110kV变电站,0.678,0.859,26.64,0.81,0.998,23.3,,,,,,,9138.333,7920.333,-13.33,,,,,,,0.466,0.458,-1.79
EQ-0254,2024-06-27 00:00:00,电力变压器,天津滨海220kV变电站,0.602,0.765,27.12,0.745,0.972,30.48,58.7,70.567,20.22,75.5,91.033,20.57,7691.667,8480.0,10.25,0.005,0.004,-21.5,10.333,11.6,12.26,,,
EQ-0056,2024-06-27 00:00:00,隔离开关,松山湖220kV变电站,0.54,0.699,29.54,0.687,0.883,28.56,,,,,,,,,,,,,,,,,,
EQ-0086,2024-07-03 00:00:00,GIS组合电器,南沙110kV变电站,0.709,0.661,-6.67,0.915,0.831,-9.21,76.4,67.633,-11.47,94.167,85.433,-9.27,8967.667,9629.667,7.38,,,,7.4,6.733,-9.01,0.499,0.482,-3.41
EQ-0007,2024-07-20 00:00:00,断路器,龙华220kV变电站,0.632,0.651,3.02,0.799,0.812,1.72,,,,,,,7549.0,9695.0,28.43,,,,,,,0.495,0.496,0.2
EQ-0277,2024-07-14 00:00:00,避雷器,天津滨海220kV变电站,0.626,0.626,0.07,0.79,0.757,-4.11,,,,,,,,,,,,,,,,,,
EQ-0357,2024-06-27 00:00:00,隔离开关,武侯110kV变电站,0.587,0.747,27.32,0.712,0.917,28.8,,,,,,,,,,,,,,,,,,
EQ-0078,2024-06-27 00:00:00,隔离开关,南沙110kV变电站,0.633,0.872,37.6,0.786,1.043,32.59,,,,,,,,,,,,,,,,,,
EQ-0428,2024-06-27 00:00:00,电力变压器,大连开发区35kV变电站,0.63,0.791,25.7,0.765,1.006,31.36,56.267,68.833,22.33,73.867,88.7,20.08,8077.333,8100.333,0.28,0.005,0.004,-10.03,12.633,17.267,36.68,,,
EQ-0133,2024-06-27 00:00:00,断路器,临港110kV变电站,0.479,0.619,29.2,0.599,0.777,29.56,,,,,,,7921.333,10146.333,28.09,,,,,,,0.488,0.476,-2.53
EQ-0168,2024-06-28 00:00:00,隔离开关,苏州工业园220kV变电站,0.652,0.872,33.76,0.837,1.086,29.79,,,,,,,,,,,,,,,,,,
EQ-0139,2024-06-28 00:00:00,隔离开关,临港110kV变电站,0.581,0.72,24.0,0.744,0.873,17.28,,,,,,,,,,,,,,,,,,
EQ-0191,2024-06-28 00:00:00,隔离开关,杭州滨江110kV变电站,0.632,0.796,26.01,0.793,0.976,22.96,,,,,,,,,,,,,,,,,,
EQ-0215,2024-07-18 00:00:00,电力变压器,亦庄110kV变电站,0.613,0.617,0.64,0.77,0.739,-4.12,66.733,64.833,-2.85,83.067,86.067,3.61,8455.667,9225.333,9.1,0.006,0.005,-26.52,7.433,11.2,50.67,,,
EQ-0048,2024-06-25 00:00:00,断路器,松山湖220kV变电站,0.607,0.776,27.83,0.749,0.928,23.96,,,,,,,9221.667,7862.0,-14.74,,,,,,,0.489,0.495,1.23
EQ-0312,2024-07-24 00:00:00,避雷器,武昌110kV变电站,0.707,0.674,-4.74,0.849,0.843,-0.69,,,,,,,,,,,,,,,,,,
EQ-0333,2024-06-28 00:00:00,断路器,长沙星沙110kV变电站,0.622,0.817,31.33,0.752,0.965,28.24,,,,,,,9307.667,9504.0,2.11,,,,,,,0.457,0.492,7.59
EQ-0247,2024-07-12 00:00:00,电容器组,通州35kV变电站,0.753,0.648,-13.86,0.938,0.813,-13.38,,,,,,,,,,0.005,0.005,9.56,,,,,,
EQ-0083,2024-06-28 00:00:00,避雷器,南沙110kV变电站,0.659,0.9,36.68,0.848,1.028,21.23,,,,,,,,,,,,,,,,,,
EQ-0396,2024-06-28 00:00:00,电力变压器,成都高新35kV变电站,0.53,0.683,28.83,0.673,0.839,24.75,62.533,73.267,17.16,78.533,87.867,11.88,8798.0,9196.333,4.53,0.004,0.004,8.11,12.4,7.767,-37.37,,,
EQ-0058,2024-07-05 00:00:00,电容器组,松山湖220kV变电站,0.791,0.737,-6.9,0.959,0.9,-6.15,,,,,,,,,,0.004,0.005,31.99,,,,,,
EQ-0266,2024-06-28 00:00:00,隔离开关,天津滨海220kV变电站,0.489,0.608,24.21,0.614,0.749,22.1,,,,,,,,,,,,,,,,,,
EQ-0157,2024-06-28 00:00:00,断路器,苏州工业园220kV变电站,0.622,0.806,29.52,0.767,0.957,24.71,,,,,,,9476.0,7461.667,-21.26,,,,,,,0.459,0.496,7.99
EQ-0077,2024-06-28 00:00:00,隔离开关,南沙110kV变电站,0.593,0.717,20.84,0.74,0.915,23.64,,,,,,,,,,,,,,,,,,
EQ-0200,2024-06-29 00:00:00,GIS组合电器,杭州滨江110kV变电站,0.485,0.609,25.42,0.613,0.764,24.57,62.767,73.567,17.21,77.433,90.1,16.36,8723.0,8186.333,-6.15,,,,9.667,13.333,37.93,0.488,0.481,-1.43
EQ-0365,2024-06-29 00:00:00,电力变压器,重庆两江220kV变电站,0.652,0.882,35.22,0.769,1.043,35.57,68.133,81.1,19.03,85.067,101.933,19.83,9397.333,8750.0,-6.89,0.005,0.005,2.25,19.833,14.0,-29.41,,,
EQ-0414,2024-06-29 00:00:00,断路器,沈阳浑南110kV变电站,0.57,0.754,32.38,0.725,0.9,24.17,,,,,,,7195.0,7340.0,2.02,,,,,,,0.493,0.465,-5.68
EQ-0159,2024-06-24 00:00:00,断路器,苏州工业园220kV变电站,0.625,0.825,31.9,0.822,1.039,26.44,,,,,,,8802.0,6537.667,-25.73,,,,,,,0.501,0.496,-1.0
EQ-0129,2024-06-29 00:00:00,电力变压器,临港110kV变电站,0.475,0.611,28.55,0.616,0.733,18.94,61.0,74.067,21.42,77.267,91.2,18.03,12081.0,12195.333,0.95,0.003,0.002,-22.59,12.767,5.367,-57.96,,,
EQ-0407,2024-06-29 00:00:00,避雷器,成都高新35kV变电站,0.495,0.627,26.72,0.599,0.784,30.92,,,,,,,,,,,,,,,,,,
EQ-0287,2024-06-29 00:00:00,隔离开关,石家庄高新35kV变电站,0.526,0.648,23.12,0.646,0.812,25.66,,,,,,,,,,,,,,,,,,
EQ-0116,2024-07-17 00:00:00,隔离开关,张江110kV变电站,0.682,0.674,-1.25,0.865,0.852,-1.47,,,,,,,,,,,,,,,,,,
EQ-0366,2024-06-29 00:00:00,电力变压器,重庆两江220kV变电站,0.532,0.699,31.55,0.651,0.891,36.9,60.033,71.533,19.16,75.833,91.367,20.48,8690.0,8458.0,-2.67,0.004,0.005,11.22,11.9,9.4,-21.01,,,
EQ-0062,2024-06-29 00:00:00,避雷器,松山湖220kV变电站,0.472,0.693,46.72,0.595,0.838,40.93,,,,,,,,,,,,,,,,,,
EQ-0011,2024-06-29 00:00:00,断路器,龙华220kV变电站,0.447,0.645,44.35,0.574,0.795,38.52,,,,,,,8622.0,8088.333,-6.19,,,,,,,0.501,0.457,-8.72
EQ-0306,2024-06-29 00:00:00,隔离开关,武昌110kV变电站,0.538,0.686,27.35,0.656,0.826,25.98,,,,,,,,,,,,,,,,,,
EQ-0304,2024-06-29 00:00:00,隔离开关,武昌110kV变电站,0.575,0.768,33.45,0.705,0.912,29.39,,,,,,,,,,,,,,,,,,
EQ-0220,2024-06-29 00:00:00,断路器,亦庄110kV变电站,0.664,0.859,29.53,0.778,1.061,36.42,,,,,,,8435.667,8487.0,0.61,,,,,,,0.504,0.487,-3.37
EQ-0262,2024-06-29 00:00:00,断路器,天津滨海220kV变电站,0.556,0.695,25.09,0.677,0.866,27.98,,,,,,,8945.0,9300.667,3.98,,,,,,,0.491,0.472,-3.87
EQ-0166,2024-06-29 00:00:00,隔离开关,苏州工业园220kV变电站,0.501,0.662,32.3,0.613,0.775,26.44,,,,,,,,,,,,,,,,,,
EQ-0253,2024-06-29 00:00:00,电力变压器,天津滨海220kV变电站,0.495,0.672,35.75,0.619,0.865,39.73,56.6,71.367,26.09,71.133,88.867,24.93,9378.333,7976.0,-14.95,0.005,0.004,-24.4,12.167,10.6,-12.88,,,
EQ-0213,2024-06-29 00:00:00,避雷器,昆山35kV变电站,0.498,0.686,37.72,0.639,0.852,33.33,,,,,,,,,,,,,,,,,,
EQ-0206,2024-06-28 00:00:00,断路器,昆山35kV变电站,0.634,0.871,37.48,0.776,1.023,31.85,,,,,,,6370.667,7563.0,18.72,,,,,,,0.485,0.475,-2.06
EQ-0238,2024-06-29 00:00:00,电力变压器,通州35kV变电站,0.559,0.717,28.44,0.736,0.92,24.87,56.267,69.833,24.11,73.533,86.5,17.63,7928.333,9591.667,20.98,0.005,0.005,-1.49,15.133,12.533,-17.18,,,
EQ-0278,2024-06-29 00:00:00,避雷器,天津滨海220kV变电站,0.472,0.668,41.32,0.613,0.818,33.41,,,,,,,,,,,,,,,,,,
EQ-0095,2024-06-30 00:00:00,隔离开关,前海110kV变电站,0.605,0.754,24.69,0.777,0.941,21.23,,,,,,,,,,,,,,,,,,
EQ-0169,2024-06-30 00:00:00,电容器组,苏州工业园220kV变电站,0.546,0.711,30.29,0.686,0.887,29.44,,,,,,,,,,0.004,0.006,46.53,,,,,,
EQ-0082,2024-06-30 00:00:00,避雷器,南沙110kV变电站,0.677,0.85,25.47,0.87,1.033,18.68,,,,,,,,,,,,,,,,,,
EQ-0209,2024-06-30 00:00:00,隔离开关,昆山35kV变电站,0.552,0.736,33.27,0.684,0.927,35.47,,,,,,,,,,,,,,,,,,
EQ-0172,2024-06-30 00:00:00,避雷器,苏州工业园220kV变电站,0.564,0.755,33.85,0.732,0.92,25.74,,,,,,,,,,,,,,,,,,
EQ-0076,2024-07-10 00:00:00,隔离开关,南沙110kV变电站,0.624,0.603,-3.42,0.741,0.773,4.27,,,,,,,,,,,,,,,,,,
EQ-0147,2024-06-30 00:00:00,GIS组合电器,临港110kV变电站,0.48,0.631,31.29,0.61,0.806,32.23,64.0,74.0,15.62,79.1,91.933,16.22,8151.333,8948.0,9.77,,,,11.033,12.0,8.76,0.474,0.493,3.94
EQ-0195,2024-06-30 00:00:00,电容器组,杭州滨江110kV变电站,0.606,0.756,24.86,0.772,0.942,21.9,,,,,,,,,,0.005,0.005,-9.11,,,,,,
EQ-0142,2024-06-30 00:00:00,电容器组,临港110kV变电站,0.617,0.79,27.96,0.749,0.988,31.97,,,,,,,,,,0.004,0.005,24.52,,,,,,
EQ-0420,2024-07-01 01:27:00,电容器组,沈阳浑南110kV变电站,0.673,0.697,3.69,0.889,0.869,-2.22,,,,,,,,,,0.004,0.005,12.97,,,,,,
EQ-0049,2024-07-03 00:00:00,断路器,松山湖220kV变电站,0.631,0.631,0.08,0.835,0.804,-3.69,,,,,,,10388.0,7912.667,-23.83,,,,,,,0.479,0.494,3.2
EQ-0288,2024-07-04 00:00:00,隔离开关,石家庄高新35kV变电站,0.647,0.649,0.29,0.861,0.812,-5.69,,,,,,,,,,,,,,,,,,
EQ-0341,2024-07-04 00:00:00,避雷器,长沙星沙110kV变电站,0.64,0.618,-3.43,0.781,0.771,-1.39,,,,,,,,,,,,,,,,,,
EQ-0210,2024-08-01 00:00:00,电容器组,昆山35kV变电站,0.75,0.602,-19.71,0.925,0.713,-22.88,,,,,,,,,,0.005,0.004,-15.11,,,,,,
EQ-0230,2024-07-10 00:00:00,电容器组,亦庄110kV变电站,0.726,0.745,2.57,0.888,0.866,-2.38,,,,,,,,,,0.004,0.004,2.05,,,,,,
EQ-0396,2024-07-11 21:18:00,电力变压器,成都高新35kV变电站,0.58,0.647,11.58,0.718,0.787,9.64,71.233,65.967,-7.39,86.033,82.6,-3.99,9120.0,8423.0,-7.64,0.004,0.003,-15.55,12.833,7.167,-44.16,,,
EQ-0257,2024-07-12 00:00:00,断路器,天津滨海220kV变电站,0.59,0.628,6.4,0.76,0.772,1.6,,,,,,,8920.0,9034.667,1.29,,,,,,,0.491,0.486,-1.02
EQ-0107,2024-07-24 00:00:00,电力变压器,张江110kV变电站,0.566,0.552,-2.44,0.731,0.72,-1.53,65.5,64.5,-1.53,79.633,79.0,-0.8,9909.333,9598.0,-3.14,0.005,0.005,-0.68,10.633,9.733,-8.46,,,
EQ-0388,2024-07-15 00:00:00,避雷器,重庆两江220kV变电站,0.728,0.684,-5.96,0.905,0.829,-8.46,,,,,,,,,,,,,,,,,,
EQ-0147,2024-08-02 00:00:00,GIS组合电器,临港110kV变电站,0.646,0.499,-22.75,0.808,0.623,-22.89,76.4,57.7,-24.48,95.7,71.167,-25.64,9511.667,9350.0,-1.7,,,,12.833,7.433,-42.08,0.5,0.479,-4.07
EQ-0375,2024-07-19 12:58:00,断路器,重庆两江220kV变电站,0.758,0.722,-4.66,0.937,0.899,-4.03,,,,,,,8278.0,10364.0,25.2,,,,,,,0.478,0.475,-0.77
EQ-0160,2024-07-23 07:41:00,断路器,苏州工业园220kV变电站,0.568,0.622,9.54,0.714,0.765,7.2,,,,,,,6392.0,8443.333,32.09,,,,,,,0.501,0.463,-7.58
EQ-0187,2024-07-25 00:00:00,断路器,杭州滨江110kV变电站,0.764,0.769,0.67,0.94,0.957,1.87,,,,,,,8012.333,9490.333,18.45,,,,,,,0.467,0.491,4.99
EQ-0420,2024-07-28 01:27:00,电容器组,沈阳浑南110kV变电站,0.673,0.697,3.69,0.889,0.869,-2.22,,,,,,,,,,0.004,0.005,12.97,,,,,,
EQ-0372,2024-07-30 19:29:00,断路器,重庆两江220kV变电站,0.609,0.585,-3.96,0.774,0.727,-5.99,,,,,,,8291.667,8404.333,1.36,,,,,,,0.488,0.46,-5.67
EQ-0205,2024-08-09 00:00:00,断路器,昆山35kV变电站,0.64,0.517,-19.26,0.781,0.647,-17.07,,,,,,,6261.0,7090.333,13.25,,,,,,,0.477,0.495,3.7
EQ-0128,2024-08-09 00:00:00,GIS组合电器,张江110kV变电站,0.774,0.567,-26.8,0.963,0.725,-24.75,80.367,61.267,-23.77,99.933,78.867,-21.08,10506.333,10086.333,-4.0,,,,7.967,10.533,32.22,0.504,0.487,-3.24
EQ-0017,2024-08-13 00:00:00,隔离开关,龙华220kV变电站,0.886,0.68,-23.26,1.035,0.805,-22.26,,,,,,,,,,,,,,,,,,
EQ-0169,2024-08-11 00:00:00,电容器组,苏州工业园220kV变电站,0.717,0.579,-19.24,0.922,0.715,-22.48,,,,,,,,,,0.005,0.006,34.26,,,,,,
EQ-0354,2024-08-11 02:25:00,隔离开关,武侯110kV变电站,0.698,0.506,-27.5,0.882,0.64,-27.42,,,,,,,,,,,,,,,,,,
EQ-0426,2024-08-12 00:00:00,GIS组合电器,沈阳浑南110kV变电站,0.804,0.6,-25.32,1.028,0.765,-25.59,68.733,52.767,-23.23,87.267,68.833,-21.12,8230.333,10083.0,22.51,,,,12.067,4.7,-61.05,0.497,0.478,-3.89
EQ-0329,2024-08-14 00:00:00,电力变压器,长沙星沙110kV变电站,0.724,0.56,-22.61,0.886,0.694,-21.66,77.633,57.633,-25.76,95.767,73.667,-23.08,10452.0,11332.667,8.43,0.003,0.006,106.47,7.667,9.3,21.3,,,
EQ-0427,2024-08-16 00:00:00,电力变压器,大连开发区35kV变电站,0.728,0.564,-22.6,0.934,0.711,-23.82,72.167,52.167,-27.71,91.467,67.8,-25.87,7691.667,6763.0,-12.07,0.004,0.005,7.62,13.367,4.2,-68.58,,,
EQ-0013,2024-08-17 00:00:00,断路器,龙华220kV变电站,0.804,0.626,-22.07,1.012,0.794,-21.57,,,,,,,7232.667,7881.0,8.96,,,,,,,0.492,0.462,-6.16
EQ-0210,2024-08-17 12:55:00,电容器组,昆山35kV变电站,0.841,0.602,-28.41,1.02,0.713,-30.03,,,,,,,,,,0.004,0.004,0.78,,,,,,
EQ-0352,2024-08-18 10:28:00,断路器,武侯110kV变电站,0.829,0.591,-28.69,1.035,0.737,-28.77,,,,,,,9353.333,7781.333,-16.81,,,,,,,0.484,0.505,4.34
EQ-0210,2024-08-19 00:00:00,电容器组,昆山35kV变电站,0.841,0.602,-28.41,1.02,0.713,-30.03,,,,,,,,,,0.004,0.004,0.78,,,,,,
EQ-0125,2024-08-20 00:00:00,避雷器,张江110kV变电站,0.66,0.533,-19.28,0.818,0.644,-21.24,,,,,,,,,,,,,,,,,,
EQ-0037,2024-08-27 00:00:00,GIS组合电器,龙华220kV变电站,0.801,0.586,-26.88,0.999,0.743,-25.68,85.967,66.667,-22.45,105.7,83.367,-21.13,8448.667,7276.0,-13.88,,,,8.8,5.633,-35.98,0.483,0.481,-0.55
EQ-0078,2024-08-27 00:00:00,隔离开关,南沙110kV变电站,0.885,0.626,-29.28,1.034,0.776,-24.9,,,,,,,,,,,,,,,,,,
EQ-0397,2024-08-31 21:13:00,断路器,成都高新35kV变电站,0.788,0.588,-25.42,0.98,0.748,-23.61,,,,,,,9432.667,10395.0,10.2,,,,,,,0.469,0.485,3.56
EQ-0193,2024-09-01 00:00:00,隔离开关,杭州滨江110kV变电站,0.637,0.514,-19.42,0.81,0.642,-20.68,,,,,,,,,,,,,,,,,,
EQ-0392,2024-09-01 00:00:00,GIS组合电器,重庆两江220kV变电站,0.646,0.499,-22.87,0.825,0.654,-20.67,73.667,44.733,-39.28,90.433,59.2,-34.54,7789.333,9151.333,17.49,,,,10.1,6.967,-31.02,0.484,0.491,1.45
EQ-0329,2024-09-01 00:00:00,电力变压器,长沙星沙110kV变电站,0.724,0.564,-22.03,0.886,0.667,-24.69,77.633,50.567,-34.86,95.767,65.7,-31.4,10452.0,11182.667,6.99,0.003,0.005,73.91,7.667,9.667,26.09,,,
EQ-0096,2024-09-01 00:00:00,隔离开关,前海110kV变电站,0.714,0.545,-23.71,0.89,0.684,-23.15,,,,,,,,,,,,,,,,,,
EQ-0037,2024-09-01 00:00:00,GIS组合电器,龙华220kV变电站,0.801,0.574,-28.36,0.999,0.728,-27.18,85.967,58.367,-32.11,105.7,76.1,-28.0,8448.667,7321.0,-13.35,,,,8.8,8.667,-1.52,0.483,0.492,1.86
EQ-0195,2024-09-23 00:00:00,电容器组,杭州滨江110kV变电站,0.756,0.584,-22.75,0.942,0.699,-25.76,,,,,,,,,,0.005,0.003,-26.22,,,,,,
EQ-0272,2024-09-01 00:00:00,电容器组,天津滨海220kV变电站,0.795,0.595,-25.25,0.997,0.721,-27.68,,,,,,,,,,0.005,0.004,-21.09,,,,,,
EQ-0119,2024-09-01 00:00:00,隔离开关,张江110kV变电站,0.684,0.53,-22.51,0.844,0.644,-23.72,,,,,,,,,,,,,,,,,,
EQ-0018,2024-09-01 00:00:00,隔离开关,龙华220kV变电站,0.67,0.507,-24.35,0.881,0.618,-29.9,,,,,,,,,,,,,,,,,,
EQ-0366,2024-09-01 00:00:00,电力变压器,重庆两江220kV变电站,0.707,0.53,-25.03,0.932,0.665,-28.64,72.3,49.9,-30.98,91.5,66.5,-27.32,8153.0,9950.667,22.05,0.005,0.005,-1.17,6.967,8.7,24.88,,,
EQ-0409,2024-09-01 00:00:00,电力变压器,沈阳浑南110kV变电站,0.834,0.618,-25.84,1.049,0.747,-28.79,70.3,45.833,-34.8,89.333,63.533,-28.88,7737.0,7579.0,-2.04,0.005,0.005,18.1,8.967,8.4,-6.32,,,
EQ-0420,2024-09-01 00:00:00,电容器组,沈阳浑南110kV变电站,0.764,0.609,-20.35,1.002,0.735,-26.57,,,,,,,,,,0.004,0.004,22.42,,,,,,
EQ-0421,2024-09-01 00:00:00,电容器组,沈阳浑南110kV变电站,0.702,0.495,-29.49,0.872,0.582,-33.27,,,,,,,,,,0.005,0.004,-12.42,,,,,,
EQ-0313,2024-09-01 00:00:00,GIS组合电器,武昌110kV变电站,0.832,0.668,-19.7,1.027,0.811,-21.0,79.567,55.567,-30.16,97.267,73.033,-24.91,8446.0,10541.667,24.81,,,,6.533,6.267,-4.08,0.478,0.504,5.3
EQ-0239,2024-09-01 00:00:00,电力变压器,通州35kV变电站,0.663,0.482,-27.22,0.784,0.602,-23.22,74.2,45.067,-39.26,93.867,59.967,-36.12,8053.0,10974.667,36.28,0.004,0.004,-7.07,7.833,12.3,57.02,,,
EQ-0067,2024-09-01 00:00:00,GIS组合电器,松山湖220kV变电站,0.803,0.63,-21.52,0.987,0.782,-20.8,87.333,58.6,-32.9,107.9,76.1,-29.47,7604.667,8180.0,7.57,,,,7.7,13.967,81.39,0.486,0.475,-2.19
EQ-0399,2024-09-01 00:00:00,断路器,成都高新35kV变电站,0.786,0.648,-17.52,0.989,0.825,-16.56,,,,,,,8758.667,8549.333,-2.39,,,,,,,0.49,0.49,0.07
EQ-0025,2024-09-19 00:00:00,电容器组,龙华220kV变电站,0.827,0.665,-19.62,0.999,0.791,-20.79,,,,,,,,,,0.003,0.005,39.1,,,,,,
EQ-0231,2024-09-01 00:00:00,避雷器,亦庄110kV变电站,0.69,0.538,-22.05,0.855,0.647,-24.31,,,,,,,,,,,,,,,,,,
EQ-0245,2024-09-01 00:00:00,隔离开关,通州35kV变电站,0.827,0.617,-25.35,1.026,0.756,-26.36,,,,,,,,,,,,,,,,,,
EQ-0419,2024-09-02 00:00:00,隔离开关,沈阳浑南110kV变电站,0.751,0.547,-27.2,0.945,0.674,-28.7,,,,,,,,,,,,,,,,,,
EQ-0393,2024-09-02 00:00:00,GIS组合电器,重庆两江220kV变电站,0.801,0.631,-21.27,0.965,0.797,-17.4,81.033,53.967,-33.4,99.6,71.3,-28.41,10054.0,9311.667,-7.38,,,,8.367,8.533,1.99,0.481,0.498,3.39
EQ-0051,2024-09-27 00:00:00,隔离开关,松山湖220kV变电站,0.867,0.633,-27.05,1.043,0.82,-21.42,,,,,,,,,,,,,,,,,,
EQ-0363,2024-09-02 00:00:00,避雷器,武侯110kV变电站,0.669,0.496,-25.81,0.804,0.629,-21.79,,,,,,,,,,,,,,,,,,
EQ-0359,2024-09-02 00:00:00,电容器组,武侯110kV变电站,0.702,0.51,-27.43,0.861,0.631,-26.72,,,,,,,,,,0.004,0.004,12.16,,,,,,
EQ-0109,2024-09-02 00:00:00,电力变压器,张江110kV变电站,0.858,0.639,-25.54,1.046,0.797,-23.82,80.2,54.333,-32.25,100.433,72.467,-27.85,8296.0,8189.0,-1.29,0.004,0.005,23.5,9.533,7.0,-26.57,,,
EQ-0105,2024-09-02 00:00:00,GIS组合电器,前海110kV变电站,0.767,0.563,-26.55,0.905,0.719,-20.54,79.867,59.467,-25.54,98.6,75.5,-23.43,9350.333,11784.333,26.03,,,,7.167,8.733,21.86,0.499,0.5,0.13
EQ-0191,2024-09-02 00:00:00,隔离开关,杭州滨江110kV变电站,0.796,0.603,-24.27,0.976,0.746,-23.49,,,,,,,,,,,,,,,,,,
EQ-0287,2024-09-02 00:00:00,隔离开关,石家庄高新35kV变电站,0.648,0.521,-19.6,0.812,0.663,-18.33,,,,,,,,,,,,,,,,,,
EQ-0228,2024-09-02 00:00:00,隔离开关,亦庄110kV变电站,0.831,0.637,-23.32,1.052,0.826,-21.5,,,,,,,,,,,,,,,,,,
EQ-0318,2024-09-03 00:00:00,断路器,江夏35kV变电站,0.708,0.524,-26.08,0.909,0.669,-26.33,,,,,,,8640.0,6806.667,-21.22,,,,,,,0.472,0.46,-2.54
EQ-0300,2024-09-03 00:00:00,断路器,武昌110kV变电站,0.824,0.627,-23.92,1.031,0.744,-27.87,,,,,,,8567.0,7106.667,-17.05,,,,,,,0.472,0.472,0.0
EQ-0372,2024-09-03 00:00:00,断路器,重庆两江220kV变电站,0.657,0.504,-23.35,0.812,0.629,-22.55,,,,,,,8013.0,9015.333,12.51,,,,,,,0.479,0.447,-6.75
EQ-0377,2024-09-03 00:00:00,隔离开关,重庆两江220kV变电站,0.728,0.552,-24.15,0.896,0.671,-25.17,,,,,,,,,,,,,,,,,,
EQ-0077,2024-09-03 00:00:00,隔离开关,南沙110kV变电站,0.717,0.58,-19.15,0.915,0.76,-16.87,,,,,,,,,,,,,,,,,,
EQ-0017,2024-09-03 00:00:00,隔离开关,龙华220kV变电站,0.875,0.683,-21.97,1.041,0.802,-22.92,,,,,,,,,,,,,,,,,,
EQ-0412,2024-09-08 00:00:00,断路器,沈阳浑南110kV变电站,0.817,0.611,-25.28,0.958,0.739,-22.78,,,,,,,9965.0,9266.333,-7.01,,,,,,,0.472,0.492,4.09
EQ-0319,2024-09-03 00:00:00,隔离开关,江夏35kV变电站,0.641,0.524,-18.29,0.825,0.639,-22.57,,,,,,,,,,,,,,,,,,
EQ-0088,2024-09-03 00:00:00,电力变压器,前海110kV变电站,0.607,0.526,-13.25,0.743,0.642,-13.57,75.533,60.433,-19.99,93.9,76.4,-18.64,11657.667,11587.333,-0.6,0.005,0.003,-30.2,8.667,7.7,-11.15,,,
EQ-0226,2024-09-03 00:00:00,隔离开关,亦庄110kV变电站,0.777,0.574,-26.07,0.945,0.723,-23.55,,,,,,,,,,,,,,,,,,
EQ-0159,2024-09-01 00:00:00,断路器,苏州工业园220kV变电站,0.83,0.628,-24.3,1.066,0.774,-27.35,,,,,,,6841.667,7354.667,7.5,,,,,,,0.481,0.466,-3.19
EQ-0006,2024-09-03 00:00:00,断路器,龙华220kV变电站,0.654,0.485,-25.81,0.77,0.61,-20.78,,,,,,,6749.667,9376.0,38.91,,,,,,,0.512,0.464,-9.43
EQ-0254,2024-08-30 00:00:00,电力变压器,天津滨海220kV变电站,0.788,0.603,-23.44,1.02,0.717,-29.75,73.9,50.7,-31.39,93.233,69.0,-25.99,7247.0,11277.333,55.61,0.004,0.004,-6.5,8.933,6.833,-23.51,,,
EQ-0383,2024-09-03 00:00:00,电容器组,重庆两江220kV变电站,0.646,0.465,-28.06,0.787,0.568,-27.74,,,,,,,,,,0.005,0.004,-10.24,,,,,,
EQ-0047,2024-09-25 00:00:00,断路器,松山湖220kV变电站,0.697,0.582,-16.51,0.894,0.717,-19.82,,,,,,,8098.333,9518.667,17.54,,,,,,,0.491,0.498,1.43
EQ-0190,2024-09-04 00:00:00,隔离开关,杭州滨江110kV变电站,0.706,0.572,-18.99,0.887,0.728,-17.89,,,,,,,,,,,,,,,,,,
EQ-0407,2024-09-04 00:00:00,避雷器,成都高新35kV变电站,0.627,0.471,-24.99,0.784,0.583,-25.62,,,,,,,,,,,,,,,,,,
EQ-0432,2024-09-09 00:00:00,隔离开关,大连开发区35kV变电站,0.606,0.455,-24.84,0.727,0.576,-20.87,,,,,,,,,,,,,,,,,,
EQ-0078,2024-09-04 00:00:00,隔离开关,南沙110kV变电站,0.872,0.625,-28.29,1.043,0.75,-28.12,,,,,,,,,,,,,,,,,,
EQ-0184,2024-09-04 00:00:00,电力变压器,杭州滨江110kV变电站,0.884,0.654,-25.95,1.037,0.813,-21.65,85.667,54.667,-36.19,105.8,72.533,-31.44,6552.667,10453.0,59.52,0.004,0.005,7.3,9.167,9.5,3.64,,,
EQ-0076,2024-09-04 00:00:00,隔离开关,南沙110kV变电站,0.674,0.529,-21.56,0.857,0.656,-23.47,,,,,,,,,,,,,,,,,,
EQ-0058,2024-09-04 00:00:00,电容器组,松山湖220kV变电站,0.849,0.623,-26.65,1.034,0.752,-27.25,,,,,,,,,,0.004,0.005,25.2,,,,,,
EQ-0045,2024-09-04 00:00:00,断路器,松山湖220kV变电站,0.741,0.568,-23.32,0.917,0.709,-22.68,,,,,,,8655.667,7178.0,-17.07,,,,,,,0.495,0.466,-5.92
EQ-0368,2024-09-04 00:00:00,电力变压器,重庆两江220kV变电站,0.787,0.608,-22.7,1.001,0.736,-26.43,81.3,51.2,-37.02,100.567,68.533,-31.85,10960.0,10594.0,-3.34,0.004,0.004,-5.26,7.167,5.7,-20.47,,,
EQ-0085,2024-09-04 00:00:00,避雷器,南沙110kV变电站,0.745,0.564,-24.3,0.929,0.683,-26.48,,,,,,,,,,,,,,,,,,
EQ-0172,2024-09-05 00:00:00,避雷器,苏州工业园220kV变电站,0.755,0.571,-24.38,0.92,0.743,-19.27,,,,,,,,,,,,,,,,,,
EQ-0406,2024-09-05 00:00:00,避雷器,成都高新35kV变电站,0.618,0.484,-21.75,0.771,0.577,-25.24,,,,,,,,,,,,,,,,,,
EQ-0142,2024-09-05 00:00:00,电容器组,临港110kV变电站,0.79,0.598,-24.3,0.988,0.73,-26.14,,,,,,,,,,0.005,0.004,-29.94,,,,,,
EQ-0352,2024-09-05 00:00:00,断路器,武侯110kV变电站,0.786,0.575,-26.83,0.957,0.75,-21.56,,,,,,,8340.667,8294.667,-0.55,,,,,,,0.46,0.528,14.77
EQ-0281,2024-09-05 00:00:00,GIS组合电器,天津滨海220kV变电站,0.836,0.639,-23.64,1.008,0.754,-25.21,73.1,51.333,-29.78,93.867,68.267,-27.27,8170.667,9242.0,13.11,,,,9.5,9.533,0.35,0.456,0.477,4.6
EQ-0207,2024-09-05 00:00:00,隔离开关,昆山35kV变电站,0.866,0.632,-27.09,1.01,0.782,-22.61,,,,,,,,,,,,,,,,,,
EQ-0264,2024-09-05 00:00:00,隔离开关,天津滨海220kV变电站,0.785,0.605,-22.97,0.99,0.786,-20.57,,,,,,,,,,,,,,,,,,
EQ-0404,2024-09-05 00:00:00,电容器组,成都高新35kV变电站,0.847,0.693,-18.2,1.034,0.833,-19.48,,,,,,,,,,0.004,0.004,-8.93,,,,,,
EQ-0408,2024-09-08 00:00:00,电力变压器,沈阳浑南110kV变电站,0.802,0.671,-16.29,0.977,0.826,-15.43,69.167,45.067,-34.84,88.533,65.133,-26.43,9218.333,9240.0,0.24,0.005,0.004,-14.12,11.167,10.4,-6.87,,,
EQ-0224,2024-09-23 00:00:00,隔离开关,亦庄110kV变电站,0.743,0.575,-22.59,0.95,0.722,-24.02,,,,,,,,,,,,,,,,,,
EQ-0290,2024-09-05 00:00:00,电容器组,石家庄高新35kV变电站,0.822,0.56,-31.8,0.995,0.718,-27.85,,,,,,,,,,0.005,0.003,-34.64,,,,,,
EQ-0182,2024-08-29 00:00:00,电力变压器,杭州滨江110kV变电站,0.748,0.557,-25.57,0.94,0.677,-28.0,77.167,56.967,-26.18,97.1,74.233,-23.55,8584.0,9815.0,14.34,0.003,0.005,57.11,9.333,12.267,31.43,,,
EQ-0286,2024-09-05 00:00:00,断路器,石家庄高新35kV变电站,0.714,0.519,-27.23,0.858,0.662,-22.88,,,,,,,8570.0,9113.0,6.34,,,,,,,0.468,0.467,-0.21
EQ-0070,2024-09-05 00:00:00,电力变压器,南沙110kV变电站,0.717,0.557,-22.4,0.898,0.674,-24.95,77.9,59.6,-23.49,98.667,74.267,-24.73,8715.667,10973.333,25.9,0.005,0.004,-8.77,7.233,8.7,20.28,,,
EQ-0378,2024-09-28 00:00:00,隔离开关,重庆两江220kV变电站,0.658,0.48,-27.0,0.823,0.6,-27.18,,,,,,,,,,,,,,,,,,
EQ-0175,2024-09-06 00:00:00,避雷器,苏州工业园220kV变电站,0.627,0.515,-17.83,0.762,0.676,-11.27,,,,,,,,,,,,,,,,,,
EQ-0135,2024-09-06 00:00:00,断路器,临港110kV变电站,0.731,0.531,-27.47,0.906,0.644,-28.96,,,,,,,9720.0,9808.0,0.91,,,,,,,0.508,0.482,-5.12
EQ-0113,2024-09-06 00:00:00,断路器,张江110kV变电站,0.862,0.634,-26.42,1.032,0.792,-23.33,,,,,,,9510.667,9828.333,3.34,,,,,,,0.466,0.485,4.15
EQ-0147,2024-09-06 00:00:00,GIS组合电器,临港110kV变电站,0.631,0.493,-21.92,0.806,0.602,-25.31,74.0,51.167,-30.86,91.933,63.433,-31.0,8948.0,9747.333,8.93,,,,12.0,5.4,-55.0,0.493,0.506,2.57
EQ-0139,2024-09-06 00:00:00,隔离开关,临港110kV变电站,0.72,0.591,-17.95,0.873,0.728,-16.54,,,,,,,,,,,,,,,,,,
EQ-0428,2024-09-06 00:00:00,电力变压器,大连开发区35kV变电站,0.791,0.622,-21.36,1.006,0.758,-24.57,68.833,47.9,-30.41,88.7,66.6,-24.92,8100.333,9132.667,12.74,0.004,0.004,-1.68,17.267,7.3,-57.72,,,
EQ-0060,2024-09-18 00:00:00,避雷器,松山湖220kV变电站,0.709,0.498,-29.77,0.885,0.654,-26.11,,,,,,,,,,,,,,,,,,
EQ-0146,2024-09-06 00:00:00,避雷器,临港110kV变电站,0.647,0.488,-24.56,0.809,0.624,-22.9,,,,,,,,,,,,,,,,,,
EQ-0125,2024-09-06 00:00:00,避雷器,张江110kV变电站,0.668,0.515,-22.95,0.827,0.634,-23.4,,,,,,,,,,,,,,,,,,
EQ-0225,2024-09-06 00:00:00,隔离开关,亦庄110kV变电站,0.698,0.55,-21.26,0.862,0.688,-20.19,,,,,,,,,,,,,,,,,,
EQ-0316,2024-09-06 00:00:00,断路器,江夏35kV变电站,0.882,0.659,-25.22,1.045,0.83,-20.56,,,,,,,9001.333,6942.667,-22.87,,,,,,,0.468,0.48,2.49
EQ-0169,2024-09-06 00:00:00,电容器组,苏州工业园220kV变电站,0.711,0.588,-17.29,0.887,0.734,-17.27,,,,,,,,,,0.006,0.006,-9.73,,,,,,
EQ-0009,2024-09-06 00:00:00,断路器,龙华220kV变电站,0.698,0.542,-22.33,0.867,0.661,-23.74,,,,,,,7701.0,8518.0,10.61,,,,,,,0.5,0.48,-4.07
EQ-0161,2024-09-07 00:00:00,断路器,苏州工业园220kV变电站,0.623,0.513,-17.72,0.803,0.646,-19.44,,,,,,,6933.667,9397.0,35.53,,,,,,,0.477,0.484,1.54
EQ-0003,2024-09-07 00:00:00,电力变压器,龙华220kV变电站,0.712,0.518,-27.29,0.886,0.658,-25.67,79.933,54.967,-31.23,98.967,71.0,-28.26,6669.333,7841.333,17.57,0.005,0.006,2.7,12.067,8.6,-28.73,,,
EQ-0426,2024-09-07 00:00:00,GIS组合电器,沈阳浑南110kV变电站,0.791,0.578,-26.95,1.02,0.708,-30.62,67.833,47.367,-30.17,86.733,62.1,-28.4,9243.0,9513.667,2.93,,,,9.1,8.267,-9.16,0.471,0.475,0.92
EQ-0266,2024-09-07 00:00:00,隔离开关,天津滨海220kV变电站,0.608,0.469,-22.86,0.749,0.575,-23.21,,,,,,,,,,,,,,,,,,
EQ-0233,2024-09-07 00:00:00,避雷器,亦庄110kV变电站,0.82,0.652,-20.49,1.035,0.795,-23.2,,,,,,,,,,,,,,,,,,
EQ-0019,2024-09-07 00:00:00,隔离开关,龙华220kV变电站,0.887,0.679,-23.49,1.053,0.856,-18.76,,,,,,,,,,,,,,,,,,
EQ-0152,2024-09-07 00:00:00,电力变压器,苏州工业园220kV变电站,0.803,0.624,-22.2,0.968,0.789,-18.51,77.933,54.667,-29.85,95.333,73.267,-23.15,7590.667,9954.333,31.14,0.005,0.003,-33.14,10.7,12.7,18.69,,,
EQ-0262,2024-09-07 00:00:00,断路器,天津滨海220kV变电站,0.695,0.552,-20.55,0.866,0.702,-18.87,,,,,,,9300.667,9421.0,1.29,,,,,,,0.472,0.481,2.05
EQ-0021,2024-09-07 00:00:00,隔离开关,龙华220kV变电站,0.884,0.662,-25.1,1.053,0.836,-20.63,,,,,,,,,,,,,,,,,,
EQ-0154,2024-09-16 00:00:00,断路器,苏州工业园220kV变电站,0.769,0.554,-27.9,0.944,0.673,-28.75,,,,,,,8916.0,9723.333,9.05,,,,,,,0.496,0.481,-3.16
EQ-0103,2024-09-21 00:00:00,避雷器,前海110kV变电站,0.817,0.624,-23.55,1.001,0.79,-21.09,,,,,,,,,,,,,,,,,,
EQ-0097,2024-09-07 00:00:00,隔离开关,前海110kV变电站,0.763,0.571,-25.12,0.936,0.704,-24.78,,,,,,,,,,,,,,,,,,
EQ-0104,2024-09-07 00:00:00,避雷器,前海110kV变电站,0.674,0.512,-23.96,0.83,0.673,-18.84,,,,,,,,,,,,,,,,,,
EQ-0434,2024-09-07 00:00:00,隔离开关,大连开发区35kV变电站,0.647,0.506,-21.73,0.8,0.596,-25.43,,,,,,,,,,,,,,,,,,
EQ-0020,2024-09-07 00:00:00,隔离开关,龙华220kV变电站,0.667,0.504,-24.49,0.89,0.652,-26.7,,,,,,,,,,,,,,,,,,
EQ-0387,2024-09-07 00:00:00,避雷器,重庆两江220kV变电站,0.706,0.531,-24.85,0.878,0.645,-26.59,,,,,,,,,,,,,,,,,,
EQ-0209,2024-09-26 00:00:00,隔离开关,昆山35kV变电站,0.736,0.547,-25.67,0.927,0.68,-26.7,,,,,,,,,,,,,,,,,,
EQ-0249,2024-09-07 00:00:00,避雷器,通州35kV变电站,0.704,0.545,-22.54,0.899,0.676,-24.79,,,,,,,,,,,,,,,,,,
EQ-0165,2024-09-07 00:00:00,隔离开关,苏州工业园220kV变电站,0.829,0.636,-23.29,0.987,0.802,-18.7,,,,,,,,,,,,,,,,,,
EQ-0291,2024-09-08 00:00:00,电容器组,石家庄高新35kV变电站,0.89,0.636,-28.59,1.049,0.795,-24.21,,,,,,,,,,0.005,0.005,-3.08,,,,,,
EQ-0437,2024-09-08 00:00:00,避雷器,大连开发区35kV变电站,0.656,0.521,-20.65,0.845,0.619,-26.7,,,,,,,,,,,,,,,,,,
EQ-0389,2024-09-08 00:00:00,避雷器,重庆两江220kV变电站,0.668,0.518,-22.48,0.849,0.642,-24.35,,,,,,,,,,,,,,,,,,
EQ-0367,2024-09-08 00:00:00,电力变压器,重庆两江220kV变电站,0.737,0.553,-24.91,0.947,0.698,-26.22,74.2,50.667,-31.72,92.067,65.833,-28.49,7493.333,10552.333,40.82,0.005,0.004,-0.88,11.433,11.667,2.04,,,
EQ-0107,2024-10-05 00:00:00,电力变压器,张江110kV变电站,0.552,0.472,-14.54,0.72,0.563,-21.81,64.5,44.833,-30.49,79.0,59.633,-24.51,9598.0,11085.0,15.49,0.005,0.003,-35.66,9.733,6.767,-30.48,,,
EQ-0185,2024-09-08 00:00:00,断路器,杭州滨江110kV变电站,0.827,0.676,-18.29,0.988,0.863,-12.65,,,,,,,8501.333,11025.0,29.69,,,,,,,0.477,0.496,4.13
EQ-0048,2024-09-08 00:00:00,断路器,松山湖220kV变电站,0.776,0.576,-25.7,0.928,0.712,-23.36,,,,,,,7862.0,7994.667,1.69,,,,,,,0.495,0.503,1.62
EQ-0232,2024-09-08 00:00:00,避雷器,亦庄110kV变电站,0.718,0.566,-21.2,0.93,0.686,-26.2,,,,,,,,,,,,,,,,,,
EQ-0032,2024-09-22 00:00:00,避雷器,龙华220kV变电站,0.619,0.496,-19.94,0.811,0.615,-24.23,,,,,,,,,,,,,,,,,,
EQ-0127,2024-10-07 00:00:00,GIS组合电器,张江110kV变电站,0.638,0.585,-8.21,0.834,0.731,-12.36,68.0,46.1,-32.21,86.067,63.3,-26.45,9687.0,7667.333,-20.85,,,,9.0,12.733,41.48,0.498,0.463,-7.03
EQ-0334,2024-09-08 00:00:00,断路器,长沙星沙110kV变电站,0.702,0.512,-27.13,0.923,0.645,-30.06,,,,,,,8941.667,9130.0,2.11,,,,,,,0.5,0.482,-3.53
EQ-0220,2024-09-08 00:00:00,断路器,亦庄110kV变电站,0.859,0.635,-26.16,1.061,0.81,-23.7,,,,,,,8487.0,8833.333,4.08,,,,,,,0.487,0.501,2.81
EQ-0364,2024-09-22 00:00:00,GIS组合电器,武侯110kV变电站,0.615,0.475,-22.82,0.779,0.604,-22.38,71.233,48.667,-31.68,88.8,64.033,-27.89,8293.667,8723.333,5.18,,,,9.233,7.667,-16.97,0.485,0.499,2.89
EQ-0194,2024-09-08 00:00:00,电容器组,杭州滨江110kV变电站,0.611,0.473,-22.66,0.761,0.586,-22.93,,,,,,,,,,0.004,0.005,25.35,,,,,,
EQ-0241,2024-09-09 00:00:00,断路器,通州35kV变电站,0.679,0.506,-25.51,0.871,0.633,-27.37,,,,,,,8230.0,8666.0,5.3,,,,,,,0.484,0.518,6.95
EQ-0221,2024-09-09 00:00:00,断路器,亦庄110kV变电站,0.875,0.64,-26.83,1.009,0.811,-19.67,,,,,,,7273.667,7910.0,8.75,,,,,,,0.486,0.482,-0.82
EQ-0379,2024-09-09 00:00:00,隔离开关,重庆两江220kV变电站,0.688,0.521,-24.37,0.87,0.657,-24.49,,,,,,,,,,,,,,,,,,
EQ-0163,2024-09-09 00:00:00,隔离开关,苏州工业园220kV变电站,0.646,0.509,-21.16,0.789,0.675,-14.48,,,,,,,,,,,,,,,,,,
EQ-0087,2024-09-09 00:00:00,电力变压器,前海110kV变电站,0.791,0.595,-24.74,1.013,0.753,-25.66,80.4,57.9,-27.99,100.667,74.267,-26.23,8251.333,10556.667,27.94,0.004,0.004,-11.39,10.033,8.6,-14.29,,,
EQ-0133,2024-09-09 00:00:00,断路器,临港110kV变电站,0.619,0.502,-18.91,0.777,0.657,-15.38,,,,,,,10146.333,8462.0,-16.6,,,,,,,0.476,0.474,-0.28
EQ-0301,2024-09-09 00:00:00,断路器,武昌110kV变电站,0.647,0.507,-21.65,0.806,0.665,-17.51,,,,,,,7105.0,9691.667,36.41,,,,,,,0.477,0.477,-0.14
EQ-0192,2024-09-09 00:00:00,隔离开关,杭州滨江110kV变电站,0.817,0.637,-22.07,1.004,0.828,-17.56,,,,,,,,,,,,,,,,,,
EQ-0155,2024-09-20 00:00:00,断路器,苏州工业园220kV变电站,0.667,0.476,-28.72,0.845,0.587,-30.59,,,,,,,8602.667,8180.667,-4.91,,,,,,,0.478,0.511,7.05
EQ-0044,2024-10-01 00:00:00,断路器,松山湖220kV变电站,0.724,0.577,-20.24,0.924,0.688,-25.58,,,,,,,7731.667,6512.0,-15.77,,,,,,,0.507,0.471,-6.97
EQ-0340,2024-09-09 00:00:00,电容器组,长沙星沙110kV变电站,0.853,0.631,-25.99,1.033,0.752,-27.23,,,,,,,,,,0.004,0.005,31.17,,,,,,
EQ-0061,2024-09-09 00:00:00,避雷器,松山湖220kV变电站,0.676,0.518,-23.39,0.798,0.666,-16.46,,,,,,,,,,,,,,,,,,
EQ-0123,2024-09-09 00:00:00,避雷器,张江110kV变电站,0.635,0.476,-25.07,0.812,0.589,-27.52,,,,,,,,,,,,,,,,,,
EQ-0234,2024-09-09 00:00:00,避雷器,亦庄110kV变电站,0.62,0.503,-18.79,0.77,0.598,-22.29,,,,,,,,,,,,,,,,,,
EQ-0199,2024-09-10 00:00:00,避雷器,杭州滨江110kV变电站,0.798,0.646,-19.12,1.001,0.816,-18.49,,,,,,,,,,,,,,,,,,
EQ-0210,2024-09-10 00:00:00,电容器组,昆山35kV变电站,0.828,0.597,-27.97,0.993,0.708,-28.71,,,,,,,,,,0.004,0.005,14.06,,,,,,
EQ-0351,2024-09-25 00:00:00,断路器,武侯110kV变电站,0.676,0.536,-20.81,0.847,0.664,-21.59,,,,,,,7729.333,8972.667,16.09,,,,,,,0.496,0.467,-5.72
EQ-0016,2024-09-10 00:00:00,隔离开关,龙华220kV变电站,0.865,0.644,-25.45,1.005,0.814,-18.99,,,,,,,,,,,,,,,,,,
EQ-0213,2024-09-27 00:00:00,避雷器,昆山35kV变电站,0.686,0.5,-27.04,0.852,0.607,-28.7,,,,,,,,,,,,,,,,,,
EQ-0010,2024-09-10 00:00:00,断路器,龙华220kV变电站,0.732,0.563,-23.05,0.935,0.693,-25.86,,,,,,,6705.667,8117.667,21.06,,,,,,,0.496,0.463,-6.52
EQ-0265,2024-09-26 00:00:00,隔离开关,天津滨海220kV变电站,0.757,0.542,-28.47,0.877,0.698,-20.42,,,,,,,,,,,,,,,,,,
EQ-0072,2024-10-03 00:00:00,断路器,南沙110kV变电站,0.662,0.603,-8.83,0.815,0.735,-9.76,,,,,,,10361.0,11508.333,11.07,,,,,,,0.486,0.519,6.79
EQ-0386,2024-09-10 00:00:00,避雷器,重庆两江220kV变电站,0.702,0.567,-19.28,0.916,0.686,-25.13,,,,,,,,,,,,,,,,,,
EQ-0292,2024-09-10 00:00:00,避雷器,石家庄高新35kV变电站,0.656,0.519,-20.88,0.854,0.648,-24.06,,,,,,,,,,,,,,,,,,
EQ-0384,2024-09-26 00:00:00,电容器组,重庆两江220kV变电站,0.744,0.558,-24.95,0.902,0.735,-18.49,,,,,,,,,,0.004,0.003,-5.16,,,,,,
EQ-0293,2024-09-10 00:00:00,避雷器,石家庄高新35kV变电站,0.77,0.581,-24.54,0.98,0.723,-26.27,,,,,,,,,,,,,,,,,,
EQ-0111,2024-09-10 00:00:00,断路器,张江110kV变电站,0.782,0.613,-21.56,1.004,0.781,-22.23,,,,,,,6335.667,8499.333,34.15,,,,,,,0.47,0.496,5.46
EQ-0144,2024-09-10 00:00:00,避雷器,临港110kV变电站,0.729,0.571,-21.59,0.958,0.721,-24.76,,,,,,,,,,,,,,,,,,
EQ-0178,2024-09-10 00:00:00,避雷器,苏州工业园220kV变电站,0.609,0.468,-23.24,0.759,0.59,-22.36,,,,,,,,,,,,,,,,,,
EQ-0339,2024-09-10 00:00:00,电容器组,长沙星沙110kV变电站,0.794,0.572,-27.9,0.963,0.713,-25.98,,,,,,,,,,0.004,0.004,13.71,,,,,,
EQ-0188,2024-09-11 00:00:00,断路器,杭州滨江110kV变电站,0.902,0.671,-25.65,1.062,0.831,-21.75,,,,,,,9982.667,8126.667,-18.59,,,,,,,0.485,0.484,-0.21
EQ-0257,2024-09-11 00:00:00,断路器,天津滨海220kV变电站,0.666,0.554,-16.83,0.845,0.697,-17.46,,,,,,,9556.333,9780.0,2.34,,,,,,,0.51,0.462,-9.35
EQ-0086,2024-09-17 00:00:00,GIS组合电器,南沙110kV变电站,0.747,0.585,-21.71,0.945,0.739,-21.79,73.5,56.233,-23.49,92.367,73.3,-20.64,8841.667,10924.333,23.56,,,,5.733,4.9,-14.53,0.505,0.458,-9.24
EQ-0202,2024-09-30 00:00:00,电力变压器,昆山35kV变电站,0.782,0.604,-22.76,0.961,0.776,-19.27,79.4,52.567,-33.8,100.9,71.667,-28.97,8540.667,7750.0,-9.26,0.006,0.005,-12.86,10.8,15.433,42.9,,,
EQ-0219,2024-09-11 00:00:00,断路器,亦庄110kV变电站,0.869,0.619,-28.72,1.037,0.777,-25.01,,,,,,,8766.0,8724.0,-0.48,,,,,,,0.478,0.452,-5.57
EQ-0433,2024-09-11 00:00:00,隔离开关,大连开发区35kV变电站,0.605,0.477,-21.21,0.727,0.628,-13.7,,,,,,,,,,,,,,,,,,
EQ-0279,2024-09-17 00:00:00,GIS组合电器,天津滨海220kV变电站,0.763,0.587,-23.07,0.941,0.689,-26.76,72.0,47.667,-33.8,90.867,64.333,-29.2,8860.333,9584.667,8.18,,,,4.3,5.9,37.21,0.495,0.498,0.54
EQ-0427,2024-09-15 00:00:00,电力变压器,大连开发区35kV变电站,0.721,0.559,-22.55,0.938,0.71,-24.34,73.2,42.067,-42.53,90.367,59.733,-33.9,7728.0,6600.333,-14.59,0.005,0.005,-1.3,8.2,5.733,-30.08,,,
EQ-0370,2024-09-11 00:00:00,断路器,重庆两江220kV变电站,0.671,0.5,-25.51,0.872,0.605,-30.56,,,,,,,8283.333,9286.667,12.11,,,,,,,0.491,0.458,-6.78
EQ-0181,2024-09-11 00:00:00,GIS组合电器,苏州工业园220kV变电站,0.697,0.557,-20.07,0.872,0.705,-19.22,76.767,54.533,-28.96,94.967,70.633,-25.62,7483.0,10700.333,43.0,,,,10.3,7.9,-23.3,0.479,0.497,3.9
EQ-0170,2024-09-11 00:00:00,电容器组,苏州工业园220kV变电站,0.672,0.516,-23.15,0.833,0.684,-17.98,,,,,,,,,,0.005,0.006,24.26,,,,,,
EQ-0035,2024-09-11 00:00:00,GIS组合电器,龙华220kV变电站,0.781,0.586,-24.99,0.982,0.707,-27.99,80.8,58.4,-27.72,99.867,73.2,-26.7,10521.667,9071.0,-13.79,,,,7.133,10.167,42.52,0.484,0.501,3.44
EQ-0235,2024-09-11 00:00:00,避雷器,亦庄110kV变电站,0.645,0.506,-21.5,0.827,0.599,-27.59,,,,,,,,,,,,,,,,,,
EQ-0080,2024-09-11 00:00:00,电容器组,南沙110kV变电站,0.787,0.604,-23.27,0.988,0.723,-26.83,,,,,,,,,,0.005,0.004,-14.21,,,,,,
EQ-0250,2024-09-26 00:00:00,避雷器,通州35kV变电站,0.844,0.634,-24.94,1.046,0.784,-25.13,,,,,,,,,,,,,,,,,,
EQ-0314,2024-09-11 00:00:00,电力变压器,江夏35kV变电站,0.805,0.608,-24.54,1.008,0.766,-23.97,78.967,51.967,-34.19,99.433,69.8,-29.8,7413.667,9129.0,23.14,0.005,0.006,11.72,12.967,6.633,-48.84,,,
EQ-0140,2024-09-11 00:00:00,隔离开关,临港110kV变电站,0.664,0.53,-20.13,0.85,0.638,-24.97,,,,,,,,,,,,,,,,,,
EQ-0331,2024-09-12 00:00:00,断路器,长沙星沙110kV变电站,0.691,0.495,-28.27,0.869,0.61,-29.85,,,,,,,7900.667,9080.0,14.93,,,,,,,0.478,0.517,8.15
EQ-0143,2024-10-05 00:00:00,避雷器,临港110kV变电站,0.733,0.66,-9.97,0.892,0.87,-2.5,,,,,,,,,,,,,,,,,,
EQ-0326,2024-09-12 00:00:00,避雷器,江夏35kV变电站,0.681,0.487,-28.48,0.885,0.619,-30.02,,,,,,,,,,,,,,,,,,
EQ-0298,2024-09-12 00:00:00,断路器,武昌110kV变电站,0.809,0.603,-25.48,1.002,0.75,-25.1,,,,,,,7070.0,8478.333,19.92,,,,,,,0.478,0.499,4.32
EQ-0312,2024-09-12 00:00:00,避雷器,武昌110kV变电站,0.759,0.586,-22.77,0.915,0.754,-17.65,,,,,,,,,,,,,,,,,,
EQ-0311,2024-09-12 00:00:00,避雷器,武昌110kV变电站,0.855,0.704,-17.7,1.012,0.849,-16.08,,,,,,,,,,,,,,,,,,
EQ-0057,2024-09-12 00:00:00,电容器组,松山湖220kV变电站,0.849,0.652,-23.27,1.06,0.83,-21.75,,,,,,,,,,0.004,0.005,24.09,,,,,,
EQ-0347,2024-09-12 00:00:00,电力变压器,武侯110kV变电站,0.606,0.484,-20.11,0.747,0.598,-19.99,74.1,49.267,-33.51,89.1,64.767,-27.31,8728.667,10682.333,22.38,0.003,0.005,93.55,4.0,4.4,10.0,,,
EQ-0162,2024-09-12 00:00:00,隔离开关,苏州工业园220kV变电站,0.808,0.618,-23.5,1.039,0.776,-25.32,,,,,,,,,,,,,,,,,,
EQ-0073,2024-09-12 00:00:00,断路器,南沙110kV变电站,0.771,0.517,-32.97,0.98,0.629,-35.78,,,,,,,10081.667,10286.0,2.03,,,,,,,0.491,0.494,0.47
EQ-0005,2024-09-12 00:00:00,电力变压器,龙华220kV变电站,0.722,0.553,-23.47,0.935,0.69,-26.27,80.0,57.233,-28.46,99.6,72.633,-27.07,8121.667,8036.0,-1.05,0.005,0.007,34.26,7.367,15.5,110.41,,,
EQ-0042,2024-09-12 00:00:00,电力变压器,松山湖220kV变电站,0.807,0.589,-27.1,1.009,0.737,-26.95,83.5,52.667,-36.93,102.433,71.733,-29.97,9841.0,11034.667,12.13,0.005,0.004,-18.36,12.0,4.633,-61.39,,,
EQ-0033,2024-09-13 00:00:00,避雷器,龙华220kV变电站,0.8,0.615,-23.06,0.968,0.788,-18.63,,,,,,,,,,,,,,,,,,
EQ-0333,2024-09-13 00:00:00,断路器,长沙星沙110kV变电站,0.817,0.603,-26.15,0.965,0.734,-23.91,,,,,,,9504.0,10547.333,10.98,,,,,,,0.492,0.502,2.17
EQ-0237,2024-09-13 00:00:00,GIS组合电器,亦庄110kV变电站,0.818,0.629,-23.17,1.02,0.767,-24.85,77.633,47.333,-39.03,96.167,65.133,-32.27,7596.0,7361.333,-3.09,,,,8.067,11.367,40.91,0.476,0.475,-0.21
EQ-0196,2024-09-13 00:00:00,避雷器,杭州滨江110kV变电站,0.735,0.515,-30.0,0.929,0.638,-31.33,,,,,,,,,,,,,,,,,,
EQ-0164,2024-09-13 00:00:00,隔离开关,苏州工业园220kV变电站,0.778,0.592,-23.91,0.987,0.714,-27.66,,,,,,,,,,,,,,,,,,
EQ-0304,2024-09-13 00:00:00,隔离开关,武昌110kV变电站,0.768,0.573,-25.37,0.912,0.706,-22.57,,,,,,,,,,,,,,,,,,
EQ-0320,2024-09-13 00:00:00,隔离开关,江夏35kV变电站,0.663,0.476,-28.24,0.841,0.583,-30.66,,,,,,,,,,,,,,,,,,
EQ-0091,2024-09-13 00:00:00,断路器,前海110kV变电站,0.812,0.61,-24.92,1.025,0.771,-24.81,,,,,,,10469.0,10443.0,-0.25,,,,,,,0.507,0.499,-1.58
EQ-0349,2024-09-20 00:00:00,断路器,武侯110kV变电站,0.648,0.505,-22.08,0.818,0.629,-23.18,,,,,,,8893.0,10427.0,17.25,,,,,,,0.484,0.483,-0.14
EQ-0130,2024-09-13 00:00:00,电力变压器,临港110kV变电站,0.665,0.529,-20.39,0.828,0.696,-15.95,70.833,51.4,-27.44,89.333,68.467,-23.36,10233.667,10491.333,2.52,0.004,0.004,7.8,11.067,9.9,-10.54,,,
EQ-0424,2024-09-13 00:00:00,避雷器,沈阳浑南110kV变电站,0.661,0.515,-22.15,0.858,0.675,-21.31,,,,,,,,,,,,,,,,,,
EQ-0094,2024-10-03 00:00:00,断路器,前海110kV变电站,0.617,0.543,-12.06,0.753,0.671,-10.88,,,,,,,11340.0,8950.0,-21.08,,,,,,,0.536,0.502,-6.28
EQ-0330,2024-10-07 00:00:00,断路器,长沙星沙110kV变电站,0.708,0.626,-11.57,0.889,0.765,-13.9,,,,,,,8987.667,9613.0,6.96,,,,,,,0.468,0.458,-2.21
EQ-0435,2024-09-13 00:00:00,电容器组,大连开发区35kV变电站,0.666,0.508,-23.7,0.831,0.658,-20.86,,,,,,,,,,0.006,0.004,-23.99,,,,,,
EQ-0350,2024-09-13 00:00:00,断路器,武侯110kV变电站,0.767,0.568,-25.88,0.905,0.704,-22.28,,,,,,,9201.667,9141.333,-0.66,,,,,,,0.49,0.468,-4.56
EQ-0026,2024-10-06 00:00:00,电容器组,龙华220kV变电站,0.758,0.683,-9.88,0.957,0.846,-11.6,,,,,,,,,,0.005,0.004,-9.61,,,,,,
EQ-0156,2024-09-13 00:00:00,断路器,苏州工业园220kV变电站,0.598,0.483,-19.2,0.764,0.614,-19.59,,,,,,,8377.0,8709.0,3.96,,,,,,,0.495,0.492,-0.47
EQ-0200,2024-09-14 00:00:00,GIS组合电器,杭州滨江110kV变电站,0.609,0.464,-23.8,0.764,0.56,-26.68,73.567,48.6,-33.94,90.1,63.6,-29.41,8186.333,8885.667,8.54,,,,13.333,10.033,-24.75,0.481,0.462,-3.95
EQ-0132,2024-10-04 00:00:00,断路器,临港110kV变电站,0.738,0.656,-11.02,0.9,0.796,-11.51,,,,,,,9863.667,9268.333,-6.04,,,,,,,0.449,0.504,12.09
EQ-0431,2024-09-14 00:00:00,断路器,大连开发区35kV变电站,0.856,0.643,-24.91,1.017,0.807,-20.66,,,,,,,7711.667,7949.0,3.08,,,,,,,0.504,0.468,-7.21
EQ-0007,2024-09-26 00:00:00,断路器,龙华220kV变电站,0.723,0.557,-22.92,0.93,0.669,-28.08,,,,,,,9561.667,9470.667,-0.95,,,,,,,0.519,0.484,-6.81
EQ-0052,2024-10-06 00:00:00,隔离开关,松山湖220kV变电站,0.717,0.564,-21.38,0.934,0.735,-21.24,,,,,,,,,,,,,,,,,,
EQ-0082,2024-09-14 00:00:00,避雷器,南沙110kV变电站,0.85,0.682,-19.74,1.033,0.87,-15.8,,,,,,,,,,,,,,,,,,
EQ-0101,2024-09-14 00:00:00,避雷器,前海110kV变电站,0.671,0.486,-27.6,0.864,0.595,-31.15,,,,,,,,,,,,,,,,,,
EQ-0002,2024-09-14 00:00:00,电力变压器,龙华220kV变电站,0.738,0.539,-27.0,0.949,0.704,-25.83,78.633,55.333,-29.63,97.667,72.733,-25.53,9087.333,9547.667,5.07,0.004,0.003,-20.98,8.0,9.867,23.33,,,
EQ-0282,2024-09-14 00:00:00,电力变压器,石家庄高新35kV变电站,0.867,0.651,-24.93,1.018,0.856,-15.95,74.133,51.967,-29.9,96.033,69.667,-27.46,7541.333,8842.333,17.25,0.005,0.005,-6.35,9.233,10.033,8.66,,,
EQ-0211,2024-09-14 00:00:00,电容器组,昆山35kV变电站,0.675,0.535,-20.75,0.861,0.68,-21.04,,,,,,,,,,0.006,0.007,18.23,,,,,,
EQ-0374,2024-09-14 00:00:00,断路器,重庆两江220kV变电站,0.862,0.644,-25.3,1.058,0.819,-22.57,,,,,,,8842.333,9461.667,7.0,,,,,,,0.448,0.488,8.93
EQ-0166,2024-09-14 00:00:00,隔离开关,苏州工业园220kV变电站,0.662,0.486,-26.56,0.775,0.57,-26.43,,,,,,,,,,,,,,,,,,
EQ-0328,2024-09-14 00:00:00,电力变压器,长沙星沙110kV变电站,0.813,0.61,-25.06,1.03,0.753,-26.93,78.0,52.5,-32.69,99.4,69.967,-29.61,9313.333,10045.667,7.86,0.004,0.004,8.84,7.7,9.667,25.54,,,
EQ-0075,2024-09-14 00:00:00,断路器,南沙110kV变电站,0.666,0.571,-14.22,0.799,0.719,-10.03,,,,,,,9949.333,10298.667,3.51,,,,,,,0.484,0.47,-2.96
EQ-0403,2024-09-14 00:00:00,电容器组,成都高新35kV变电站,0.61,0.487,-20.1,0.774,0.624,-19.44,,,,,,,,,,0.005,0.004,-4.73,,,,,,
EQ-0310,2024-09-14 00:00:00,避雷器,武昌110kV变电站,0.63,0.471,-25.21,0.77,0.581,-24.46,,,,,,,,,,,,,,,,,,
EQ-0177,2024-09-15 00:00:00,避雷器,苏州工业园220kV变电站,0.681,0.559,-17.9,0.804,0.699,-13.16,,,,,,,,,,,,,,,,,,
EQ-0090,2024-10-04 00:00:00,断路器,前海110kV变电站,0.696,0.639,-8.19,0.874,0.779,-10.84,,,,,,,9022.333,9823.0,8.87,,,,,,,0.492,0.493,0.2
EQ-0036,2024-09-15 00:00:00,GIS组合电器,龙华220kV变电站,0.823,0.618,-24.98,1.017,0.768,-24.47,84.533,59.0,-30.21,105.867,76.8,-27.46,8587.667,8171.0,-4.85,,,,10.767,12.767,18.58,0.477,0.495,3.63
EQ-0136,2024-09-15 00:00:00,断路器,临港110kV变电站,0.706,0.524,-25.75,0.86,0.663,-22.95,,,,,,,7932.667,11617.0,46.45,,,,,,,0.489,0.464,-5.11
EQ-0201,2024-09-15 00:00:00,电力变压器,昆山35kV变电站,0.695,0.568,-18.32,0.847,0.695,-17.97,75.7,56.2,-25.76,96.5,73.467,-23.87,8202.333,5941.667,-27.56,0.005,0.005,-0.28,16.0,16.4,2.5,,,
EQ-0323,2024-09-15 00:00:00,电容器组,江夏35kV变电站,0.798,0.597,-25.17,0.966,0.752,-22.11,,,,,,,,,,0.006,0.006,-0.53,,,,,,
EQ-0043,2024-09-15 00:00:00,断路器,松山湖220kV变电站,0.628,0.493,-21.54,0.783,0.612,-21.86,,,,,,,9465.667,11078.667,17.04,,,,,,,0.498,0.532,6.76
EQ-0030,2024-09-15 00:00:00,避雷器,龙华220kV变电站,0.793,0.609,-23.14,0.949,0.78,-17.77,,,,,,,,,,,,,,,,,,
EQ-0422,2024-10-06 00:00:00,避雷器,沈阳浑南110kV变电站,0.727,0.672,-7.54,0.895,0.88,-1.72,,,,,,,,,,,,,,,,,,
EQ-0325,2024-09-15 00:00:00,避雷器,江夏35kV变电站,0.58,0.483,-16.69,0.698,0.588,-15.75,,,,,,,,,,,,,,,,,,
EQ-0246,2024-09-15 00:00:00,隔离开关,通州35kV变电站,0.808,0.633,-21.71,0.977,0.768,-21.4,,,,,,,,,,,,,,,,,,
EQ-0258,2024-09-18 00:00:00,断路器,天津滨海220kV变电站,0.756,0.527,-30.24,0.956,0.635,-33.62,,,,,,,10775.0,10741.667,-0.31,,,,,,,0.524,0.497,-5.22
EQ-0247,2024-09-15 00:00:00,电容器组,通州35kV变电站,0.781,0.605,-22.58,0.953,0.774,-18.83,,,,,,,,,,0.005,0.005,8.4,,,,,,
EQ-0160,2024-09-15 00:00:00,断路器,苏州工业园220kV变电站,0.679,0.497,-26.89,0.846,0.622,-26.51,,,,,,,7357.333,10179.0,38.35,,,,,,,0.458,0.501,9.46
EQ-0099,2024-09-15 00:00:00,电容器组,前海110kV变电站,0.809,0.589,-27.29,1.017,0.712,-30.02,,,,,,,,,,0.004,0.005,20.03,,,,,,
EQ-0307,2024-09-16 00:00:00,电容器组,武昌110kV变电站,0.698,0.523,-25.0,0.856,0.666,-22.16,,,,,,,,,,0.006,0.005,-10.68,,,,,,
EQ-0327,2024-09-16 00:00:00,电力变压器,长沙星沙110kV变电站,0.658,0.519,-21.06,0.795,0.662,-16.68,73.2,49.4,-32.51,91.6,63.3,-30.9,10831.333,8979.0,-17.1,0.003,0.004,28.57,12.167,10.733,-11.78,,,
EQ-0244,2024-09-16 00:00:00,隔离开关,通州35kV变电站,0.834,0.639,-23.38,1.003,0.751,-25.15,,,,,,,,,,,,,,,,,,
EQ-0168,2024-09-16 00:00:00,隔离开关,苏州工业园220kV变电站,0.872,0.642,-26.4,1.086,0.803,-26.01,,,,,,,,,,,,,,,,,,
EQ-0049,2024-09-16 00:00:00,断路器,松山湖220kV变电站,0.71,0.557,-21.58,0.943,0.688,-26.98,,,,,,,8429.0,8562.667,1.59,,,,,,,0.493,0.498,1.01
EQ-0306,2024-09-16 00:00:00,隔离开关,武昌110kV变电站,0.686,0.534,-22.15,0.826,0.693,-16.05,,,,,,,,,,,,,,,,,,
EQ-0381,2024-09-16 00:00:00,隔离开关,重庆两江220kV变电站,0.808,0.629,-22.13,0.976,0.776,-20.51,,,,,,,,,,,,,,,,,,
EQ-0110,2024-09-10 00:00:00,断路器,张江110kV变电站,0.693,0.517,-25.39,0.888,0.622,-29.91,,,,,,,8490.333,9140.667,7.66,,,,,,,0.465,0.48,3.15
EQ-0274,2024-10-09 00:00:00,避雷器,天津滨海220kV变电站,0.772,0.679,-11.98,0.9,0.848,-5.72,,,,,,,,,,,,,,,,,,
EQ-0295,2024-09-15 00:00:00,电力变压器,武昌110kV变电站,0.763,0.597,-21.69,0.933,0.758,-18.77,72.367,53.433,-26.16,91.4,70.733,-22.61,8293.0,8360.667,0.82,0.005,0.005,1.59,12.0,13.533,12.78,,,
EQ-0129,2024-09-16 00:00:00,电力变压器,临港110kV变电站,0.611,0.488,-20.06,0.733,0.624,-14.82,74.067,51.6,-30.33,91.2,65.733,-27.92,12195.333,11483.333,-5.84,0.002,0.003,20.0,5.367,7.9,47.2,,,
EQ-0046,2024-09-16 00:00:00,断路器,松山湖220kV变电站,0.78,0.616,-21.0,0.996,0.732,-26.46,,,,,,,9201.333,8818.333,-4.16,,,,,,,0.48,0.502,4.51
EQ-0385,2024-09-22 00:00:00,电容器组,重庆两江220kV变电站,0.664,0.548,-17.54,0.832,0.694,-16.58,,,,,,,,,,0.006,0.005,-18.31,,,,,,
EQ-0112,2024-09-16 00:00:00,断路器,张江110kV变电站,0.732,0.549,-24.98,0.894,0.693,-22.49,,,,,,,7485.333,10598.667,41.59,,,,,,,0.477,0.466,-2.38
EQ-0065,2024-09-16 00:00:00,GIS组合电器,松山湖220kV变电站,0.738,0.56,-24.06,0.918,0.705,-23.23,80.3,59.867,-25.45,97.867,73.4,-25.0,9179.0,7429.0,-19.07,,,,9.667,6.8,-29.66,0.475,0.483,1.75
EQ-0092,2024-09-17 00:00:00,断路器,前海110kV变电站,0.696,0.532,-23.47,0.889,0.656,-26.15,,,,,,,10526.0,10495.667,-0.29,,,,,,,0.48,0.533,10.96
EQ-0308,2024-09-17 00:00:00,电容器组,武昌110kV变电站,0.742,0.569,-23.37,0.955,0.726,-24.02,,,,,,,,,,0.005,0.004,-13.67,,,,,,
EQ-0062,2024-09-17 00:00:00,避雷器,松山湖220kV变电站,0.693,0.494,-28.72,0.838,0.608,-27.51,,,,,,,,,,,,,,,,,,
EQ-0415,2024-10-16 00:00:00,断路器,沈阳浑南110kV变电站,0.57,0.498,-12.65,0.68,0.63,-7.41,,,,,,,10031.667,8363.667,-16.63,,,,,,,0.489,0.504,3.07
EQ-0074,2024-09-17 00:00:00,断路器,南沙110kV变电站,0.838,0.638,-23.89,1.023,0.775,-24.29,,,,,,,10823.333,10224.0,-5.54,,,,,,,0.493,0.491,-0.34
EQ-0215,2024-09-17 00:00:00,电力变压器,亦庄110kV变电站,0.701,0.519,-26.0,0.839,0.663,-20.94,71.967,47.0,-34.69,92.467,64.633,-30.1,8514.667,9428.667,10.73,0.006,0.004,-29.02,8.267,11.533,39.52,,,
EQ-0371,2024-09-17 00:00:00,断路器,重庆两江220kV变电站,0.681,0.55,-19.29,0.834,0.694,-16.76,,,,,,,7354.333,7909.0,7.54,,,,,,,0.456,0.506,11.12
EQ-0259,2024-09-17 00:00:00,断路器,天津滨海220kV变电站,0.608,0.481,-20.88,0.777,0.617,-20.66,,,,,,,9419.667,8886.0,-5.67,,,,,,,0.478,0.456,-4.6
EQ-0121,2024-09-17 00:00:00,电容器组,张江110kV变电站,0.834,0.649,-22.18,1.012,0.798,-21.22,,,,,,,,,,0.005,0.003,-29.9,,,,,,
EQ-0189,2024-09-29 00:00:00,断路器,杭州滨江110kV变电站,0.697,0.579,-16.91,0.88,0.71,-19.35,,,,,,,7300.0,9532.333,30.58,,,,,,,0.504,0.486,-3.64
EQ-0153,2024-10-14 00:00:00,断路器,苏州工业园220kV变电站,0.561,0.499,-10.99,0.676,0.594,-12.06,,,,,,,7895.333,7291.0,-7.65,,,,,,,0.477,0.472,-0.91
EQ-0114,2024-09-24 00:00:00,断路器,张江110kV变电站,0.863,0.685,-20.6,1.041,0.893,-14.19,,,,,,,8801.333,10079.0,14.52,,,,,,,0.5,0.479,-4.33
EQ-0180,2024-09-17 00:00:00,GIS组合电器,苏州工业园220kV变电站,0.632,0.456,-27.87,0.797,0.57,-28.46,75.467,48.833,-35.29,91.4,64.933,-28.96,7968.333,8840.0,10.94,,,,11.567,10.533,-8.93,0.482,0.506,5.12
EQ-0413,2024-09-18 00:00:00,断路器,沈阳浑南110kV变电站,0.751,0.551,-26.65,0.946,0.671,-29.1,,,,,,,8388.667,6924.333,-17.46,,,,,,,0.473,0.503,6.41
EQ-0198,2024-09-18 00:00:00,避雷器,杭州滨江110kV变电站,0.839,0.628,-25.17,0.988,0.79,-20.01,,,,,,,,,,,,,,,,,,
EQ-0137,2024-09-18 00:00:00,隔离开关,临港110kV变电站,0.658,0.526,-20.02,0.802,0.655,-18.34,,,,,,,,,,,,,,,,,,
EQ-0179,2024-09-18 00:00:00,GIS组合电器,苏州工业园220kV变电站,0.805,0.615,-23.58,0.98,0.761,-22.34,80.767,49.967,-38.13,101.4,71.4,-29.59,8292.667,7425.667,-10.46,,,,8.6,12.967,50.78,0.52,0.477,-8.27
EQ-0398,2024-09-27 00:00:00,断路器,成都高新35kV变电站,0.783,0.592,-24.36,0.991,0.715,-27.89,,,,,,,9742.667,8892.333,-8.73,,,,,,,0.48,0.498,3.89
EQ-0098,2024-09-18 00:00:00,隔离开关,前海110kV变电站,0.706,0.551,-21.93,0.93,0.647,-30.42,,,,,,,,,,,,,,,,,,
EQ-0324,2024-09-18 00:00:00,避雷器,江夏35kV变电站,0.83,0.614,-26.04,1.011,0.777,-23.14,,,,,,,,,,,,,,,,,,
EQ-0416,2024-09-18 00:00:00,隔离开关,沈阳浑南110kV变电站,0.874,0.683,-21.88,1.037,0.834,-19.51,,,,,,,,,,,,,,,,,,
EQ-0216,2024-09-18 00:00:00,电力变压器,亦庄110kV变电站,0.875,0.678,-22.55,1.013,0.852,-15.94,74.233,53.3,-28.2,94.167,73.7,-21.73,9413.333,8935.0,-5.08,0.005,0.005,-0.91,8.3,3.567,-57.03,,,
EQ-0212,2024-09-18 00:00:00,避雷器,昆山35kV变电站,0.72,0.597,-17.05,0.902,0.727,-19.39,,,,,,,,,,,,,,,,,,
EQ-0341,2024-09-18 00:00:00,避雷器,长沙星沙110kV变电站,0.699,0.535,-23.37,0.861,0.632,-26.56,,,,,,,,,,,,,,,,,,
EQ-0236,2024-09-18 00:00:00,GIS组合电器,亦庄110kV变电站,0.785,0.583,-25.73,1.008,0.712,-29.35,72.6,50.833,-29.98,93.933,66.2,-29.52,9622.0,9090.333,-5.53,,,,11.867,11.533,-2.81,0.519,0.484,-6.68
EQ-0365,2024-09-18 00:00:00,电力变压器,重庆两江220kV变电站,0.882,0.631,-28.48,1.043,0.793,-23.97,81.1,55.233,-31.89,101.933,73.433,-27.96,8750.0,9075.667,3.72,0.005,0.004,-24.56,14.0,9.767,-30.24,,,
EQ-0039,2024-09-27 00:00:00,电力变压器,松山湖220kV变电站,0.862,0.645,-25.09,1.019,0.831,-18.43,84.733,57.567,-32.06,105.033,73.333,-30.18,10239.667,8653.333,-15.49,0.004,0.004,1.42,11.633,6.433,-44.7,,,
EQ-0050,2024-09-18 00:00:00,断路器,松山湖220kV变电站,0.687,0.548,-20.18,0.84,0.7,-16.61,,,,,,,10041.667,7314.667,-27.16,,,,,,,0.47,0.464,-1.21
EQ-0375,2024-09-19 00:00:00,断路器,重庆两江220kV变电站,0.819,0.64,-21.86,1.005,0.777,-22.75,,,,,,,9820.333,10539.0,7.32,,,,,,,0.468,0.495,5.84
EQ-0277,2024-09-19 00:00:00,避雷器,天津滨海220kV变电站,0.718,0.524,-27.01,0.878,0.669,-23.82,,,,,,,,,,,,,,,,,,
EQ-0360,2024-09-19 00:00:00,避雷器,武侯110kV变电站,0.838,0.646,-22.9,1.007,0.816,-18.98,,,,,,,,,,,,,,,,,,
EQ-0394,2024-09-19 00:00:00,GIS组合电器,重庆两江220kV变电站,0.869,0.635,-26.93,1.011,0.793,-21.56,73.333,53.467,-27.09,96.367,70.767,-26.57,7091.333,9883.667,39.38,,,,8.2,13.1,59.76,0.463,0.508,9.65
EQ-0064,2024-09-19 00:00:00,避雷器,松山湖220kV变电站,0.848,0.654,-22.88,1.037,0.826,-20.4,,,,,,,,,,,,,,,,,,
EQ-0053,2024-09-19 00:00:00,隔离开关,松山湖220kV变电站,0.667,0.495,-25.77,0.882,0.625,-29.18,,,,,,,,,,,,,,,,,,
EQ-0081,2024-09-19 00:00:00,电容器组,南沙110kV变电站,0.757,0.604,-20.18,0.941,0.75,-20.37,,,,,,,,,,0.004,0.003,-28.47,,,,,,
EQ-0167,2024-10-13 00:00:00,隔离开关,苏州工业园220kV变电站,0.782,0.7,-10.51,0.961,0.872,-9.23,,,,,,,,,,,,,,,,,,
EQ-0255,2024-09-19 00:00:00,电力变压器,天津滨海220kV变电站,0.838,0.61,-27.24,1.022,0.755,-26.13,77.133,50.067,-35.09,98.133,68.067,-30.64,7127.333,9838.333,38.04,0.005,0.004,-7.29,9.4,8.733,-7.09,,,
EQ-0344,2024-09-19 00:00:00,避雷器,长沙星沙110kV变电站,0.8,0.644,-19.43,0.992,0.782,-21.17,,,,,,,,,,,,,,,,,,
EQ-0355,2024-09-19 00:00:00,隔离开关,武侯110kV变电站,0.762,0.541,-28.98,0.902,0.663,-26.54,,,,,,,,,,,,,,,,,,
EQ-0011,2024-09-19 00:00:00,断路器,龙华220kV变电站,0.645,0.453,-29.74,0.795,0.556,-30.03,,,,,,,8088.333,8739.0,8.04,,,,,,,0.457,0.496,8.38
EQ-0411,2024-10-09 00:00:00,断路器,沈阳浑南110kV变电站,0.763,0.679,-11.04,0.885,0.839,-5.19,,,,,,,8140.667,9102.667,11.82,,,,,,,0.438,0.498,13.54
EQ-0430,2024-09-30 00:00:00,断路器,大连开发区35kV变电站,0.771,0.582,-24.52,1.015,0.753,-25.81,,,,,,,8495.667,9795.0,15.29,,,,,,,0.481,0.496,3.26
EQ-0063,2024-10-06 00:00:00,避雷器,松山湖220kV变电站,0.643,0.548,-14.86,0.842,0.694,-17.54,,,,,,,,,,,,,,,,,,
EQ-0414,2024-09-19 00:00:00,断路器,沈阳浑南110kV变电站,0.754,0.56,-25.79,0.9,0.718,-20.2,,,,,,,7340.0,8848.0,20.54,,,,,,,0.465,0.489,5.09
EQ-0353,2024-09-19 00:00:00,断路器,武侯110kV变电站,0.798,0.6,-24.75,0.985,0.748,-24.09,,,,,,,8518.0,11957.0,40.37,,,,,,,0.497,0.514,3.49
EQ-0197,2024-09-19 00:00:00,避雷器,杭州滨江110kV变电站,0.633,0.526,-16.85,0.823,0.652,-20.75,,,,,,,,,,,,,,,,,,
EQ-0093,2024-09-19 00:00:00,断路器,前海110kV变电站,0.744,0.558,-25.02,0.925,0.696,-24.76,,,,,,,11544.333,10765.0,-6.75,,,,,,,0.519,0.518,-0.32
EQ-0024,2024-09-19 00:00:00,电容器组,龙华220kV变电站,0.669,0.517,-22.68,0.825,0.645,-21.76,,,,,,,,,,0.006,0.005,-11.82,,,,,,
EQ-0128,2024-09-19 00:00:00,GIS组合电器,张江110kV变电站,0.784,0.569,-27.41,0.986,0.711,-27.91,81.6,53.733,-34.15,101.467,71.3,-29.73,10137.333,9719.0,-4.13,,,,8.7,11.233,29.12,0.495,0.492,-0.61
EQ-0095,2024-10-12 00:00:00,隔离开关,前海110kV变电站,0.678,0.62,-8.54,0.869,0.809,-6.98,,,,,,,,,,,,,,,,,,
EQ-0423,2024-10-01 00:00:00,避雷器,沈阳浑南110kV变电站,0.698,0.544,-21.94,0.868,0.688,-20.76,,,,,,,,,,,,,,,,,,
EQ-0138,2024-09-20 00:00:00,隔离开关,临港110kV变电站,0.722,0.502,-30.49,0.857,0.623,-27.35,,,,,,,,,,,,,,,,,,
EQ-0273,2024-09-20 00:00:00,避雷器,天津滨海220kV变电站,0.877,0.633,-27.85,1.034,0.822,-20.45,,,,,,,,,,,,,,,,,,
EQ-0354,2024-09-20 00:00:00,隔离开关,武侯110kV变电站,0.712,0.493,-30.72,0.903,0.617,-31.7,,,,,,,,,,,,,,,,,,
EQ-0303,2024-09-20 00:00:00,隔离开关,武昌110kV变电站,0.753,0.548,-27.2,0.959,0.669,-30.22,,,,,,,,,,,,,,,,,,
EQ-0357,2024-09-20 00:00:00,隔离开关,武侯110kV变电站,0.747,0.583,-21.9,0.917,0.716,-21.95,,,,,,,,,,,,,,,,,,
EQ-0396,2024-09-20 00:00:00,电力变压器,成都高新35kV变电站,0.683,0.526,-22.99,0.839,0.642,-23.52,73.267,49.333,-32.67,87.867,65.767,-25.15,9196.333,11099.0,20.69,0.004,0.004,-6.11,7.767,7.8,0.43,,,
EQ-0126,2024-09-20 00:00:00,避雷器,张江110kV变电站,0.766,0.59,-22.87,0.978,0.771,-21.18,,,,,,,,,,,,,,,,,,
EQ-0356,2024-10-10 00:00:00,隔离开关,武侯110kV变电站,0.59,0.555,-5.85,0.735,0.72,-2.07,,,,,,,,,,,,,,,,,,
EQ-0256,2024-09-21 00:00:00,断路器,天津滨海220kV变电站,0.65,0.476,-26.85,0.792,0.604,-23.7,,,,,,,8494.0,8754.667,3.07,,,,,,,0.464,0.447,-3.52
EQ-0346,2024-09-21 00:00:00,电力变压器,武侯110kV变电站,0.712,0.538,-24.37,0.898,0.671,-25.28,76.133,51.5,-32.36,93.4,68.933,-26.2,8862.667,7316.667,-17.44,0.005,0.005,5.91,7.333,8.667,18.18,,,
EQ-0242,2024-09-30 00:00:00,断路器,通州35kV变电站,0.875,0.669,-23.5,1.048,0.829,-20.94,,,,,,,9456.0,8299.0,-12.24,,,,,,,0.498,0.47,-5.63
EQ-0040,2024-09-21 00:00:00,电力变压器,松山湖220kV变电站,0.864,0.628,-27.38,1.038,0.799,-23.06,85.567,58.0,-32.22,105.233,75.167,-28.57,8617.333,8158.0,-5.33,0.004,0.004,1.04,10.9,12.933,18.65,,,
EQ-0038,2024-10-12 00:00:00,GIS组合电器,龙华220kV变电站,0.67,0.594,-11.34,0.832,0.747,-10.16,75.2,52.367,-30.36,93.0,68.167,-26.7,7298.667,8825.667,20.92,,,,15.3,15.9,3.92,0.489,0.49,0.14
EQ-0055,2024-09-21 00:00:00,隔离开关,松山湖220kV变电站,0.755,0.526,-30.34,0.89,0.684,-23.07,,,,,,,,,,,,,,,,,,
EQ-0345,2024-09-20 00:00:00,GIS组合电器,长沙星沙110kV变电站,0.744,0.613,-17.69,0.984,0.775,-21.27,75.033,51.933,-30.79,95.267,68.133,-28.48,9398.333,11013.333,17.18,,,,5.3,9.0,69.81,0.456,0.467,2.49
EQ-0401,2024-09-21 00:00:00,隔离开关,成都高新35kV变电站,0.78,0.577,-26.03,0.958,0.708,-26.11,,,,,,,,,,,,,,,,,,
EQ-0174,2024-09-21 00:00:00,避雷器,苏州工业园220kV变电站,0.707,0.529,-25.15,0.886,0.652,-26.43,,,,,,,,,,,,,,,,,,
EQ-0176,2024-09-21 00:00:00,避雷器,苏州工业园220kV变电站,0.807,0.615,-23.77,1.015,0.748,-26.31,,,,,,,,,,,,,,,,,,
EQ-0203,2024-09-21 00:00:00,断路器,昆山35kV变电站,0.688,0.532,-22.66,0.893,0.643,-27.98,,,,,,,8155.0,7859.333,-3.63,,,,,,,0.465,0.5,7.68
EQ-0022,2024-09-19 00:00:00,隔离开关,龙华220kV变电站,0.748,0.55,-26.43,0.908,0.696,-23.34,,,,,,,,,,,,,,,,,,
EQ-0438,2024-09-22 00:00:00,避雷器,大连开发区35kV变电站,0.725,0.59,-18.58,0.889,0.719,-19.07,,,,,,,,,,,,,,,,,,
EQ-0248,2024-09-22 00:00:00,电容器组,通州35kV变电站,0.632,0.483,-23.59,0.843,0.613,-27.32,,,,,,,,,,0.006,0.004,-37.2,,,,,,
EQ-0348,2024-09-22 00:00:00,电力变压器,武侯110kV变电站,0.612,0.51,-16.63,0.768,0.621,-19.18,69.967,52.3,-25.25,87.3,67.633,-22.53,7870.0,9443.333,19.99,0.005,0.004,-9.76,7.867,5.5,-30.08,,,
EQ-0270,2024-10-08 00:00:00,电容器组,天津滨海220kV变电站,0.658,0.604,-8.12,0.843,0.792,-6.08,,,,,,,,,,0.004,0.006,46.65,,,,,,
EQ-0015,2024-09-22 00:00:00,断路器,龙华220kV变电站,0.617,0.486,-21.23,0.738,0.6,-18.62,,,,,,,6846.667,7882.0,15.12,,,,,,,0.509,0.461,-9.37
EQ-0391,2024-09-22 00:00:00,避雷器,重庆两江220kV变电站,0.662,0.498,-24.86,0.881,0.614,-30.36,,,,,,,,,,,,,,,,,,
EQ-0205,2024-10-10 00:00:00,断路器,昆山35kV变电站,0.586,0.508,-13.29,0.723,0.654,-9.53,,,,,,,6312.333,7884.333,24.9,,,,,,,0.475,0.487,2.46
EQ-0322,2024-09-22 00:00:00,电容器组,江夏35kV变电站,0.635,0.514,-18.98,0.833,0.613,-26.45,,,,,,,,,,0.006,0.004,-25.54,,,,,,
EQ-0288,2024-09-22 00:00:00,隔离开关,石家庄高新35kV变电站,0.714,0.547,-23.49,0.916,0.681,-25.64,,,,,,,,,,,,,,,,,,
EQ-0084,2024-09-22 00:00:00,避雷器,南沙110kV变电站,0.875,0.628,-28.18,1.012,0.795,-21.4,,,,,,,,,,,,,,,,,,
EQ-0117,2024-09-22 00:00:00,隔离开关,张江110kV变电站,0.795,0.608,-23.53,0.969,0.783,-19.21,,,,,,,,,,,,,,,,,,
EQ-0276,2024-09-22 00:00:00,避雷器,天津滨海220kV变电站,0.677,0.562,-16.98,0.842,0.691,-17.9,,,,,,,,,,,,,,,,,,
EQ-0268,2024-09-22 00:00:00,隔离开关,天津滨海220kV变电站,0.803,0.624,-22.32,1.018,0.803,-21.13,,,,,,,,,,,,,,,,,,
EQ-0260,2024-09-23 00:00:00,断路器,天津滨海220kV变电站,0.801,0.639,-20.23,1.031,0.828,-19.69,,,,,,,8191.0,7797.667,-4.8,,,,,,,0.475,0.481,1.26
EQ-0335,2024-10-16 00:00:00,隔离开关,长沙星沙110kV变电站,0.683,0.618,-9.49,0.894,0.802,-10.3,,,,,,,,,,,,,,,,,,
EQ-0227,2024-09-21 00:00:00,隔离开关,亦庄110kV变电站,0.887,0.689,-22.38,1.038,0.866,-16.58,,,,,,,,,,,,,,,,,,
EQ-0066,2024-09-23 00:00:00,GIS组合电器,松山湖220kV变电站,0.61,0.464,-23.87,0.776,0.574,-25.99,74.833,53.333,-28.73,92.133,70.267,-23.73,9412.333,9515.333,1.09,,,,8.733,6.9,-20.99,0.513,0.488,-4.81
EQ-0134,2024-09-23 00:00:00,断路器,临港110kV变电站,0.663,0.532,-19.76,0.848,0.678,-20.08,,,,,,,8755.667,9841.0,12.4,,,,,,,0.485,0.497,2.34
EQ-0108,2024-09-23 00:00:00,电力变压器,张江110kV变电站,0.814,0.653,-19.76,1.015,0.802,-20.99,82.6,55.633,-32.65,103.367,76.133,-26.35,9519.333,9271.0,-2.61,0.005,0.006,16.32,7.567,10.767,42.29,,,
EQ-0402,2024-09-23 00:00:00,隔离开关,成都高新35kV变电站,0.764,0.577,-24.56,0.944,0.7,-25.83,,,,,,,,,,,,,,,,,,
EQ-0302,2024-10-12 00:00:00,断路器,武昌110kV变电站,0.64,0.574,-10.33,0.782,0.712,-8.93,,,,,,,9027.333,7556.0,-16.3,,,,,,,0.469,0.476,1.42
EQ-0001,2024-09-16 00:00:00,电力变压器,龙华220kV变电站,0.739,0.536,-27.53,0.905,0.674,-25.6,81.7,55.1,-32.56,101.3,71.533,-29.38,9667.333,9019.667,-6.7,0.005,0.005,0.0,10.133,13.3,31.25,,,
EQ-0297,2024-09-23 00:00:00,电力变压器,武昌110kV变电站,0.66,0.487,-26.17,0.821,0.585,-28.77,73.1,45.967,-37.12,89.133,61.1,-31.45,8433.333,9009.333,6.83,0.004,0.005,30.37,9.8,7.1,-27.55,,,
EQ-0068,2024-10-04 00:00:00,电力变压器,南沙110kV变电站,0.538,0.476,-11.63,0.708,0.597,-15.67,73.9,45.767,-38.07,92.0,59.433,-35.4,10691.667,7679.667,-28.17,0.005,0.004,-25.15,9.4,6.733,-28.37,,,
EQ-0223,2024-09-23 00:00:00,断路器,亦庄110kV变电站,0.678,0.549,-18.98,0.83,0.712,-14.2,,,,,,,8889.333,9514.333,7.03,,,,,,,0.499,0.468,-6.28
EQ-0400,2024-10-09 00:00:00,隔离开关,成都高新35kV变电站,0.689,0.615,-10.72,0.871,0.768,-11.79,,,,,,,,,,,,,,,,,,
EQ-0217,2024-09-23 00:00:00,电力变压器,亦庄110kV变电站,0.811,0.61,-24.82,0.991,0.754,-23.99,77.8,49.433,-36.46,96.733,66.167,-31.6,8473.667,8114.0,-4.24,0.005,0.004,-15.79,13.367,12.8,-4.24,,,
EQ-0083,2024-09-23 00:00:00,避雷器,南沙110kV变电站,0.9,0.632,-29.74,1.028,0.785,-23.62,,,,,,,,,,,,,,,,,,
EQ-0380,2024-09-24 00:00:00,隔离开关,重庆两江220kV变电站,0.722,0.548,-24.05,0.889,0.663,-25.5,,,,,,,,,,,,,,,,,,
EQ-0079,2024-09-24 00:00:00,隔离开关,南沙110kV变电站,0.752,0.583,-22.51,0.989,0.702,-28.98,,,,,,,,,,,,,,,,,,
EQ-0332,2024-10-19 00:00:00,断路器,长沙星沙110kV变电站,0.563,0.507,-10.0,0.721,0.644,-10.64,,,,,,,8523.333,10206.333,19.75,,,,,,,0.461,0.5,8.61
EQ-0131,2024-09-24 00:00:00,电力变压器,临港110kV变电站,0.63,0.476,-24.44,0.757,0.588,-22.32,68.667,52.933,-22.91,87.367,66.933,-23.39,9963.0,9567.333,-3.97,0.004,0.004,11.8,4.8,5.267,9.72,,,
EQ-0027,2024-09-24 00:00:00,避雷器,龙华220kV变电站,0.812,0.617,-23.92,1.0,0.776,-22.42,,,,,,,,,,,,,,,,,,
EQ-0028,2024-09-24 00:00:00,避雷器,龙华220kV变电站,0.788,0.644,-18.24,1.017,0.828,-18.54,,,,,,,,,,,,,,,,,,
EQ-0261,2024-10-14 00:00:00,断路器,天津滨海220kV变电站,0.768,0.695,-9.49,0.927,0.888,-4.25,,,,,,,8586.333,8030.0,-6.48,,,,,,,0.502,0.471,-6.11
EQ-0358,2024-09-24 00:00:00,电容器组,武侯110kV变电站,0.791,0.649,-17.9,0.956,0.804,-15.84,,,,,,,,,,0.005,0.004,-7.64,,,,,,
EQ-0343,2024-09-24 00:00:00,避雷器,长沙星沙110kV变电站,0.809,0.582,-28.1,0.983,0.717,-27.14,,,,,,,,,,,,,,,,,,
EQ-0390,2024-09-24 00:00:00,避雷器,重庆两江220kV变电站,0.636,0.481,-24.45,0.764,0.595,-22.16,,,,,,,,,,,,,,,,,,
EQ-0004,2024-09-24 00:00:00,电力变压器,龙华220kV变电站,0.783,0.597,-23.75,0.962,0.769,-19.99,81.533,57.2,-29.84,101.3,74.9,-26.06,6108.0,9541.667,56.22,0.004,0.003,-19.55,8.8,11.267,28.03,,,
EQ-0008,2024-09-24 00:00:00,断路器,龙华220kV变电站,0.631,0.485,-23.16,0.797,0.575,-27.87,,,,,,,6790.333,8954.667,31.87,,,,,,,0.479,0.493,2.85
EQ-0115,2024-09-24 00:00:00,断路器,张江110kV变电站,0.698,0.531,-23.96,0.922,0.652,-29.28,,,,,,,5838.667,9026.333,54.6,,,,,,,0.504,0.456,-9.65
EQ-0145,2024-09-25 00:00:00,避雷器,临港110kV变电站,0.685,0.509,-25.79,0.838,0.613,-26.8,,,,,,,,,,,,,,,,,,
EQ-0361,2024-09-25 00:00:00,避雷器,武侯110kV变电站,0.84,0.649,-22.71,1.021,0.792,-22.44,,,,,,,,,,,,,,,,,,
EQ-0362,2024-09-25 00:00:00,避雷器,武侯110kV变电站,0.82,0.623,-24.08,1.005,0.775,-22.84,,,,,,,,,,,,,,,,,,
EQ-0280,2024-09-25 00:00:00,GIS组合电器,天津滨海220kV变电站,0.637,0.475,-25.41,0.802,0.608,-24.22,66.4,44.8,-32.53,80.6,60.533,-24.9,6793.333,7390.0,8.78,,,,7.567,10.9,44.05,0.491,0.461,-6.24
EQ-0124,2024-09-25 00:00:00,避雷器,张江110kV变电站,0.845,0.645,-23.64,1.011,0.802,-20.72,,,,,,,,,,,,,,,,,,
EQ-0425,2024-09-25 00:00:00,避雷器,沈阳浑南110kV变电站,0.829,0.608,-26.71,1.014,0.752,-25.82,,,,,,,,,,,,,,,,,,
EQ-0206,2024-09-25 00:00:00,断路器,昆山35kV变电站,0.871,0.633,-27.39,1.023,0.791,-22.68,,,,,,,7563.0,7117.0,-5.9,,,,,,,0.475,0.49,3.23
EQ-0089,2024-10-18 00:00:00,电力变压器,前海110kV变电站,0.734,0.656,-10.62,0.891,0.788,-11.48,76.833,55.1,-28.29,95.133,71.433,-24.91,11018.667,9375.333,-14.91,0.004,0.004,2.05,7.9,7.433,-5.91,,,
EQ-0278,2024-09-25 00:00:00,避雷器,天津滨海220kV变电站,0.668,0.462,-30.75,0.818,0.568,-30.59,,,,,,,,,,,,,,,,,,
EQ-0157,2024-09-25 00:00:00,断路器,苏州工业园220kV变电站,0.806,0.595,-26.14,0.957,0.75,-21.62,,,,,,,7461.667,6438.333,-13.71,,,,,,,0.496,0.468,-5.51
EQ-0218,2024-09-25 00:00:00,断路器,亦庄110kV变电站,0.78,0.617,-20.83,0.972,0.745,-23.33,,,,,,,7630.333,9051.667,18.63,,,,,,,0.512,0.504,-1.63
EQ-0116,2024-09-25 00:00:00,隔离开关,张江110kV变电站,0.764,0.595,-22.1,0.965,0.728,-24.58,,,,,,,,,,,,,,,,,,
EQ-0118,2024-10-08 00:00:00,隔离开关,张江110kV变电站,0.755,0.674,-10.76,0.931,0.818,-12.13,,,,,,,,,,,,,,,,,,
EQ-0317,2024-09-25 00:00:00,断路器,江夏35kV变电站,0.595,0.462,-22.28,0.781,0.571,-26.94,,,,,,,7982.667,6626.667,-16.99,,,,,,,0.487,0.495,1.5
EQ-0337,2024-10-24 00:00:00,隔离开关,长沙星沙110kV变电站,0.686,0.652,-4.99,0.852,0.773,-9.29,,,,,,,,,,,,,,,,,,
EQ-0342,2024-09-26 00:00:00,避雷器,长沙星沙110kV变电站,0.643,0.48,-25.4,0.814,0.564,-30.71,,,,,,,,,,,,,,,,,,
EQ-0315,2024-10-05 00:00:00,电力变压器,江夏35kV变电站,0.75,0.65,-13.33,0.883,0.836,-5.33,70.5,50.8,-27.94,90.833,68.567,-24.51,8187.0,6433.333,-21.42,0.005,0.003,-39.71,7.1,9.233,30.05,,,
EQ-0222,2024-10-17 00:00:00,断路器,亦庄110kV变电站,0.533,0.492,-7.58,0.636,0.601,-5.58,,,,,,,7730.333,8306.667,7.46,,,,,,,0.5,0.474,-5.2
EQ-0150,2024-09-26 00:00:00,电力变压器,苏州工业园220kV变电站,0.711,0.541,-23.95,0.855,0.672,-21.44,71.733,52.167,-27.28,89.933,68.467,-23.87,9219.667,10244.0,11.11,0.005,0.005,-3.12,12.8,4.767,-62.76,,,
EQ-0034,2024-09-27 00:00:00,避雷器,龙华220kV变电站,0.741,0.563,-24.06,0.972,0.689,-29.11,,,,,,,,,,,,,,,,,,
EQ-0240,2024-10-05 00:00:00,断路器,通州35kV变电站,0.671,0.587,-12.55,0.8,0.76,-5.03,,,,,,,8814.667,10140.333,15.04,,,,,,,0.485,0.481,-0.69
EQ-0054,2024-09-27 00:00:00,隔离开关,松山湖220kV变电站,0.745,0.574,-22.96,0.929,0.708,-23.79,,,,,,,,,,,,,,,,,,
EQ-0208,2024-10-21 00:00:00,隔离开关,昆山35kV变电站,0.619,0.55,-11.16,0.76,0.686,-9.73,,,,,,,,,,,,,,,,,,
EQ-0296,2024-10-25 00:00:00,电力变压器,武昌110kV变电站,0.707,0.641,-9.33,0.862,0.826,-4.14,67.067,50.033,-25.4,86.1,66.867,-22.34,7207.0,10096.667,40.1,0.003,0.006,72.58,8.0,7.333,-8.33,,,
EQ-0069,2024-10-09 00:00:00,电力变压器,南沙110kV变电站,0.707,0.645,-8.69,0.876,0.827,-5.56,75.4,54.133,-28.21,93.067,71.9,-22.74,9595.0,7981.0,-16.82,0.004,0.003,-27.5,10.4,9.6,-7.69,,,
EQ-0214,2024-09-27 00:00:00,避雷器,昆山35kV变电站,0.763,0.587,-23.11,0.938,0.763,-18.73,,,,,,,,,,,,,,,,,,
EQ-0031,2024-09-27 00:00:00,避雷器,龙华220kV变电站,0.807,0.598,-25.92,1.027,0.727,-29.22,,,,,,,,,,,,,,,,,,
EQ-0187,2024-09-27 00:00:00,断路器,杭州滨江110kV变电站,0.843,0.652,-22.66,1.06,0.806,-23.95,,,,,,,8742.333,10037.333,14.81,,,,,,,0.478,0.461,-3.62
EQ-0122,2024-10-18 00:00:00,电容器组,张江110kV变电站,0.647,0.588,-9.1,0.832,0.773,-7.08,,,,,,,,,,0.003,0.004,42.36,,,,,,
EQ-0275,2024-10-08 00:00:00,避雷器,天津滨海220kV变电站,0.776,0.679,-12.5,0.931,0.859,-7.67,,,,,,,,,,,,,,,,,,
EQ-0405,2024-09-27 00:00:00,避雷器,成都高新35kV变电站,0.724,0.533,-26.38,0.917,0.667,-27.24,,,,,,,,,,,,,,,,,,
EQ-0204,2024-09-27 00:00:00,断路器,昆山35kV变电站,0.674,0.522,-22.51,0.896,0.649,-27.6,,,,,,,7396.667,8552.333,15.62,,,,,,,0.465,0.452,-2.94
EQ-0388,2024-09-27 00:00:00,避雷器,重庆两江220kV变电站,0.786,0.608,-22.61,0.948,0.723,-23.72,,,,,,,,,,,,,,,,,,
EQ-0059,2024-09-27 00:00:00,避雷器,松山湖220kV变电站,0.705,0.545,-22.7,0.887,0.696,-21.56,,,,,,,,,,,,,,,,,,
EQ-0056,2024-09-27 00:00:00,隔离开关,松山湖220kV变电站,0.699,0.507,-27.45,0.883,0.636,-28.0,,,,,,,,,,,,,,,,,,
EQ-0269,2024-09-28 00:00:00,隔离开关,天津滨海220kV变电站,0.737,0.583,-20.97,0.949,0.752,-20.75,,,,,,,,,,,,,,,,,,
EQ-0417,2024-10-25 00:00:00,隔离开关,沈阳浑南110kV变电站,0.58,0.528,-8.97,0.694,0.654,-5.79,,,,,,,,,,,,,,,,,,
EQ-0012,2024-09-28 00:00:00,断路器,龙华220kV变电站,0.832,0.591,-28.99,1.004,0.709,-29.37,,,,,,,8150.0,9210.333,13.01,,,,,,,0.473,0.486,2.75
EQ-0284,2024-09-28 00:00:00,断路器,石家庄高新35kV变电站,0.655,0.516,-21.17,0.79,0.671,-14.99,,,,,,,8526.333,10353.0,21.42,,,,,,,0.49,0.519,5.78
EQ-0238,2024-09-28 00:00:00,电力变压器,通州35kV变电站,0.717,0.547,-23.72,0.92,0.669,-27.28,69.833,45.6,-34.7,86.5,63.367,-26.74,9591.667,6122.667,-36.17,0.005,0.004,-14.42,12.533,16.167,28.99,,,
EQ-0305,2024-10-23 00:00:00,隔离开关,武昌110kV变电站,0.574,0.521,-9.28,0.728,0.638,-12.38,,,,,,,,,,,,,,,,,,
EQ-0229,2024-09-28 00:00:00,电容器组,亦庄110kV变电站,0.825,0.627,-24.0,0.996,0.784,-21.36,,,,,,,,,,0.004,0.004,15.19,,,,,,
EQ-0410,2024-09-28 00:00:00,电力变压器,沈阳浑南110kV变电站,0.688,0.552,-19.79,0.873,0.71,-18.59,68.533,46.2,-32.59,85.333,62.0,-27.34,8330.0,8608.667,3.35,0.004,0.004,8.67,13.367,8.833,-33.92,,,
EQ-0186,2024-09-28 00:00:00,断路器,杭州滨江110kV变电站,0.878,0.631,-28.18,1.038,0.753,-27.49,,,,,,,7164.0,10703.667,49.41,,,,,,,0.486,0.453,-6.86
EQ-0230,2024-09-28 00:00:00,电容器组,亦庄110kV变电站,0.852,0.621,-27.15,1.012,0.75,-25.9,,,,,,,,,,0.003,0.004,13.44,,,,,,
EQ-0102,2024-10-02 00:00:00,避雷器,前海110kV变电站,0.714,0.607,-15.04,0.904,0.759,-16.04,,,,,,,,,,,,,,,,,,
EQ-0151,2024-09-28 00:00:00,电力变压器,苏州工业园220kV变电站,0.622,0.481,-22.71,0.743,0.588,-20.85,69.3,49.8,-28.14,86.033,62.3,-27.59,7721.0,8281.0,7.25,0.005,0.006,19.97,14.533,14.867,2.29,,,
EQ-0023,2024-09-28 00:00:00,隔离开关,龙华220kV变电站,0.848,0.616,-27.34,0.998,0.786,-21.29,,,,,,,,,,,,,,,,,,
EQ-0253,2024-09-28 00:00:00,电力变压器,天津滨海220kV变电站,0.672,0.503,-25.12,0.865,0.639,-26.13,71.367,47.233,-33.82,88.867,61.8,-30.46,7976.0,10152.667,27.29,0.004,0.005,24.58,10.6,6.833,-35.53,,,
EQ-0283,2024-09-28 00:00:00,电力变压器,石家庄高新35kV变电站,0.825,0.632,-23.42,1.04,0.77,-25.96,78.133,52.167,-33.23,99.767,68.5,-31.34,8266.667,9002.0,8.9,0.005,0.004,-23.93,14.4,13.1,-9.03,,,
EQ-0173,2024-09-28 00:00:00,避雷器,苏州工业园220kV变电站,0.688,0.539,-21.65,0.866,0.664,-23.25,,,,,,,,,,,,,,,,,,
EQ-0252,2024-10-07 00:00:00,电力变压器,天津滨海220kV变电站,0.576,0.537,-6.84,0.714,0.685,-4.03,61.5,43.0,-30.08,79.6,56.833,-28.6,10212.333,7226.333,-29.24,0.004,0.005,21.42,7.867,14.233,80.93,,,
EQ-0299,2024-09-28 00:00:00,断路器,武昌110kV变电站,0.845,0.599,-29.11,1.028,0.736,-28.44,,,,,,,8951.0,9428.0,5.33,,,,,,,0.491,0.506,3.05
EQ-0171,2024-09-28 00:00:00,电容器组,苏州工业园220kV变电站,0.724,0.548,-24.33,0.888,0.679,-23.53,,,,,,,,,,0.004,0.005,23.61,,,,,,
EQ-0395,2024-09-29 00:00:00,电力变压器,成都高新35kV变电站,0.647,0.505,-21.99,0.798,0.641,-19.67,71.633,47.367,-33.88,89.433,63.2,-29.33,8862.667,11052.0,24.7,0.005,0.006,26.32,3.767,9.1,141.59,,,
EQ-0149,2024-10-17 00:00:00,电力变压器,苏州工业园220kV变电站,0.595,0.531,-10.86,0.737,0.635,-13.83,70.233,50.467,-28.14,88.933,64.8,-27.14,8216.333,9048.0,10.12,0.005,0.004,-20.72,13.667,9.9,-27.56,,,
EQ-0382,2024-09-29 00:00:00,隔离开关,重庆两江220kV变电站,0.833,0.647,-22.36,1.003,0.795,-20.74,,,,,,,,,,,,,,,,,,
EQ-0183,2024-09-29 00:00:00,电力变压器,杭州滨江110kV变电站,0.658,0.482,-26.7,0.864,0.565,-34.59,71.833,50.367,-29.88,90.367,66.1,-26.85,7790.0,11378.667,46.07,0.005,0.004,-3.83,8.7,9.8,12.64,,,
EQ-0336,2024-09-29 00:00:00,隔离开关,长沙星沙110kV变电站,0.833,0.699,-16.11,0.972,0.856,-11.94,,,,,,,,,,,,,,,,,,
EQ-0271,2024-09-29 00:00:00,电容器组,天津滨海220kV变电站,0.675,0.545,-19.32,0.844,0.682,-19.24,,,,,,,,,,0.005,0.004,-20.39,,,,,,
EQ-0106,2024-09-29 00:00:00,GIS组合电器,前海110kV变电站,0.717,0.585,-18.35,0.911,0.761,-16.47,80.167,55.8,-30.4,98.967,74.533,-24.69,6999.333,10680.667,52.6,,,,3.833,4.133,7.83,0.514,0.466,-9.33
EQ-0100,2024-09-29 00:00:00,电容器组,前海110kV变电站,0.883,0.631,-28.49,1.041,0.775,-25.5,,,,,,,,,,0.004,0.004,9.74,,,,,,
EQ-0267,2024-09-29 00:00:00,隔离开关,天津滨海220kV变电站,0.705,0.52,-26.17,0.876,0.667,-23.84,,,,,,,,,,,,,,,,,,
EQ-0120,2024-09-29 00:00:00,隔离开关,张江110kV变电站,0.69,0.496,-28.1,0.867,0.581,-33.07,,,,,,,,,,,,,,,,,,
EQ-0369,2024-09-29 00:00:00,断路器,重庆两江220kV变电站,0.765,0.582,-23.95,0.964,0.715,-25.88,,,,,,,8901.0,10263.0,15.3,,,,,,,0.472,0.471,-0.14
EQ-0071,2024-10-24 00:00:00,断路器,南沙110kV变电站,0.57,0.513,-10.04,0.726,0.626,-13.77,,,,,,,9262.333,9298.333,0.39,,,,,,,0.487,0.479,-1.71
EQ-0338,2024-09-29 00:00:00,隔离开关,长沙星沙110kV变电站,0.684,0.524,-23.37,0.854,0.673,-21.26,,,,,,,,,,,,,,,,,,
EQ-0041,2024-10-06 00:00:00,电力变压器,松山湖220kV变电站,0.612,0.535,-12.6,0.76,0.644,-15.23,71.4,51.167,-28.34,87.467,66.133,-24.39,7814.667,10762.333,37.72,0.005,0.005,-7.04,15.167,10.1,-33.41,,,
EQ-0294,2024-10-07 00:00:00,避雷器,石家庄高新35kV变电站,0.749,0.682,-8.85,0.927,0.826,-10.89,,,,,,,,,,,,,,,,,,
EQ-0158,2024-09-29 00:00:00,断路器,苏州工业园220kV变电站,0.699,0.523,-25.24,0.853,0.683,-19.91,,,,,,,9003.333,9870.0,9.63,,,,,,,0.502,0.485,-3.45
EQ-0321,2024-09-26 00:00:00,隔离开关,江夏35kV变电站,0.661,0.495,-25.16,0.822,0.626,-23.87,,,,,,,,,,,,,,,,,,
EQ-0436,2024-09-29 00:00:00,电容器组,大连开发区35kV变电站,0.689,0.556,-19.25,0.835,0.686,-17.84,,,,,,,,,,0.007,0.006,-2.07,,,,,,
EQ-0376,2024-09-29 00:00:00,断路器,重庆两江220kV变电站,0.616,0.512,-16.86,0.775,0.6,-22.58,,,,,,,8542.667,10048.0,17.62,,,,,,,0.46,0.478,3.77
EQ-0289,2024-09-30 00:00:00,隔离开关,石家庄高新35kV变电站,0.786,0.595,-24.31,0.955,0.759,-20.51,,,,,,,,,,,,,,,,,,
EQ-0418,2024-09-30 00:00:00,隔离开关,沈阳浑南110kV变电站,0.848,0.651,-23.21,1.006,0.771,-23.35,,,,,,,,,,,,,,,,,,
EQ-0373,2024-09-30 00:00:00,断路器,重庆两江220kV变电站,0.8,0.636,-20.53,1.029,0.787,-23.49,,,,,,,9951.333,8124.0,-18.36,,,,,,,0.469,0.517,10.38
EQ-0029,2024-09-30 00:00:00,避雷器,龙华220kV变电站,0.868,0.661,-23.79,1.023,0.819,-19.92,,,,,,,,,,,,,,,,,,
EQ-0309,2024-09-30 00:00:00,避雷器,武昌110kV变电站,0.766,0.582,-24.0,0.923,0.73,-20.94,,,,,,,,,,,,,,,,,,
EQ-0263,2024-09-30 00:00:00,断路器,天津滨海220kV变电站,0.846,0.642,-24.12,1.038,0.819,-21.05,,,,,,,8973.667,11333.0,26.29,,,,,,,0.461,0.491,6.5
EQ-0243,2024-09-30 00:00:00,断路器,通州35kV变电站,0.648,0.514,-20.67,0.799,0.618,-22.65,,,,,,,8143.0,8856.667,8.76,,,,,,,0.508,0.487,-4.01
EQ-0013,2024-09-30 00:00:00,断路器,龙华220kV变电站,0.797,0.59,-25.95,1.006,0.774,-23.1,,,,,,,8041.667,6995.333,-13.01,,,,,,,0.479,0.46,-4.1
EQ-0251,2024-09-30 00:00:00,避雷器,通州35kV变电站,0.713,0.577,-19.02,0.875,0.743,-15.07,,,,,,,,,,,,,,,,,,
EQ-0141,2024-10-08 00:00:00,电容器组,临港110kV变电站,0.633,0.563,-11.09,0.775,0.693,-10.53,,,,,,,,,,0.004,0.005,14.85,,,,,,
EQ-0429,2024-09-30 00:00:00,断路器,大连开发区35kV变电站,0.775,0.585,-24.54,1.03,0.707,-31.39,,,,,,,8221.333,8030.667,-2.32,,,,,,,0.482,0.466,-3.39
EQ-0397,2024-09-30 00:00:00,断路器,成都高新35kV变电站,0.785,0.586,-25.34,0.971,0.75,-22.75,,,,,,,9208.333,11207.0,21.7,,,,,,,0.467,0.49,4.92
EQ-0439,2024-09-30 00:00:00,避雷器,大连开发区35kV变电站,0.684,0.541,-20.89,0.864,0.675,-21.82,,,,,,,,,,,,,,,,,,
EQ-0014,2024-10-23 00:00:00,断路器,龙华220kV变电站,0.636,0.549,-13.73,0.828,0.66,-20.27,,,,,,,10720.0,10126.333,-5.54,,,,,,,0.517,0.474,-8.26
EQ-0148,2024-10-27 00:00:00,电力变压器,苏州工业园220kV变电站,0.675,0.619,-8.24,0.849,0.739,-12.97,72.3,50.5,-30.15,90.8,69.867,-23.05,7015.333,7576.0,7.99,0.005,0.004,-15.33,10.133,10.1,-0.33,,,
EQ-0285,2024-10-28 00:00:00,断路器,石家庄高新35kV变电站,0.72,0.676,-6.09,0.913,0.865,-5.33,,,,,,,7463.0,9272.667,24.25,,,,,,,0.49,0.458,-6.6
EQ-0081,2024-10-01 02:39:00,电容器组,南沙110kV变电站,0.668,0.623,-6.71,0.869,0.741,-14.72,,,,,,,,,,0.004,0.004,-2.45,,,,,,
EQ-0293,2024-10-03 00:00:00,避雷器,石家庄高新35kV变电站,0.675,0.596,-11.59,0.854,0.721,-15.6,,,,,,,,,,,,,,,,,,
EQ-0224,2024-10-03 00:00:00,隔离开关,亦庄110kV变电站,0.675,0.578,-14.4,0.899,0.715,-20.49,,,,,,,,,,,,,,,,,,
EQ-0037,2024-10-03 00:00:00,GIS组合电器,龙华220kV变电站,0.67,0.618,-7.76,0.835,0.799,-4.37,76.2,54.267,-28.78,93.833,71.433,-23.87,7141.333,7230.333,1.25,,,,9.8,9.4,-4.08,0.494,0.496,0.47
EQ-0141,2024-10-06 00:00:00,电容器组,临港110kV变电站,0.633,0.563,-11.09,0.775,0.693,-10.53,,,,,,,,,,0.004,0.005,14.85,,,,,,
EQ-0311,2024-10-09 00:00:00,避雷器,武昌110kV变电站,0.767,0.707,-7.82,0.933,0.818,-12.36,,,,,,,,,,,,,,,,,,
EQ-0316,2024-10-13 19:11:00,断路器,江夏35kV变电站,0.801,0.673,-16.03,0.964,0.825,-14.48,,,,,,,8408.333,7698.667,-8.44,,,,,,,0.478,0.471,-1.33
EQ-0257,2024-10-14 00:00:00,断路器,天津滨海220kV变电站,0.628,0.577,-8.08,0.772,0.747,-3.17,,,,,,,9034.667,10733.667,18.81,,,,,,,0.486,0.475,-2.26
EQ-0049,2024-10-16 00:00:00,断路器,松山湖220kV变电站,0.631,0.586,-7.14,0.804,0.753,-6.4,,,,,,,7912.667,8574.667,8.37,,,,,,,0.494,0.511,3.51
EQ-0324,2024-10-17 00:00:00,避雷器,江夏35kV变电站,0.718,0.641,-10.73,0.904,0.795,-12.12,,,,,,,,,,,,,,,,,,
EQ-0334,2024-10-17 00:00:00,断路器,长沙星沙110kV变电站,0.606,0.531,-12.39,0.799,0.664,-16.83,,,,,,,8914.0,10589.333,18.79,,,,,,,0.487,0.484,-0.62
EQ-0423,2024-10-20 15:04:00,避雷器,沈阳浑南110kV变电站,0.632,0.544,-13.79,0.784,0.688,-12.25,,,,,,,,,,,,,,,,,,
EQ-0401,2024-11-03 00:00:00,隔离开关,成都高新35kV变电站,0.592,0.586,-1.06,0.715,0.764,6.89,,,,,,,,,,,,,,,,,,
EQ-0439,2024-11-01 00:00:00,避雷器,大连开发区35kV变电站,0.622,0.557,-10.46,0.802,0.669,-16.51,,,,,,,,,,,,,,,,,,
EQ-0130,2024-11-02 00:00:00,电力变压器,临港110kV变电站,0.518,0.559,7.91,0.664,0.709,6.86,56.667,45.0,-20.59,73.8,60.233,-18.38,10844.333,9366.667,-13.63,0.004,0.004,-5.85,12.133,8.933,-26.37,,,
EQ-0088,2024-11-02 00:00:00,电力变压器,前海110kV变电站,0.498,0.554,11.26,0.579,0.71,22.56,63.767,50.567,-20.7,79.967,66.833,-16.42,10394.333,13266.333,27.63,0.004,0.004,-13.04,7.4,9.6,29.73,,,
EQ-0263,2024-11-30 00:00:00,断路器,天津滨海220kV变电站,0.625,0.662,5.96,0.8,0.818,2.23,,,,,,,9776.667,10220.333,4.54,,,,,,,0.471,0.487,3.4
EQ-0081,2024-11-04 00:00:00,电容器组,南沙110kV变电站,0.605,0.605,0.06,0.759,0.731,-3.72,,,,,,,,,,0.004,0.004,-16.65,,,,,,
EQ-0129,2024-11-07 00:00:00,电力变压器,临港110kV变电站,0.483,0.502,3.76,0.61,0.64,4.87,59.633,44.833,-24.82,74.433,59.1,-20.6,11498.0,11235.0,-2.29,0.003,0.003,19.22,7.767,10.367,33.48,,,
EQ-0349,2024-11-07 18:11:00,断路器,武侯110kV变电站,0.504,0.507,0.54,0.64,0.624,-2.41,,,,,,,9702.0,10638.0,9.65,,,,,,,0.485,0.507,4.54
EQ-0374,2024-11-09 00:00:00,断路器,重庆两江220kV变电站,0.649,0.662,1.99,0.818,0.858,4.92,,,,,,,10184.333,7196.667,-29.34,,,,,,,0.476,0.508,6.73
EQ-0086,2024-11-10 00:00:00,GIS组合电器,南沙110kV变电站,0.59,0.641,8.55,0.733,0.803,9.49,62.367,50.733,-18.65,78.533,67.1,-14.56,8736.667,11768.667,34.7,,,,4.233,6.367,50.39,0.469,0.459,-2.2
EQ-0291,2024-11-17 07:21:00,电容器组,石家庄高新35kV变电站,0.643,0.645,0.32,0.838,0.808,-3.54,,,,,,,,,,0.005,0.004,-20.29,,,,,,
EQ-0279,2024-11-19 00:00:00,GIS组合电器,天津滨海220kV变电站,0.556,0.617,11.05,0.665,0.737,10.84,54.533,43.5,-20.23,71.233,60.1,-15.63,9678.667,9821.0,1.47,,,,6.833,5.633,-17.56,0.501,0.486,-3.0
EQ-0406,2024-11-22 00:00:00,避雷器,成都高新35kV变电站,0.489,0.492,0.57,0.603,0.6,-0.58,,,,,,,,,,,,,,,,,,
EQ-0083,2024-11-23 00:00:00,避雷器,南沙110kV变电站,0.652,0.644,-1.29,0.789,0.79,0.08,,,,,,,,,,,,,,,,,,
EQ-0133,2024-11-25 00:00:00,断路器,临港110kV变电站,0.489,0.505,3.44,0.628,0.635,1.16,,,,,,,9312.0,10341.333,11.05,,,,,,,0.487,0.485,-0.34
EQ-0069,2024-11-26 00:00:00,电力变压器,南沙110kV变电站,0.613,0.676,10.26,0.747,0.877,17.31,63.4,55.7,-12.15,80.433,74.233,-7.71,9011.667,8748.333,-2.92,0.004,0.003,-14.71,9.733,11.267,15.75,,,
EQ-0020,2024-11-27 00:00:00,隔离开关,龙华220kV变电站,0.504,0.508,0.8,0.661,0.629,-4.76,,,,,,,,,,,,,,,,,,
EQ-0243,2024-12-12 00:00:00,断路器,通州35kV变电站,0.514,0.466,-9.27,0.618,0.596,-3.61,,,,,,,8856.667,8068.333,-8.9,,,,,,,0.487,0.488,0.14
EQ-0425,2024-12-01 00:00:00,避雷器,沈阳浑南110kV变电站,0.627,0.619,-1.23,0.777,0.785,1.06,,,,,,,,,,,,,,,,,,
EQ-0349,2024-12-20 00:00:00,断路器,武侯110kV变电站,0.505,0.473,-6.38,0.629,0.582,-7.35,,,,,,,10427.0,9345.333,-10.37,,,,,,,0.483,0.483,0.0
EQ-0235,2024-12-04 00:00:00,避雷器,亦庄110kV变电站,0.506,0.46,-9.15,0.599,0.559,-6.66,,,,,,,,,,,,,,,,,,
EQ-0420,2024-12-05 00:00:00,电容器组,沈阳浑南110kV变电站,0.609,0.558,-8.33,0.735,0.712,-3.17,,,,,,,,,,0.004,0.005,6.03,,,,,,
EQ-0039,2024-12-13 00:00:00,电力变压器,松山湖220kV变电站,0.645,0.594,-7.92,0.831,0.739,-11.02,57.567,51.367,-10.77,73.333,67.867,-7.45,8653.333,9918.333,14.62,0.004,0.003,-18.35,6.433,6.033,-6.22,,,
EQ-0401,2024-12-15 00:00:00,隔离开关,成都高新35kV变电站,0.577,0.552,-4.35,0.708,0.72,1.69,,,,,,,,,,,,,,,,,,
EQ-0139,2025-01-10 00:00:00,隔离开关,临港110kV变电站,0.608,0.525,-13.57,0.773,0.668,-13.6,,,,,,,,,,,,,,,,,,
EQ-0348,2024-12-18 00:00:00,电力变压器,武侯110kV变电站,0.51,0.477,-6.5,0.621,0.592,-4.7,52.3,44.1,-15.68,67.633,59.767,-11.63,9443.333,11026.333,16.76,0.004,0.005,12.34,5.5,10.467,90.3,,,
EQ-0097,2024-12-18 00:00:00,隔离开关,前海110kV变电站,0.571,0.565,-1.15,0.704,0.688,-2.27,,,,,,,,,,,,,,,,,,
EQ-0105,2024-12-18 00:00:00,GIS组合电器,前海110kV变电站,0.563,0.539,-4.33,0.719,0.661,-7.99,59.467,48.7,-18.11,75.5,63.333,-16.11,11784.333,9246.333,-21.54,,,,8.733,7.033,-19.47,0.5,0.474,-5.14
EQ-0146,2024-12-27 00:00:00,避雷器,临港110kV变电站,0.488,0.461,-5.56,0.624,0.583,-6.66,,,,,,,,,,,,,,,,,,
EQ-0099,2024-12-20 00:00:00,电容器组,前海110kV变电站,0.589,0.583,-1.01,0.712,0.722,1.41,,,,,,,,,,0.005,0.005,-4.29,,,,,,
EQ-0286,2024-12-21 04:57:00,断路器,石家庄高新35kV变电站,0.519,0.504,-2.9,0.662,0.621,-6.26,,,,,,,9113.0,7343.333,-19.42,,,,,,,0.467,0.486,3.92
EQ-0026,2025-01-16 00:00:00,电容器组,龙华220kV变电站,0.683,0.596,-12.66,0.846,0.724,-14.45,,,,,,,,,,0.004,0.004,-12.2,,,,,,
EQ-0357,2024-12-24 00:00:00,隔离开关,武侯110kV变电站,0.583,0.554,-4.98,0.716,0.696,-2.79,,,,,,,,,,,,,,,,,,
EQ-0179,2024-12-30 00:00:00,GIS组合电器,苏州工业园220kV变电站,0.615,0.575,-6.48,0.761,0.715,-6.04,49.967,48.733,-2.47,71.4,65.6,-8.12,7425.667,9571.0,28.89,,,,12.967,12.833,-1.03,0.477,0.457,-4.2
EQ-0271,2024-12-31 12:36:00,电容器组,天津滨海220kV变电站,0.545,0.532,-2.37,0.682,0.65,-4.7,,,,,,,,,,0.004,0.005,30.24,,,,,,
EQ-0264,2024-12-27 00:00:00,隔离开关,天津滨海220kV变电站,0.605,0.601,-0.66,0.786,0.789,0.37,,,,,,,,,,,,,,,,,,
EQ-0230,2025-01-15 00:00:00,电容器组,亦庄110kV变电站,0.659,0.576,-12.68,0.808,0.713,-11.66,,,,,,,,,,0.004,0.004,-4.55,,,,,,
EQ-0412,2025-01-10 00:00:00,断路器,沈阳浑南110kV变电站,0.635,0.526,-17.23,0.792,0.686,-13.37,,,,,,,8467.0,8344.0,-1.45,,,,,,,0.469,0.489,4.41
EQ-0404,2025-01-11 00:26:00,电容器组,成都高新35kV变电站,0.706,0.571,-19.08,0.839,0.712,-15.17,,,,,,,,,,0.004,0.003,-17.27,,,,,,
EQ-0192,2025-01-12 00:00:00,隔离开关,杭州滨江110kV变电站,0.676,0.578,-14.49,0.865,0.713,-17.61,,,,,,,,,,,,,,,,,,
EQ-0183,2025-02-12 00:00:00,电力变压器,杭州滨江110kV变电站,0.527,0.479,-9.14,0.644,0.609,-5.48,44.4,54.9,23.65,60.267,70.033,16.21,10626.667,9396.667,-11.57,0.003,0.004,11.62,5.233,7.6,45.22,,,
EQ-0133,2025-02-12 00:00:00,断路器,临港110kV变电站,0.505,0.466,-7.74,0.635,0.578,-8.93,,,,,,,10341.333,9716.667,-6.04,,,,,,,0.485,0.487,0.27
EQ-0177,2025-01-20 00:00:00,避雷器,苏州工业园220kV变电站,0.591,0.515,-12.87,0.726,0.678,-6.63,,,,,,,,,,,,,,,,,,
EQ-0234,2025-01-21 00:00:00,避雷器,亦庄110kV变电站,0.52,0.433,-16.74,0.611,0.521,-14.71,,,,,,,,,,,,,,,,,,
EQ-0014,2025-01-23 00:00:00,断路器,龙华220kV变电站,0.549,0.47,-14.37,0.66,0.609,-7.73,,,,,,,10126.333,9560.0,-5.59,,,,,,,0.474,0.513,8.23
EQ-0063,2025-01-24 07:11:00,避雷器,松山湖220kV变电站,0.548,0.455,-16.9,0.694,0.573,-17.44,,,,,,,,,,,,,,,,,,
EQ-0173,2025-01-27 00:00:00,避雷器,苏州工业园220kV变电站,0.555,0.456,-17.78,0.701,0.602,-14.2,,,,,,,,,,,,,,,,,,
EQ-0263,2025-01-28 00:00:00,断路器,天津滨海220kV变电站,0.657,0.554,-15.8,0.811,0.677,-16.44,,,,,,,10864.667,8839.667,-18.64,,,,,,,0.478,0.491,2.65
EQ-0178,2025-01-29 00:00:00,避雷器,苏州工业园220kV变电站,0.481,0.445,-7.58,0.612,0.576,-5.84,,,,,,,,,,,,,,,,,,
EQ-0139,2025-01-31 00:00:00,隔离开关,临港110kV变电站,0.608,0.525,-13.57,0.773,0.668,-13.6,,,,,,,,,,,,,,,,,,
EQ-0006,2025-02-17 00:00:00,断路器,龙华220kV变电站,0.511,0.458,-10.35,0.649,0.562,-13.4,,,,,,,7755.0,8291.0,6.91,,,,,,,0.473,0.482,2.05
EQ-0003,2025-02-03 00:00:00,电力变压器,龙华220kV变电站,0.531,0.452,-14.9,0.674,0.558,-17.31,49.933,61.767,23.7,65.4,75.8,15.9,8769.667,8427.333,-3.9,0.005,0.003,-36.67,11.2,18.467,64.88,,,
EQ-0066,2025-02-06 00:00:00,GIS组合电器,松山湖220kV变电站,0.485,0.424,-12.42,0.602,0.556,-7.63,43.833,55.1,25.7,59.567,66.567,11.75,8656.333,9397.333,8.56,,,,7.267,8.967,23.39,0.512,0.475,-7.17
EQ-0246,2025-02-09 00:00:00,隔离开关,通州35kV变电站,0.666,0.609,-8.68,0.817,0.771,-5.59,,,,,,,,,,,,,,,,,,
EQ-0222,2025-03-12 00:00:00,断路器,亦庄110kV变电站,0.436,0.489,12.1,0.548,0.606,10.46,,,,,,,7252.667,6797.333,-6.28,,,,,,,0.481,0.49,1.87
EQ-0121,2025-02-12 02:36:00,电容器组,张江110kV变电站,0.638,0.568,-11.03,0.779,0.72,-7.5,,,,,,,,,,0.005,0.005,-5.06,,,,,,
EQ-0135,2025-02-13 01:30:00,断路器,临港110kV变电站,0.553,0.52,-5.93,0.682,0.692,1.57,,,,,,,9193.333,11556.0,25.7,,,,,,,0.481,0.502,4.22
EQ-0049,2025-02-17 21:26:00,断路器,松山湖220kV变电站,0.576,0.493,-14.34,0.723,0.615,-14.89,,,,,,,10129.667,11137.0,9.94,,,,,,,0.501,0.505,0.73
EQ-0269,2025-02-19 00:00:00,隔离开关,天津滨海220kV变电站,0.591,0.528,-10.65,0.776,0.691,-10.92,,,,,,,,,,,,,,,,,,
EQ-0347,2025-02-21 00:00:00,电力变压器,武侯110kV变电站,0.491,0.433,-11.88,0.615,0.517,-15.97,42.133,53.633,27.29,56.967,68.333,19.95,10484.0,9554.667,-8.86,0.005,0.004,-14.54,3.233,8.333,157.73,,,
EQ-0232,2025-02-24 00:00:00,避雷器,亦庄110kV变电站,0.554,0.498,-10.05,0.681,0.599,-12.1,,,,,,,,,,,,,,,,,,
EQ-0115,2025-03-02 00:00:00,断路器,张江110kV变电站,0.514,0.564,9.8,0.634,0.749,18.04,,,,,,,8960.333,9100.667,1.57,,,,,,,0.473,0.486,2.89
EQ-0072,2025-03-05 00:00:00,断路器,南沙110kV变电站,0.555,0.584,5.3,0.704,0.698,-0.81,,,,,,,10818.333,8768.667,-18.95,,,,,,,0.511,0.462,-9.58
EQ-0018,2025-03-06 00:00:00,隔离开关,龙华220kV变电站,0.479,0.511,6.63,0.592,0.664,12.07,,,,,,,,,,,,,,,,,,
EQ-0214,2025-03-08 00:00:00,避雷器,昆山35kV变电站,0.542,0.597,10.03,0.703,0.746,6.17,,,,,,,,,,,,,,,,,,
EQ-0241,2025-03-23 00:00:00,断路器,通州35kV变电站,0.513,0.549,7.11,0.673,0.67,-0.42,,,,,,,7071.0,8528.0,20.61,,,,,,,0.47,0.498,6.03
EQ-0024,2025-04-17 00:00:00,电容器组,龙华220kV变电站,0.458,0.608,32.74,0.572,0.753,31.62,,,,,,,,,,0.005,0.004,-9.7,,,,,,
EQ-0064,2025-03-30 00:00:00,避雷器,松山湖220kV变电站,0.66,0.629,-4.67,0.847,0.823,-2.81,,,,,,,,,,,,,,,,,,
EQ-0352,2025-03-30 23:33:00,断路器,武侯110kV变电站,0.539,0.636,17.99,0.643,0.796,23.71,,,,,,,10529.333,10909.0,3.61,,,,,,,0.486,0.488,0.34
EQ-0370,2025-04-23 00:00:00,断路器,重庆两江220kV变电站,0.443,0.574,29.47,0.536,0.745,38.88,,,,,,,10260.0,9167.667,-10.65,,,,,,,0.507,0.487,-3.88
EQ-0417,2025-04-23 00:00:00,隔离开关,沈阳浑南110kV变电站,0.426,0.572,34.45,0.529,0.695,31.49,,,,,,,,,,,,,,,,,,
EQ-0391,2025-04-01 00:00:00,避雷器,重庆两江220kV变电站,0.494,0.618,25.07,0.622,0.73,17.23,,,,,,,,,,,,,,,,,,
EQ-0211,2025-04-07 00:00:00,电容器组,昆山35kV变电站,0.442,0.621,40.54,0.553,0.774,40.06,,,,,,,,,,0.005,0.004,-23.17,,,,,,
EQ-0414,2025-04-01 00:00:00,断路器,沈阳浑南110kV变电站,0.534,0.675,26.36,0.658,0.856,30.08,,,,,,,8727.667,8328.0,-4.58,,,,,,,0.493,0.474,-3.92
EQ-0096,2025-04-09 00:00:00,隔离开关,前海110kV变电站,0.489,0.671,37.18,0.629,0.882,40.18,,,,,,,,,,,,,,,,,,
EQ-0213,2025-04-01 00:00:00,避雷器,昆山35kV变电站,0.497,0.604,21.56,0.646,0.762,17.95,,,,,,,,,,,,,,,,,,
EQ-0033,2025-04-01 00:00:00,避雷器,龙华220kV变电站,0.571,0.715,25.24,0.696,0.89,27.96,,,,,,,,,,,,,,,,,,
EQ-0303,2025-04-01 00:00:00,隔离开关,武昌110kV变电站,0.537,0.651,21.25,0.646,0.793,22.77,,,,,,,,,,,,,,,,,,
EQ-0432,2025-04-04 00:00:00,隔离开关,大连开发区35kV变电站,0.409,0.549,34.12,0.53,0.695,30.99,,,,,,,,,,,,,,,,,,
EQ-0249,2025-04-01 00:00:00,避雷器,通州35kV变电站,0.525,0.65,23.62,0.664,0.784,18.12,,,,,,,,,,,,,,,,,,
EQ-0184,2025-04-01 00:00:00,电力变压器,杭州滨江110kV变电站,0.643,0.805,25.31,0.81,0.93,14.73,51.2,78.5,53.32,70.567,97.5,38.17,9318.0,8196.333,-12.04,0.004,0.003,-26.82,9.0,6.267,-30.37,,,
EQ-0237,2025-04-28 00:00:00,GIS组合电器,亦庄110kV变电站,0.534,0.714,33.64,0.645,0.896,38.9,49.7,71.833,44.53,65.2,91.633,40.54,7055.333,8064.333,14.3,,,,10.633,11.3,6.27,0.455,0.473,3.88
EQ-0165,2025-04-01 00:00:00,隔离开关,苏州工业园220kV变电站,0.607,0.772,27.14,0.759,0.971,27.96,,,,,,,,,,,,,,,,,,
EQ-0412,2025-04-24 00:00:00,断路器,沈阳浑南110kV变电站,0.526,0.705,34.09,0.686,0.897,30.75,,,,,,,8344.0,8762.0,5.01,,,,,,,0.489,0.491,0.41
EQ-0052,2025-04-22 00:00:00,隔离开关,松山湖220kV变电站,0.53,0.747,40.96,0.684,0.924,35.09,,,,,,,,,,,,,,,,,,
EQ-0314,2025-03-31 00:00:00,电力变压器,江夏35kV变电站,0.569,0.637,12.01,0.699,0.792,13.4,47.3,67.0,41.65,64.3,84.6,31.57,8604.0,7158.667,-16.8,0.005,0.004,-9.12,12.4,12.667,2.15,,,
EQ-0018,2025-04-02 00:00:00,隔离开关,龙华220kV变电站,0.451,0.632,40.11,0.55,0.816,48.56,,,,,,,,,,,,,,,,,,
EQ-0111,2025-04-02 00:00:00,断路器,张江110kV变电站,0.511,0.71,39.03,0.621,0.904,45.51,,,,,,,10652.667,7888.333,-25.95,,,,,,,0.5,0.503,0.47
EQ-0077,2025-04-02 00:00:00,隔离开关,南沙110kV变电站,0.518,0.703,35.82,0.679,0.859,26.42,,,,,,,,,,,,,,,,,,
EQ-0236,2025-04-02 00:00:00,GIS组合电器,亦庄110kV变电站,0.541,0.729,34.71,0.67,0.879,31.3,48.467,69.133,42.64,67.6,86.933,28.6,9230.333,7641.667,-17.21,,,,9.1,12.533,37.73,0.499,0.473,-5.15
EQ-0301,2025-04-02 00:00:00,断路器,武昌110kV变电站,0.458,0.606,32.36,0.578,0.759,31.31,,,,,,,9547.667,9239.0,-3.23,,,,,,,0.471,0.495,5.17
EQ-0345,2025-04-02 00:00:00,GIS组合电器,长沙星沙110kV变电站,0.514,0.741,44.39,0.615,0.896,45.53,50.767,76.833,51.35,66.0,93.6,41.82,8946.0,9274.0,3.67,,,,7.2,8.967,24.54,0.504,0.469,-6.88
EQ-0199,2025-04-02 00:00:00,避雷器,杭州滨江110kV变电站,0.541,0.76,40.7,0.676,0.949,40.4,,,,,,,,,,,,,,,,,,
EQ-0098,2025-04-23 00:00:00,隔离开关,前海110kV变电站,0.487,0.642,31.85,0.638,0.791,23.97,,,,,,,,,,,,,,,,,,
EQ-0306,2025-04-02 00:00:00,隔离开关,武昌110kV变电站,0.505,0.706,39.68,0.612,0.9,46.99,,,,,,,,,,,,,,,,,,
EQ-0121,2025-04-02 02:36:00,电容器组,张江110kV变电站,0.572,0.745,30.11,0.723,0.903,24.79,,,,,,,,,,0.005,0.005,3.4,,,,,,
EQ-0151,2025-04-18 00:00:00,电力变压器,苏州工业园220kV变电站,0.462,0.595,28.69,0.576,0.743,29.05,47.767,69.567,45.64,64.933,85.733,32.03,8216.333,8509.333,3.57,0.005,0.004,-3.94,8.933,9.6,7.46,,,
EQ-0122,2025-04-03 00:00:00,电容器组,张江110kV变电站,0.52,0.669,28.66,0.647,0.87,34.48,,,,,,,,,,0.003,0.004,29.1,,,,,,
EQ-0428,2025-04-03 00:00:00,电力变压器,大连开发区35kV变电站,0.561,0.744,32.71,0.669,0.899,34.29,46.867,64.5,37.62,62.733,83.8,33.58,9502.0,9139.667,-3.81,0.004,0.004,4.28,13.733,7.667,-44.17,,,
EQ-0040,2025-04-27 00:00:00,电力变压器,松山湖220kV变电站,0.547,0.778,42.16,0.649,0.957,47.47,57.8,81.567,41.12,74.1,100.267,35.31,8491.333,8316.0,-2.06,0.004,0.004,3.39,8.733,11.133,27.48,,,
EQ-0207,2025-04-03 00:00:00,隔离开关,昆山35kV变电站,0.577,0.812,40.64,0.733,0.953,30.0,,,,,,,,,,,,,,,,,,
EQ-0267,2025-04-14 00:00:00,隔离开关,天津滨海220kV变电站,0.472,0.64,35.72,0.574,0.807,40.49,,,,,,,,,,,,,,,,,,
EQ-0384,2025-03-27 00:00:00,电容器组,重庆两江220kV变电站,0.512,0.573,11.83,0.629,0.708,12.62,,,,,,,,,,0.004,0.005,25.37,,,,,,
EQ-0277,2025-04-03 00:00:00,避雷器,天津滨海220kV变电站,0.468,0.648,38.38,0.613,0.829,35.29,,,,,,,,,,,,,,,,,,
EQ-0298,2025-03-30 00:00:00,断路器,武昌110kV变电站,0.547,0.578,5.77,0.688,0.727,5.56,,,,,,,8579.667,7879.0,-8.17,,,,,,,0.503,0.508,0.99
EQ-0263,2025-04-28 00:00:00,断路器,天津滨海220kV变电站,0.554,0.767,38.62,0.677,0.962,41.97,,,,,,,8839.667,7006.0,-20.74,,,,,,,0.491,0.458,-6.73
EQ-0401,2025-04-03 00:00:00,隔离开关,成都高新35kV变电站,0.521,0.678,30.16,0.656,0.869,32.51,,,,,,,,,,,,,,,,,,
EQ-0254,2025-04-03 00:00:00,电力变压器,天津滨海220kV变电站,0.559,0.754,35.06,0.705,0.966,37.09,52.9,72.6,37.24,68.367,92.433,35.2,10668.667,8494.667,-20.38,0.004,0.005,36.25,7.2,11.533,60.19,,,
EQ-0234,2025-04-28 00:00:00,避雷器,亦庄110kV变电站,0.433,0.571,31.85,0.521,0.728,39.89,,,,,,,,,,,,,,,,,,
EQ-0126,2025-04-03 00:00:00,避雷器,张江110kV变电站,0.532,0.717,34.76,0.686,0.86,25.48,,,,,,,,,,,,,,,,,,
EQ-0091,2025-04-20 00:00:00,断路器,前海110kV变电站,0.605,0.758,25.35,0.721,0.933,29.45,,,,,,,11743.0,10063.667,-14.3,,,,,,,0.483,0.515,6.56
EQ-0395,2025-04-04 00:00:00,电力变压器,成都高新35kV变电站,0.465,0.614,32.08,0.571,0.771,35.16,48.067,67.167,39.74,63.433,85.9,35.42,9074.667,9769.0,7.65,0.004,0.005,21.47,7.1,4.833,-31.92,,,
EQ-0127,2025-04-29 00:00:00,GIS组合电器,张江110kV变电站,0.499,0.698,39.98,0.584,0.86,47.29,49.367,71.5,44.83,63.867,90.2,41.23,10204.667,7393.667,-27.55,,,,12.067,9.167,-24.03,0.483,0.474,-1.73
EQ-0009,2025-04-04 00:00:00,断路器,龙华220kV变电站,0.464,0.643,38.68,0.56,0.801,43.18,,,,,,,9201.0,6553.333,-28.78,,,,,,,0.487,0.458,-5.95
EQ-0186,2025-04-04 00:00:00,断路器,杭州滨江110kV变电站,0.605,0.822,35.91,0.746,0.982,31.53,,,,,,,8302.333,8445.0,1.72,,,,,,,0.447,0.47,5.07
EQ-0346,2025-04-25 00:00:00,电力变压器,武侯110kV变电站,0.479,0.65,35.65,0.61,0.797,30.71,48.7,71.367,46.54,65.9,88.8,34.75,9517.0,9965.333,4.71,0.005,0.004,-10.79,10.167,6.6,-35.08,,,
EQ-0048,2025-04-04 00:00:00,断路器,松山湖220kV变电站,0.503,0.706,40.39,0.638,0.873,36.99,,,,,,,9150.667,10017.667,9.47,,,,,,,0.473,0.476,0.78
EQ-0276,2025-05-01 00:00:00,避雷器,天津滨海220kV变电站,0.519,0.766,47.59,0.622,0.958,53.92,,,,,,,,,,,,,,,,,,
EQ-0154,2025-04-04 00:00:00,断路器,苏州工业园220kV变电站,0.515,0.679,31.69,0.625,0.818,30.89,,,,,,,8239.667,8695.333,5.53,,,,,,,0.482,0.494,2.56
EQ-0163,2025-04-04 00:00:00,隔离开关,苏州工业园220kV变电站,0.445,0.607,36.59,0.565,0.773,36.7,,,,,,,,,,,,,,,,,,
EQ-0109,2025-04-04 00:00:00,电力变压器,张江110kV变电站,0.583,0.756,29.58,0.724,0.887,22.5,56.6,75.933,34.16,72.633,94.267,29.78,7550.0,7779.667,3.04,0.005,0.004,-23.23,14.8,4.933,-66.67,,,
EQ-0365,2025-04-04 00:00:00,电力变压器,重庆两江220kV变电站,0.575,0.809,40.65,0.683,0.952,39.34,49.967,78.133,56.37,66.333,98.633,48.69,9298.333,8031.667,-13.62,0.005,0.004,-21.51,10.933,6.5,-40.55,,,
EQ-0105,2025-04-29 00:00:00,GIS组合电器,前海110kV变电站,0.512,0.732,43.06,0.652,0.917,40.69,54.3,78.5,44.57,70.133,96.133,37.07,9246.333,8093.333,-12.47,,,,6.0,8.233,37.22,0.501,0.477,-4.92
EQ-0209,2025-05-02 00:00:00,隔离开关,昆山35kV变电站,0.502,0.758,50.9,0.609,0.948,55.7,,,,,,,,,,,,,,,,,,
EQ-0104,2025-04-04 00:00:00,避雷器,前海110kV变电站,0.457,0.621,35.91,0.549,0.767,39.64,,,,,,,,,,,,,,,,,,
EQ-0424,2025-04-04 00:00:00,避雷器,沈阳浑南110kV变电站,0.478,0.639,33.66,0.61,0.818,34.06,,,,,,,,,,,,,,,,,,
EQ-0364,2025-04-04 00:00:00,GIS组合电器,武侯110kV变电站,0.416,0.603,44.82,0.541,0.74,36.88,47.367,71.4,50.74,61.4,87.333,42.24,8253.333,10024.0,21.45,,,,11.7,8.5,-27.35,0.502,0.5,-0.46
EQ-0022,2025-04-04 00:00:00,隔离开关,龙华220kV变电站,0.52,0.689,32.63,0.67,0.896,33.85,,,,,,,,,,,,,,,,,,
EQ-0344,2025-04-23 00:00:00,避雷器,长沙星沙110kV变电站,0.554,0.761,37.46,0.693,0.947,36.57,,,,,,,,,,,,,,,,,,
EQ-0093,2025-04-04 00:00:00,断路器,前海110kV变电站,0.476,0.695,45.93,0.609,0.868,42.62,,,,,,,11896.667,10899.333,-8.38,,,,,,,0.475,0.481,1.26
EQ-0044,2025-04-22 00:00:00,断路器,松山湖220kV变电站,0.506,0.654,29.21,0.616,0.847,37.4,,,,,,,8849.333,8267.667,-6.57,,,,,,,0.493,0.48,-2.77
EQ-0405,2025-04-04 00:00:00,避雷器,成都高新35kV变电站,0.481,0.634,31.79,0.603,0.842,39.57,,,,,,,,,,,,,,,,,,
EQ-0148,2025-04-04 00:00:00,电力变压器,苏州工业园220kV变电站,0.515,0.697,35.24,0.642,0.869,35.47,51.6,75.033,45.41,68.3,91.167,33.48,9211.333,7938.0,-13.82,0.005,0.005,-10.37,13.567,8.3,-38.82,,,
EQ-0017,2025-04-05 00:00:00,隔离开关,龙华220kV变电站,0.565,0.78,37.99,0.687,0.935,36.1,,,,,,,,,,,,,,,,,,
EQ-0079,2025-04-21 00:00:00,隔离开关,南沙110kV变电站,0.486,0.669,37.66,0.639,0.866,35.52,,,,,,,,,,,,,,,,,,
EQ-0360,2025-04-05 00:00:00,避雷器,武侯110kV变电站,0.583,0.782,34.05,0.719,0.939,30.61,,,,,,,,,,,,,,,,,,
EQ-0362,2025-04-15 00:00:00,避雷器,武侯110kV变电站,0.568,0.72,26.68,0.726,0.902,24.27,,,,,,,,,,,,,,,,,,
EQ-0269,2025-03-31 00:00:00,隔离开关,天津滨海220kV变电站,0.549,0.592,7.87,0.732,0.772,5.5,,,,,,,,,,,,,,,,,,
EQ-0011,2025-04-05 00:00:00,断路器,龙华220kV变电站,0.439,0.594,35.51,0.558,0.752,34.8,,,,,,,8059.0,9217.333,14.37,,,,,,,0.503,0.469,-6.89
EQ-0238,2025-05-01 00:00:00,电力变压器,通州35kV变电站,0.506,0.724,43.0,0.627,0.887,41.44,46.4,73.667,58.76,62.833,92.567,47.32,8327.667,8364.667,0.44,0.005,0.005,10.11,9.033,16.467,82.29,,,
EQ-0016,2025-04-05 00:00:00,隔离开关,龙华220kV变电站,0.592,0.822,38.9,0.728,0.988,35.72,,,,,,,,,,,,,,,,,,
EQ-0422,2025-04-05 00:00:00,避雷器,沈阳浑南110kV变电站,0.566,0.773,36.54,0.69,0.938,36.01,,,,,,,,,,,,,,,,,,
EQ-0141,2025-04-05 00:00:00,电容器组,临港110kV变电站,0.49,0.699,42.56,0.62,0.865,39.55,,,,,,,,,,0.004,0.004,-7.13,,,,,,
EQ-0397,2025-04-05 00:00:00,断路器,成都高新35kV变电站,0.523,0.695,32.91,0.679,0.86,26.77,,,,,,,9150.667,9777.0,6.84,,,,,,,0.498,0.515,3.34
EQ-0282,2025-04-28 00:00:00,电力变压器,石家庄高新35kV变电站,0.57,0.797,39.98,0.712,0.938,31.75,49.233,76.8,55.99,65.2,94.733,45.3,8861.0,8043.667,-9.22,0.004,0.005,19.82,8.833,8.267,-6.42,,,
EQ-0235,2025-04-05 00:00:00,避雷器,亦庄110kV变电站,0.441,0.576,30.62,0.549,0.735,33.91,,,,,,,,,,,,,,,,,,
EQ-0370,2025-04-05 00:00:00,断路器,重庆两江220kV变电站,0.443,0.574,29.47,0.536,0.745,38.88,,,,,,,10260.0,9167.667,-10.65,,,,,,,0.507,0.487,-3.88
EQ-0337,2025-04-06 00:00:00,隔离开关,长沙星沙110kV变电站,0.539,0.772,43.23,0.671,0.945,40.8,,,,,,,,,,,,,,,,,,
EQ-0166,2025-04-06 00:00:00,隔离开关,苏州工业园220kV变电站,0.46,0.594,29.06,0.582,0.716,23.08,,,,,,,,,,,,,,,,,,
EQ-0322,2025-04-06 00:00:00,电容器组,江夏35kV变电站,0.436,0.599,37.37,0.549,0.768,39.95,,,,,,,,,,0.003,0.005,58.65,,,,,,
EQ-0004,2025-04-06 00:00:00,电力变压器,龙华220kV变电站,0.539,0.69,27.99,0.648,0.86,32.7,54.6,77.6,42.12,70.433,94.233,33.79,8131.667,9665.667,18.86,0.004,0.004,-4.92,11.6,8.7,-25.0,,,
EQ-0129,2025-04-16 00:00:00,电力变压器,临港110kV变电站,0.434,0.571,31.36,0.561,0.705,25.75,44.967,70.9,57.67,61.2,87.667,43.25,8814.0,9617.0,9.11,0.004,0.005,31.04,5.233,9.067,73.25,,,
EQ-0231,2025-04-12 00:00:00,避雷器,亦庄110kV变电站,0.469,0.64,36.38,0.608,0.83,36.52,,,,,,,,,,,,,,,,,,
EQ-0178,2025-04-06 00:00:00,避雷器,苏州工业园220kV变电站,0.445,0.55,23.79,0.576,0.689,19.68,,,,,,,,,,,,,,,,,,
EQ-0143,2025-04-06 00:00:00,避雷器,临港110kV变电站,0.617,0.781,26.6,0.778,0.936,20.31,,,,,,,,,,,,,,,,,,
EQ-0204,2025-04-06 00:00:00,断路器,昆山35kV变电站,0.464,0.614,32.53,0.607,0.773,27.39,,,,,,,7292.0,8302.333,13.86,,,,,,,0.459,0.507,10.53
EQ-0381,2025-04-06 00:00:00,隔离开关,重庆两江220kV变电站,0.602,0.771,28.2,0.716,0.925,29.22,,,,,,,,,,,,,,,,,,
EQ-0068,2025-04-24 00:00:00,电力变压器,南沙110kV变电站,0.428,0.572,33.83,0.531,0.709,33.32,54.933,74.133,34.95,67.1,91.0,35.62,9827.667,10402.667,5.85,0.004,0.004,0.18,8.2,10.833,32.11,,,
EQ-0155,2025-04-23 00:00:00,断路器,苏州工业园220kV变电站,0.446,0.588,31.8,0.562,0.735,30.77,,,,,,,9427.333,9285.0,-1.51,,,,,,,0.471,0.498,5.8
EQ-0070,2025-04-07 00:00:00,电力变压器,南沙110kV变电站,0.488,0.674,37.98,0.623,0.825,32.36,51.533,75.733,46.96,67.633,94.033,39.03,8563.667,7188.667,-16.06,0.004,0.005,19.73,11.133,9.967,-10.48,,,
EQ-0227,2025-04-07 00:00:00,隔离开关,亦庄110kV变电站,0.587,0.764,30.19,0.746,0.951,27.46,,,,,,,,,,,,,,,,,,
EQ-0317,2025-04-01 00:00:00,断路器,江夏35kV变电站,0.467,0.579,24.1,0.616,0.718,16.46,,,,,,,6837.333,8440.667,23.45,,,,,,,0.507,0.511,0.86
EQ-0331,2025-04-07 00:00:00,断路器,长沙星沙110kV变电站,0.472,0.618,30.87,0.599,0.77,28.43,,,,,,,11950.333,8156.667,-31.75,,,,,,,0.501,0.494,-1.33
EQ-0325,2025-04-05 00:00:00,避雷器,江夏35kV变电站,0.404,0.567,40.35,0.515,0.72,39.88,,,,,,,,,,,,,,,,,,
EQ-0038,2025-04-07 00:00:00,GIS组合电器,龙华220kV变电站,0.528,0.688,30.3,0.679,0.82,20.81,55.867,83.3,49.11,73.367,102.2,39.3,9386.0,7899.333,-15.84,,,,6.067,10.467,72.53,0.44,0.495,12.5
EQ-0385,2025-04-07 00:00:00,电容器组,重庆两江220kV变电站,0.466,0.634,36.04,0.602,0.78,29.5,,,,,,,,,,0.004,0.004,2.12,,,,,,
EQ-0251,2025-04-17 00:00:00,避雷器,通州35kV变电站,0.519,0.685,32.1,0.653,0.868,32.93,,,,,,,,,,,,,,,,,,
EQ-0015,2025-04-07 00:00:00,断路器,龙华220kV变电站,0.428,0.583,36.24,0.539,0.714,32.42,,,,,,,8241.0,6989.333,-15.19,,,,,,,0.483,0.507,4.97
EQ-0266,2025-04-07 00:00:00,隔离开关,天津滨海220kV变电站,0.425,0.585,37.53,0.514,0.761,48.04,,,,,,,,,,,,,,,,,,
EQ-0377,2025-04-07 00:00:00,隔离开关,重庆两江220kV变电站,0.468,0.677,44.56,0.604,0.881,45.83,,,,,,,,,,,,,,,,,,
EQ-0019,2025-05-05 00:00:00,隔离开关,龙华220kV变电站,0.63,0.874,38.84,0.795,1.049,31.95,,,,,,,,,,,,,,,,,,
EQ-0410,2025-04-02 00:00:00,电力变压器,沈阳浑南110kV变电站,0.502,0.654,30.44,0.65,0.806,24.03,39.6,64.867,63.8,55.433,81.5,47.02,10190.333,7301.0,-28.35,0.004,0.004,9.65,8.033,8.133,1.24,,,
EQ-0373,2025-04-07 00:00:00,断路器,重庆两江220kV变电站,0.541,0.753,39.16,0.68,0.895,31.57,,,,,,,9819.0,11601.333,18.15,,,,,,,0.476,0.491,3.15
EQ-0080,2025-04-07 00:00:00,电容器组,南沙110kV变电站,0.542,0.764,40.93,0.682,0.968,41.89,,,,,,,,,,0.005,0.003,-47.26,,,,,,
EQ-0041,2025-05-02 00:00:00,电力变压器,松山湖220kV变电站,0.466,0.705,51.12,0.61,0.861,41.11,55.7,81.1,45.6,72.467,101.167,39.6,10186.667,6742.333,-33.81,0.004,0.005,4.2,9.767,8.1,-17.06,,,
EQ-0099,2025-05-07 00:00:00,电容器组,前海110kV变电站,0.552,0.816,47.9,0.688,0.986,43.21,,,,,,,,,,0.005,0.003,-41.97,,,,,,
EQ-0272,2025-04-07 00:00:00,电容器组,天津滨海220kV变电站,0.523,0.705,34.84,0.643,0.906,40.75,,,,,,,,,,0.005,0.003,-45.99,,,,,,
EQ-0006,2025-04-18 00:00:00,断路器,龙华220kV变电站,0.451,0.6,33.11,0.563,0.761,35.11,,,,,,,7218.333,8521.0,18.05,,,,,,,0.486,0.453,-6.79
EQ-0014,2025-04-08 00:00:00,断路器,龙华220kV变电站,0.47,0.685,45.76,0.609,0.873,43.45,,,,,,,9560.0,8525.667,-10.82,,,,,,,0.513,0.485,-5.52
EQ-0295,2025-04-08 00:00:00,电力变压器,武昌110kV变电站,0.58,0.747,28.82,0.703,0.921,30.99,51.033,71.433,39.97,68.867,93.333,35.53,8327.667,8915.0,7.05,0.005,0.005,17.63,9.267,9.5,2.52,,,
EQ-0069,2025-04-08 00:00:00,电力变压器,南沙110kV变电站,0.597,0.737,23.29,0.751,0.922,22.7,61.733,77.767,25.97,78.733,95.667,21.51,9654.333,9564.0,-0.94,0.004,0.004,-1.63,13.733,10.367,-24.51,,,
EQ-0024,2025-04-08 00:00:00,电容器组,龙华220kV变电站,0.458,0.608,32.74,0.572,0.753,31.62,,,,,,,,,,0.005,0.004,-9.7,,,,,,
EQ-0311,2025-04-08 00:00:00,避雷器,武昌110kV变电站,0.593,0.765,29.01,0.741,0.964,30.01,,,,,,,,,,,,,,,,,,
EQ-0361,2025-04-08 00:00:00,避雷器,武侯110kV变电站,0.589,0.784,33.04,0.736,0.996,35.26,,,,,,,,,,,,,,,,,,
EQ-0188,2025-04-08 00:00:00,断路器,杭州滨江110kV变电站,0.582,0.78,34.08,0.776,0.942,21.3,,,,,,,9101.333,7571.667,-16.81,,,,,,,0.503,0.483,-3.98
EQ-0073,2025-04-08 00:00:00,断路器,南沙110kV变电站,0.497,0.656,31.87,0.632,0.824,30.35,,,,,,,9054.333,9718.333,7.33,,,,,,,0.52,0.519,-0.26
EQ-0333,2025-04-08 00:00:00,断路器,长沙星沙110kV变电站,0.568,0.782,37.83,0.699,0.949,35.76,,,,,,,7627.0,10284.667,34.85,,,,,,,0.501,0.485,-3.19
EQ-0230,2025-04-12 00:00:00,电容器组,亦庄110kV变电站,0.576,0.797,38.48,0.713,0.994,39.28,,,,,,,,,,0.004,0.004,17.79,,,,,,
EQ-0037,2025-04-08 00:00:00,GIS组合电器,龙华220kV变电站,0.557,0.732,31.5,0.719,0.908,26.34,56.933,78.0,37.0,72.833,97.033,33.23,9701.667,8633.667,-11.01,,,,10.8,14.967,38.58,0.514,0.458,-10.89
EQ-0402,2025-04-08 00:00:00,隔离开关,成都高新35kV变电站,0.507,0.731,44.1,0.65,0.898,38.07,,,,,,,,,,,,,,,,,,
EQ-0283,2025-04-08 00:00:00,电力变压器,石家庄高新35kV变电站,0.572,0.805,40.74,0.718,0.961,33.91,50.033,73.567,47.04,67.167,93.433,39.11,8794.0,8987.0,2.19,0.004,0.005,10.53,9.2,9.733,5.8,,,
EQ-0407,2025-04-08 00:00:00,避雷器,成都高新35kV变电站,0.437,0.6,37.23,0.56,0.778,39.02,,,,,,,,,,,,,,,,,,
EQ-0032,2025-04-08 00:00:00,避雷器,龙华220kV变电站,0.442,0.614,38.84,0.551,0.803,45.67,,,,,,,,,,,,,,,,,,
EQ-0130,2025-04-08 00:00:00,电力变压器,临港110kV变电站,0.48,0.637,32.63,0.571,0.815,42.7,50.4,72.233,43.32,65.767,88.133,34.01,10440.0,10773.667,3.2,0.004,0.004,4.91,9.2,8.533,-7.25,,,
EQ-0261,2025-04-08 00:00:00,断路器,天津滨海220kV变电站,0.611,0.769,25.9,0.773,0.96,24.12,,,,,,,8063.667,8250.667,2.32,,,,,,,0.491,0.448,-8.82
EQ-0181,2025-04-08 00:00:00,GIS组合电器,苏州工业园220kV变电站,0.518,0.717,38.41,0.666,0.913,37.04,51.633,72.567,40.54,67.7,90.7,33.97,8154.333,6811.667,-16.47,,,,6.3,5.4,-14.29,0.512,0.492,-3.84
EQ-0022,2025-04-08 05:33:00,隔离开关,龙华220kV变电站,0.52,0.689,32.63,0.67,0.896,33.85,,,,,,,,,,,,,,,,,,
EQ-0027,2025-04-09 00:00:00,避雷器,龙华220kV变电站,0.56,0.715,27.58,0.676,0.847,25.27,,,,,,,,,,,,,,,,,,
EQ-0182,2025-04-22 00:00:00,电力变压器,杭州滨江110kV变电站,0.512,0.688,34.38,0.648,0.854,31.79,52.3,73.567,40.66,67.667,90.967,34.43,8991.0,8271.333,-8.0,0.004,0.005,13.01,8.733,13.433,53.82,,,
EQ-0241,2025-04-09 00:00:00,断路器,通州35kV变电站,0.477,0.632,32.43,0.611,0.799,30.72,,,,,,,7354.0,7956.333,8.19,,,,,,,0.481,0.48,-0.28
EQ-0300,2025-04-09 00:00:00,断路器,武昌110kV变电站,0.583,0.759,30.25,0.695,0.937,34.75,,,,,,,9087.0,8663.0,-4.67,,,,,,,0.468,0.509,8.75
EQ-0288,2025-04-09 00:00:00,隔离开关,石家庄高新35kV变电站,0.521,0.674,29.56,0.633,0.857,35.47,,,,,,,,,,,,,,,,,,
EQ-0046,2025-04-09 00:00:00,断路器,松山湖220kV变电站,0.608,0.742,21.94,0.759,0.954,25.66,,,,,,,10459.667,8778.667,-16.07,,,,,,,0.5,0.493,-1.47
EQ-0103,2025-04-09 00:00:00,避雷器,前海110kV变电站,0.558,0.74,32.67,0.675,0.931,37.96,,,,,,,,,,,,,,,,,,
EQ-0021,2025-04-09 00:00:00,隔离开关,龙华220kV变电站,0.562,0.782,39.0,0.725,0.975,34.51,,,,,,,,,,,,,,,,,,
EQ-0297,2025-04-09 00:00:00,电力变压器,武昌110kV变电站,0.425,0.577,35.75,0.523,0.721,37.91,44.567,66.967,50.26,58.433,84.1,43.92,10472.667,9566.667,-8.65,0.004,0.004,-4.73,6.6,6.333,-4.04,,,
EQ-0001,2025-04-30 00:00:00,电力变压器,龙华220kV变电站,0.479,0.682,42.32,0.587,0.873,48.68,55.967,78.333,39.96,71.567,96.967,35.49,9538.667,8605.667,-9.78,0.004,0.004,2.81,10.233,11.867,15.96,,,
EQ-0257,2025-05-05 00:00:00,断路器,天津滨海220kV变电站,0.49,0.744,51.83,0.632,0.935,47.97,,,,,,,9866.333,7385.333,-25.15,,,,,,,0.51,0.471,-7.59
EQ-0247,2025-04-09 00:00:00,电容器组,通州35kV变电站,0.53,0.699,31.76,0.675,0.865,28.26,,,,,,,,,,0.004,0.004,11.94,,,,,,
EQ-0374,2025-04-09 00:00:00,断路器,重庆两江220kV变电站,0.58,0.784,35.11,0.719,0.913,26.98,,,,,,,7550.0,7610.667,0.8,,,,,,,0.477,0.493,3.35
EQ-0031,2025-04-09 00:00:00,避雷器,龙华220kV变电站,0.546,0.749,37.06,0.698,0.901,29.03,,,,,,,,,,,,,,,,,,
EQ-0050,2025-04-09 00:00:00,断路器,松山湖220kV变电站,0.507,0.663,30.79,0.628,0.793,26.31,,,,,,,8186.667,7807.333,-4.63,,,,,,,0.494,0.48,-2.83
EQ-0367,2025-04-10 00:00:00,电力变压器,重庆两江220kV变电站,0.5,0.674,34.88,0.585,0.845,44.42,52.133,74.233,42.39,65.867,90.967,38.11,8893.333,9473.667,6.53,0.004,0.004,-12.83,10.7,6.067,-43.3,,,
EQ-0088,2025-04-26 00:00:00,电力变压器,前海110kV变电站,0.45,0.603,34.0,0.559,0.745,33.26,51.5,70.6,37.09,64.233,85.333,32.85,14324.0,10957.0,-23.51,0.003,0.005,44.13,11.133,6.067,-45.51,,,
EQ-0270,2025-04-10 00:00:00,电容器组,天津滨海220kV变电站,0.505,0.72,42.6,0.605,0.897,48.09,,,,,,,,,,0.004,0.004,-14.65,,,,,,
EQ-0175,2025-04-10 00:00:00,避雷器,苏州工业园220kV变电站,0.442,0.597,35.09,0.557,0.768,37.86,,,,,,,,,,,,,,,,,,
EQ-0173,2025-05-03 00:00:00,避雷器,苏州工业园220kV变电站,0.471,0.69,46.51,0.595,0.832,39.84,,,,,,,,,,,,,,,,,,
EQ-0342,2025-04-10 00:00:00,避雷器,长沙星沙110kV变电站,0.467,0.604,29.39,0.61,0.754,23.66,,,,,,,,,,,,,,,,,,
EQ-0372,2025-04-10 00:00:00,断路器,重庆两江220kV变电站,0.49,0.616,25.87,0.613,0.732,19.55,,,,,,,8936.0,6948.667,-22.24,,,,,,,0.511,0.473,-7.56
EQ-0309,2025-04-10 00:00:00,避雷器,武昌110kV变电站,0.509,0.752,47.64,0.637,0.92,44.42,,,,,,,,,,,,,,,,,,
EQ-0376,2025-05-02 00:00:00,断路器,重庆两江220kV变电站,0.443,0.624,40.95,0.547,0.793,44.83,,,,,,,10330.0,7690.667,-25.55,,,,,,,0.488,0.479,-1.78
EQ-0053,2025-04-25 00:00:00,隔离开关,松山湖220kV变电站,0.46,0.633,37.56,0.572,0.796,39.23,,,,,,,,,,,,,,,,,,
EQ-0128,2025-04-10 00:00:00,GIS组合电器,张江110kV变电站,0.504,0.732,45.17,0.625,0.917,46.73,50.5,77.967,54.39,64.5,97.133,50.59,8922.667,7547.0,-15.42,,,,5.8,10.7,84.48,0.461,0.476,3.4
EQ-0430,2025-04-10 00:00:00,断路器,大连开发区35kV变电站,0.514,0.708,37.76,0.639,0.912,42.81,,,,,,,8822.667,6847.667,-22.39,,,,,,,0.452,0.49,8.4
EQ-0268,2025-04-11 00:00:00,隔离开关,天津滨海220kV变电站,0.57,0.734,28.66,0.687,0.946,37.76,,,,,,,,,,,,,,,,,,
EQ-0106,2025-04-11 00:00:00,GIS组合电器,前海110kV变电站,0.515,0.659,28.03,0.634,0.806,27.14,55.833,74.2,32.9,71.267,92.367,29.61,9955.667,8104.333,-18.6,,,,7.3,8.433,15.53,0.479,0.461,-3.69
EQ-0369,2025-04-11 00:00:00,断路器,重庆两江220kV变电站,0.506,0.703,38.98,0.649,0.885,36.33,,,,,,,8628.0,8977.333,4.05,,,,,,,0.465,0.47,1.15
EQ-0108,2025-04-11 00:00:00,电力变压器,张江110kV变电站,0.614,0.827,34.7,0.792,0.994,25.43,50.833,80.867,59.08,69.4,102.533,47.74,7840.333,9144.667,16.64,0.006,0.005,-15.17,12.767,7.833,-38.64,,,
EQ-0102,2025-05-06 00:00:00,避雷器,前海110kV变电站,0.553,0.827,49.44,0.675,1.023,51.56,,,,,,,,,,,,,,,,,,
EQ-0334,2025-04-11 00:00:00,断路器,长沙星沙110kV变电站,0.482,0.629,30.54,0.597,0.771,29.27,,,,,,,12116.333,7929.333,-34.56,,,,,,,0.498,0.48,-3.68
EQ-0216,2025-04-11 00:00:00,电力变压器,亦庄110kV变电站,0.572,0.827,44.4,0.704,1.023,45.37,48.167,74.4,54.46,64.233,93.967,46.29,7875.0,9321.333,18.37,0.005,0.004,-15.92,4.167,10.933,162.4,,,
EQ-0008,2025-05-10 00:00:00,断路器,龙华220kV变电站,0.453,0.701,54.62,0.567,0.871,53.6,,,,,,,8330.0,7097.0,-14.8,,,,,,,0.454,0.48,5.73
EQ-0200,2025-04-20 00:00:00,GIS组合电器,杭州滨江110kV变电站,0.418,0.556,32.95,0.544,0.724,33.0,48.467,68.7,41.75,61.7,83.733,35.71,8854.667,9029.667,1.98,,,,5.167,9.467,83.23,0.525,0.462,-11.94
EQ-0256,2025-04-11 00:00:00,断路器,天津滨海220kV变电站,0.443,0.602,35.83,0.554,0.767,38.49,,,,,,,7173.333,7918.667,10.39,,,,,,,0.495,0.479,-3.3
EQ-0215,2025-04-11 00:00:00,电力变压器,亦庄110kV变电站,0.505,0.658,30.21,0.627,0.807,28.77,48.7,65.967,35.46,66.233,84.6,27.73,8731.0,8641.0,-1.03,0.006,0.004,-31.54,13.833,14.967,8.19,,,
EQ-0379,2025-04-11 00:00:00,隔离开关,重庆两江220kV变电站,0.471,0.66,40.12,0.586,0.824,40.66,,,,,,,,,,,,,,,,,,
EQ-0039,2025-05-04 00:00:00,电力变压器,松山湖220kV变电站,0.6,0.851,41.84,0.709,1.06,49.48,62.8,84.3,34.24,80.333,103.0,28.22,9717.667,9552.0,-1.7,0.005,0.004,-22.83,15.1,9.067,-39.96,,,
EQ-0005,2025-04-05 00:00:00,电力变压器,龙华220kV变电站,0.478,0.645,34.94,0.632,0.774,22.59,56.967,74.367,30.54,68.967,93.633,35.77,9054.0,8227.667,-9.13,0.004,0.005,17.27,18.067,15.833,-12.36,,,
EQ-0253,2025-04-11 00:00:00,电力变压器,天津滨海220kV变电站,0.437,0.575,31.47,0.543,0.75,37.96,41.3,63.233,53.11,56.567,82.467,45.79,8400.667,9462.0,12.63,0.005,0.004,-17.25,7.1,9.933,39.91,,,
EQ-0419,2025-04-11 00:00:00,隔离开关,沈阳浑南110kV变电站,0.501,0.691,37.98,0.649,0.852,31.23,,,,,,,,,,,,,,,,,,
EQ-0354,2025-04-06 00:00:00,隔离开关,武侯110kV变电站,0.451,0.632,40.06,0.559,0.762,36.36,,,,,,,,,,,,,,,,,,
EQ-0114,2025-04-11 00:00:00,断路器,张江110kV变电站,0.595,0.804,35.11,0.741,0.968,30.54,,,,,,,9497.0,9048.333,-4.72,,,,,,,0.471,0.502,6.51
EQ-0075,2025-05-03 00:00:00,断路器,南沙110kV变电站,0.494,0.73,47.67,0.609,0.922,51.35,,,,,,,9887.667,9836.333,-0.52,,,,,,,0.504,0.484,-3.9
EQ-0318,2025-04-12 00:00:00,断路器,江夏35kV变电站,0.424,0.591,39.47,0.533,0.74,38.84,,,,,,,10116.0,9243.0,-8.63,,,,,,,0.483,0.501,3.72
EQ-0280,2025-04-12 00:00:00,GIS组合电器,天津滨海220kV变电站,0.425,0.62,45.62,0.524,0.779,48.84,42.5,66.867,57.33,58.367,83.733,43.46,7436.333,8375.0,12.62,,,,12.5,10.867,-13.07,0.504,0.459,-8.8
EQ-0101,2025-04-12 00:00:00,避雷器,前海110kV变电站,0.425,0.61,43.32,0.54,0.756,39.96,,,,,,,,,,,,,,,,,,
EQ-0144,2025-04-12 00:00:00,避雷器,临港110kV变电站,0.513,0.665,29.68,0.668,0.869,30.12,,,,,,,,,,,,,,,,,,
EQ-0177,2025-04-12 00:00:00,避雷器,苏州工业园220kV变电站,0.515,0.642,24.78,0.678,0.828,22.01,,,,,,,,,,,,,,,,,,
EQ-0197,2025-04-12 00:00:00,避雷器,杭州滨江110kV变电站,0.457,0.614,34.22,0.574,0.756,31.54,,,,,,,,,,,,,,,,,,
EQ-0413,2025-04-24 00:00:00,断路器,沈阳浑南110kV变电站,0.508,0.664,30.76,0.624,0.827,32.52,,,,,,,8189.0,7936.0,-3.09,,,,,,,0.483,0.502,4.01
EQ-0133,2025-04-12 00:00:00,断路器,临港110kV变电站,0.446,0.597,33.71,0.539,0.753,39.56,,,,,,,9136.667,8540.0,-6.53,,,,,,,0.507,0.468,-7.75
EQ-0203,2025-04-12 00:00:00,断路器,昆山35kV变电站,0.471,0.643,36.47,0.58,0.791,36.31,,,,,,,8219.0,8420.333,2.45,,,,,,,0.47,0.489,4.12
EQ-0220,2025-04-12 00:00:00,断路器,亦庄110kV变电站,0.589,0.807,36.86,0.733,1.02,39.19,,,,,,,8340.333,9354.667,12.16,,,,,,,0.484,0.469,-3.1
EQ-0190,2025-04-12 00:00:00,隔离开关,杭州滨江110kV变电站,0.519,0.682,31.33,0.657,0.834,26.97,,,,,,,,,,,,,,,,,,
EQ-0097,2025-04-12 00:00:00,隔离开关,前海110kV变电站,0.514,0.679,31.97,0.642,0.852,32.75,,,,,,,,,,,,,,,,,,
EQ-0170,2025-04-18 00:00:00,电容器组,苏州工业园220kV变电站,0.463,0.61,31.78,0.55,0.772,40.41,,,,,,,,,,0.005,0.004,-18.44,,,,,,
EQ-0264,2025-04-12 00:00:00,隔离开关,天津滨海220kV变电站,0.549,0.738,34.55,0.711,0.933,31.2,,,,,,,,,,,,,,,,,,
EQ-0132,2025-04-12 00:00:00,断路器,临港110kV变电站,0.595,0.758,27.39,0.765,0.927,21.11,,,,,,,10264.667,9571.333,-6.75,,,,,,,0.532,0.488,-8.21
EQ-0092,2025-04-12 00:00:00,断路器,前海110kV变电站,0.479,0.624,30.33,0.598,0.742,24.17,,,,,,,10044.667,9129.333,-9.11,,,,,,,0.489,0.475,-2.86
EQ-0135,2025-04-12 00:00:00,断路器,临港110kV变电站,0.503,0.667,32.44,0.638,0.805,26.11,,,,,,,12118.333,9778.0,-19.31,,,,,,,0.479,0.514,7.23
EQ-0072,2025-04-12 00:00:00,断路器,南沙110kV变电站,0.519,0.683,31.47,0.658,0.85,29.29,,,,,,,10091.667,9223.333,-8.6,,,,,,,0.486,0.48,-1.23
EQ-0064,2025-04-12 00:00:00,避雷器,松山湖220kV变电站,0.616,0.77,24.98,0.785,0.945,20.36,,,,,,,,,,,,,,,,,,
EQ-0192,2025-05-02 00:00:00,隔离开关,杭州滨江110kV变电站,0.586,0.868,48.13,0.734,1.069,45.73,,,,,,,,,,,,,,,,,,
EQ-0095,2025-04-13 00:00:00,隔离开关,前海110kV变电站,0.538,0.707,31.24,0.67,0.923,37.87,,,,,,,,,,,,,,,,,,
EQ-0049,2025-04-06 00:00:00,断路器,松山湖220kV变电站,0.493,0.621,26.09,0.621,0.758,22.05,,,,,,,11039.667,12005.667,8.75,,,,,,,0.491,0.489,-0.48
EQ-0056,2025-04-13 00:00:00,隔离开关,松山湖220kV变电站,0.454,0.61,34.38,0.556,0.743,33.6,,,,,,,,,,,,,,,,,,
EQ-0400,2025-04-13 00:00:00,隔离开关,成都高新35kV变电站,0.545,0.712,30.52,0.657,0.896,36.37,,,,,,,,,,,,,,,,,,
EQ-0084,2025-04-13 00:00:00,避雷器,南沙110kV变电站,0.581,0.773,33.06,0.755,0.943,24.89,,,,,,,,,,,,,,,,,,
EQ-0131,2025-04-06 00:00:00,电力变压器,临港110kV变电站,0.429,0.579,34.81,0.55,0.706,28.53,49.3,65.1,32.05,62.2,81.933,31.73,10458.333,7871.667,-24.73,0.004,0.005,21.35,9.667,7.833,-18.97,,,
EQ-0160,2025-04-20 00:00:00,断路器,苏州工业园220kV变电站,0.403,0.604,50.11,0.507,0.733,44.44,,,,,,,6637.0,8310.667,25.22,,,,,,,0.442,0.467,5.65
EQ-0057,2025-04-13 00:00:00,电容器组,松山湖220kV变电站,0.609,0.754,23.89,0.734,0.978,33.17,,,,,,,,,,0.004,0.005,6.23,,,,,,
EQ-0244,2025-04-10 00:00:00,隔离开关,通州35kV变电站,0.57,0.728,27.78,0.712,0.887,24.44,,,,,,,,,,,,,,,,,,
EQ-0071,2025-04-13 00:00:00,断路器,南沙110kV变电站,0.439,0.603,37.29,0.545,0.759,39.15,,,,,,,10857.0,10154.0,-6.48,,,,,,,0.472,0.51,8.05
EQ-0434,2025-04-13 00:00:00,隔离开关,大连开发区35kV变电站,0.442,0.595,34.56,0.545,0.785,44.2,,,,,,,,,,,,,,,,,,
EQ-0123,2025-05-01 00:00:00,避雷器,张江110kV变电站,0.431,0.663,53.8,0.533,0.799,49.82,,,,,,,,,,,,,,,,,,
EQ-0312,2025-04-13 00:00:00,避雷器,武昌110kV变电站,0.528,0.698,32.32,0.649,0.865,33.34,,,,,,,,,,,,,,,,,,
EQ-0339,2025-04-14 00:00:00,电容器组,长沙星沙110kV变电站,0.549,0.718,30.85,0.68,0.877,28.9,,,,,,,,,,0.005,0.003,-23.49,,,,,,
EQ-0356,2025-04-14 00:00:00,隔离开关,武侯110kV变电站,0.476,0.624,31.1,0.578,0.8,38.51,,,,,,,,,,,,,,,,,,
EQ-0158,2025-04-14 00:00:00,断路器,苏州工业园220kV变电站,0.471,0.661,40.35,0.614,0.83,35.2,,,,,,,7836.667,9032.333,15.26,,,,,,,0.473,0.484,2.4
EQ-0110,2025-04-14 00:00:00,断路器,张江110kV变电站,0.474,0.642,35.53,0.603,0.837,38.95,,,,,,,10043.0,8469.0,-15.67,,,,,,,0.522,0.467,-10.6
EQ-0358,2025-05-13 00:00:00,电容器组,武侯110kV变电站,0.569,0.772,35.69,0.689,0.929,34.97,,,,,,,,,,0.004,0.005,21.29,,,,,,
EQ-0153,2025-04-14 00:00:00,断路器,苏州工业园220kV变电站,0.434,0.554,27.6,0.536,0.704,31.27,,,,,,,7965.0,9263.667,16.3,,,,,,,0.501,0.467,-6.72
EQ-0319,2025-04-14 00:00:00,隔离开关,江夏35kV变电站,0.484,0.603,24.47,0.624,0.748,19.91,,,,,,,,,,,,,,,,,,
EQ-0020,2025-04-14 00:00:00,隔离开关,龙华220kV变电站,0.447,0.631,41.39,0.567,0.777,37.02,,,,,,,,,,,,,,,,,,
EQ-0076,2025-05-03 00:00:00,隔离开关,南沙110kV变电站,0.497,0.7,40.81,0.623,0.868,39.26,,,,,,,,,,,,,,,,,,
EQ-0252,2025-04-14 00:00:00,电力变压器,天津滨海220kV变电站,0.446,0.593,32.88,0.56,0.759,35.62,42.6,70.167,64.71,56.2,85.667,52.43,9971.333,8280.667,-16.96,0.003,0.004,17.03,12.567,10.1,-19.63,,,
EQ-0294,2025-04-14 00:00:00,避雷器,石家庄高新35kV变电站,0.598,0.794,32.7,0.742,0.967,30.31,,,,,,,,,,,,,,,,,,
EQ-0179,2025-04-19 00:00:00,GIS组合电器,苏州工业园220kV变电站,0.562,0.72,28.09,0.695,0.846,21.88,50.233,75.833,50.96,67.767,94.1,38.86,10154.0,8528.0,-16.01,,,,17.467,11.733,-32.82,0.459,0.488,6.39
EQ-0013,2025-04-14 00:00:00,断路器,龙华220kV变电站,0.557,0.729,30.86,0.67,0.883,31.76,,,,,,,7720.333,7034.667,-8.88,,,,,,,0.486,0.499,2.75
EQ-0436,2025-04-14 00:00:00,电容器组,大连开发区35kV变电站,0.493,0.686,39.1,0.606,0.852,40.63,,,,,,,,,,0.006,0.005,-26.52,,,,,,
EQ-0382,2025-04-14 00:00:00,隔离开关,重庆两江220kV变电站,0.557,0.76,36.41,0.698,0.915,31.06,,,,,,,,,,,,,,,,,,
EQ-0087,2025-04-14 00:00:00,电力变压器,前海110kV变电站,0.547,0.71,29.92,0.714,0.868,21.67,57.2,78.567,37.35,74.0,98.867,33.6,8978.333,11019.0,22.73,0.003,0.006,108.26,5.633,2.3,-59.17,,,
EQ-0280,2025-04-14 14:39:00,GIS组合电器,天津滨海220kV变电站,0.425,0.62,45.62,0.524,0.779,48.84,42.5,66.867,57.33,58.367,83.733,43.46,7436.333,8375.0,12.62,,,,12.5,10.867,-13.07,0.504,0.459,-8.8
EQ-0025,2025-04-15 00:00:00,电容器组,龙华220kV变电站,0.561,0.762,35.92,0.742,0.935,25.89,,,,,,,,,,0.005,0.005,1.35,,,,,,
EQ-0034,2025-04-15 00:00:00,避雷器,龙华220kV变电站,0.504,0.696,38.04,0.625,0.862,38.0,,,,,,,,,,,,,,,,,,
EQ-0124,2025-04-13 00:00:00,避雷器,张江110kV变电站,0.6,0.808,34.69,0.757,0.959,26.73,,,,,,,,,,,,,,,,,,
EQ-0290,2025-04-15 00:00:00,电容器组,石家庄高新35kV变电站,0.562,0.752,33.89,0.69,0.904,31.11,,,,,,,,,,0.004,0.004,3.05,,,,,,
EQ-0313,2025-04-15 00:00:00,GIS组合电器,武昌110kV变电站,0.561,0.817,45.57,0.683,0.953,39.53,49.567,74.167,49.63,66.667,92.967,39.45,9762.0,8379.333,-14.16,,,,9.833,3.133,-68.14,0.514,0.477,-7.07
EQ-0330,2025-04-15 00:00:00,断路器,长沙星沙110kV变电站,0.571,0.756,32.46,0.711,0.92,29.26,,,,,,,10145.667,8449.0,-16.72,,,,,,,0.482,0.494,2.56
EQ-0198,2025-04-20 00:00:00,避雷器,杭州滨江110kV变电站,0.588,0.728,23.85,0.708,0.883,24.62,,,,,,,,,,,,,,,,,,
EQ-0286,2025-05-13 00:00:00,断路器,石家庄高新35kV变电站,0.497,0.724,45.74,0.643,0.893,38.87,,,,,,,8969.0,7494.333,-16.44,,,,,,,0.484,0.491,1.38
EQ-0316,2025-05-14 00:00:00,断路器,江夏35kV变电站,0.62,0.87,40.4,0.792,1.046,31.97,,,,,,,8130.0,7509.0,-7.64,,,,,,,0.489,0.483,-1.09
EQ-0409,2025-04-15 00:00:00,电力变压器,沈阳浑南110kV变电站,0.586,0.769,31.21,0.752,0.938,24.7,43.033,68.767,59.8,57.767,88.767,53.66,10352.0,10002.667,-3.37,0.005,0.005,-1.68,4.7,7.933,68.79,,,
EQ-0378,2025-04-16 00:00:00,隔离开关,重庆两江220kV变电站,0.451,0.644,42.89,0.582,0.795,36.52,,,,,,,,,,,,,,,,,,
EQ-0201,2025-04-16 00:00:00,电力变压器,昆山35kV变电站,0.495,0.675,36.28,0.608,0.854,40.33,53.733,75.6,40.69,72.333,94.333,30.41,7356.0,7510.0,2.09,0.004,0.007,51.95,14.433,14.2,-1.62,,,
EQ-0086,2025-04-16 00:00:00,GIS组合电器,南沙110kV变电站,0.553,0.703,27.01,0.668,0.866,29.69,54.133,77.733,43.6,70.2,97.567,38.98,8607.667,8074.0,-6.2,,,,8.767,10.667,21.67,0.473,0.474,0.07
EQ-0121,2025-04-16 00:00:00,电容器组,张江110kV变电站,0.572,0.745,30.11,0.723,0.903,24.79,,,,,,,,,,0.005,0.005,3.4,,,,,,
EQ-0228,2025-04-16 00:00:00,隔离开关,亦庄110kV变电站,0.57,0.75,31.59,0.718,0.93,29.6,,,,,,,,,,,,,,,,,,
EQ-0066,2025-04-26 00:00:00,GIS组合电器,松山湖220kV变电站,0.426,0.56,31.4,0.542,0.72,32.84,47.067,74.733,58.78,58.8,88.9,51.19,8612.333,9361.667,8.7,,,,9.9,7.467,-24.58,0.468,0.499,6.55
EQ-0260,2025-04-16 00:00:00,断路器,天津滨海220kV变电站,0.59,0.777,31.76,0.74,0.947,27.88,,,,,,,8747.0,9761.667,11.6,,,,,,,0.489,0.477,-2.46
EQ-0063,2025-04-16 00:00:00,避雷器,松山湖220kV变电站,0.455,0.64,40.69,0.573,0.809,41.12,,,,,,,,,,,,,,,,,,
EQ-0433,2025-04-16 00:00:00,隔离开关,大连开发区35kV变电站,0.394,0.533,35.19,0.496,0.668,34.61,,,,,,,,,,,,,,,,,,
EQ-0090,2025-04-16 00:00:00,断路器,前海110kV变电站,0.567,0.701,23.62,0.728,0.868,19.26,,,,,,,8997.333,9913.0,10.18,,,,,,,0.497,0.515,3.76
EQ-0348,2025-04-16 00:00:00,电力变压器,武侯110kV变电站,0.446,0.602,34.97,0.556,0.764,37.44,50.4,71.4,41.67,65.233,88.733,36.02,11469.333,8508.333,-25.82,0.004,0.005,17.82,9.2,12.233,32.97,,,
EQ-0221,2025-04-16 00:00:00,断路器,亦庄110kV变电站,0.576,0.792,37.58,0.7,0.956,36.46,,,,,,,9552.333,8170.0,-14.47,,,,,,,0.493,0.49,-0.54
EQ-0371,2025-04-16 00:00:00,断路器,重庆两江220kV变电站,0.464,0.66,42.23,0.576,0.858,49.02,,,,,,,8834.667,8820.0,-0.17,,,,,,,0.473,0.473,-0.14
EQ-0218,2025-04-16 00:00:00,断路器,亦庄110kV变电站,0.554,0.748,34.97,0.722,0.938,29.96,,,,,,,11602.0,8914.333,-23.17,,,,,,,0.528,0.513,-2.84
EQ-0431,2025-05-01 00:00:00,断路器,大连开发区35kV变电站,0.596,0.892,49.58,0.772,1.067,38.16,,,,,,,7982.667,7511.0,-5.91,,,,,,,0.481,0.511,6.38
EQ-0340,2025-04-16 00:00:00,电容器组,长沙星沙110kV变电站,0.595,0.758,27.45,0.713,0.936,31.23,,,,,,,,,,0.003,0.003,-3.34,,,,,,
EQ-0250,2025-04-17 00:00:00,避雷器,通州35kV变电站,0.573,0.76,32.68,0.73,0.95,30.12,,,,,,,,,,,,,,,,,,
EQ-0336,2025-04-17 00:00:00,隔离开关,长沙星沙110kV变电站,0.584,0.796,36.29,0.74,0.975,31.78,,,,,,,,,,,,,,,,,,
EQ-0302,2025-05-12 00:00:00,断路器,武昌110kV变电站,0.482,0.721,49.63,0.614,0.915,48.91,,,,,,,10165.667,7595.333,-25.28,,,,,,,0.48,0.492,2.5
EQ-0054,2025-04-17 00:00:00,隔离开关,松山湖220kV变电站,0.486,0.664,36.83,0.591,0.843,42.64,,,,,,,,,,,,,,,,,,
EQ-0394,2025-05-11 00:00:00,GIS组合电器,重庆两江220kV变电站,0.585,0.887,51.47,0.709,1.087,53.4,58.567,83.633,42.8,77.267,102.7,32.92,11798.333,7571.667,-35.82,,,,5.533,8.967,62.05,0.491,0.472,-3.87
EQ-0258,2025-04-17 00:00:00,断路器,天津滨海220kV变电站,0.469,0.641,36.45,0.58,0.785,35.35,,,,,,,9071.667,8762.0,-3.41,,,,,,,0.499,0.457,-8.48
EQ-0214,2025-04-17 00:00:00,避雷器,昆山35kV变电站,0.52,0.667,28.42,0.671,0.847,26.18,,,,,,,,,,,,,,,,,,
EQ-0094,2025-04-17 00:00:00,断路器,前海110kV变电站,0.454,0.606,33.42,0.569,0.768,35.02,,,,,,,10224.667,8831.333,-13.63,,,,,,,0.505,0.469,-7.13
EQ-0187,2025-04-17 00:00:00,断路器,杭州滨江110kV变电站,0.588,0.796,35.27,0.722,0.977,35.29,,,,,,,8798.333,9318.667,5.91,,,,,,,0.453,0.489,7.87
EQ-0386,2025-04-17 00:00:00,避雷器,重庆两江220kV变电站,0.5,0.678,35.72,0.63,0.824,30.77,,,,,,,,,,,,,,,,,,
EQ-0043,2025-04-17 00:00:00,断路器,松山湖220kV变电站,0.444,0.604,36.06,0.568,0.736,29.54,,,,,,,9665.333,10402.0,7.62,,,,,,,0.498,0.496,-0.4
EQ-0388,2025-04-21 00:00:00,避雷器,重庆两江220kV变电站,0.559,0.734,31.3,0.719,0.911,26.67,,,,,,,,,,,,,,,,,,
EQ-0226,2025-04-17 00:00:00,隔离开关,亦庄110kV变电站,0.544,0.762,40.1,0.673,0.945,40.41,,,,,,,,,,,,,,,,,,
EQ-0438,2025-04-17 00:00:00,避雷器,大连开发区35kV变电站,0.501,0.68,35.7,0.645,0.841,30.29,,,,,,,,,,,,,,,,,,
EQ-0010,2025-04-17 00:00:00,断路器,龙华220kV变电站,0.479,0.669,39.86,0.594,0.8,34.75,,,,,,,9992.0,6618.333,-33.76,,,,,,,0.49,0.514,4.9
EQ-0107,2025-04-17 00:00:00,电力变压器,张江110kV变电站,0.432,0.561,29.96,0.557,0.698,25.23,45.7,70.7,54.7,58.367,88.333,51.34,8460.667,9796.333,15.79,0.004,0.005,20.02,7.8,7.367,-5.56,,,
EQ-0003,2025-04-18 00:00:00,电力变压器,龙华220kV变电站,0.453,0.634,40.07,0.56,0.793,41.68,57.033,74.233,30.16,71.267,93.2,30.78,9347.333,7133.333,-23.69,0.004,0.005,21.48,15.3,7.8,-49.02,,,
EQ-0291,2025-05-10 00:00:00,电容器组,石家庄高新35kV变电站,0.594,0.838,41.08,0.747,1.004,34.36,,,,,,,,,,0.003,0.005,48.52,,,,,,
EQ-0347,2025-04-18 00:00:00,电力变压器,武侯110kV变电站,0.416,0.572,37.41,0.507,0.743,46.57,47.6,68.6,44.12,61.433,84.9,38.2,9703.667,8432.667,-13.1,0.005,0.004,-2.88,4.433,12.233,175.94,,,
EQ-0255,2025-04-18 00:00:00,电力变压器,天津滨海220kV变电站,0.55,0.791,43.78,0.678,0.954,40.66,47.867,72.067,50.56,62.1,90.667,46.0,10314.333,7720.667,-25.15,0.004,0.005,28.85,11.967,10.667,-10.86,,,
EQ-0387,2025-04-17 00:00:00,避雷器,重庆两江220kV变电站,0.5,0.656,31.34,0.615,0.833,35.48,,,,,,,,,,,,,,,,,,
EQ-0293,2025-04-18 00:00:00,避雷器,石家庄高新35kV变电站,0.539,0.729,35.16,0.639,0.901,41.03,,,,,,,,,,,,,,,,,,
EQ-0219,2025-04-18 00:00:00,断路器,亦庄110kV变电站,0.555,0.772,39.07,0.683,0.924,35.25,,,,,,,10350.333,8494.667,-17.93,,,,,,,0.5,0.46,-8.0
EQ-0078,2025-04-18 00:00:00,隔离开关,南沙110kV变电站,0.588,0.779,32.43,0.75,0.935,24.71,,,,,,,,,,,,,,,,,,
EQ-0341,2025-04-19 00:00:00,避雷器,长沙星沙110kV变电站,0.498,0.655,31.67,0.621,0.78,25.62,,,,,,,,,,,,,,,,,,
EQ-0194,2025-04-19 00:00:00,电容器组,杭州滨江110kV变电站,0.438,0.547,24.75,0.544,0.703,29.13,,,,,,,,,,0.006,0.004,-22.83,,,,,,
EQ-0232,2025-04-19 00:00:00,避雷器,亦庄110kV变电站,0.473,0.652,37.76,0.558,0.792,41.82,,,,,,,,,,,,,,,,,,
EQ-0136,2025-04-22 00:00:00,断路器,临港110kV变电站,0.493,0.648,31.62,0.595,0.84,41.09,,,,,,,9507.333,11007.667,15.78,,,,,,,0.504,0.509,1.06
EQ-0176,2025-04-19 00:00:00,避雷器,苏州工业园220kV变电站,0.555,0.756,36.27,0.694,0.941,35.64,,,,,,,,,,,,,,,,,,
EQ-0171,2025-04-19 00:00:00,电容器组,苏州工业园220kV变电站,0.477,0.622,30.38,0.592,0.784,32.53,,,,,,,,,,0.005,0.005,9.57,,,,,,
EQ-0112,2025-04-19 00:00:00,断路器,张江110kV变电站,0.483,0.653,35.35,0.57,0.798,40.04,,,,,,,9175.333,7652.0,-16.6,,,,,,,0.527,0.495,-6.08
EQ-0118,2025-04-19 00:00:00,隔离开关,张江110kV变电站,0.6,0.804,33.86,0.754,0.957,26.9,,,,,,,,,,,,,,,,,,
EQ-0205,2025-04-19 00:00:00,断路器,昆山35kV变电站,0.448,0.635,41.61,0.572,0.799,39.57,,,,,,,8437.667,7308.667,-13.38,,,,,,,0.508,0.475,-6.56
EQ-0145,2025-04-19 00:00:00,避雷器,临港110kV变电站,0.442,0.619,40.05,0.58,0.775,33.52,,,,,,,,,,,,,,,,,,
EQ-0299,2025-05-02 00:00:00,断路器,武昌110kV变电站,0.57,0.868,52.28,0.699,1.029,47.3,,,,,,,9900.0,7502.0,-24.22,,,,,,,0.498,0.514,3.21
EQ-0083,2025-05-04 00:00:00,避雷器,南沙110kV变电站,0.606,0.912,50.51,0.768,1.065,38.68,,,,,,,,,,,,,,,,,,
EQ-0042,2025-05-09 00:00:00,电力变压器,松山湖220kV变电站,0.541,0.794,46.86,0.709,0.984,38.83,60.6,82.733,36.52,76.933,104.367,35.66,10088.0,9144.667,-9.35,0.004,0.005,28.45,10.2,10.033,-1.63,,,
EQ-0225,2025-04-20 00:00:00,隔离开关,亦庄110kV变电站,0.467,0.651,39.35,0.548,0.827,50.94,,,,,,,,,,,,,,,,,,
EQ-0119,2025-04-20 00:00:00,隔离开关,张江110kV变电站,0.435,0.623,43.28,0.542,0.771,42.21,,,,,,,,,,,,,,,,,,
EQ-0210,2025-04-30 00:00:00,电容器组,昆山35kV变电站,0.582,0.786,35.1,0.747,0.941,25.95,,,,,,,,,,0.004,0.005,6.97,,,,,,
EQ-0161,2025-04-20 00:00:00,断路器,苏州工业园220kV变电站,0.428,0.567,32.35,0.54,0.714,32.37,,,,,,,8941.667,8302.0,-7.15,,,,,,,0.519,0.52,0.19
EQ-0415,2025-04-20 00:00:00,断路器,沈阳浑南110kV变电站,0.437,0.61,39.45,0.565,0.781,38.31,,,,,,,9432.667,9000.333,-4.58,,,,,,,0.517,0.515,-0.39
EQ-0420,2025-04-20 00:00:00,电容器组,沈阳浑南110kV变电站,0.537,0.695,29.44,0.66,0.865,31.12,,,,,,,,,,0.004,0.004,5.03,,,,,,
EQ-0425,2025-04-25 00:00:00,避雷器,沈阳浑南110kV变电站,0.573,0.761,32.73,0.723,0.929,28.55,,,,,,,,,,,,,,,,,,
EQ-0245,2025-04-20 00:00:00,隔离开关,通州35kV变电站,0.552,0.709,28.5,0.676,0.898,32.8,,,,,,,,,,,,,,,,,,
EQ-0117,2025-04-20 00:00:00,隔离开关,张江110kV变电站,0.581,0.739,27.06,0.707,0.926,31.04,,,,,,,,,,,,,,,,,,
EQ-0359,2025-04-20 00:00:00,电容器组,武侯110kV变电站,0.475,0.622,30.96,0.609,0.796,30.71,,,,,,,,,,0.005,0.004,-19.45,,,,,,
EQ-0429,2025-04-20 00:00:00,断路器,大连开发区35kV变电站,0.528,0.67,27.03,0.657,0.847,28.81,,,,,,,9606.0,7477.333,-22.16,,,,,,,0.476,0.49,2.87
EQ-0366,2025-04-20 00:00:00,电力变压器,重庆两江220kV变电站,0.476,0.636,33.73,0.601,0.771,28.22,45.9,71.167,55.05,60.367,89.967,49.03,9998.667,9449.333,-5.49,0.005,0.005,-3.41,11.867,12.333,3.93,,,
EQ-0248,2025-05-05 00:00:00,电容器组,通州35kV变电站,0.449,0.677,50.65,0.558,0.908,62.88,,,,,,,,,,0.004,0.004,-2.68,,,,,,
EQ-0315,2025-04-20 00:00:00,电力变压器,江夏35kV变电站,0.601,0.763,26.9,0.78,0.96,23.16,50.067,73.967,47.74,66.033,93.667,41.85,7196.667,6961.333,-3.27,0.005,0.005,10.67,14.733,7.333,-50.23,,,
EQ-0137,2025-04-20 00:00:00,隔离开关,临港110kV变电站,0.468,0.587,25.25,0.582,0.74,27.1,,,,,,,,,,,,,,,,,,
EQ-0406,2025-04-20 00:00:00,避雷器,成都高新35kV变电站,0.43,0.589,37.01,0.524,0.73,39.35,,,,,,,,,,,,,,,,,,
EQ-0239,2025-04-16 00:00:00,电力变压器,通州35kV变电站,0.434,0.607,39.81,0.58,0.75,29.39,47.433,64.333,35.63,61.733,83.233,34.83,9826.667,7250.0,-26.22,0.004,0.005,5.12,5.067,12.733,151.32,,,
EQ-0061,2025-04-21 00:00:00,避雷器,松山湖220kV变电站,0.473,0.63,33.21,0.6,0.798,33.12,,,,,,,,,,,,,,,,,,
EQ-0439,2025-04-21 00:00:00,避雷器,大连开发区35kV变电站,0.486,0.653,34.43,0.626,0.825,31.74,,,,,,,,,,,,,,,,,,
EQ-0162,2025-04-21 00:00:00,隔离开关,苏州工业园220kV变电站,0.562,0.7,24.53,0.705,0.847,20.01,,,,,,,,,,,,,,,,,,
EQ-0274,2025-04-21 00:00:00,避雷器,天津滨海220kV变电站,0.607,0.809,33.41,0.753,0.982,30.41,,,,,,,,,,,,,,,,,,
EQ-0418,2025-04-21 00:00:00,隔离开关,沈阳浑南110kV变电站,0.574,0.763,33.03,0.701,0.891,27.04,,,,,,,,,,,,,,,,,,
EQ-0416,2025-05-05 00:00:00,隔离开关,沈阳浑南110kV变电站,0.589,0.894,51.84,0.732,1.073,46.51,,,,,,,,,,,,,,,,,,
EQ-0074,2025-05-05 00:00:00,断路器,南沙110kV变电站,0.58,0.862,48.69,0.699,1.045,49.47,,,,,,,9917.0,9555.0,-3.65,,,,,,,0.497,0.51,2.62
EQ-0307,2025-04-21 00:00:00,电容器组,武昌110kV变电站,0.486,0.661,36.1,0.627,0.829,32.25,,,,,,,,,,0.004,0.004,3.28,,,,,,
EQ-0324,2025-04-21 00:00:00,避雷器,江夏35kV变电站,0.556,0.768,38.1,0.657,0.944,43.74,,,,,,,,,,,,,,,,,,
EQ-0399,2025-05-03 00:00:00,断路器,成都高新35kV变电站,0.585,0.844,44.43,0.755,1.036,37.24,,,,,,,9281.333,8913.333,-3.96,,,,,,,0.477,0.515,7.96
EQ-0243,2025-04-22 00:00:00,断路器,通州35kV变电站,0.442,0.575,30.06,0.564,0.711,26.09,,,,,,,8236.667,7688.667,-6.65,,,,,,,0.496,0.449,-9.48
EQ-0206,2025-04-22 00:00:00,断路器,昆山35kV变电站,0.573,0.743,29.64,0.721,0.967,34.05,,,,,,,7443.0,6891.0,-7.42,,,,,,,0.477,0.486,1.82
EQ-0408,2025-04-22 00:00:00,电力变压器,沈阳浑南110kV变电站,0.582,0.752,29.07,0.72,0.909,26.32,45.5,66.833,46.89,61.4,86.8,41.37,7933.667,8601.0,8.41,0.006,0.006,0.34,8.4,9.1,8.33,,,
EQ-0357,2025-04-22 00:00:00,隔离开关,武侯110kV变电站,0.528,0.704,33.46,0.676,0.918,35.88,,,,,,,,,,,,,,,,,,
EQ-0275,2025-05-03 00:00:00,避雷器,天津滨海220kV变电站,0.611,0.901,47.39,0.802,1.083,35.05,,,,,,,,,,,,,,,,,,
EQ-0062,2025-04-22 00:00:00,避雷器,松山湖220kV变电站,0.448,0.607,35.56,0.572,0.767,34.06,,,,,,,,,,,,,,,,,,
EQ-0047,2025-04-22 00:00:00,断路器,松山湖220kV变电站,0.507,0.684,34.99,0.595,0.883,48.35,,,,,,,8534.667,8230.0,-3.57,,,,,,,0.507,0.479,-5.39
EQ-0081,2025-05-20 00:00:00,电容器组,南沙110kV变电站,0.541,0.789,45.89,0.644,1.006,56.26,,,,,,,,,,0.005,0.004,-3.54,,,,,,
EQ-0335,2025-04-22 00:00:00,隔离开关,长沙星沙110kV变电站,0.581,0.763,31.51,0.74,0.934,26.23,,,,,,,,,,,,,,,,,,
EQ-0389,2025-05-18 00:00:00,避雷器,重庆两江220kV变电站,0.462,0.729,57.76,0.578,0.899,55.53,,,,,,,,,,,,,,,,,,
EQ-0352,2025-04-22 00:00:00,断路器,武侯110kV变电站,0.541,0.744,37.52,0.662,0.915,38.14,,,,,,,9837.667,9856.0,0.19,,,,,,,0.477,0.506,6.08
EQ-0036,2025-04-23 00:00:00,GIS组合电器,龙华220kV变电站,0.54,0.704,30.27,0.678,0.935,37.96,57.0,81.033,42.16,73.233,100.133,36.73,7521.667,8268.333,9.93,,,,7.233,13.8,90.78,0.473,0.489,3.46
EQ-0059,2025-04-23 00:00:00,避雷器,松山湖220kV变电站,0.473,0.663,40.36,0.57,0.843,48.06,,,,,,,,,,,,,,,,,,
EQ-0146,2025-04-23 00:00:00,避雷器,临港110kV变电站,0.435,0.548,26.16,0.572,0.68,18.92,,,,,,,,,,,,,,,,,,
EQ-0242,2025-04-23 00:00:00,断路器,通州35kV变电站,0.611,0.819,33.97,0.731,1.022,39.8,,,,,,,8452.667,7575.667,-10.38,,,,,,,0.493,0.504,2.3
EQ-0168,2025-04-23 00:00:00,隔离开关,苏州工业园220kV变电站,0.565,0.783,38.4,0.706,0.936,32.6,,,,,,,,,,,,,,,,,,
EQ-0398,2025-04-22 00:00:00,断路器,成都高新35kV变电站,0.493,0.726,47.35,0.609,0.922,51.33,,,,,,,8477.667,9688.0,14.28,,,,,,,0.508,0.476,-6.36
EQ-0035,2025-04-23 00:00:00,GIS组合电器,龙华220kV变电站,0.543,0.718,32.23,0.676,0.881,30.31,58.867,74.633,26.78,76.9,93.733,21.89,9312.0,9334.0,0.24,,,,8.333,9.0,8.0,0.482,0.475,-1.59
EQ-0159,2025-04-23 00:00:00,断路器,苏州工业园220kV变电站,0.591,0.768,29.89,0.722,0.939,30.12,,,,,,,10496.0,7792.667,-25.76,,,,,,,0.475,0.502,5.61
EQ-0392,2025-04-23 00:00:00,GIS组合电器,重庆两江220kV变电站,0.434,0.575,32.59,0.532,0.739,38.83,51.167,71.8,40.33,64.8,87.033,34.31,7678.667,9676.667,26.02,,,,11.767,10.9,-7.37,0.474,0.496,4.71
EQ-0246,2025-04-23 00:00:00,隔离开关,通州35kV变电站,0.6,0.77,28.22,0.759,0.954,25.73,,,,,,,,,,,,,,,,,,
EQ-0375,2025-04-23 00:00:00,断路器,重庆两江220kV变电站,0.589,0.772,30.95,0.741,0.916,23.62,,,,,,,10607.667,7773.667,-26.72,,,,,,,0.502,0.502,0.0
EQ-0338,2025-04-23 00:00:00,隔离开关,长沙星沙110kV变电站,0.471,0.63,33.81,0.582,0.792,36.16,,,,,,,,,,,,,,,,,,
EQ-0169,2025-04-23 00:00:00,电容器组,苏州工业园220kV变电站,0.494,0.672,36.23,0.647,0.856,32.4,,,,,,,,,,0.005,0.006,39.69,,,,,,
EQ-0156,2025-05-01 00:00:00,断路器,苏州工业园220kV变电站,0.431,0.643,49.05,0.539,0.802,48.86,,,,,,,9186.667,8276.0,-9.91,,,,,,,0.463,0.473,2.31
EQ-0327,2025-05-02 00:00:00,电力变压器,长沙星沙110kV变电站,0.478,0.69,44.1,0.582,0.883,51.61,53.7,72.967,35.88,67.333,92.333,37.13,9532.0,9550.0,0.19,0.005,0.005,21.88,5.6,7.3,30.36,,,
EQ-0029,2025-04-23 00:00:00,避雷器,龙华220kV变电站,0.598,0.813,35.99,0.718,0.954,32.92,,,,,,,,,,,,,,,,,,
EQ-0191,2025-05-15 00:00:00,隔离开关,杭州滨江110kV变电站,0.575,0.827,43.77,0.676,1.003,48.2,,,,,,,,,,,,,,,,,,
EQ-0217,2025-04-24 00:00:00,电力变压器,亦庄110kV变电站,0.561,0.718,27.93,0.739,0.932,26.08,49.4,70.733,43.18,66.967,89.467,33.6,9467.667,8574.667,-9.43,0.005,0.006,3.87,8.1,12.567,55.14,,,
EQ-0196,2025-04-24 00:00:00,避雷器,杭州滨江110kV变电站,0.503,0.677,34.62,0.607,0.832,37.01,,,,,,,,,,,,,,,,,,
EQ-0233,2025-04-24 00:00:00,避雷器,亦庄110kV变电站,0.564,0.734,30.2,0.67,0.92,37.37,,,,,,,,,,,,,,,,,,
EQ-0026,2025-04-24 00:00:00,电容器组,龙华220kV变电站,0.596,0.761,27.69,0.724,0.938,29.63,,,,,,,,,,0.004,0.004,14.35,,,,,,
EQ-0195,2025-04-24 00:00:00,电容器组,杭州滨江110kV变电站,0.546,0.729,33.57,0.663,0.921,38.76,,,,,,,,,,0.004,0.005,15.34,,,,,,
EQ-0328,2025-04-24 00:00:00,电力变压器,长沙星沙110kV变电站,0.565,0.718,27.06,0.704,0.913,29.74,49.633,74.933,50.97,64.333,94.0,46.11,9004.333,9862.667,9.53,0.004,0.005,28.74,7.833,12.433,58.72,,,
EQ-0305,2025-04-24 00:00:00,隔离开关,武昌110kV变电站,0.454,0.608,34.08,0.57,0.732,28.42,,,,,,,,,,,,,,,,,,
EQ-0292,2025-04-24 00:00:00,避雷器,石家庄高新35kV变电站,0.468,0.643,37.29,0.586,0.843,43.71,,,,,,,,,,,,,,,,,,
EQ-0223,2025-04-24 00:00:00,断路器,亦庄110kV变电站,0.495,0.665,34.3,0.638,0.832,30.5,,,,,,,8820.667,8788.333,-0.37,,,,,,,0.462,0.482,4.48
EQ-0393,2025-04-24 00:00:00,GIS组合电器,重庆两江220kV变电站,0.554,0.741,33.92,0.698,0.895,28.22,49.833,74.233,48.96,65.6,91.567,39.58,8965.667,8697.0,-3.0,,,,11.2,10.4,-7.14,0.493,0.467,-5.34
EQ-0193,2025-05-21 00:00:00,隔离开关,杭州滨江110kV变电站,0.446,0.67,50.28,0.559,0.846,51.47,,,,,,,,,,,,,,,,,,
EQ-0113,2025-05-12 00:00:00,断路器,张江110kV变电站,0.586,0.894,52.55,0.766,1.019,32.95,,,,,,,10003.0,9778.333,-2.25,,,,,,,0.504,0.513,1.92
EQ-0383,2025-04-25 00:00:00,电容器组,重庆两江220kV变电站,0.416,0.596,43.21,0.531,0.752,41.68,,,,,,,,,,0.006,0.005,-22.0,,,,,,
EQ-0343,2025-04-25 00:00:00,避雷器,长沙星沙110kV变电站,0.545,0.73,33.93,0.701,0.902,28.57,,,,,,,,,,,,,,,,,,
EQ-0164,2025-04-25 00:00:00,隔离开关,苏州工业园220kV变电站,0.525,0.712,35.63,0.643,0.898,39.64,,,,,,,,,,,,,,,,,,
EQ-0310,2025-04-25 00:00:00,避雷器,武昌110kV变电站,0.433,0.562,29.77,0.538,0.722,34.22,,,,,,,,,,,,,,,,,,
EQ-0423,2025-04-25 00:00:00,避雷器,沈阳浑南110kV变电站,0.47,0.643,36.85,0.612,0.804,31.31,,,,,,,,,,,,,,,,,,
EQ-0100,2025-04-25 00:00:00,电容器组,前海110kV变电站,0.556,0.782,40.49,0.656,0.942,43.72,,,,,,,,,,0.004,0.003,-18.32,,,,,,
EQ-0172,2025-04-25 00:00:00,避雷器,苏州工业园220kV变电站,0.522,0.665,27.47,0.627,0.795,26.81,,,,,,,,,,,,,,,,,,
EQ-0082,2025-05-03 00:00:00,避雷器,南沙110kV变电站,0.613,0.906,47.88,0.767,1.032,34.46,,,,,,,,,,,,,,,,,,
EQ-0285,2025-05-16 00:00:00,断路器,石家庄高新35kV变电站,0.603,0.828,37.26,0.753,0.997,32.48,,,,,,,7812.333,7745.333,-0.86,,,,,,,0.498,0.505,1.4
EQ-0435,2025-04-25 00:00:00,电容器组,大连开发区35kV变电站,0.445,0.634,42.5,0.555,0.809,45.78,,,,,,,,,,0.005,0.005,2.57,,,,,,
EQ-0287,2025-04-25 00:00:00,隔离开关,石家庄高新35kV变电站,0.472,0.608,28.96,0.573,0.749,30.65,,,,,,,,,,,,,,,,,,
EQ-0321,2025-04-25 00:00:00,隔离开关,江夏35kV变电站,0.452,0.624,38.28,0.574,0.795,38.4,,,,,,,,,,,,,,,,,,
EQ-0417,2025-04-26 00:00:00,隔离开关,沈阳浑南110kV变电站,0.426,0.572,34.45,0.529,0.695,31.49,,,,,,,,,,,,,,,,,,
EQ-0353,2025-04-26 00:00:00,断路器,武侯110kV变电站,0.54,0.718,32.97,0.678,0.908,33.8,,,,,,,12072.0,9813.667,-18.71,,,,,,,0.504,0.503,-0.2
EQ-0202,2025-05-03 00:00:00,电力变压器,昆山35kV变电站,0.553,0.831,50.21,0.686,1.017,48.12,61.633,81.1,31.58,78.5,102.6,30.7,8102.667,9213.667,13.71,0.005,0.004,-2.84,19.1,11.933,-37.52,,,
EQ-0262,2025-05-24 00:00:00,断路器,天津滨海220kV变电站,0.511,0.738,44.61,0.618,0.976,57.88,,,,,,,9940.0,8453.667,-14.95,,,,,,,0.495,0.504,1.75
EQ-0355,2025-04-26 00:00:00,隔离开关,武侯110kV变电站,0.484,0.669,38.26,0.591,0.806,36.45,,,,,,,,,,,,,,,,,,
EQ-0363,2025-04-26 00:00:00,避雷器,武侯110kV变电站,0.463,0.628,35.41,0.592,0.794,34.12,,,,,,,,,,,,,,,,,,
EQ-0185,2025-04-26 00:00:00,断路器,杭州滨江110kV变电站,0.576,0.744,29.13,0.704,0.909,29.01,,,,,,,9493.667,8004.667,-15.68,,,,,,,0.487,0.479,-1.51
EQ-0326,2025-05-24 00:00:00,避雷器,江夏35kV变电站,0.477,0.66,38.3,0.598,0.848,41.7,,,,,,,,,,,,,,,,,,
EQ-0157,2025-04-26 00:00:00,断路器,苏州工业园220kV变电站,0.539,0.759,40.71,0.687,0.927,34.88,,,,,,,8283.667,8536.333,3.05,,,,,,,0.479,0.5,4.45
EQ-0138,2025-04-26 00:00:00,隔离开关,临港110kV变电站,0.475,0.668,40.7,0.617,0.833,34.89,,,,,,,,,,,,,,,,,,
EQ-0320,2025-04-26 00:00:00,隔离开关,江夏35kV变电站,0.438,0.588,34.1,0.543,0.732,34.91,,,,,,,,,,,,,,,,,,
EQ-0404,2025-04-26 00:00:00,电容器组,成都高新35kV变电站,0.571,0.741,29.63,0.712,0.956,34.3,,,,,,,,,,0.003,0.005,43.69,,,,,,
EQ-0180,2025-04-27 00:00:00,GIS组合电器,苏州工业园220kV变电站,0.428,0.548,28.07,0.534,0.706,32.23,49.367,67.633,37.0,64.7,84.233,30.19,7159.0,8043.333,12.35,,,,8.367,9.567,14.34,0.519,0.491,-5.39
EQ-0085,2025-04-27 00:00:00,避雷器,南沙110kV变电站,0.526,0.675,28.29,0.621,0.889,43.2,,,,,,,,,,,,,,,,,,
EQ-0259,2025-05-13 00:00:00,断路器,天津滨海220kV变电站,0.457,0.636,39.16,0.581,0.771,32.84,,,,,,,9312.0,7687.667,-17.44,,,,,,,0.477,0.481,0.77
EQ-0265,2025-04-27 00:00:00,隔离开关,天津滨海220kV变电站,0.501,0.688,37.27,0.617,0.842,36.61,,,,,,,,,,,,,,,,,,
EQ-0368,2025-04-27 00:00:00,电力变压器,重庆两江220kV变电站,0.526,0.728,38.41,0.668,0.901,34.82,51.1,74.3,45.4,68.467,93.367,36.37,9332.0,10248.0,9.82,0.005,0.005,-0.76,6.533,10.267,57.14,,,
EQ-0125,2025-05-22 00:00:00,避雷器,张江110kV变电站,0.481,0.71,47.8,0.604,0.846,40.07,,,,,,,,,,,,,,,,,,
EQ-0421,2025-04-27 00:00:00,电容器组,沈阳浑南110kV变电站,0.472,0.633,34.29,0.574,0.823,43.5,,,,,,,,,,0.005,0.004,-28.02,,,,,,
EQ-0140,2025-04-27 00:00:00,隔离开关,临港110kV变电站,0.454,0.613,35.07,0.581,0.774,33.17,,,,,,,,,,,,,,,,,,
EQ-0427,2025-04-20 00:00:00,电力变压器,大连开发区35kV变电站,0.499,0.676,35.32,0.628,0.812,29.28,43.567,63.8,46.44,60.867,82.167,34.99,7253.333,7528.667,3.8,0.006,0.005,-18.84,15.0,11.833,-21.11,,,
EQ-0089,2025-05-20 00:00:00,电力变压器,前海110kV变电站,0.606,0.92,51.73,0.799,1.046,30.94,63.767,91.467,43.44,81.233,112.333,38.28,11646.333,7757.333,-33.39,0.005,0.004,-21.97,11.3,8.1,-28.32,,,
EQ-0149,2025-04-27 00:00:00,电力变压器,苏州工业园220kV变电站,0.443,0.587,32.71,0.577,0.741,28.44,48.0,68.767,43.26,61.4,84.667,37.89,8068.667,6986.0,-13.42,0.005,0.003,-34.94,14.433,13.3,-7.85,,,
EQ-0183,2025-04-27 00:00:00,电力变压器,杭州滨江110kV变电站,0.468,0.595,27.0,0.58,0.758,30.79,50.333,67.033,33.18,64.6,83.033,28.53,9570.333,9436.0,-1.4,0.004,0.005,44.4,8.033,6.467,-19.5,,,
EQ-0142,2025-04-27 00:00:00,电容器组,临港110kV变电站,0.548,0.729,33.01,0.709,0.908,28.02,,,,,,,,,,0.004,0.005,15.92,,,,,,
EQ-0058,2025-04-27 00:00:00,电容器组,松山湖220kV变电站,0.566,0.794,40.49,0.732,0.99,35.26,,,,,,,,,,0.005,0.005,-0.93,,,,,,
EQ-0067,2025-04-27 00:00:00,GIS组合电器,松山湖220kV变电站,0.561,0.735,31.14,0.709,0.906,27.9,59.1,77.233,30.68,73.6,95.333,29.53,7807.667,8920.333,14.25,,,,9.067,8.067,-11.03,0.504,0.503,-0.26
EQ-0167,2025-04-28 00:00:00,隔离开关,苏州工业园220kV变电站,0.582,0.792,36.07,0.708,0.983,38.81,,,,,,,,,,,,,,,,,,
EQ-0045,2025-04-28 00:00:00,断路器,松山湖220kV变电站,0.522,0.687,31.58,0.657,0.879,33.87,,,,,,,8850.667,9210.333,4.06,,,,,,,0.503,0.477,-5.17
EQ-0240,2025-05-23 00:00:00,断路器,通州35kV变电站,0.522,0.773,48.14,0.671,0.964,43.73,,,,,,,9741.333,8165.333,-16.18,,,,,,,0.507,0.5,-1.45
EQ-0281,2025-04-28 00:00:00,GIS组合电器,天津滨海220kV变电站,0.568,0.811,42.67,0.732,0.94,28.45,48.967,70.9,44.79,65.433,91.233,39.43,8656.667,8528.0,-1.49,,,,13.233,11.667,-11.84,0.449,0.501,11.59
EQ-0273,2025-04-28 00:00:00,避雷器,天津滨海220kV变电站,0.599,0.772,29.0,0.704,0.97,37.81,,,,,,,,,,,,,,,,,,
EQ-0065,2025-05-28 00:00:00,GIS组合电器,松山湖220kV变电站,0.51,0.743,45.83,0.66,0.929,40.74,59.333,81.0,36.52,73.933,100.933,36.52,8830.0,9791.0,10.88,,,,4.067,7.133,75.41,0.511,0.507,-0.85
EQ-0229,2025-04-28 00:00:00,电容器组,亦庄110kV变电站,0.55,0.769,39.88,0.694,0.939,35.22,,,,,,,,,,0.004,0.005,34.66,,,,,,
EQ-0308,2025-04-28 00:00:00,电容器组,武昌110kV变电站,0.496,0.742,49.67,0.604,0.928,53.5,,,,,,,,,,0.006,0.005,-11.21,,,,,,
EQ-0012,2025-04-28 00:00:00,断路器,龙华220kV变电站,0.547,0.713,30.25,0.68,0.841,23.62,,,,,,,9925.0,10994.333,10.77,,,,,,,0.5,0.481,-3.8
EQ-0189,2025-04-28 00:00:00,断路器,杭州滨江110kV变电站,0.514,0.701,36.56,0.638,0.886,38.99,,,,,,,10137.333,9255.333,-8.7,,,,,,,0.501,0.517,3.19
EQ-0007,2025-04-28 00:00:00,断路器,龙华220kV变电站,0.479,0.635,32.65,0.609,0.764,25.56,,,,,,,8836.667,7970.333,-9.8,,,,,,,0.489,0.501,2.38
EQ-0028,2025-05-21 00:00:00,避雷器,龙华220kV变电站,0.578,0.815,40.82,0.734,0.997,35.88,,,,,,,,,,,,,,,,,,
EQ-0380,2025-04-28 00:00:00,隔离开关,重庆两江220kV变电站,0.508,0.657,29.26,0.64,0.865,35.3,,,,,,,,,,,,,,,,,,
EQ-0051,2025-05-11 00:00:00,隔离开关,松山湖220kV变电站,0.578,0.885,53.23,0.751,1.06,41.23,,,,,,,,,,,,,,,,,,
EQ-0134,2025-05-16 00:00:00,断路器,临港110kV变电站,0.483,0.716,48.17,0.643,0.899,39.74,,,,,,,10393.667,9850.667,-5.22,,,,,,,0.47,0.486,3.48
EQ-0139,2025-05-10 00:00:00,隔离开关,临港110kV变电站,0.548,0.774,41.12,0.665,0.961,44.56,,,,,,,,,,,,,,,,,,
EQ-0349,2025-04-29 00:00:00,断路器,武侯110kV变电站,0.454,0.55,21.21,0.547,0.713,30.39,,,,,,,9639.0,9298.0,-3.54,,,,,,,0.492,0.483,-1.96
EQ-0350,2025-05-12 00:00:00,断路器,武侯110kV变电站,0.524,0.764,45.74,0.665,0.94,41.38,,,,,,,11304.667,7865.333,-30.42,,,,,,,0.494,0.481,-2.63
EQ-0208,2025-04-29 00:00:00,隔离开关,昆山35kV变电站,0.501,0.63,25.75,0.647,0.808,24.8,,,,,,,,,,,,,,,,,,
EQ-0284,2025-05-12 00:00:00,断路器,石家庄高新35kV变电站,0.448,0.721,61.09,0.538,0.909,69.04,,,,,,,7741.667,9540.0,23.23,,,,,,,0.465,0.485,4.45
EQ-0351,2025-05-11 00:00:00,断路器,武侯110kV变电站,0.455,0.715,56.93,0.561,0.883,57.45,,,,,,,9125.667,7222.0,-20.86,,,,,,,0.479,0.497,3.83
EQ-0396,2025-04-29 00:00:00,电力变压器,成都高新35kV变电站,0.474,0.681,43.82,0.599,0.855,42.73,50.833,76.233,49.97,65.433,95.067,45.29,8998.333,8794.333,-2.27,0.004,0.005,26.69,6.767,8.433,24.63,,,
EQ-0437,2025-05-20 00:00:00,避雷器,大连开发区35kV变电站,0.45,0.675,49.87,0.539,0.847,57.29,,,,,,,,,,,,,,,,,,
EQ-0152,2025-04-29 00:00:00,电力变压器,苏州工业园220kV变电站,0.567,0.747,31.75,0.702,0.904,28.75,53.2,74.033,39.16,70.6,93.733,32.77,9792.0,8674.667,-11.41,0.005,0.005,-12.25,8.9,8.1,-8.99,,,
EQ-0411,2025-05-22 00:00:00,断路器,沈阳浑南110kV变电站,0.581,0.9,54.79,0.766,1.049,36.92,,,,,,,7927.0,7636.0,-3.67,,,,,,,0.486,0.514,5.83
EQ-0115,2025-05-10 00:00:00,断路器,张江110kV变电站,0.514,0.742,44.47,0.674,0.973,44.38,,,,,,,7485.667,8179.333,9.27,,,,,,,0.46,0.478,3.99
EQ-0222,2025-04-29 00:00:00,断路器,亦庄110kV变电站,0.393,0.588,49.51,0.497,0.746,50.03,,,,,,,7189.667,6748.333,-6.14,,,,,,,0.477,0.478,0.28
EQ-0060,2025-05-20 00:00:00,避雷器,松山湖220kV变电站,0.466,0.715,53.25,0.594,0.874,47.21,,,,,,,,,,,,,,,,,,
EQ-0329,2025-04-26 00:00:00,电力变压器,长沙星沙110kV变电站,0.477,0.67,40.47,0.58,0.799,37.7,49.267,71.733,45.6,63.667,90.567,42.25,8590.667,7809.0,-9.1,0.005,0.005,14.39,8.1,6.167,-23.87,,,
EQ-0279,2025-04-23 00:00:00,GIS组合电器,天津滨海220kV变电站,0.526,0.683,29.76,0.649,0.855,31.74,49.767,69.533,39.72,63.433,86.3,36.05,9712.0,9129.0,-6.0,,,,9.5,13.6,43.16,0.487,0.507,4.18
EQ-0332,2025-04-29 00:00:00,断路器,长沙星沙110kV变电站,0.423,0.577,36.32,0.541,0.685,26.66,,,,,,,9338.0,8424.333,-9.78,,,,,,,0.496,0.471,-5.1
EQ-0426,2025-04-29 00:00:00,GIS组合电器,沈阳浑南110kV变电站,0.546,0.689,26.17,0.68,0.861,26.58,43.2,65.233,51.0,60.133,84.3,40.19,7622.667,10339.0,35.63,,,,8.2,10.367,26.42,0.477,0.459,-3.71
EQ-0304,2025-04-29 00:00:00,隔离开关,武昌110kV变电站,0.515,0.735,42.73,0.637,0.922,44.78,,,,,,,,,,,,,,,,,,
EQ-0116,2025-04-29 00:00:00,隔离开关,张江110kV变电站,0.551,0.695,26.18,0.687,0.863,25.51,,,,,,,,,,,,,,,,,,
EQ-0224,2025-04-27 00:00:00,隔离开关,亦庄110kV变电站,0.522,0.673,28.84,0.671,0.86,28.27,,,,,,,,,,,,,,,,,,
EQ-0403,2025-04-29 00:00:00,电容器组,成都高新35kV变电站,0.426,0.58,36.16,0.519,0.705,35.88,,,,,,,,,,0.004,0.005,1.78,,,,,,
EQ-0212,2025-04-29 00:00:00,避雷器,昆山35kV变电站,0.515,0.68,32.01,0.641,0.84,30.97,,,,,,,,,,,,,,,,,,
EQ-0120,2025-04-29 00:00:00,隔离开关,张江110kV变电站,0.452,0.631,39.61,0.534,0.8,49.72,,,,,,,,,,,,,,,,,,
EQ-0150,2025-04-30 00:00:00,电力变压器,苏州工业园220kV变电站,0.502,0.66,31.7,0.618,0.807,30.68,47.6,74.2,55.88,64.3,92.067,43.18,8429.333,10622.667,26.02,0.005,0.005,-10.42,6.033,5.433,-9.94,,,
EQ-0289,2025-05-14 00:00:00,隔离开关,石家庄高新35kV变电站,0.525,0.822,56.52,0.678,1.019,50.23,,,,,,,,,,,,,,,,,,
EQ-0390,2025-04-30 00:00:00,避雷器,重庆两江220kV变电站,0.449,0.617,37.37,0.569,0.802,40.98,,,,,,,,,,,,,,,,,,
EQ-0174,2025-04-30 00:00:00,避雷器,苏州工业园220kV变电站,0.496,0.616,24.24,0.613,0.772,25.97,,,,,,,,,,,,,,,,,,
EQ-0147,2025-04-30 00:00:00,GIS组合电器,临港110kV变电站,0.432,0.553,28.22,0.538,0.704,30.89,47.2,66.6,41.1,62.567,81.9,30.9,9332.333,9118.667,-2.29,,,,8.5,7.5,-11.76,0.453,0.502,10.66
EQ-0023,2025-04-30 00:00:00,隔离开关,龙华220kV变电站,0.565,0.762,35.04,0.705,0.904,28.13,,,,,,,,,,,,,,,,,,
EQ-0278,2025-04-30 00:00:00,避雷器,天津滨海220kV变电站,0.431,0.59,36.71,0.534,0.736,37.9,,,,,,,,,,,,,,,,,,
EQ-0055,2025-04-30 00:00:00,隔离开关,松山湖220kV变电站,0.47,0.631,34.35,0.602,0.795,32.03,,,,,,,,,,,,,,,,,,
EQ-0030,2025-04-30 00:00:00,避雷器,龙华220kV变电站,0.526,0.743,41.18,0.667,0.921,38.14,,,,,,,,,,,,,,,,,,
EQ-0271,2025-04-30 00:00:00,电容器组,天津滨海220kV变电站,0.489,0.615,25.82,0.604,0.76,25.84,,,,,,,,,,0.005,0.003,-37.19,,,,,,
EQ-0296,2025-04-30 00:00:00,电力变压器,武昌110kV变电站,0.55,0.724,31.66,0.69,0.896,29.82,51.733,71.567,38.34,67.467,91.1,35.03,7806.667,8628.667,10.53,0.004,0.005,40.1,7.367,5.3,-28.05,,,
EQ-0323,2025-04-30 00:00:00,电容器组,江夏35kV变电站,0.51,0.706,38.33,0.621,0.878,41.38,,,,,,,,,,0.005,0.006,25.07,,,,,,
EQ-0002,2025-05-28 00:00:00,电力变压器,龙华220kV变电站,0.469,0.711,51.46,0.544,0.86,57.98,56.3,79.1,40.5,70.867,98.1,38.43,8896.667,9545.333,7.29,0.005,0.004,-10.65,7.867,7.233,-8.05,,,
EQ-0316,2025-05-29 00:00:00,断路器,江夏35kV变电站,0.62,0.87,40.4,0.792,1.046,31.97,,,,,,,8130.0,7509.0,-7.64,,,,,,,0.489,0.483,-1.09
EQ-0134,2025-05-06 00:00:00,断路器,临港110kV变电站,0.483,0.716,48.17,0.643,0.899,39.74,,,,,,,10393.667,9850.667,-5.22,,,,,,,0.47,0.486,3.48
EQ-0385,2025-05-21 00:00:00,电容器组,重庆两江220kV变电站,0.48,0.714,48.72,0.624,0.877,40.54,,,,,,,,,,0.004,0.004,14.22,,,,,,
EQ-0187,2025-05-09 00:00:00,断路器,杭州滨江110kV变电站,0.609,0.888,45.99,0.761,1.057,38.94,,,,,,,9834.0,8211.0,-16.5,,,,,,,0.469,0.485,3.56
EQ-0052,2025-05-22 00:00:00,隔离开关,松山湖220kV变电站,0.568,0.842,48.25,0.711,1.02,43.56,,,,,,,,,,,,,,,,,,
EQ-0118,2025-05-11 00:00:00,隔离开关,张江110kV变电站,0.615,0.91,47.99,0.747,1.059,41.87,,,,,,,,,,,,,,,,,,
EQ-0145,2025-05-11 00:00:00,避雷器,临港110kV变电站,0.468,0.707,50.99,0.618,0.9,45.65,,,,,,,,,,,,,,,,,,
EQ-0310,2025-05-11 00:00:00,避雷器,武昌110kV变电站,0.443,0.634,43.12,0.563,0.789,40.09,,,,,,,,,,,,,,,,,,
EQ-0280,2025-05-12 00:00:00,GIS组合电器,天津滨海220kV变电站,0.441,0.696,57.73,0.539,0.861,59.73,50.633,70.767,39.76,66.367,88.6,33.5,8754.0,7792.0,-10.99,,,,10.733,13.233,23.29,0.494,0.446,-9.72
EQ-0266,2025-05-30 00:00:00,隔离开关,天津滨海220kV变电站,0.431,0.672,56.07,0.526,0.867,64.66,,,,,,,,,,,,,,,,,,
EQ-0083,2025-05-15 00:00:00,避雷器,南沙110kV变电站,0.606,0.912,50.51,0.768,1.065,38.68,,,,,,,,,,,,,,,,,,
EQ-0102,2025-05-16 00:00:00,避雷器,前海110kV变电站,0.553,0.827,49.44,0.675,1.023,51.56,,,,,,,,,,,,,,,,,,
EQ-0205,2025-05-16 09:40:00,断路器,昆山35kV变电站,0.463,0.716,54.65,0.581,0.918,58.09,,,,,,,9128.667,7460.333,-18.28,,,,,,,0.492,0.476,-3.25
EQ-0386,2025-05-18 00:00:00,避雷器,重庆两江220kV变电站,0.52,0.748,43.98,0.669,0.906,35.34,,,,,,,,,,,,,,,,,,
EQ-0286,2025-05-19 00:00:00,断路器,石家庄高新35kV变电站,0.497,0.724,45.74,0.643,0.893,38.87,,,,,,,8969.0,7494.333,-16.44,,,,,,,0.484,0.491,1.38
EQ-0074,2025-05-20 00:00:00,断路器,南沙110kV变电站,0.58,0.862,48.69,0.699,1.045,49.47,,,,,,,9917.0,9555.0,-3.65,,,,,,,0.497,0.51,2.62
EQ-0221,2025-05-25 00:00:00,断路器,亦庄110kV变电站,0.585,0.872,49.05,0.727,1.046,43.9,,,,,,,10513.333,8308.667,-20.97,,,,,,,0.495,0.504,1.68
EQ-0315,2025-05-21 00:00:00,电力变压器,江夏35kV变电站,0.612,0.882,44.18,0.784,1.042,32.92,56.167,81.533,45.16,73.333,103.267,40.82,7152.333,7615.667,6.48,0.005,0.006,27.07,13.6,8.9,-34.56,,,
EQ-0104,2025-05-22 00:00:00,避雷器,前海110kV变电站,0.456,0.693,51.97,0.555,0.835,50.51,,,,,,,,,,,,,,,,,,
EQ-0251,2025-05-25 00:00:00,避雷器,通州35kV变电站,0.52,0.771,48.39,0.656,0.951,44.9,,,,,,,,,,,,,,,,,,
EQ-0415,2025-05-28 22:51:00,断路器,沈阳浑南110kV变电站,0.458,0.679,48.4,0.579,0.889,53.61,,,,,,,9276.0,7920.0,-14.62,,,,,,,0.516,0.496,-3.94
EQ-0363,2025-05-30 00:00:00,避雷器,武侯110kV变电站,0.467,0.706,51.08,0.581,0.877,51.01,,,,,,,,,,,,,,,,,,
EQ-0276,2025-05-31 00:00:00,避雷器,天津滨海220kV变电站,0.524,0.766,46.26,0.64,0.958,49.64,,,,,,,,,,,,,,,,,,
EQ-0166,2025-05-31 08:24:00,隔离开关,苏州工业园220kV变电站,0.459,0.695,51.57,0.567,0.863,52.09,,,,,,,,,,,,,,,,,,
EQ-0350,2025-06-01 00:00:00,断路器,武侯110kV变电站,0.524,0.762,45.49,0.665,0.962,44.66,,,,,,,11304.667,8683.0,-23.19,,,,,,,0.494,0.489,-1.08
EQ-0276,2025-06-27 00:00:00,避雷器,天津滨海220kV变电站,0.572,0.77,34.71,0.703,0.971,38.06,,,,,,,,,,,,,,,,,,
EQ-0162,2025-06-01 00:00:00,隔离开关,苏州工业园220kV变电站,0.566,0.815,44.08,0.697,0.974,39.68,,,,,,,,,,,,,,,,,,
EQ-0317,2025-06-01 00:00:00,断路器,江夏35kV变电站,0.446,0.655,47.08,0.587,0.819,39.5,,,,,,,8142.667,7135.0,-12.38,,,,,,,0.503,0.499,-0.86
EQ-0098,2025-06-23 00:00:00,隔离开关,前海110kV变电站,0.556,0.7,26.04,0.712,0.85,19.34,,,,,,,,,,,,,,,,,,
EQ-0049,2025-06-01 00:00:00,断路器,松山湖220kV变电站,0.493,0.754,52.96,0.615,0.891,44.89,,,,,,,11137.0,10427.0,-6.38,,,,,,,0.505,0.499,-1.19
EQ-0135,2025-06-21 00:00:00,断路器,临港110kV变电站,0.593,0.728,22.79,0.753,0.869,15.47,,,,,,,10352.333,10613.667,2.52,,,,,,,0.503,0.508,1.06
EQ-0221,2025-06-01 00:00:00,断路器,亦庄110kV变电站,0.585,0.828,41.61,0.727,1.033,42.07,,,,,,,10513.333,7882.667,-25.02,,,,,,,0.495,0.492,-0.74
EQ-0096,2025-06-01 00:00:00,隔离开关,前海110kV变电站,0.507,0.788,55.38,0.659,0.976,48.0,,,,,,,,,,,,,,,,,,
EQ-0277,2025-06-20 00:00:00,避雷器,天津滨海220kV变电站,0.542,0.71,30.85,0.697,0.873,25.16,,,,,,,,,,,,,,,,,,
EQ-0219,2025-06-21 00:00:00,断路器,亦庄110kV变电站,0.644,0.881,36.87,0.784,1.062,35.33,,,,,,,9293.667,9295.333,0.02,,,,,,,0.475,0.462,-2.74
EQ-0129,2025-06-01 00:00:00,电力变压器,临港110kV变电站,0.44,0.639,45.16,0.559,0.792,41.53,51.5,73.367,42.46,67.2,91.0,35.42,7734.333,10506.667,35.84,0.004,0.004,11.0,7.2,7.733,7.41,,,
EQ-0214,2025-06-01 00:00:00,避雷器,昆山35kV变电站,0.528,0.775,46.9,0.692,0.975,40.82,,,,,,,,,,,,,,,,,,
EQ-0091,2025-06-01 00:00:00,断路器,前海110kV变电站,0.611,0.848,38.74,0.74,0.995,34.43,,,,,,,10627.0,12149.333,14.33,,,,,,,0.49,0.498,1.7
EQ-0288,2025-06-01 00:00:00,隔离开关,石家庄高新35kV变电站,0.525,0.764,45.53,0.659,0.976,48.04,,,,,,,,,,,,,,,,,,
EQ-0301,2025-06-18 00:00:00,断路器,武昌110kV变电站,0.514,0.671,30.63,0.647,0.811,25.37,,,,,,,11138.333,6378.0,-42.74,,,,,,,0.468,0.494,5.48
EQ-0220,2025-06-02 00:00:00,断路器,亦庄110kV变电站,0.704,0.883,25.43,0.896,1.021,13.96,,,,,,,8901.333,8701.0,-2.25,,,,,,,0.468,0.49,4.7
EQ-0072,2025-06-02 00:00:00,断路器,南沙110kV变电站,0.584,0.773,32.27,0.698,0.997,42.83,,,,,,,8768.667,8513.0,-2.92,,,,,,,0.462,0.481,4.04
EQ-0366,2025-06-02 00:00:00,电力变压器,重庆两江220kV变电站,0.544,0.725,33.28,0.664,0.901,35.59,63.9,75.9,18.78,78.833,96.233,22.07,10892.333,7073.333,-35.06,0.004,0.004,0.48,12.1,7.9,-34.71,,,
EQ-0228,2025-06-02 00:00:00,隔离开关,亦庄110kV变电站,0.653,0.869,33.14,0.814,1.041,27.88,,,,,,,,,,,,,,,,,,
EQ-0373,2025-06-02 00:00:00,断路器,重庆两江220kV变电站,0.631,0.82,30.04,0.764,0.999,30.86,,,,,,,11882.333,10101.333,-14.99,,,,,,,0.485,0.503,3.85
EQ-0416,2025-06-02 00:00:00,隔离开关,沈阳浑南110kV变电站,0.681,0.865,27.0,0.841,1.065,26.65,,,,,,,,,,,,,,,,,,
EQ-0264,2025-06-27 00:00:00,隔离开关,天津滨海220kV变电站,0.645,0.864,33.9,0.809,1.056,30.48,,,,,,,,,,,,,,,,,,
EQ-0425,2025-06-02 00:00:00,避雷器,沈阳浑南110kV变电站,0.642,0.855,33.25,0.807,1.03,27.63,,,,,,,,,,,,,,,,,,
EQ-0281,2025-06-02 00:00:00,GIS组合电器,天津滨海220kV变电站,0.663,0.9,35.8,0.819,1.025,25.2,62.8,75.967,20.97,80.2,98.0,22.19,8153.0,9066.333,11.2,,,,14.767,8.033,-45.6,0.497,0.457,-7.98
EQ-0168,2025-06-02 00:00:00,隔离开关,苏州工业园220kV变电站,0.684,0.817,19.5,0.837,0.964,15.15,,,,,,,,,,,,,,,,,,
EQ-0095,2025-06-02 00:00:00,隔离开关,前海110kV变电站,0.615,0.827,34.4,0.801,1.053,31.49,,,,,,,,,,,,,,,,,,
EQ-0058,2025-06-02 00:00:00,电容器组,松山湖220kV变电站,0.675,0.865,28.17,0.875,1.032,17.86,,,,,,,,,,0.006,0.005,-20.08,,,,,,
EQ-0409,2025-07-01 00:00:00,电力变压器,沈阳浑南110kV变电站,0.636,0.808,27.13,0.83,0.934,12.59,56.767,63.133,11.22,74.633,83.433,11.79,11115.333,9216.0,-17.09,0.004,0.004,-13.44,4.933,10.667,116.22,,,
EQ-0327,2025-06-02 00:00:00,电力变压器,长沙星沙110kV变电站,0.545,0.659,20.91,0.682,0.82,20.22,61.7,69.0,11.83,78.0,88.3,13.21,8405.0,11879.333,41.34,0.004,0.006,32.6,9.167,4.833,-47.27,,,
EQ-0407,2025-06-02 00:00:00,避雷器,成都高新35kV变电站,0.496,0.676,36.31,0.639,0.857,34.18,,,,,,,,,,,,,,,,,,
EQ-0337,2025-06-02 00:00:00,隔离开关,长沙星沙110kV变电站,0.671,0.825,23.06,0.827,1.053,27.31,,,,,,,,,,,,,,,,,,
EQ-0406,2025-06-02 00:00:00,避雷器,成都高新35kV变电站,0.502,0.646,28.58,0.616,0.782,26.96,,,,,,,,,,,,,,,,,,
EQ-0048,2025-06-02 00:00:00,断路器,松山湖220kV变电站,0.578,0.789,36.4,0.721,0.968,34.3,,,,,,,9102.0,9398.667,3.26,,,,,,,0.494,0.466,-5.6
EQ-0313,2025-06-02 00:00:00,GIS组合电器,武昌110kV变电站,0.663,0.906,36.65,0.819,1.032,26.02,64.367,76.633,19.06,80.667,98.4,21.98,9245.667,8874.333,-4.02,,,,3.767,8.4,123.01,0.498,0.475,-4.62
EQ-0343,2025-06-03 00:00:00,避雷器,长沙星沙110kV变电站,0.639,0.8,25.09,0.772,1.009,30.57,,,,,,,,,,,,,,,,,,
EQ-0037,2025-05-31 00:00:00,GIS组合电器,龙华220kV变电站,0.576,0.853,48.13,0.736,1.013,37.64,63.233,85.267,34.84,78.833,107.667,36.58,9152.333,8856.0,-3.24,,,,11.6,14.933,28.74,0.485,0.47,-3.09
EQ-0438,2025-06-03 00:00:00,避雷器,大连开发区35kV变电站,0.57,0.748,31.07,0.735,0.909,23.65,,,,,,,,,,,,,,,,,,
EQ-0325,2025-06-03 00:00:00,避雷器,江夏35kV变电站,0.484,0.65,34.32,0.615,0.824,34.04,,,,,,,,,,,,,,,,,,
EQ-0090,2025-06-03 00:00:00,断路器,前海110kV变电站,0.621,0.795,28.14,0.79,0.983,24.41,,,,,,,10087.333,8512.0,-15.62,,,,,,,0.521,0.484,-6.98
EQ-0282,2025-06-03 00:00:00,电力变压器,石家庄高新35kV变电站,0.658,0.903,37.26,0.814,1.055,29.59,67.3,78.967,17.34,83.967,99.9,18.98,7731.667,8570.667,10.85,0.005,0.005,-3.55,7.0,9.8,40.0,,,
EQ-0365,2025-05-30 00:00:00,电力变压器,重庆两江220kV变电站,0.595,0.914,53.43,0.719,1.04,44.72,58.0,84.633,45.92,73.533,106.667,45.06,8599.0,8429.333,-1.97,0.005,0.004,-21.29,12.467,8.067,-35.29,,,
EQ-0415,2025-06-03 00:00:00,断路器,沈阳浑南110kV变电站,0.494,0.684,38.44,0.631,0.891,41.32,,,,,,,9770.667,8120.333,-16.89,,,,,,,0.518,0.491,-5.21
EQ-0298,2025-06-03 00:00:00,断路器,武昌110kV变电站,0.578,0.759,31.14,0.727,0.939,29.22,,,,,,,7879.0,9169.667,16.38,,,,,,,0.508,0.495,-2.62
EQ-0141,2025-06-03 00:00:00,电容器组,临港110kV变电站,0.583,0.771,32.25,0.739,0.92,24.42,,,,,,,,,,0.004,0.005,28.02,,,,,,
EQ-0399,2025-06-03 00:00:00,断路器,成都高新35kV变电站,0.626,0.853,36.25,0.825,1.045,26.68,,,,,,,8138.667,10798.0,32.68,,,,,,,0.495,0.505,2.02
EQ-0335,2025-06-25 00:00:00,隔离开关,长沙星沙110kV变电站,0.679,0.811,19.45,0.833,1.008,21.02,,,,,,,,,,,,,,,,,,
EQ-0422,2025-06-03 00:00:00,避雷器,沈阳浑南110kV变电站,0.645,0.853,32.31,0.795,1.022,28.57,,,,,,,,,,,,,,,,,,
EQ-0256,2025-06-03 00:00:00,断路器,天津滨海220kV变电站,0.519,0.661,27.34,0.651,0.824,26.47,,,,,,,7781.333,8634.667,10.97,,,,,,,0.496,0.47,-5.31
EQ-0100,2025-06-03 00:00:00,电容器组,前海110kV变电站,0.649,0.874,34.73,0.787,1.035,31.47,,,,,,,,,,0.003,0.004,10.44,,,,,,
EQ-0032,2025-06-03 00:00:00,避雷器,龙华220kV变电站,0.523,0.666,27.36,0.67,0.861,28.65,,,,,,,,,,,,,,,,,,
EQ-0004,2025-06-26 00:00:00,电力变压器,龙华220kV变电站,0.587,0.808,37.76,0.702,1.035,47.34,66.4,85.2,28.31,81.933,103.4,26.2,8912.333,8339.667,-6.43,0.003,0.006,69.84,8.7,8.0,-8.05,,,
EQ-0195,2025-06-04 00:00:00,电容器组,杭州滨江110kV变电站,0.61,0.823,35.01,0.769,1.016,32.1,,,,,,,,,,0.005,0.004,-27.92,,,,,,
EQ-0227,2025-06-04 00:00:00,隔离开关,亦庄110kV变电站,0.673,0.895,33.04,0.864,1.045,20.93,,,,,,,,,,,,,,,,,,
EQ-0051,2025-06-04 00:00:00,隔离开关,松山湖220kV变电站,0.655,0.892,36.21,0.845,1.034,22.31,,,,,,,,,,,,,,,,,,
EQ-0053,2025-06-04 00:00:00,隔离开关,松山湖220kV变电站,0.517,0.7,35.28,0.653,0.847,29.77,,,,,,,,,,,,,,,,,,
EQ-0013,2025-06-04 00:00:00,断路器,龙华220kV变电站,0.623,0.828,32.95,0.752,1.021,35.86,,,,,,,7903.667,5495.667,-30.47,,,,,,,0.522,0.476,-8.93
EQ-0272,2025-06-04 00:00:00,电容器组,天津滨海220kV变电站,0.596,0.791,32.66,0.76,0.99,30.31,,,,,,,,,,0.004,0.003,-22.06,,,,,,
EQ-0289,2025-06-04 00:00:00,隔离开关,石家庄高新35kV变电站,0.584,0.802,37.34,0.76,0.98,28.89,,,,,,,,,,,,,,,,,,
EQ-0312,2025-06-02 00:00:00,避雷器,武昌110kV变电站,0.6,0.803,33.78,0.731,0.973,33.16,,,,,,,,,,,,,,,,,,
EQ-0390,2025-06-04 00:00:00,避雷器,重庆两江220kV变电站,0.53,0.68,28.26,0.684,0.88,28.6,,,,,,,,,,,,,,,,,,
EQ-0353,2025-06-04 00:00:00,断路器,武侯110kV变电站,0.598,0.818,36.62,0.758,0.972,28.29,,,,,,,10137.0,10505.333,3.63,,,,,,,0.495,0.484,-2.16
EQ-0279,2025-06-04 00:00:00,GIS组合电器,天津滨海220kV变电站,0.561,0.794,41.45,0.691,1.008,45.94,60.133,74.333,23.61,75.167,92.833,23.5,9648.0,8033.0,-16.74,,,,12.0,7.6,-36.67,0.515,0.505,-1.94
EQ-0283,2025-06-04 00:00:00,电力变压器,石家庄高新35kV变电站,0.659,0.891,35.28,0.831,1.039,25.08,65.7,76.4,16.29,83.733,96.0,14.65,8969.0,9318.333,3.89,0.004,0.005,11.72,9.333,8.233,-11.79,,,
EQ-0102,2025-06-04 00:00:00,避雷器,前海110kV变电站,0.626,0.804,28.43,0.785,0.996,26.95,,,,,,,,,,,,,,,,,,
EQ-0201,2025-05-30 00:00:00,电力变压器,昆山35kV变电站,0.5,0.79,57.91,0.596,0.999,67.73,58.5,82.867,41.65,76.1,102.467,34.65,7081.333,7696.667,8.69,0.006,0.006,1.85,14.7,14.233,-3.17,,,
EQ-0434,2025-06-05 00:00:00,隔离开关,大连开发区35kV变电站,0.501,0.65,29.79,0.642,0.829,29.08,,,,,,,,,,,,,,,,,,
EQ-0363,2025-06-05 00:00:00,避雷器,武侯110kV变电站,0.542,0.68,25.41,0.681,0.842,23.63,,,,,,,,,,,,,,,,,,
EQ-0064,2025-06-05 00:00:00,避雷器,松山湖220kV变电站,0.629,0.864,37.37,0.823,1.002,21.84,,,,,,,,,,,,,,,,,,
EQ-0249,2025-06-23 00:00:00,避雷器,通州35kV变电站,0.554,0.708,27.68,0.67,0.906,35.21,,,,,,,,,,,,,,,,,,
EQ-0165,2025-06-05 00:00:00,隔离开关,苏州工业园220kV变电站,0.675,0.836,23.91,0.865,1.046,20.89,,,,,,,,,,,,,,,,,,
EQ-0243,2025-06-05 00:00:00,断路器,通州35kV变电站,0.506,0.637,25.82,0.655,0.761,16.14,,,,,,,7485.333,7575.333,1.2,,,,,,,0.469,0.443,-5.41
EQ-0074,2025-06-15 00:00:00,断路器,南沙110kV变电站,0.641,0.857,33.71,0.799,1.008,26.07,,,,,,,8804.667,9435.333,7.16,,,,,,,0.477,0.523,9.57
EQ-0059,2025-06-05 00:00:00,避雷器,松山湖220kV变电站,0.57,0.735,28.99,0.73,0.874,19.82,,,,,,,,,,,,,,,,,,
EQ-0138,2025-06-05 00:00:00,隔离开关,临港110kV变电站,0.565,0.721,27.74,0.723,0.918,26.94,,,,,,,,,,,,,,,,,,
EQ-0122,2025-06-05 00:00:00,电容器组,张江110kV变电站,0.554,0.76,37.15,0.735,0.98,33.37,,,,,,,,,,0.004,0.004,-6.07,,,,,,
EQ-0424,2025-06-05 00:00:00,避雷器,沈阳浑南110kV变电站,0.538,0.739,37.33,0.686,0.907,32.22,,,,,,,,,,,,,,,,,,
EQ-0155,2025-06-06 00:00:00,断路器,苏州工业园220kV变电站,0.535,0.628,17.29,0.643,0.792,23.23,,,,,,,9614.667,7091.667,-26.24,,,,,,,0.49,0.488,-0.41
EQ-0267,2025-06-06 00:00:00,隔离开关,天津滨海220kV变电站,0.533,0.69,29.44,0.68,0.877,28.93,,,,,,,,,,,,,,,,,,
EQ-0024,2025-06-06 00:00:00,电容器组,龙华220kV变电站,0.521,0.662,26.96,0.637,0.839,31.59,,,,,,,,,,0.004,0.004,5.78,,,,,,
EQ-0222,2025-06-06 00:00:00,断路器,亦庄110kV变电站,0.489,0.631,29.06,0.606,0.777,28.28,,,,,,,6797.333,7156.667,5.29,,,,,,,0.49,0.484,-1.29
EQ-0384,2025-06-06 00:00:00,电容器组,重庆两江220kV变电站,0.573,0.774,35.11,0.708,0.965,36.25,,,,,,,,,,0.005,0.005,-0.76,,,,,,
EQ-0196,2025-06-06 00:00:00,避雷器,杭州滨江110kV变电站,0.549,0.768,39.98,0.685,0.908,32.53,,,,,,,,,,,,,,,,,,
EQ-0213,2025-06-17 00:00:00,避雷器,昆山35kV变电站,0.515,0.695,34.9,0.652,0.856,31.23,,,,,,,,,,,,,,,,,,
EQ-0305,2025-06-15 00:00:00,隔离开关,武昌110kV变电站,0.507,0.692,36.48,0.618,0.868,40.48,,,,,,,,,,,,,,,,,,
EQ-0387,2025-06-05 00:00:00,避雷器,重庆两江220kV变电站,0.554,0.734,32.5,0.713,0.919,28.9,,,,,,,,,,,,,,,,,,
EQ-0398,2025-06-06 00:00:00,断路器,成都高新35kV变电站,0.603,0.82,36.04,0.775,1.011,30.5,,,,,,,9257.333,7089.667,-23.42,,,,,,,0.492,0.493,0.34
EQ-0291,2025-06-06 00:00:00,电容器组,石家庄高新35kV变电站,0.641,0.838,30.68,0.799,0.98,22.62,,,,,,,,,,0.003,0.005,42.73,,,,,,
EQ-0113,2025-06-06 00:00:00,断路器,张江110kV变电站,0.63,0.892,41.73,0.783,1.027,31.19,,,,,,,9547.0,8637.0,-9.53,,,,,,,0.508,0.506,-0.39
EQ-0400,2025-06-07 00:00:00,隔离开关,成都高新35kV变电站,0.598,0.824,37.66,0.748,1.004,34.25,,,,,,,,,,,,,,,,,,
EQ-0254,2025-06-07 00:00:00,电力变压器,天津滨海220kV变电站,0.66,0.838,26.92,0.848,1.015,19.62,66.7,76.767,15.09,84.367,98.133,16.32,9400.667,7899.333,-15.97,0.004,0.004,-11.1,8.367,9.5,13.55,,,
EQ-0299,2025-06-07 00:00:00,断路器,武昌110kV变电站,0.634,0.877,38.29,0.768,1.079,40.49,,,,,,,9626.333,7173.333,-25.48,,,,,,,0.5,0.499,-0.2
EQ-0323,2025-06-07 00:00:00,电容器组,江夏35kV变电站,0.577,0.793,37.48,0.716,0.958,33.9,,,,,,,,,,0.006,0.006,12.07,,,,,,
EQ-0265,2025-06-07 00:00:00,隔离开关,天津滨海220kV变电站,0.573,0.797,39.15,0.728,0.98,34.74,,,,,,,,,,,,,,,,,,
EQ-0133,2025-06-07 00:00:00,断路器,临港110kV变电站,0.502,0.629,25.24,0.649,0.738,13.7,,,,,,,9217.0,8978.667,-2.59,,,,,,,0.467,0.493,5.57
EQ-0342,2025-06-05 00:00:00,避雷器,长沙星沙110kV变电站,0.515,0.684,32.72,0.642,0.887,38.03,,,,,,,,,,,,,,,,,,
EQ-0244,2025-06-07 00:00:00,隔离开关,通州35kV变电站,0.622,0.869,39.71,0.747,1.031,38.06,,,,,,,,,,,,,,,,,,
EQ-0284,2025-06-04 00:00:00,断路器,石家庄高新35kV变电站,0.517,0.721,39.44,0.612,0.903,47.65,,,,,,,8482.333,8615.0,1.56,,,,,,,0.49,0.477,-2.52
EQ-0413,2025-06-07 00:00:00,断路器,沈阳浑南110kV变电站,0.566,0.775,36.87,0.682,1.004,47.1,,,,,,,8345.0,7886.667,-5.49,,,,,,,0.48,0.494,2.99
EQ-0056,2025-06-07 10:27:00,隔离开关,松山湖220kV变电站,0.514,0.709,38.1,0.618,0.86,39.28,,,,,,,,,,,,,,,,,,
EQ-0001,2025-06-08 00:00:00,电力变压器,龙华220kV变电站,0.564,0.728,29.2,0.715,0.89,24.45,69.567,81.8,17.59,87.0,99.5,14.37,9277.333,7500.667,-19.15,0.004,0.004,13.83,11.633,13.233,13.75,,,
EQ-0137,2025-06-08 00:00:00,隔离开关,临港110kV变电站,0.5,0.656,31.19,0.641,0.81,26.32,,,,,,,,,,,,,,,,,,
EQ-0355,2025-06-08 00:00:00,隔离开关,武侯110kV变电站,0.581,0.703,21.07,0.695,0.861,23.9,,,,,,,,,,,,,,,,,,
EQ-0417,2025-06-08 00:00:00,隔离开关,沈阳浑南110kV变电站,0.499,0.638,27.74,0.608,0.754,24.1,,,,,,,,,,,,,,,,,,
EQ-0429,2025-06-08 00:00:00,断路器,大连开发区35kV变电站,0.581,0.816,40.43,0.707,1.053,48.82,,,,,,,7571.667,8975.667,18.54,,,,,,,0.507,0.487,-3.88
EQ-0071,2025-07-06 00:00:00,断路器,南沙110kV变电站,0.603,0.559,-7.34,0.759,0.705,-7.09,,,,,,,10154.0,8715.0,-14.17,,,,,,,0.51,0.511,0.2
EQ-0005,2025-06-08 00:00:00,电力变压器,龙华220kV变电站,0.58,0.678,16.81,0.72,0.822,14.31,69.467,74.2,6.81,85.7,93.033,8.56,8516.667,7980.333,-6.3,0.005,0.005,-13.29,18.867,7.833,-58.48,,,
EQ-0307,2025-06-08 00:00:00,电容器组,武昌110kV变电站,0.541,0.727,34.4,0.686,0.929,35.53,,,,,,,,,,0.004,0.004,0.65,,,,,,
EQ-0145,2025-06-08 00:00:00,避雷器,临港110kV变电站,0.515,0.703,36.58,0.649,0.913,40.55,,,,,,,,,,,,,,,,,,
EQ-0250,2025-06-08 00:00:00,避雷器,通州35kV变电站,0.654,0.838,28.2,0.829,1.004,21.04,,,,,,,,,,,,,,,,,,
EQ-0259,2025-06-06 00:00:00,断路器,天津滨海220kV变电站,0.493,0.649,31.75,0.61,0.791,29.72,,,,,,,9825.0,7085.0,-27.89,,,,,,,0.468,0.467,-0.36
EQ-0018,2025-06-09 00:00:00,隔离开关,龙华220kV变电站,0.511,0.709,38.87,0.664,0.88,32.65,,,,,,,,,,,,,,,,,,
EQ-0151,2025-06-09 00:00:00,电力变压器,苏州工业园220kV变电站,0.505,0.702,39.15,0.632,0.857,35.58,59.9,76.4,27.55,76.967,94.067,22.22,7863.667,7360.0,-6.4,0.005,0.004,-11.65,6.767,12.4,83.25,,,
EQ-0333,2025-06-09 00:00:00,断路器,长沙星沙110kV变电站,0.662,0.857,29.45,0.807,1.012,25.38,,,,,,,9102.667,9423.667,3.53,,,,,,,0.498,0.495,-0.54
EQ-0185,2025-06-09 00:00:00,断路器,杭州滨江110kV变电站,0.628,0.881,40.22,0.773,1.029,33.15,,,,,,,9696.667,9944.0,2.55,,,,,,,0.47,0.481,2.41
EQ-0076,2025-06-09 00:00:00,隔离开关,南沙110kV变电站,0.538,0.695,29.15,0.664,0.876,31.95,,,,,,,,,,,,,,,,,,
EQ-0067,2025-06-09 00:00:00,GIS组合电器,松山湖220kV变电站,0.645,0.82,27.27,0.818,1.006,22.98,70.667,85.133,20.47,87.9,104.2,18.54,8826.667,7080.0,-19.79,,,,8.433,9.433,11.86,0.512,0.481,-6.05
EQ-0426,2025-06-09 00:00:00,GIS组合电器,沈阳浑南110kV变电站,0.602,0.804,33.59,0.74,1.0,35.09,57.867,72.6,25.46,75.8,92.933,22.6,9734.667,8694.667,-10.68,,,,10.433,7.267,-30.35,0.475,0.486,2.39
EQ-0075,2025-06-17 00:00:00,断路器,南沙110kV变电站,0.538,0.731,35.96,0.689,0.913,32.54,,,,,,,9529.667,9864.333,3.51,,,,,,,0.49,0.48,-2.04
EQ-0302,2025-06-09 00:00:00,断路器,武昌110kV变电站,0.535,0.694,29.73,0.675,0.855,26.71,,,,,,,8911.333,8306.0,-6.79,,,,,,,0.473,0.505,6.91
EQ-0386,2025-06-09 00:00:00,避雷器,重庆两江220kV变电站,0.59,0.718,21.56,0.732,0.886,20.91,,,,,,,,,,,,,,,,,,
EQ-0324,2025-06-09 00:00:00,避雷器,江夏35kV变电站,0.649,0.866,33.43,0.799,1.023,27.98,,,,,,,,,,,,,,,,,,
EQ-0161,2025-06-09 00:00:00,断路器,苏州工业园220kV变电站,0.499,0.635,27.3,0.629,0.796,26.54,,,,,,,8367.667,8291.333,-0.91,,,,,,,0.527,0.472,-10.49
EQ-0119,2025-06-09 00:00:00,隔离开关,张江110kV变电站,0.507,0.705,38.9,0.623,0.856,37.34,,,,,,,,,,,,,,,,,,
EQ-0103,2025-06-09 00:00:00,避雷器,前海110kV变电站,0.649,0.845,30.19,0.792,1.051,32.76,,,,,,,,,,,,,,,,,,
EQ-0405,2025-06-09 00:00:00,避雷器,成都高新35kV变电站,0.527,0.746,41.51,0.694,0.967,39.42,,,,,,,,,,,,,,,,,,
EQ-0306,2025-06-09 00:00:00,隔离开关,武昌110kV变电站,0.602,0.754,25.2,0.737,0.96,30.28,,,,,,,,,,,,,,,,,,
EQ-0052,2025-06-09 00:00:00,隔离开关,松山湖220kV变电站,0.626,0.846,35.26,0.779,0.997,27.97,,,,,,,,,,,,,,,,,,
EQ-0144,2025-06-09 00:00:00,避雷器,临港110kV变电站,0.558,0.762,36.74,0.726,0.951,30.97,,,,,,,,,,,,,,,,,,
EQ-0050,2025-06-10 00:00:00,断路器,松山湖220kV变电站,0.563,0.718,27.56,0.68,0.862,26.63,,,,,,,7610.0,8791.667,15.53,,,,,,,0.482,0.463,-3.94
EQ-0381,2025-06-10 00:00:00,隔离开关,重庆两江220kV变电站,0.655,0.848,29.54,0.779,1.063,36.5,,,,,,,,,,,,,,,,,,
EQ-0085,2025-06-10 00:00:00,避雷器,南沙110kV变电站,0.572,0.763,33.48,0.733,0.983,34.09,,,,,,,,,,,,,,,,,,
EQ-0304,2025-06-10 00:00:00,隔离开关,武昌110kV变电站,0.643,0.78,21.25,0.799,0.987,23.49,,,,,,,,,,,,,,,,,,
EQ-0232,2025-06-27 00:00:00,避雷器,亦庄110kV变电站,0.558,0.757,35.69,0.694,0.921,32.57,,,,,,,,,,,,,,,,,,
EQ-0211,2025-06-10 00:00:00,电容器组,昆山35kV变电站,0.51,0.694,36.14,0.637,0.846,32.84,,,,,,,,,,0.005,0.003,-28.24,,,,,,
EQ-0123,2025-06-26 00:00:00,避雷器,张江110kV变电站,0.479,0.63,31.43,0.624,0.761,22.03,,,,,,,,,,,,,,,,,,
EQ-0189,2025-06-10 00:00:00,断路器,杭州滨江110kV变电站,0.591,0.741,25.25,0.783,0.872,11.32,,,,,,,10571.667,8003.0,-24.3,,,,,,,0.497,0.483,-2.82
EQ-0314,2025-06-10 00:00:00,电力变压器,江夏35kV变电站,0.637,0.849,33.19,0.792,1.006,26.99,67.0,79.6,18.81,84.6,99.9,18.09,7158.667,8310.333,16.09,0.004,0.005,18.69,12.667,13.533,6.84,,,
EQ-0022,2025-06-10 00:00:00,隔离开关,龙华220kV变电站,0.577,0.805,39.63,0.75,1.008,34.41,,,,,,,,,,,,,,,,,,
EQ-0028,2025-06-26 00:00:00,避雷器,龙华220kV变电站,0.652,0.786,20.58,0.829,0.938,13.11,,,,,,,,,,,,,,,,,,
EQ-0241,2025-07-04 00:00:00,断路器,通州35kV变电站,0.632,0.631,-0.09,0.799,0.803,0.52,,,,,,,7956.333,8305.667,4.39,,,,,,,0.48,0.486,1.32
EQ-0385,2025-06-10 00:00:00,电容器组,重庆两江220kV变电站,0.545,0.731,34.0,0.706,0.913,29.33,,,,,,,,,,0.004,0.005,35.13,,,,,,
EQ-0080,2025-06-10 00:00:00,电容器组,南沙110kV变电站,0.629,0.845,34.48,0.832,1.036,24.47,,,,,,,,,,0.003,0.004,32.94,,,,,,
EQ-0421,2025-06-21 00:00:00,电容器组,沈阳浑南110kV变电站,0.524,0.688,31.28,0.669,0.886,32.46,,,,,,,,,,0.004,0.004,-5.35,,,,,,
EQ-0044,2025-06-11 00:00:00,断路器,松山湖220kV变电站,0.564,0.776,37.49,0.7,0.994,42.02,,,,,,,8758.0,6989.333,-20.19,,,,,,,0.466,0.479,2.64
EQ-0081,2025-06-11 00:00:00,电容器组,南沙110kV变电站,0.621,0.744,19.71,0.763,0.934,22.49,,,,,,,,,,0.004,0.006,57.83,,,,,,
EQ-0078,2025-06-11 00:00:00,隔离开关,南沙110kV变电站,0.637,0.88,38.09,0.806,1.036,28.51,,,,,,,,,,,,,,,,,,
EQ-0038,2025-06-11 00:00:00,GIS组合电器,龙华220kV变电站,0.59,0.738,24.99,0.724,0.92,27.09,72.8,83.467,14.65,89.267,101.767,14.0,8752.0,8716.333,-0.41,,,,11.467,10.733,-6.4,0.466,0.477,2.22
EQ-0041,2025-06-11 00:00:00,电力变压器,松山湖220kV变电站,0.53,0.674,27.2,0.684,0.813,18.84,64.733,75.767,17.04,81.6,95.167,16.63,9148.0,8695.0,-4.95,0.004,0.004,24.02,9.267,9.3,0.36,,,
EQ-0208,2025-06-11 00:00:00,隔离开关,昆山35kV变电站,0.544,0.717,31.66,0.698,0.893,27.88,,,,,,,,,,,,,,,,,,
EQ-0428,2025-06-11 00:00:00,电力变压器,大连开发区35kV变电站,0.605,0.849,40.25,0.744,1.056,41.87,55.967,70.933,26.74,72.833,92.7,27.28,8844.333,9778.333,10.56,0.004,0.005,20.57,7.1,12.133,70.89,,,
EQ-0029,2025-06-11 00:00:00,避雷器,龙华220kV变电站,0.664,0.866,30.5,0.805,1.044,29.61,,,,,,,,,,,,,,,,,,
EQ-0293,2025-06-11 00:00:00,避雷器,石家庄高新35kV变电站,0.63,0.796,26.45,0.767,0.984,28.21,,,,,,,,,,,,,,,,,,
EQ-0147,2025-07-03 00:00:00,GIS组合电器,临港110kV变电站,0.553,0.557,0.69,0.704,0.72,2.35,66.6,65.4,-1.8,81.9,82.3,0.49,9118.667,10386.667,13.91,,,,7.5,7.333,-2.22,0.502,0.518,3.32
EQ-0084,2025-06-11 00:00:00,避雷器,南沙110kV变电站,0.658,0.858,30.28,0.829,1.039,25.36,,,,,,,,,,,,,,,,,,
EQ-0341,2025-06-11 00:00:00,避雷器,长沙星沙110kV变电站,0.538,0.745,38.52,0.668,0.923,38.05,,,,,,,,,,,,,,,,,,
EQ-0427,2025-06-11 00:00:00,电力变压器,大连开发区35kV变电站,0.602,0.715,18.71,0.735,0.906,23.31,57.533,67.8,17.84,75.967,87.133,14.7,7601.333,7448.333,-2.01,0.005,0.004,-23.98,16.667,4.9,-70.6,,,
EQ-0207,2025-06-11 00:00:00,隔离开关,昆山35kV变电站,0.664,0.909,36.93,0.831,1.043,25.58,,,,,,,,,,,,,,,,,,
EQ-0150,2025-06-11 00:00:00,电力变压器,苏州工业园220kV变电站,0.572,0.744,30.08,0.678,0.95,40.07,68.233,80.5,17.98,85.5,101.667,18.91,9816.667,8546.0,-12.94,0.005,0.005,16.59,5.7,7.8,36.84,,,
EQ-0349,2025-06-11 00:00:00,断路器,武侯110kV变电站,0.488,0.619,26.87,0.619,0.787,27.18,,,,,,,10784.667,7529.0,-30.19,,,,,,,0.475,0.506,6.53
EQ-0397,2025-06-11 00:00:00,断路器,成都高新35kV变电站,0.6,0.809,34.79,0.767,0.963,25.62,,,,,,,10555.667,9575.667,-9.28,,,,,,,0.514,0.507,-1.3
EQ-0329,2025-06-11 00:00:00,电力变压器,长沙星沙110kV变电站,0.555,0.699,25.94,0.684,0.844,23.39,64.1,72.533,13.16,78.4,91.467,16.67,8639.0,6828.0,-20.96,0.005,0.005,-14.67,5.767,11.733,103.47,,,
EQ-0368,2025-06-11 00:00:00,电力变压器,重庆两江220kV变电站,0.625,0.792,26.7,0.754,0.992,31.6,67.3,79.533,18.18,83.933,98.433,17.28,8544.667,9175.0,7.38,0.005,0.004,-21.53,8.133,9.1,11.89,,,
EQ-0130,2025-06-12 00:00:00,电力变压器,临港110kV变电站,0.551,0.736,33.5,0.708,0.932,31.61,65.1,74.3,14.13,81.133,90.1,11.05,11329.667,9206.667,-18.74,0.004,0.003,-16.86,10.667,7.233,-32.19,,,
EQ-0193,2025-06-12 00:00:00,隔离开关,杭州滨江110kV变电站,0.501,0.652,30.15,0.628,0.821,30.78,,,,,,,,,,,,,,,,,,
EQ-0371,2025-06-24 00:00:00,断路器,重庆两江220kV变电站,0.562,0.726,29.32,0.707,0.938,32.68,,,,,,,8094.667,8495.667,4.95,,,,,,,0.47,0.512,8.86
EQ-0248,2025-06-12 00:00:00,电容器组,通州35kV变电站,0.518,0.654,26.21,0.669,0.855,27.94,,,,,,,,,,0.004,0.005,17.23,,,,,,
EQ-0403,2025-06-12 00:00:00,电容器组,成都高新35kV变电站,0.506,0.623,22.94,0.61,0.746,22.25,,,,,,,,,,0.004,0.005,41.88,,,,,,
EQ-0033,2025-06-12 00:00:00,避雷器,龙华220kV变电站,0.621,0.832,33.91,0.769,1.029,33.71,,,,,,,,,,,,,,,,,,
EQ-0021,2025-06-12 00:00:00,隔离开关,龙华220kV变电站,0.664,0.843,26.98,0.832,1.028,23.57,,,,,,,,,,,,,,,,,,
EQ-0345,2025-06-12 00:00:00,GIS组合电器,长沙星沙110kV变电站,0.624,0.809,29.64,0.777,0.959,23.53,68.5,79.133,15.52,84.767,99.6,17.5,10153.333,7864.333,-22.54,,,,8.367,8.067,-3.59,0.493,0.453,-8.18
EQ-0369,2025-06-12 00:00:00,断路器,重庆两江220kV变电站,0.615,0.802,30.48,0.772,0.985,27.5,,,,,,,8602.333,10293.667,19.66,,,,,,,0.481,0.474,-1.45
EQ-0043,2025-06-12 00:00:00,断路器,松山湖220kV变电站,0.505,0.658,30.12,0.636,0.817,28.51,,,,,,,12156.667,7950.667,-34.6,,,,,,,0.478,0.479,0.14
EQ-0233,2025-06-12 00:00:00,避雷器,亦庄110kV变电站,0.639,0.858,34.33,0.799,1.027,28.48,,,,,,,,,,,,,,,,,,
EQ-0172,2025-06-12 00:00:00,避雷器,苏州工业园220kV变电站,0.591,0.735,24.32,0.719,0.883,22.81,,,,,,,,,,,,,,,,,,
EQ-0370,2025-06-12 00:00:00,断路器,重庆两江220kV变电站,0.482,0.656,35.97,0.638,0.824,29.17,,,,,,,10519.0,8563.667,-18.59,,,,,,,0.491,0.513,4.62
EQ-0176,2025-06-13 00:00:00,避雷器,苏州工业园220kV变电站,0.656,0.825,25.83,0.832,1.019,22.46,,,,,,,,,,,,,,,,,,
EQ-0280,2025-06-08 00:00:00,GIS组合电器,天津滨海220kV变电站,0.507,0.674,32.81,0.62,0.853,37.41,58.067,67.667,16.53,72.833,85.5,17.39,9235.333,7279.667,-21.18,,,,10.2,13.567,33.01,0.482,0.466,-3.25
EQ-0261,2025-06-13 00:00:00,断路器,天津滨海220kV变电站,0.657,0.855,30.06,0.859,1.055,22.82,,,,,,,8903.0,7291.0,-18.11,,,,,,,0.465,0.477,2.65
EQ-0006,2025-06-13 00:00:00,断路器,龙华220kV变电站,0.499,0.682,36.62,0.642,0.854,33.04,,,,,,,7178.333,8532.0,18.86,,,,,,,0.462,0.483,4.47
EQ-0169,2025-06-13 00:00:00,电容器组,苏州工业园220kV变电站,0.561,0.724,29.08,0.722,0.929,28.65,,,,,,,,,,0.005,0.005,2.87,,,,,,
EQ-0431,2025-06-27 00:00:00,断路器,大连开发区35kV变电站,0.671,0.881,31.28,0.843,1.052,24.74,,,,,,,5815.667,8610.333,48.05,,,,,,,0.508,0.5,-1.64
EQ-0238,2025-06-21 00:00:00,电力变压器,通州35kV变电站,0.571,0.734,28.65,0.705,0.888,25.97,59.967,73.333,22.29,77.133,92.4,19.79,8455.667,8015.0,-5.21,0.005,0.006,19.26,17.567,9.633,-45.16,,,
EQ-0142,2025-06-13 00:00:00,电容器组,临港110kV变电站,0.616,0.828,34.35,0.787,1.0,27.03,,,,,,,,,,0.004,0.005,11.74,,,,,,
EQ-0326,2025-06-13 00:00:00,避雷器,江夏35kV变电站,0.516,0.656,27.17,0.659,0.827,25.58,,,,,,,,,,,,,,,,,,
EQ-0330,2025-07-11 00:00:00,断路器,长沙星沙110kV变电站,0.756,0.759,0.35,0.92,0.941,2.34,,,,,,,8449.0,9589.333,13.5,,,,,,,0.494,0.479,-2.97
EQ-0178,2025-06-13 00:00:00,避雷器,苏州工业园220kV变电站,0.47,0.638,35.81,0.609,0.798,30.95,,,,,,,,,,,,,,,,,,
EQ-0402,2025-06-14 00:00:00,隔离开关,成都高新35kV变电站,0.615,0.829,34.95,0.763,0.985,29.12,,,,,,,,,,,,,,,,,,
EQ-0109,2025-06-14 00:00:00,电力变压器,张江110kV变电站,0.639,0.877,37.26,0.762,1.051,37.92,69.033,82.3,19.22,85.033,103.133,21.29,7017.667,7703.667,9.78,0.004,0.003,-24.74,7.567,5.033,-33.48,,,
EQ-0364,2025-07-01 00:00:00,GIS组合电器,武侯110kV变电站,0.516,0.565,9.43,0.628,0.704,12.08,62.6,70.067,11.93,77.633,85.433,10.05,10392.667,9315.0,-10.37,,,,10.4,8.6,-17.31,0.505,0.487,-3.57
EQ-0347,2025-06-14 00:00:00,电力变压器,武侯110kV变电站,0.481,0.63,30.94,0.603,0.831,37.71,62.133,69.033,11.11,77.333,84.267,8.97,10021.333,8934.667,-10.84,0.004,0.004,-3.98,11.8,10.4,-11.86,,,
EQ-0328,2025-06-14 00:00:00,电力变压器,长沙星沙110kV变电站,0.636,0.806,26.77,0.819,0.975,19.11,66.6,78.367,17.67,84.467,97.833,15.82,9308.667,10680.0,14.73,0.005,0.004,-22.43,11.733,6.967,-40.62,,,
EQ-0240,2025-06-14 00:00:00,断路器,通州35kV变电站,0.601,0.758,26.1,0.755,0.945,25.14,,,,,,,8965.333,8189.0,-8.66,,,,,,,0.496,0.492,-0.67
EQ-0134,2025-06-14 00:00:00,断路器,临港110kV变电站,0.539,0.699,29.66,0.715,0.85,18.87,,,,,,,11212.333,8180.0,-27.04,,,,,,,0.494,0.454,-8.03
EQ-0139,2025-06-14 00:00:00,隔离开关,临港110kV变电站,0.587,0.778,32.51,0.748,0.962,28.68,,,,,,,,,,,,,,,,,,
EQ-0358,2025-06-14 00:00:00,电容器组,武侯110kV变电站,0.619,0.783,26.35,0.742,0.955,28.74,,,,,,,,,,0.004,0.005,32.58,,,,,,
EQ-0153,2025-06-30 00:00:00,断路器,苏州工业园220kV变电站,0.503,0.643,27.96,0.634,0.818,28.99,,,,,,,8726.667,8079.333,-7.42,,,,,,,0.466,0.497,6.58
EQ-0286,2025-07-13 00:00:00,断路器,石家庄高新35kV变电站,0.613,0.691,12.71,0.751,0.897,19.41,,,,,,,7773.333,8082.0,3.97,,,,,,,0.503,0.489,-2.78
EQ-0146,2025-06-14 00:00:00,避雷器,临港110kV变电站,0.481,0.629,30.56,0.61,0.781,28.12,,,,,,,,,,,,,,,,,,
EQ-0435,2025-06-14 00:00:00,电容器组,大连开发区35kV变电站,0.531,0.702,32.23,0.673,0.861,28.07,,,,,,,,,,0.005,0.005,12.73,,,,,,
EQ-0376,2025-06-14 00:00:00,断路器,重庆两江220kV变电站,0.474,0.634,33.64,0.592,0.816,37.89,,,,,,,9492.667,7886.0,-16.93,,,,,,,0.47,0.491,4.39
EQ-0012,2025-06-14 00:00:00,断路器,龙华220kV变电站,0.593,0.823,38.78,0.7,1.02,45.58,,,,,,,10964.333,9208.667,-16.01,,,,,,,0.497,0.486,-2.21
EQ-0338,2025-07-11 00:00:00,隔离开关,长沙星沙110kV变电站,0.63,0.676,7.3,0.792,0.809,2.1,,,,,,,,,,,,,,,,,,
EQ-0070,2025-06-14 00:00:00,电力变压器,南沙110kV变电站,0.566,0.753,32.98,0.694,0.958,38.04,66.267,79.033,19.27,82.933,99.233,19.65,7005.667,8350.667,19.2,0.004,0.005,33.16,10.733,12.433,15.84,,,
EQ-0107,2025-06-14 00:00:00,电力变压器,张江110kV变电站,0.477,0.61,27.86,0.586,0.777,32.47,61.733,70.733,14.58,76.367,89.033,16.59,9907.333,9705.667,-2.04,0.004,0.005,6.92,5.467,6.3,15.24,,,
EQ-0234,2025-06-14 00:00:00,避雷器,亦庄110kV变电站,0.476,0.664,39.41,0.601,0.836,39.05,,,,,,,,,,,,,,,,,,
EQ-0088,2025-06-14 00:00:00,电力变压器,前海110kV变电站,0.505,0.671,32.92,0.628,0.797,26.82,63.467,76.733,20.9,76.3,93.533,22.59,11320.0,10326.333,-8.78,0.004,0.005,17.17,8.1,7.667,-5.35,,,
EQ-0419,2025-06-20 00:00:00,隔离开关,沈阳浑南110kV变电站,0.587,0.751,27.81,0.709,0.95,34.0,,,,,,,,,,,,,,,,,,
EQ-0003,2025-06-15 00:00:00,电力变压器,龙华220kV变电站,0.526,0.701,33.35,0.663,0.881,32.9,68.067,81.7,20.03,84.367,101.033,19.76,8349.667,7980.333,-4.42,0.004,0.005,19.8,12.133,9.0,-25.82,,,
EQ-0030,2025-06-15 00:00:00,避雷器,龙华220kV变电站,0.617,0.823,33.38,0.792,1.001,26.33,,,,,,,,,,,,,,,,,,
EQ-0157,2025-06-15 00:00:00,断路器,苏州工业园220kV变电站,0.658,0.825,25.38,0.84,1.031,22.67,,,,,,,8091.667,8910.333,10.12,,,,,,,0.485,0.48,-1.1
EQ-0116,2025-06-15 00:00:00,隔离开关,张江110kV变电站,0.623,0.757,21.5,0.754,0.944,25.08,,,,,,,,,,,,,,,,,,
EQ-0089,2025-06-15 00:00:00,电力变压器,前海110kV变电站,0.688,0.904,31.53,0.877,1.035,18.08,74.7,89.933,20.39,93.867,110.967,18.22,10297.333,9396.0,-8.75,0.005,0.003,-33.83,8.567,7.6,-11.28,,,
EQ-0200,2025-06-15 00:00:00,GIS组合电器,杭州滨江110kV变电站,0.453,0.638,40.8,0.578,0.812,40.29,61.133,75.833,24.05,73.3,91.2,24.42,9204.0,9593.667,4.23,,,,7.233,11.4,57.6,0.478,0.471,-1.39
EQ-0121,2025-06-15 00:00:00,电容器组,张江110kV变电站,0.63,0.877,39.1,0.772,1.02,32.19,,,,,,,,,,0.005,0.005,1.4,,,,,,
EQ-0273,2025-06-15 00:00:00,避雷器,天津滨海220kV变电站,0.662,0.833,25.88,0.825,1.004,21.64,,,,,,,,,,,,,,,,,,
EQ-0183,2025-06-21 00:00:00,电力变压器,杭州滨江110kV变电站,0.532,0.65,22.1,0.657,0.825,25.46,62.233,70.667,13.55,79.133,88.967,12.43,10470.667,8931.0,-14.7,0.005,0.006,21.52,7.5,8.633,15.11,,,
EQ-0401,2025-06-15 00:00:00,隔离开关,成都高新35kV变电站,0.582,0.785,34.94,0.736,0.99,34.52,,,,,,,,,,,,,,,,,,
EQ-0093,2025-06-15 00:00:00,断路器,前海110kV变电站,0.581,0.771,32.64,0.722,0.97,34.31,,,,,,,9809.667,10634.333,8.41,,,,,,,0.478,0.494,3.34
EQ-0158,2025-06-29 00:00:00,断路器,苏州工业园220kV变电站,0.577,0.708,22.73,0.734,0.898,22.39,,,,,,,8881.0,7941.0,-10.58,,,,,,,0.476,0.49,3.01
EQ-0202,2025-06-16 00:00:00,电力变压器,昆山35kV变电站,0.633,0.791,24.82,0.803,0.986,22.86,71.933,76.433,6.26,89.6,97.233,8.52,8578.0,9569.0,11.55,0.004,0.005,18.14,14.7,12.4,-15.65,,,
EQ-0309,2025-06-16 00:00:00,避雷器,武昌110kV变电站,0.604,0.825,36.57,0.751,0.999,32.9,,,,,,,,,,,,,,,,,,
EQ-0245,2025-06-23 00:00:00,隔离开关,通州35kV变电站,0.617,0.819,32.69,0.79,0.978,23.78,,,,,,,,,,,,,,,,,,
EQ-0436,2025-06-16 00:00:00,电容器组,大连开发区35kV变电站,0.573,0.758,32.39,0.706,0.917,29.83,,,,,,,,,,0.004,0.005,3.05,,,,,,
EQ-0174,2025-06-16 00:00:00,避雷器,苏州工业园220kV变电站,0.553,0.725,31.14,0.677,0.928,37.18,,,,,,,,,,,,,,,,,,
EQ-0257,2025-06-16 00:00:00,断路器,天津滨海220kV变电站,0.56,0.734,31.07,0.722,0.925,28.06,,,,,,,8573.667,7661.667,-10.64,,,,,,,0.494,0.492,-0.27
EQ-0131,2025-06-12 00:00:00,电力变压器,临港110kV变电站,0.474,0.659,38.97,0.589,0.84,42.6,60.333,73.233,21.38,75.133,89.867,19.61,10057.0,9937.333,-1.19,0.005,0.004,-25.69,10.9,4.733,-56.57,,,
EQ-0380,2025-06-16 00:00:00,隔离开关,重庆两江220kV变电站,0.556,0.74,33.05,0.74,0.936,26.47,,,,,,,,,,,,,,,,,,
EQ-0177,2025-06-16 00:00:00,避雷器,苏州工业园220kV变电站,0.559,0.734,31.38,0.731,0.904,23.67,,,,,,,,,,,,,,,,,,
EQ-0361,2025-06-16 00:00:00,避雷器,武侯110kV变电站,0.673,0.884,31.41,0.863,1.014,17.57,,,,,,,,,,,,,,,,,,
EQ-0136,2025-06-16 00:00:00,断路器,临港110kV变电站,0.548,0.749,36.67,0.693,0.95,37.14,,,,,,,9630.667,10718.0,11.29,,,,,,,0.519,0.486,-6.23
EQ-0042,2025-06-16 00:00:00,电力变压器,松山湖220kV变电站,0.647,0.762,17.64,0.857,0.912,6.41,68.533,82.1,19.8,87.8,102.933,17.24,9484.667,9199.333,-3.01,0.005,0.005,6.12,8.6,8.7,1.16,,,
EQ-0212,2025-06-16 00:00:00,避雷器,昆山35kV变电站,0.568,0.809,42.42,0.723,0.995,37.63,,,,,,,,,,,,,,,,,,
EQ-0372,2025-06-20 00:00:00,断路器,重庆两江220kV变电站,0.545,0.697,27.94,0.668,0.836,25.15,,,,,,,7358.333,7901.667,7.38,,,,,,,0.502,0.454,-9.57
EQ-0190,2025-06-16 00:00:00,隔离开关,杭州滨江110kV变电站,0.575,0.78,35.69,0.72,1.003,39.37,,,,,,,,,,,,,,,,,,
EQ-0311,2025-06-17 00:00:00,避雷器,武昌110kV变电站,0.678,0.811,19.5,0.85,1.022,20.3,,,,,,,,,,,,,,,,,,
EQ-0015,2025-06-17 00:00:00,断路器,龙华220kV变电站,0.486,0.66,35.86,0.584,0.827,41.7,,,,,,,7091.667,7752.333,9.32,,,,,,,0.495,0.507,2.56
EQ-0226,2025-06-17 00:00:00,隔离开关,亦庄110kV变电站,0.633,0.818,29.34,0.782,1.039,32.87,,,,,,,,,,,,,,,,,,
EQ-0266,2025-06-22 00:00:00,隔离开关,天津滨海220kV变电站,0.495,0.675,36.36,0.634,0.849,33.88,,,,,,,,,,,,,,,,,,
EQ-0199,2025-06-17 00:00:00,避雷器,杭州滨江110kV变电站,0.653,0.863,32.15,0.828,0.976,17.87,,,,,,,,,,,,,,,,,,
EQ-0111,2025-07-03 00:00:00,断路器,张江110kV变电站,0.71,0.703,-1.02,0.904,0.864,-4.44,,,,,,,7888.333,7383.333,-6.4,,,,,,,0.503,0.475,-5.5
EQ-0270,2025-06-17 00:00:00,电容器组,天津滨海220kV变电站,0.587,0.825,40.48,0.756,0.983,30.08,,,,,,,,,,0.004,0.004,-0.68,,,,,,
EQ-0097,2025-06-17 00:00:00,隔离开关,前海110kV变电站,0.598,0.786,31.43,0.785,0.983,25.2,,,,,,,,,,,,,,,,,,
EQ-0179,2025-07-07 00:00:00,GIS组合电器,苏州工业园220kV变电站,0.72,0.753,4.63,0.846,0.906,7.04,75.833,73.133,-3.56,94.1,91.867,-2.37,8528.0,7416.0,-13.04,,,,11.733,14.8,26.14,0.488,0.462,-5.32
EQ-0300,2025-06-17 00:00:00,断路器,武昌110kV变电站,0.664,0.812,22.39,0.801,0.99,23.61,,,,,,,8527.333,9051.0,6.14,,,,,,,0.514,0.499,-2.92
EQ-0255,2025-06-17 00:00:00,电力变压器,天津滨海220kV变电站,0.65,0.821,26.26,0.815,0.989,21.3,61.133,75.2,23.01,77.667,95.3,22.7,8584.333,8650.667,0.77,0.004,0.004,-8.86,11.933,11.933,0.0,,,
EQ-0269,2025-06-17 00:00:00,隔离开关,天津滨海220kV变电站,0.592,0.721,21.72,0.772,0.871,12.84,,,,,,,,,,,,,,,,,,
EQ-0362,2025-07-02 00:00:00,避雷器,武侯110kV变电站,0.72,0.735,2.16,0.902,0.91,0.88,,,,,,,,,,,,,,,,,,
EQ-0223,2025-06-18 00:00:00,断路器,亦庄110kV变电站,0.561,0.738,31.57,0.685,0.931,35.93,,,,,,,10105.667,7762.333,-23.19,,,,,,,0.476,0.478,0.49
EQ-0124,2025-06-18 00:00:00,避雷器,张江110kV变电站,0.702,0.868,23.56,0.855,1.046,22.37,,,,,,,,,,,,,,,,,,
EQ-0125,2025-06-18 00:00:00,避雷器,张江110kV变电站,0.533,0.699,30.99,0.653,0.846,29.46,,,,,,,,,,,,,,,,,,
EQ-0316,2025-06-18 00:00:00,断路器,江夏35kV变电站,0.682,0.871,27.79,0.87,1.025,17.78,,,,,,,8622.667,8153.0,-5.45,,,,,,,0.484,0.498,2.82
EQ-0054,2025-06-18 00:00:00,隔离开关,松山湖220kV变电站,0.559,0.753,34.71,0.718,0.926,28.89,,,,,,,,,,,,,,,,,,
EQ-0242,2025-06-18 00:00:00,断路器,通州35kV变电站,0.708,0.89,25.74,0.889,1.038,16.68,,,,,,,8045.0,8997.667,11.84,,,,,,,0.503,0.515,2.45
EQ-0010,2025-06-22 00:00:00,断路器,龙华220kV变电站,0.552,0.763,38.11,0.673,0.96,42.72,,,,,,,7296.333,7350.333,0.74,,,,,,,0.507,0.498,-1.77
EQ-0382,2025-07-15 00:00:00,隔离开关,重庆两江220kV变电站,0.76,0.732,-3.68,0.915,0.929,1.55,,,,,,,,,,,,,,,,,,
EQ-0274,2025-06-23 00:00:00,避雷器,天津滨海220kV变电站,0.677,0.883,30.38,0.846,1.046,23.76,,,,,,,,,,,,,,,,,,
EQ-0087,2025-06-18 00:00:00,电力变压器,前海110kV变电站,0.601,0.804,33.85,0.764,0.977,27.85,69.7,83.5,19.8,88.333,104.233,18.0,11496.0,7742.667,-32.65,0.005,0.005,0.37,3.133,9.9,215.96,,,
EQ-0101,2025-06-18 00:00:00,避雷器,前海110kV变电站,0.505,0.677,34.04,0.63,0.855,35.69,,,,,,,,,,,,,,,,,,
EQ-0192,2025-06-18 00:00:00,隔离开关,杭州滨江110kV变电站,0.671,0.871,29.8,0.854,1.049,22.78,,,,,,,,,,,,,,,,,,
EQ-0206,2025-06-18 00:00:00,断路器,昆山35kV变电站,0.648,0.822,26.79,0.852,1.04,21.99,,,,,,,6934.333,5976.0,-13.82,,,,,,,0.481,0.459,-4.64
EQ-0423,2025-06-19 00:00:00,避雷器,沈阳浑南110kV变电站,0.541,0.749,38.46,0.689,0.916,32.95,,,,,,,,,,,,,,,,,,
EQ-0019,2025-06-19 00:00:00,隔离开关,龙华220kV变电站,0.696,0.848,21.95,0.873,1.025,17.38,,,,,,,,,,,,,,,,,,
EQ-0414,2025-07-18 00:00:00,断路器,沈阳浑南110kV变电站,0.675,0.664,-1.6,0.856,0.819,-4.41,,,,,,,8328.0,8017.667,-3.73,,,,,,,0.474,0.463,-2.39
EQ-0127,2025-06-12 00:00:00,GIS组合电器,张江110kV变电站,0.572,0.798,39.6,0.694,1.017,46.56,60.8,77.667,27.74,77.233,97.933,26.8,8273.333,8361.0,1.06,,,,9.667,9.867,2.07,0.466,0.487,4.58
EQ-0104,2025-06-19 00:00:00,避雷器,前海110kV变电站,0.507,0.688,35.66,0.63,0.833,32.32,,,,,,,,,,,,,,,,,,
EQ-0396,2025-06-19 00:00:00,电力变压器,成都高新35kV变电站,0.558,0.727,30.35,0.693,0.906,30.76,66.033,76.633,16.05,83.867,96.367,14.9,8396.333,9319.667,11.0,0.005,0.004,-32.86,8.7,9.767,12.26,,,
EQ-0383,2025-06-25 00:00:00,电容器组,重庆两江220kV变电站,0.498,0.685,37.46,0.656,0.855,30.49,,,,,,,,,,0.005,0.004,-25.05,,,,,,
EQ-0268,2025-06-19 00:00:00,隔离开关,天津滨海220kV变电站,0.624,0.856,37.11,0.791,1.066,34.78,,,,,,,,,,,,,,,,,,
EQ-0216,2025-06-19 00:00:00,电力变压器,亦庄110kV变电站,0.689,0.871,26.41,0.899,1.014,12.79,62.667,76.333,21.81,79.933,98.4,23.1,8808.0,9807.667,11.35,0.004,0.005,2.25,8.467,8.7,2.76,,,
EQ-0218,2025-06-19 00:00:00,断路器,亦庄110kV变电站,0.629,0.827,31.35,0.792,1.018,28.58,,,,,,,10355.667,9275.0,-10.44,,,,,,,0.524,0.479,-8.71
EQ-0055,2025-06-19 00:00:00,隔离开关,松山湖220kV变电站,0.561,0.715,27.41,0.699,0.933,33.62,,,,,,,,,,,,,,,,,,
EQ-0092,2025-06-19 00:00:00,断路器,前海110kV变电站,0.531,0.764,43.87,0.642,0.957,48.99,,,,,,,9799.0,10187.0,3.96,,,,,,,0.456,0.507,11.03
EQ-0120,2025-07-11 00:00:00,隔离开关,张江110kV变电站,0.631,0.614,-2.68,0.8,0.728,-8.96,,,,,,,,,,,,,,,,,,
EQ-0160,2025-06-16 00:00:00,断路器,苏州工业园220kV变电站,0.469,0.717,52.81,0.58,0.896,54.5,,,,,,,7427.667,7695.667,3.61,,,,,,,0.468,0.482,3.06
EQ-0148,2025-06-19 00:00:00,电力变压器,苏州工业园220kV变电站,0.587,0.812,38.52,0.743,0.978,31.53,66.867,78.633,17.6,81.967,99.867,21.84,7639.333,8581.333,12.33,0.005,0.005,6.56,9.667,14.1,45.86,,,
EQ-0251,2025-06-19 00:00:00,避雷器,通州35kV变电站,0.586,0.768,30.98,0.743,0.928,24.91,,,,,,,,,,,,,,,,,,
EQ-0360,2025-07-19 00:00:00,避雷器,武侯110kV变电站,0.782,0.739,-5.49,0.939,0.911,-3.0,,,,,,,,,,,,,,,,,,
EQ-0117,2025-06-20 00:00:00,隔离开关,张江110kV变电站,0.636,0.853,34.18,0.787,1.071,36.14,,,,,,,,,,,,,,,,,,
EQ-0336,2025-06-20 00:00:00,隔离开关,长沙星沙110kV变电站,0.699,0.904,29.33,0.887,1.05,18.35,,,,,,,,,,,,,,,,,,
EQ-0377,2025-07-14 00:00:00,隔离开关,重庆两江220kV变电站,0.677,0.685,1.13,0.881,0.844,-4.19,,,,,,,,,,,,,,,,,,
EQ-0351,2025-06-20 00:00:00,断路器,武侯110kV变电站,0.52,0.711,36.68,0.627,0.879,40.19,,,,,,,7959.333,7378.667,-7.3,,,,,,,0.498,0.497,-0.27
EQ-0063,2025-06-20 00:00:00,避雷器,松山湖220kV变电站,0.539,0.734,36.23,0.696,0.889,27.72,,,,,,,,,,,,,,,,,,
EQ-0367,2025-06-20 00:00:00,电力变压器,重庆两江220kV变电站,0.554,0.748,35.02,0.688,0.923,34.05,65.533,77.033,17.55,79.367,96.533,21.63,9206.667,10561.333,14.71,0.005,0.005,-0.88,4.233,11.033,160.63,,,
EQ-0045,2025-06-20 00:00:00,断路器,松山湖220kV变电站,0.584,0.743,27.15,0.736,0.963,30.99,,,,,,,9020.667,8712.0,-3.42,,,,,,,0.473,0.522,10.44
EQ-0230,2025-06-20 00:00:00,电容器组,亦庄110kV变电站,0.673,0.877,30.37,0.848,1.062,25.26,,,,,,,,,,0.004,0.005,26.42,,,,,,
EQ-0002,2025-06-20 00:00:00,电力变压器,龙华220kV变电站,0.513,0.707,37.83,0.603,0.866,43.61,64.967,77.933,19.96,80.133,97.3,21.42,9104.0,8824.0,-3.08,0.004,0.004,-2.64,7.1,9.933,39.91,,,
EQ-0061,2025-06-20 00:00:00,避雷器,松山湖220kV变电站,0.545,0.707,29.74,0.691,0.903,30.59,,,,,,,,,,,,,,,,,,
EQ-0198,2025-06-28 00:00:00,避雷器,杭州滨江110kV变电站,0.599,0.88,46.83,0.75,1.018,35.66,,,,,,,,,,,,,,,,,,
EQ-0346,2025-06-20 00:00:00,电力变压器,武侯110kV变电站,0.549,0.731,33.23,0.657,0.919,39.78,61.8,75.2,21.68,78.767,93.133,18.24,10106.667,8096.333,-19.89,0.005,0.004,-8.85,7.1,11.067,55.87,,,
EQ-0379,2025-07-07 00:00:00,隔离开关,重庆两江220kV变电站,0.66,0.626,-5.17,0.824,0.757,-8.23,,,,,,,,,,,,,,,,,,
EQ-0391,2025-07-15 00:00:00,避雷器,重庆两江220kV变电站,0.618,0.593,-3.99,0.73,0.72,-1.37,,,,,,,,,,,,,,,,,,
EQ-0252,2025-06-21 00:00:00,电力变压器,天津滨海220kV变电站,0.5,0.669,33.72,0.654,0.817,25.07,58.633,73.133,24.73,73.533,89.7,21.99,7860.0,9891.667,25.85,0.003,0.004,23.43,12.3,10.2,-17.07,,,
EQ-0083,2025-06-21 00:00:00,避雷器,南沙110kV变电站,0.659,0.903,37.11,0.855,1.026,19.95,,,,,,,,,,,,,,,,,,
EQ-0285,2025-06-21 00:00:00,断路器,石家庄高新35kV变电站,0.637,0.859,34.89,0.794,1.043,31.36,,,,,,,6686.667,8771.667,31.18,,,,,,,0.509,0.508,-0.13
EQ-0308,2025-06-21 00:00:00,电容器组,武昌110kV变电站,0.595,0.804,35.04,0.749,1.023,36.6,,,,,,,,,,0.005,0.005,6.22,,,,,,
EQ-0271,2025-06-21 00:00:00,电容器组,天津滨海220kV变电站,0.533,0.737,38.29,0.669,0.93,38.97,,,,,,,,,,0.004,0.004,-2.63,,,,,,
EQ-0239,2025-06-21 00:00:00,电力变压器,通州35kV变电站,0.503,0.713,41.83,0.624,0.901,44.27,59.733,69.733,16.74,75.767,89.433,18.04,8593.0,8828.667,2.74,0.004,0.005,26.88,10.033,10.733,6.98,,,
EQ-0194,2025-06-29 00:00:00,电容器组,杭州滨江110kV变电站,0.489,0.629,28.64,0.603,0.809,34.11,,,,,,,,,,0.005,0.004,-30.38,,,,,,
EQ-0184,2025-06-21 00:00:00,电力变压器,杭州滨江110kV变电站,0.682,0.885,29.67,0.811,1.046,29.01,67.2,81.767,21.68,84.333,101.867,20.79,8803.0,10443.333,18.63,0.004,0.003,-15.14,8.0,9.6,20.0,,,
EQ-0167,2025-06-28 00:00:00,隔离开关,苏州工业园220kV变电站,0.676,0.844,24.81,0.844,1.039,23.14,,,,,,,,,,,,,,,,,,
EQ-0105,2025-06-21 00:00:00,GIS组合电器,前海110kV变电站,0.636,0.744,17.07,0.811,0.951,17.29,72.2,79.1,9.56,89.133,97.4,9.27,9588.0,8608.667,-10.21,,,,5.167,8.8,70.32,0.499,0.481,-3.61
EQ-0294,2025-06-21 00:00:00,避雷器,石家庄高新35kV变电站,0.665,0.921,38.63,0.846,1.061,25.47,,,,,,,,,,,,,,,,,,
EQ-0388,2025-06-22 00:00:00,避雷器,重庆两江220kV变电站,0.642,0.813,26.7,0.795,1.01,27.01,,,,,,,,,,,,,,,,,,
EQ-0068,2025-06-22 00:00:00,电力变压器,南沙110kV变电站,0.494,0.637,28.9,0.586,0.788,34.49,65.5,75.367,15.06,81.8,93.167,13.9,10427.667,10149.333,-2.67,0.004,0.004,12.66,10.533,12.633,19.94,,,
EQ-0322,2025-06-22 00:00:00,电容器组,江夏35kV变电站,0.516,0.692,34.26,0.648,0.866,33.7,,,,,,,,,,0.004,0.005,42.16,,,,,,
EQ-0395,2025-06-22 00:00:00,电力变压器,成都高新35kV变电站,0.538,0.648,20.54,0.662,0.788,19.05,61.2,73.733,20.48,78.433,92.2,17.55,9989.333,8968.333,-10.22,0.005,0.005,3.75,3.267,8.867,171.43,,,
EQ-0235,2025-06-22 00:00:00,避雷器,亦庄110kV变电站,0.491,0.674,37.33,0.619,0.86,39.05,,,,,,,,,,,,,,,,,,
EQ-0229,2025-06-22 00:00:00,电容器组,亦庄110kV变电站,0.649,0.865,33.38,0.809,1.041,28.69,,,,,,,,,,0.005,0.005,-2.11,,,,,,
EQ-0262,2025-06-30 00:00:00,断路器,天津滨海220kV变电站,0.547,0.75,37.09,0.67,0.999,49.08,,,,,,,8545.333,9866.0,15.45,,,,,,,0.479,0.511,6.68
EQ-0225,2025-06-22 00:00:00,隔离开关,亦庄110kV变电站,0.538,0.736,36.83,0.691,0.894,29.45,,,,,,,,,,,,,,,,,,
EQ-0253,2025-06-22 00:00:00,电力变压器,天津滨海220kV变电站,0.497,0.648,30.49,0.633,0.823,30.09,56.967,64.967,14.04,71.5,84.833,18.65,10123.0,8684.667,-14.21,0.005,0.004,-30.96,5.967,9.733,63.13,,,
EQ-0340,2025-06-22 00:00:00,电容器组,长沙星沙110kV变电站,0.675,0.799,18.37,0.819,1.009,23.09,,,,,,,,,,0.004,0.004,17.41,,,,,,
EQ-0430,2025-06-22 00:00:00,断路器,大连开发区35kV变电站,0.607,0.802,32.18,0.772,0.998,29.39,,,,,,,8443.333,7110.0,-15.79,,,,,,,0.494,0.466,-5.8
EQ-0036,2025-06-22 00:00:00,GIS组合电器,龙华220kV变电站,0.608,0.777,27.9,0.784,0.982,25.19,71.0,83.767,17.98,87.6,103.033,17.62,8180.333,7430.333,-9.17,,,,11.667,9.033,-22.57,0.478,0.477,-0.28
EQ-0412,2025-06-22 00:00:00,断路器,沈阳浑南110kV变电站,0.609,0.773,26.94,0.783,0.94,20.06,,,,,,,8360.333,8919.667,6.69,,,,,,,0.486,0.509,4.87
EQ-0348,2025-06-22 00:00:00,电力变压器,武侯110kV变电站,0.529,0.649,22.67,0.659,0.819,24.26,66.5,74.533,12.08,82.067,93.933,14.46,9853.0,9468.667,-3.9,0.004,0.004,-8.86,8.867,13.867,56.39,,,
EQ-0027,2025-06-22 00:00:00,避雷器,龙华220kV变电站,0.609,0.828,35.91,0.724,1.029,42.09,,,,,,,,,,,,,,,,,,
EQ-0175,2025-06-22 00:00:00,避雷器,苏州工业园220kV变电站,0.504,0.647,28.45,0.643,0.809,25.69,,,,,,,,,,,,,,,,,,
EQ-0011,2025-06-22 00:00:00,断路器,龙华220kV变电站,0.493,0.672,36.43,0.626,0.838,33.91,,,,,,,9178.0,10357.333,12.85,,,,,,,0.468,0.486,3.92
EQ-0009,2025-06-22 00:00:00,断路器,龙华220kV变电站,0.543,0.722,33.13,0.67,0.908,35.62,,,,,,,7695.667,6737.0,-12.46,,,,,,,0.471,0.448,-4.75
EQ-0126,2025-06-23 00:00:00,避雷器,张江110kV变电站,0.625,0.817,30.59,0.771,0.962,24.72,,,,,,,,,,,,,,,,,,
EQ-0065,2025-07-01 00:00:00,GIS组合电器,松山湖220kV变电站,0.569,0.671,17.96,0.738,0.848,14.9,69.233,72.967,5.39,84.567,91.133,7.77,9175.667,8743.333,-4.71,,,,5.033,8.8,74.83,0.515,0.477,-7.5
EQ-0315,2025-06-23 00:00:00,电力变压器,江夏35kV变电站,0.673,0.869,29.14,0.881,0.986,11.94,64.9,78.833,21.47,82.6,100.733,21.95,7760.333,7191.333,-7.33,0.005,0.006,16.22,11.2,11.7,4.46,,,
EQ-0118,2025-06-23 00:00:00,隔离开关,张江110kV变电站,0.679,0.904,33.13,0.822,1.04,26.41,,,,,,,,,,,,,,,,,,
EQ-0287,2025-07-09 00:00:00,隔离开关,石家庄高新35kV变电站,0.608,0.602,-1.01,0.749,0.738,-1.44,,,,,,,,,,,,,,,,,,
EQ-0164,2025-07-01 00:00:00,隔离开关,苏州工业园220kV变电站,0.592,0.721,21.81,0.742,0.893,20.24,,,,,,,,,,,,,,,,,,
EQ-0007,2025-06-23 00:00:00,断路器,龙华220kV变电站,0.529,0.705,33.34,0.658,0.894,35.83,,,,,,,8149.0,8629.333,5.89,,,,,,,0.502,0.498,-0.8
EQ-0292,2025-07-11 00:00:00,避雷器,石家庄高新35kV变电站,0.643,0.638,-0.71,0.843,0.796,-5.51,,,,,,,,,,,,,,,,,,
EQ-0086,2025-06-23 00:00:00,GIS组合电器,南沙110kV变电站,0.599,0.812,35.41,0.739,0.974,31.75,67.9,85.7,26.22,86.367,107.3,24.24,8259.333,9423.667,14.1,,,,11.8,8.8,-25.42,0.48,0.487,1.39
EQ-0110,2025-06-23 00:00:00,断路器,张江110kV变电站,0.539,0.707,31.26,0.695,0.937,34.83,,,,,,,9441.333,7959.333,-15.7,,,,,,,0.48,0.477,-0.62
EQ-0108,2025-06-23 00:00:00,电力变压器,张江110kV变电站,0.669,0.924,38.19,0.877,1.031,17.54,65.567,87.9,34.06,83.8,110.733,32.14,9024.667,8253.0,-8.55,0.005,0.005,18.51,8.867,9.6,8.27,,,
EQ-0182,2025-06-23 00:00:00,电力变压器,杭州滨江110kV变电站,0.581,0.75,29.01,0.74,0.897,21.34,64.933,75.733,16.63,81.333,95.633,17.58,8966.333,9005.333,0.43,0.005,0.004,-25.48,10.8,10.6,-1.85,,,
EQ-0128,2025-06-23 00:00:00,GIS组合电器,张江110kV变电站,0.629,0.754,19.81,0.755,0.942,24.8,71.233,74.433,4.49,87.867,92.433,5.2,7187.333,8278.0,15.17,,,,7.733,13.433,73.71,0.461,0.501,8.76
EQ-0188,2025-07-12 00:00:00,断路器,杭州滨江110kV变电站,0.78,0.817,4.71,0.942,0.96,1.97,,,,,,,7571.667,7735.333,2.16,,,,,,,0.483,0.5,3.52
EQ-0057,2025-06-24 00:00:00,电容器组,松山湖220kV变电站,0.643,0.871,35.32,0.829,1.036,24.97,,,,,,,,,,0.004,0.004,-0.24,,,,,,
EQ-0180,2025-06-22 00:00:00,GIS组合电器,苏州工业园220kV变电站,0.479,0.654,36.71,0.591,0.839,41.91,62.4,73.867,18.38,77.767,91.233,17.32,8424.333,7934.0,-5.82,,,,11.467,8.467,-26.16,0.497,0.47,-5.5
EQ-0152,2025-07-23 00:00:00,电力变压器,苏州工业园220kV变电站,0.747,0.761,1.79,0.904,0.924,2.11,74.033,74.533,0.68,93.733,95.933,2.35,8674.667,8064.0,-7.04,0.005,0.005,8.85,8.1,9.8,20.99,,,
EQ-0378,2025-06-24 00:00:00,隔离开关,重庆两江220kV变电站,0.525,0.718,36.7,0.673,0.896,33.18,,,,,,,,,,,,,,,,,,
EQ-0246,2025-06-24 00:00:00,隔离开关,通州35kV变电站,0.673,0.897,33.31,0.861,1.052,22.16,,,,,,,,,,,,,,,,,,
EQ-0069,2025-06-24 00:00:00,电力变压器,南沙110kV变电站,0.615,0.864,40.51,0.792,1.021,28.98,71.567,83.9,17.23,88.4,103.533,17.12,8807.667,9133.333,3.7,0.004,0.005,17.26,14.633,5.833,-60.14,,,
EQ-0339,2025-06-23 00:00:00,电容器组,长沙星沙110kV变电站,0.62,0.798,28.74,0.777,0.984,26.68,,,,,,,,,,0.003,0.004,31.46,,,,,,
EQ-0047,2025-06-24 00:00:00,断路器,松山湖220kV变电站,0.585,0.785,34.25,0.73,1.027,40.66,,,,,,,9201.667,8642.0,-6.08,,,,,,,0.465,0.499,7.38
EQ-0431,2025-06-24 16:58:00,断路器,大连开发区35kV变电站,0.671,0.881,31.28,0.843,1.052,24.74,,,,,,,5815.667,8610.333,48.05,,,,,,,0.508,0.5,-1.64
EQ-0026,2025-06-25 00:00:00,电容器组,龙华220kV变电站,0.664,0.878,32.17,0.84,1.042,24.09,,,,,,,,,,0.005,0.004,-13.67,,,,,,
EQ-0073,2025-06-25 00:00:00,断路器,南沙110kV变电站,0.55,0.748,35.94,0.711,0.911,28.08,,,,,,,8778.0,10181.333,15.99,,,,,,,0.511,0.514,0.52
EQ-0432,2025-06-25 00:00:00,隔离开关,大连开发区35kV变电站,0.46,0.618,34.29,0.61,0.761,24.67,,,,,,,,,,,,,,,,,,
EQ-0433,2025-06-25 00:00:00,隔离开关,大连开发区35kV变电站,0.464,0.599,29.18,0.577,0.752,30.44,,,,,,,,,,,,,,,,,,
EQ-0187,2025-06-25 00:00:00,断路器,杭州滨江110kV变电站,0.669,0.871,30.21,0.833,1.031,23.75,,,,,,,9030.0,9323.0,3.24,,,,,,,0.479,0.487,1.6
EQ-0352,2025-06-25 00:00:00,断路器,武侯110kV变电站,0.636,0.846,32.97,0.796,1.019,28.06,,,,,,,10909.0,8271.333,-24.18,,,,,,,0.488,0.499,2.39
EQ-0173,2025-06-25 00:00:00,避雷器,苏州工业园220kV变电站,0.531,0.683,28.67,0.649,0.812,25.13,,,,,,,,,,,,,,,,,,
EQ-0163,2025-06-25 00:00:00,隔离开关,苏州工业园220kV变电站,0.502,0.648,29.15,0.654,0.808,23.67,,,,,,,,,,,,,,,,,,
EQ-0374,2025-06-25 00:00:00,断路器,重庆两江220kV变电站,0.668,0.87,30.28,0.804,1.024,27.39,,,,,,,7992.333,7400.667,-7.4,,,,,,,0.484,0.489,1.1
EQ-0156,2025-06-25 00:00:00,断路器,苏州工业园220kV变电站,0.511,0.619,21.22,0.653,0.755,15.7,,,,,,,9015.333,7877.333,-12.62,,,,,,,0.472,0.48,1.77
EQ-0392,2025-06-25 00:00:00,GIS组合电器,重庆两江220kV变电站,0.486,0.676,39.06,0.598,0.858,43.57,63.867,71.433,11.85,78.967,88.633,12.24,8543.667,10588.0,23.93,,,,14.467,8.767,-39.4,0.486,0.507,4.39
EQ-0056,2025-07-04 00:00:00,隔离开关,松山湖220kV变电站,0.61,0.637,4.46,0.743,0.757,1.88,,,,,,,,,,,,,,,,,,
EQ-0159,2025-06-25 00:00:00,断路器,苏州工业园220kV变电站,0.652,0.821,26.05,0.798,0.979,22.65,,,,,,,9274.0,7991.333,-13.83,,,,,,,0.495,0.495,0.07
EQ-0439,2025-07-09 00:00:00,避雷器,大连开发区35kV变电站,0.653,0.647,-0.96,0.825,0.821,-0.47,,,,,,,,,,,,,,,,,,
EQ-0303,2025-06-25 00:00:00,隔离开关,武昌110kV变电站,0.552,0.772,39.76,0.679,0.959,41.33,,,,,,,,,,,,,,,,,,
EQ-0079,2025-06-25 00:00:00,隔离开关,南沙110kV变电站,0.59,0.724,22.57,0.767,0.886,15.48,,,,,,,,,,,,,,,,,,
EQ-0310,2025-06-25 00:00:00,避雷器,武昌110kV变电站,0.475,0.633,33.39,0.606,0.8,32.01,,,,,,,,,,,,,,,,,,
EQ-0066,2025-06-26 00:00:00,GIS组合电器,松山湖220kV变电站,0.463,0.661,42.65,0.599,0.838,39.94,63.8,79.8,25.08,76.0,95.967,26.27,9422.667,9031.333,-4.15,,,,7.2,8.367,16.2,0.479,0.483,0.97
EQ-0258,2025-07-20 00:00:00,断路器,天津滨海220kV变电站,0.641,0.636,-0.75,0.785,0.812,3.43,,,,,,,8762.0,9736.333,11.12,,,,,,,0.457,0.521,14.16
EQ-0205,2025-06-26 00:00:00,断路器,昆山35kV变电站,0.546,0.68,24.53,0.692,0.881,27.22,,,,,,,9043.667,7324.0,-19.02,,,,,,,0.483,0.472,-2.21
EQ-0354,2025-07-17 00:00:00,隔离开关,武侯110kV变电站,0.632,0.626,-0.96,0.762,0.773,1.37,,,,,,,,,,,,,,,,,,
EQ-0154,2025-06-26 00:00:00,断路器,苏州工业园220kV变电站,0.576,0.766,32.93,0.699,0.912,30.5,,,,,,,7803.667,9358.333,19.92,,,,,,,0.468,0.493,5.49
EQ-0017,2025-06-26 00:00:00,隔离开关,龙华220kV变电站,0.664,0.851,28.17,0.806,1.016,26.07,,,,,,,,,,,,,,,,,,
EQ-0171,2025-06-26 00:00:00,电容器组,苏州工业园220kV变电站,0.535,0.729,36.34,0.695,0.902,29.77,,,,,,,,,,0.005,0.005,11.52,,,,,,
EQ-0420,2025-06-26 00:00:00,电容器组,沈阳浑南110kV变电站,0.595,0.816,37.08,0.759,1.015,33.82,,,,,,,,,,0.004,0.005,13.32,,,,,,
EQ-0237,2025-06-26 00:00:00,GIS组合电器,亦庄110kV变电站,0.594,0.828,39.46,0.757,0.969,28.01,64.667,75.833,17.27,81.333,97.6,20.0,7673.0,8600.667,12.09,,,,16.5,7.433,-54.95,0.481,0.496,3.05
EQ-0016,2025-06-20 00:00:00,隔离开关,龙华220kV变电站,0.666,0.908,36.33,0.844,1.05,24.37,,,,,,,,,,,,,,,,,,
EQ-0331,2025-06-21 00:00:00,断路器,长沙星沙110kV变电站,0.518,0.715,37.91,0.648,0.903,39.36,,,,,,,8865.667,9391.0,5.93,,,,,,,0.514,0.472,-8.24
EQ-0170,2025-06-27 00:00:00,电容器组,苏州工业园220kV变电站,0.523,0.664,26.98,0.633,0.852,34.66,,,,,,,,,,0.005,0.004,-6.51,,,,,,
EQ-0209,2025-06-27 00:00:00,隔离开关,昆山35kV变电站,0.561,0.767,36.76,0.694,0.959,38.21,,,,,,,,,,,,,,,,,,
EQ-0295,2025-07-20 00:00:00,电力变压器,武昌110kV变电站,0.747,0.716,-4.11,0.921,0.911,-1.07,71.433,73.367,2.71,93.333,90.767,-2.75,8915.0,7201.667,-19.22,0.005,0.005,-14.68,9.5,11.0,15.79,,,
EQ-0166,2025-06-27 00:00:00,隔离开关,苏州工业园220kV变电站,0.499,0.699,40.02,0.608,0.877,44.23,,,,,,,,,,,,,,,,,,
EQ-0143,2025-07-26 00:00:00,避雷器,临港110kV变电站,0.781,0.768,-1.66,0.936,0.919,-1.79,,,,,,,,,,,,,,,,,,
EQ-0094,2025-06-27 00:00:00,断路器,前海110kV变电站,0.517,0.673,30.29,0.649,0.826,27.39,,,,,,,9675.0,7375.0,-23.77,,,,,,,0.483,0.487,0.76
EQ-0181,2025-06-27 00:00:00,GIS组合电器,苏州工业园220kV变电站,0.608,0.778,27.92,0.797,0.946,18.75,63.867,81.3,27.3,80.433,101.4,26.07,7389.0,9311.0,26.01,,,,5.6,11.633,107.74,0.499,0.509,2.01
EQ-0082,2025-07-27 00:00:00,避雷器,南沙110kV变电站,0.791,0.78,-1.35,0.951,0.898,-5.53,,,,,,,,,,,,,,,,,,
EQ-0140,2025-06-22 00:00:00,隔离开关,临港110kV变电站,0.522,0.674,29.06,0.662,0.859,29.75,,,,,,,,,,,,,,,,,,
EQ-0035,2025-06-27 00:00:00,GIS组合电器,龙华220kV变电站,0.619,0.815,31.65,0.754,1.007,33.5,71.467,81.533,14.09,89.667,101.133,12.79,9501.333,7947.667,-16.35,,,,11.967,6.167,-48.47,0.465,0.525,12.75
EQ-0296,2025-06-27 00:00:00,电力变压器,武昌110kV变电站,0.596,0.83,39.28,0.759,1.023,34.78,65.0,74.267,14.26,81.967,94.667,15.49,8949.667,7477.0,-16.45,0.005,0.004,-14.07,5.733,4.567,-20.35,,,
EQ-0263,2025-07-23 00:00:00,断路器,天津滨海220kV变电站,0.767,0.757,-1.35,0.962,0.895,-6.94,,,,,,,7006.0,8545.0,21.97,,,,,,,0.458,0.471,2.99
EQ-0062,2025-06-27 00:00:00,避雷器,松山湖220kV变电站,0.533,0.694,30.23,0.663,0.871,31.25,,,,,,,,,,,,,,,,,,
EQ-0023,2025-06-27 00:00:00,隔离开关,龙华220kV变电站,0.666,0.797,19.8,0.814,0.967,18.81,,,,,,,,,,,,,,,,,,
EQ-0046,2025-06-27 00:00:00,断路器,松山湖220kV变电站,0.642,0.868,35.17,0.84,1.015,20.77,,,,,,,9571.333,9710.667,1.46,,,,,,,0.47,0.497,5.6
EQ-0014,2025-07-20 00:00:00,断路器,龙华220kV变电站,0.685,0.645,-5.89,0.873,0.798,-8.6,,,,,,,8525.667,10571.667,24.0,,,,,,,0.485,0.479,-1.1
EQ-0077,2025-07-08 00:00:00,隔离开关,南沙110kV变电站,0.703,0.685,-2.58,0.859,0.822,-4.35,,,,,,,,,,,,,,,,,,
EQ-0247,2025-06-27 00:00:00,电容器组,通州35kV变电站,0.576,0.821,42.49,0.713,1.044,46.48,,,,,,,,,,0.005,0.004,-13.92,,,,,,
EQ-0404,2025-06-27 00:00:00,电容器组,成都高新35kV变电站,0.648,0.81,24.96,0.816,1.023,25.31,,,,,,,,,,0.004,0.005,24.33,,,,,,
EQ-0275,2025-06-28 00:00:00,避雷器,天津滨海220kV变电站,0.695,0.861,23.8,0.914,1.04,13.77,,,,,,,,,,,,,,,,,,
EQ-0334,2025-06-28 00:00:00,断路器,长沙星沙110kV变电站,0.538,0.719,33.72,0.688,0.898,30.62,,,,,,,9190.0,8920.333,-2.93,,,,,,,0.485,0.479,-1.24
EQ-0034,2025-06-28 00:00:00,避雷器,龙华220kV变电站,0.593,0.766,29.21,0.739,0.981,32.8,,,,,,,,,,,,,,,,,,
EQ-0357,2025-06-28 00:00:00,隔离开关,武侯110kV变电站,0.609,0.809,32.82,0.778,1.026,31.95,,,,,,,,,,,,,,,,,,
EQ-0186,2025-06-28 00:00:00,断路器,杭州滨江110kV变电站,0.71,0.903,27.22,0.848,1.06,24.93,,,,,,,8714.333,8165.667,-6.3,,,,,,,0.46,0.506,10.07
EQ-0321,2025-06-28 00:00:00,隔离开关,江夏35kV变电站,0.52,0.711,36.61,0.677,0.889,31.25,,,,,,,,,,,,,,,,,,
EQ-0359,2025-06-28 00:00:00,电容器组,武侯110kV变电站,0.518,0.724,39.83,0.648,0.882,36.03,,,,,,,,,,0.004,0.005,13.8,,,,,,
EQ-0278,2025-06-28 00:00:00,避雷器,天津滨海220kV变电站,0.487,0.665,36.42,0.61,0.823,34.86,,,,,,,,,,,,,,,,,,
EQ-0236,2025-06-28 00:00:00,GIS组合电器,亦庄110kV变电站,0.618,0.855,38.33,0.737,1.011,37.19,62.267,73.133,17.45,79.733,93.067,16.72,7842.0,8106.667,3.37,,,,11.7,9.667,-17.38,0.475,0.461,-2.95
EQ-0112,2025-07-28 00:00:00,断路器,张江110kV变电站,0.653,0.667,2.03,0.798,0.815,2.12,,,,,,,7652.0,9561.333,24.95,,,,,,,0.495,0.471,-4.78
EQ-0204,2025-06-28 00:00:00,断路器,昆山35kV变电站,0.513,0.708,38.11,0.669,0.849,27.0,,,,,,,8201.0,7655.667,-6.65,,,,,,,0.509,0.46,-9.56
EQ-0410,2025-07-23 00:00:00,电力变压器,沈阳浑南110kV变电站,0.654,0.628,-4.08,0.806,0.77,-4.52,64.867,59.0,-9.04,81.5,75.8,-6.99,7301.0,7813.0,7.01,0.004,0.004,-10.94,8.133,10.0,22.95,,,
EQ-0394,2025-06-28 00:00:00,GIS组合电器,重庆两江220kV变电站,0.669,0.876,30.99,0.821,1.065,29.74,66.167,82.633,24.89,85.2,102.067,19.8,10481.333,7801.0,-25.57,,,,5.1,7.867,54.25,0.486,0.477,-1.85
EQ-0332,2025-06-28 00:00:00,断路器,长沙星沙110kV变电站,0.497,0.635,27.77,0.613,0.788,28.66,,,,,,,9189.667,9313.667,1.35,,,,,,,0.466,0.5,7.22
EQ-0231,2025-07-09 00:00:00,避雷器,亦庄110kV变电站,0.64,0.63,-1.57,0.83,0.779,-6.14,,,,,,,,,,,,,,,,,,
EQ-0114,2025-06-28 00:00:00,断路器,张江110kV变电站,0.691,0.902,30.55,0.854,1.05,22.98,,,,,,,8408.333,9348.0,11.18,,,,,,,0.481,0.507,5.34
EQ-0008,2025-06-28 00:00:00,断路器,龙华220kV变电站,0.525,0.677,29.01,0.63,0.851,35.05,,,,,,,7075.0,8101.333,14.51,,,,,,,0.473,0.479,1.27
EQ-0115,2025-06-28 00:00:00,断路器,张江110kV变电站,0.564,0.731,29.66,0.749,0.952,27.17,,,,,,,9100.667,7423.0,-18.43,,,,,,,0.486,0.467,-3.98
EQ-0039,2025-06-28 00:00:00,电力变压器,松山湖220kV变电站,0.673,0.836,24.22,0.822,1.03,25.29,68.7,82.833,20.57,85.933,103.4,20.33,10046.333,8898.0,-11.43,0.005,0.003,-44.08,15.567,8.567,-44.97,,,
EQ-0408,2025-06-29 00:00:00,电力变压器,沈阳浑南110kV变电站,0.652,0.832,27.7,0.794,1.008,26.88,58.267,73.167,25.57,76.7,93.367,21.73,8598.667,7174.667,-16.56,0.006,0.004,-36.34,11.733,10.5,-10.51,,,
EQ-0290,2025-06-29 00:00:00,电容器组,石家庄高新35kV变电站,0.642,0.79,23.11,0.804,0.939,16.82,,,,,,,,,,0.004,0.004,-6.02,,,,,,
EQ-0393,2025-06-29 00:00:00,GIS组合电器,重庆两江220kV变电站,0.652,0.841,29.05,0.779,1.007,29.32,64.533,81.367,26.08,80.533,102.633,27.44,8701.0,7451.333,-14.36,,,,14.067,9.8,-30.33,0.461,0.468,1.59
EQ-0031,2025-06-29 00:00:00,避雷器,龙华220kV变电站,0.636,0.882,38.54,0.792,1.026,29.48,,,,,,,,,,,,,,,,,,
EQ-0020,2025-07-04 00:00:00,隔离开关,龙华220kV变电站,0.631,0.6,-5.03,0.777,0.764,-1.67,,,,,,,,,,,,,,,,,,
EQ-0149,2025-06-29 00:00:00,电力变压器,苏州工业园220kV变电站,0.508,0.636,25.16,0.647,0.822,27.12,62.467,75.3,20.54,77.2,92.5,19.82,6014.333,8760.333,45.66,0.004,0.004,4.77,11.7,13.333,13.96,,,
EQ-0411,2025-06-29 00:00:00,断路器,沈阳浑南110kV变电站,0.668,0.877,31.26,0.84,1.029,22.4,,,,,,,8143.667,7883.667,-3.19,,,,,,,0.513,0.495,-3.57
EQ-0132,2025-06-29 00:00:00,断路器,临港110kV变电站,0.663,0.858,29.46,0.811,1.048,29.17,,,,,,,9529.333,8764.333,-8.03,,,,,,,0.515,0.493,-4.34
EQ-0356,2025-06-29 00:00:00,隔离开关,武侯110kV变电站,0.522,0.703,34.66,0.656,0.884,34.83,,,,,,,,,,,,,,,,,,
EQ-0297,2025-07-17 00:00:00,电力变压器,武昌110kV变电站,0.577,0.574,-0.53,0.721,0.712,-1.29,66.967,62.933,-6.02,84.1,79.9,-4.99,9566.667,10238.667,7.02,0.004,0.004,-9.37,6.333,7.633,20.53,,,
EQ-0375,2025-07-15 00:00:00,断路器,重庆两江220kV变电站,0.772,0.748,-3.04,0.916,0.95,3.78,,,,,,,7773.667,7471.0,-3.89,,,,,,,0.502,0.51,1.73
EQ-0437,2025-06-29 00:00:00,避雷器,大连开发区35kV变电站,0.494,0.694,40.58,0.614,0.847,37.98,,,,,,,,,,,,,,,,,,
EQ-0260,2025-06-29 00:00:00,断路器,天津滨海220kV变电站,0.669,0.878,31.24,0.831,1.037,24.89,,,,,,,9635.667,8982.333,-6.78,,,,,,,0.476,0.468,-1.75
EQ-0210,2025-06-29 00:00:00,电容器组,昆山35kV变电站,0.649,0.887,36.66,0.827,1.037,25.46,,,,,,,,,,0.005,0.005,4.47,,,,,,
EQ-0418,2025-06-29 00:00:00,隔离开关,沈阳浑南110kV变电站,0.642,0.87,35.49,0.757,1.031,36.08,,,,,,,,,,,,,,,,,,
EQ-0025,2025-06-29 00:00:00,电容器组,龙华220kV变电站,0.657,0.89,35.51,0.834,1.066,27.75,,,,,,,,,,0.005,0.005,3.7,,,,,,
EQ-0040,2025-07-28 00:00:00,电力变压器,松山湖220kV变电站,0.778,0.766,-1.53,0.957,0.92,-3.85,81.567,79.9,-2.04,100.267,97.933,-2.33,8316.0,7870.333,-5.36,0.004,0.004,-12.96,11.133,11.7,5.09,,,
EQ-0197,2025-06-29 00:00:00,避雷器,杭州滨江110kV变电站,0.541,0.663,22.63,0.665,0.842,26.74,,,,,,,,,,,,,,,,,,
EQ-0191,2025-06-30 00:00:00,隔离开关,杭州滨江110kV变电站,0.622,0.841,35.23,0.731,1.056,44.34,,,,,,,,,,,,,,,,,,
EQ-0217,2025-06-30 00:00:00,电力变压器,亦庄110kV变电站,0.625,0.851,36.07,0.798,1.049,31.51,62.867,75.367,19.88,80.0,96.733,20.92,7947.0,8782.333,10.51,0.006,0.005,-8.65,9.5,12.567,32.28,,,
EQ-0215,2025-06-30 00:00:00,电力变压器,亦庄110kV变电站,0.565,0.772,36.68,0.716,0.952,32.9,60.233,73.967,22.8,78.5,94.5,20.38,9323.0,8635.333,-7.38,0.004,0.004,-5.81,15.833,14.5,-8.42,,,
EQ-0389,2025-06-30 00:00:00,避雷器,重庆两江220kV变电站,0.541,0.717,32.51,0.68,0.864,27.17,,,,,,,,,,,,,,,,,,
EQ-0203,2025-06-30 00:00:00,断路器,昆山35kV变电站,0.54,0.711,31.72,0.66,0.895,35.68,,,,,,,8179.333,7571.667,-7.43,,,,,,,0.509,0.469,-7.98
EQ-0344,2025-06-30 00:00:00,避雷器,长沙星沙110kV变电站,0.662,0.856,29.48,0.8,1.053,31.65,,,,,,,,,,,,,,,,,,
EQ-0320,2025-06-30 00:00:00,隔离开关,江夏35kV变电站,0.512,0.67,30.85,0.63,0.863,36.98,,,,,,,,,,,,,,,,,,
EQ-0106,2025-06-30 00:00:00,GIS组合电器,前海110kV变电站,0.545,0.793,45.45,0.7,0.937,33.79,66.4,80.867,21.79,82.067,100.1,21.97,8363.667,9747.667,16.55,,,,7.467,8.067,8.04,0.489,0.482,-1.36
EQ-0319,2025-06-29 00:00:00,隔离开关,江夏35kV变电站,0.527,0.673,27.7,0.636,0.865,35.99,,,,,,,,,,,,,,,,,,
EQ-0318,2025-07-07 00:00:00,断路器,江夏35kV变电站,0.591,0.597,1.09,0.74,0.724,-2.17,,,,,,,9243.0,9566.667,3.5,,,,,,,0.501,0.476,-5.05
EQ-0099,2025-06-30 00:00:00,电容器组,前海110kV变电站,0.603,0.828,37.19,0.756,0.986,30.4,,,,,,,,,,0.005,0.003,-31.07,,,,,,
EQ-0060,2025-06-30 00:00:00,避雷器,松山湖220kV变电站,0.548,0.695,26.91,0.715,0.842,17.82,,,,,,,,,,,,,,,,,,
EQ-0224,2025-06-30 00:00:00,隔离开关,亦庄110kV变电站,0.572,0.804,40.56,0.736,0.987,34.17,,,,,,,,,,,,,,,,,,
EQ-0124,2025-07-02 00:00:00,避雷器,张江110kV变电站,0.808,0.761,-5.86,0.959,0.943,-1.64,,,,,,,,,,,,,,,,,,
EQ-0399,2025-07-04 00:00:00,断路器,成都高新35kV变电站,0.763,0.767,0.5,0.958,0.98,2.22,,,,,,,8556.0,10075.667,17.76,,,,,,,0.509,0.485,-4.65
EQ-0048,2025-07-07 00:00:00,断路器,松山湖220kV变电站,0.706,0.678,-3.99,0.873,0.842,-3.63,,,,,,,10017.667,9471.333,-5.45,,,,,,,0.476,0.468,-1.82
EQ-0117,2025-07-25 00:00:00,隔离开关,张江110kV变电站,0.739,0.762,3.18,0.926,0.937,1.19,,,,,,,,,,,,,,,,,,
EQ-0191,2025-07-08 00:00:00,隔离开关,杭州滨江110kV变电站,0.748,0.728,-2.7,0.877,0.923,5.22,,,,,,,,,,,,,,,,,,
EQ-0189,2025-07-16 00:00:00,断路器,杭州滨江110kV变电站,0.701,0.629,-10.26,0.886,0.777,-12.29,,,,,,,9255.333,8148.333,-11.96,,,,,,,0.517,0.473,-8.58
EQ-0325,2025-07-16 00:00:00,避雷器,江夏35kV变电站,0.567,0.579,2.12,0.72,0.727,0.97,,,,,,,,,,,,,,,,,,
EQ-0149,2025-07-17 00:00:00,电力变压器,苏州工业园220kV变电站,0.587,0.557,-5.23,0.741,0.713,-3.75,68.767,68.267,-0.73,84.667,85.2,0.63,6986.0,7701.333,10.24,0.003,0.005,51.13,13.3,9.533,-28.32,,,
EQ-0425,2025-07-25 00:00:00,避雷器,沈阳浑南110kV变电站,0.761,0.763,0.34,0.929,0.952,2.43,,,,,,,,,,,,,,,,,,
EQ-0211,2025-07-24 00:00:00,电容器组,昆山35kV变电站,0.621,0.626,0.72,0.774,0.737,-4.82,,,,,,,,,,0.004,0.004,-9.21,,,,,,
EQ-0427,2025-07-27 17:53:00,电力变压器,大连开发区35kV变电站,0.676,0.675,-0.15,0.812,0.871,7.27,63.8,62.667,-1.78,82.167,82.0,-0.2,7528.667,7830.667,4.01,0.005,0.003,-33.84,11.833,11.133,-5.92,,,
EQ-0002,2025-07-28 00:00:00,电力变压器,龙华220kV变电站,0.613,0.629,2.52,0.745,0.748,0.29,72.267,72.667,0.55,89.4,90.267,0.97,9298.333,7925.333,-14.77,0.004,0.004,11.69,10.033,8.067,-19.6,,,
EQ-0378,2025-07-24 00:00:00,隔离开关,重庆两江220kV变电站,0.644,0.623,-3.19,0.795,0.788,-0.83,,,,,,,,,,,,,,,,,,
EQ-0065,2025-08-23 00:00:00,GIS组合电器,松山湖220kV变电站,0.743,0.586,-21.2,0.929,0.751,-19.17,81.0,68.4,-15.56,100.933,85.033,-15.75,9791.0,8726.667,-10.87,,,,7.133,10.233,43.46,0.507,0.493,-2.76
EQ-0405,2025-08-19 00:00:00,避雷器,成都高新35kV变电站,0.723,0.576,-20.37,0.946,0.75,-20.74,,,,,,,,,,,,,,,,,,
EQ-0346,2025-07-29 02:35:00,电力变压器,武侯110kV变电站,0.65,0.636,-2.09,0.797,0.773,-3.04,71.367,67.467,-5.46,88.8,85.067,-4.2,9965.333,9184.0,-7.84,0.004,0.005,25.73,6.6,9.133,38.38,,,
EQ-0317,2025-08-15 00:00:00,断路器,江夏35kV变电站,0.644,0.508,-21.12,0.805,0.607,-24.61,,,,,,,6966.667,7936.333,13.92,,,,,,,0.506,0.515,1.91
EQ-0118,2025-08-04 00:00:00,隔离开关,张江110kV变电站,0.91,0.644,-29.29,1.059,0.794,-25.02,,,,,,,,,,,,,,,,,,
EQ-0194,2025-08-04 00:00:00,电容器组,杭州滨江110kV变电站,0.62,0.509,-17.99,0.811,0.669,-17.48,,,,,,,,,,0.004,0.005,29.76,,,,,,
EQ-0174,2025-08-27 00:00:00,避雷器,苏州工业园220kV变电站,0.735,0.588,-20.07,0.946,0.752,-20.53,,,,,,,,,,,,,,,,,,
EQ-0216,2025-08-07 00:00:00,电力变压器,亦庄110kV变电站,0.891,0.686,-23.01,1.081,0.861,-20.35,78.133,58.0,-25.77,99.433,75.767,-23.8,9919.667,9273.0,-6.52,0.005,0.005,4.58,7.433,11.167,50.22,,,
EQ-0056,2025-08-08 00:00:00,隔离开关,松山湖220kV变电站,0.701,0.565,-19.42,0.854,0.669,-21.67,,,,,,,,,,,,,,,,,,
EQ-0365,2025-08-08 00:00:00,电力变压器,重庆两江220kV变电站,0.914,0.618,-32.31,1.04,0.793,-23.81,84.633,60.533,-28.48,106.667,77.633,-27.22,8429.333,8081.667,-4.12,0.004,0.004,-2.0,8.067,9.067,12.4,,,
EQ-0092,2025-08-15 00:00:00,断路器,前海110kV变电站,0.751,0.589,-21.58,0.909,0.755,-16.99,,,,,,,9415.333,10203.667,8.37,,,,,,,0.487,0.49,0.62
EQ-0313,2025-09-10 00:00:00,GIS组合电器,武昌110kV变电站,0.906,0.625,-31.04,1.032,0.786,-23.82,76.633,51.933,-32.23,98.4,69.167,-29.71,8874.333,10927.0,23.13,,,,8.4,13.967,66.27,0.475,0.512,7.71
EQ-0398,2025-08-17 20:57:00,断路器,成都高新35kV变电站,0.824,0.627,-23.87,1.01,0.788,-22.01,,,,,,,7842.0,8170.333,4.19,,,,,,,0.493,0.5,1.49
EQ-0041,2025-08-19 00:00:00,电力变压器,松山湖220kV变电站,0.705,0.496,-29.59,0.861,0.622,-27.74,81.1,59.433,-26.72,101.167,75.1,-25.77,6742.333,10667.667,58.22,0.005,0.004,-15.3,8.1,10.367,27.98,,,
EQ-0429,2025-08-14 00:00:00,断路器,大连开发区35kV变电站,0.781,0.625,-19.98,0.987,0.789,-20.11,,,,,,,8414.667,8362.333,-0.62,,,,,,,0.475,0.501,5.4
EQ-0413,2025-08-29 00:00:00,断路器,沈阳浑南110kV变电站,0.772,0.576,-25.38,0.97,0.721,-25.66,,,,,,,8173.667,8077.0,-1.18,,,,,,,0.501,0.495,-1.2
EQ-0221,2025-08-31 15:34:00,断路器,亦庄110kV变电站,0.872,0.677,-22.31,1.046,0.865,-17.29,,,,,,,8308.667,8455.667,1.77,,,,,,,0.504,0.494,-1.85
EQ-0253,2025-09-02 00:00:00,电力变压器,天津滨海220kV变电站,0.648,0.518,-20.06,0.823,0.659,-19.9,64.967,49.6,-23.65,84.833,66.5,-21.61,8684.667,10934.333,25.9,0.004,0.004,17.43,9.733,8.333,-14.38,,,
EQ-0200,2025-09-06 00:00:00,GIS组合电器,杭州滨江110kV变电站,0.638,0.496,-22.18,0.812,0.633,-22.01,75.833,48.433,-36.13,91.2,63.667,-30.19,9593.667,9235.333,-3.74,,,,11.4,5.933,-47.95,0.471,0.471,0.0
EQ-0092,2025-09-26 00:00:00,断路器,前海110kV变电站,0.764,0.552,-27.71,0.957,0.692,-27.65,,,,,,,10187.0,9959.0,-2.24,,,,,,,0.507,0.499,-1.58
EQ-0160,2025-09-09 00:00:00,断路器,苏州工业园220kV变电站,0.717,0.523,-27.07,0.896,0.645,-28.02,,,,,,,7695.667,9537.667,23.94,,,,,,,0.482,0.474,-1.66
EQ-0026,2025-10-07 00:00:00,电容器组,龙华220kV变电站,0.805,0.704,-12.54,0.971,0.882,-9.2,,,,,,,,,,0.005,0.004,-10.51,,,,,,
EQ-0217,2025-09-10 13:45:00,电力变压器,亦庄110kV变电站,0.851,0.661,-22.38,1.049,0.837,-20.22,75.367,49.833,-33.88,96.733,66.367,-31.39,8782.333,8775.0,-0.08,0.005,0.005,-3.31,12.567,9.9,-21.22,,,
EQ-0015,2025-09-05 00:00:00,断路器,龙华220kV变电站,0.66,0.477,-27.68,0.827,0.597,-27.85,,,,,,,7752.333,7177.667,-7.41,,,,,,,0.507,0.481,-5.26
EQ-0113,2025-09-12 00:00:00,断路器,张江110kV变电站,0.892,0.663,-25.67,1.027,0.85,-17.25,,,,,,,8637.0,10112.333,17.08,,,,,,,0.506,0.492,-2.83
EQ-0191,2025-09-15 00:00:00,隔离开关,杭州滨江110kV变电站,0.841,0.622,-26.06,1.056,0.741,-29.83,,,,,,,,,,,,,,,,,,
EQ-0047,2025-09-14 00:00:00,断路器,松山湖220kV变电站,0.785,0.583,-25.76,1.027,0.751,-26.87,,,,,,,8642.0,10620.667,22.9,,,,,,,0.499,0.491,-1.74
EQ-0295,2025-09-18 00:00:00,电力变压器,武昌110kV变电站,0.831,0.627,-24.6,1.037,0.796,-23.25,79.833,57.067,-28.52,100.533,75.633,-24.77,7803.333,7595.667,-2.66,0.004,0.005,12.18,7.233,11.5,58.99,,,
EQ-0232,2025-09-23 00:00:00,避雷器,亦庄110kV变电站,0.757,0.576,-23.89,0.921,0.733,-20.4,,,,,,,,,,,,,,,,,,
EQ-0118,2025-09-24 00:00:00,隔离开关,张江110kV变电站,0.904,0.632,-30.08,1.04,0.805,-22.53,,,,,,,,,,,,,,,,,,
EQ-0340,2025-09-27 00:00:00,电容器组,长沙星沙110kV变电站,0.799,0.683,-14.47,1.009,0.877,-13.08,,,,,,,,,,0.004,0.003,-28.31,,,,,,
EQ-0260,2025-09-29 08:05:00,断路器,天津滨海220kV变电站,0.878,0.655,-25.35,1.037,0.831,-19.88,,,,,,,8982.333,8483.667,-5.55,,,,,,,0.468,0.475,1.5
EQ-0034,2025-10-03 00:00:00,避雷器,龙华220kV变电站,0.67,0.604,-9.83,0.871,0.78,-10.45,,,,,,,,,,,,,,,,,,
EQ-0365,2025-10-03 05:03:00,电力变压器,重庆两江220kV变电站,0.746,0.67,-10.15,0.894,0.879,-1.74,71.833,51.833,-27.84,89.7,70.6,-21.29,9256.0,8505.667,-8.11,0.004,0.005,15.84,10.367,13.167,27.01,,,
EQ-0365,2025-10-08 00:00:00,电力变压器,重庆两江220kV变电站,0.746,0.67,-10.15,0.894,0.879,-1.74,71.833,51.833,-27.84,89.7,70.6,-21.29,9256.0,8505.667,-8.11,0.004,0.005,15.84,10.367,13.167,27.01,,,
EQ-0429,2025-10-09 00:00:00,断路器,大连开发区35kV变电站,0.716,0.656,-8.36,0.901,0.795,-11.67,,,,,,,8910.667,10402.667,16.74,,,,,,,0.488,0.514,5.33
EQ-0238,2025-10-10 00:00:00,电力变压器,通州35kV变电站,0.669,0.589,-11.98,0.816,0.764,-6.4,68.4,46.333,-32.26,85.167,63.467,-25.48,8580.333,8454.0,-1.47,0.005,0.006,21.88,9.633,6.8,-29.41,,,
EQ-0252,2025-10-10 00:00:00,电力变压器,天津滨海220kV变电站,0.566,0.519,-8.41,0.714,0.636,-10.98,65.667,39.967,-39.14,83.4,54.7,-34.41,11427.333,8166.0,-28.54,0.005,0.005,9.91,8.933,4.167,-53.36,,,
EQ-0313,2025-10-28 00:00:00,GIS组合电器,武昌110kV变电站,0.755,0.642,-14.92,0.925,0.781,-15.58,67.633,48.8,-27.85,87.633,66.067,-24.61,10444.667,9795.667,-6.21,,,,9.033,15.3,69.37,0.48,0.52,8.26
EQ-0253,2025-10-13 00:00:00,电力变压器,天津滨海220kV变电站,0.59,0.521,-11.67,0.752,0.645,-14.33,61.233,45.1,-26.35,78.267,63.133,-19.34,9329.333,10958.0,17.46,0.004,0.004,21.06,7.633,6.933,-9.17,,,
EQ-0051,2025-10-14 00:00:00,隔离开关,松山湖220kV变电站,0.792,0.676,-14.61,0.942,0.834,-11.47,,,,,,,,,,,,,,,,,,
EQ-0427,2025-10-16 00:00:00,电力变压器,大连开发区35kV变电站,0.675,0.593,-12.12,0.871,0.743,-14.7,62.667,42.0,-32.98,82.0,58.033,-29.23,7830.667,6757.333,-13.71,0.003,0.005,57.43,11.133,10.8,-2.99,,,
EQ-0360,2025-10-30 00:00:00,避雷器,武侯110kV变电站,0.739,0.669,-9.45,0.911,0.838,-8.04,,,,,,,,,,,,,,,,,,
EQ-0202,2025-10-21 00:00:00,电力变压器,昆山35kV变电站,0.68,0.644,-5.21,0.834,0.831,-0.38,70.3,52.4,-25.46,90.3,71.2,-21.15,8605.333,8959.333,4.11,0.005,0.004,-14.68,11.9,15.3,28.57,,,
EQ-0127,2025-10-30 00:00:00,GIS组合电器,张江110kV变电站,0.682,0.597,-12.51,0.879,0.73,-16.93,66.733,47.167,-29.32,84.9,63.333,-25.4,9754.333,10780.0,10.51,,,,6.267,7.167,14.36,0.489,0.488,-0.27
EQ-0323,2025-10-30 00:00:00,电容器组,江夏35kV变电站,0.711,0.631,-11.23,0.853,0.832,-2.52,,,,,,,,,,0.006,0.004,-25.71,,,,,,
EQ-0068,2025-10-30 21:12:00,电力变压器,南沙110kV变电站,0.568,0.505,-11.02,0.7,0.627,-10.35,67.6,48.733,-27.91,84.5,64.433,-23.75,9828.667,11408.667,16.08,0.004,0.005,15.89,10.133,6.933,-31.58,,,
EQ-0147,2025-10-29 00:00:00,GIS组合电器,临港110kV变电站,0.557,0.506,-9.11,0.72,0.621,-13.79,65.4,44.233,-32.36,82.3,58.567,-28.84,10386.667,10268.667,-1.14,,,,7.333,7.433,1.36,0.518,0.493,-4.89
EQ-0358,2025-11-02 00:00:00,电容器组,武侯110kV变电站,0.65,0.636,-2.24,0.833,0.771,-7.47,,,,,,,,,,0.005,0.004,-24.69,,,,,,
EQ-0279,2025-11-03 00:00:00,GIS组合电器,天津滨海220kV变电站,0.612,0.6,-1.93,0.795,0.735,-7.52,57.633,40.033,-30.54,73.7,57.933,-21.39,9214.333,9366.667,1.65,,,,12.3,6.667,-45.8,0.507,0.51,0.53
EQ-0079,2025-11-07 00:00:00,隔离开关,南沙110kV变电站,0.583,0.612,5.04,0.714,0.782,9.58,,,,,,,,,,,,,,,,,,
EQ-0289,2025-11-02 00:00:00,隔离开关,石家庄高新35kV变电站,0.588,0.603,2.51,0.74,0.785,6.18,,,,,,,,,,,,,,,,,,
EQ-0001,2025-12-05 00:00:00,电力变压器,龙华220kV变电站,0.553,0.511,-7.68,0.723,0.618,-14.53,55.4,53.9,-2.71,71.867,69.967,-2.64,9241.333,8449.0,-8.57,0.005,0.004,-7.31,9.933,7.2,-27.52,,,
EQ-0236,2025-11-13 00:00:00,GIS组合电器,亦庄110kV变电站,0.625,0.665,6.39,0.751,0.816,8.67,56.333,48.1,-14.62,73.733,64.3,-12.79,8603.0,8587.0,-0.19,,,,11.067,12.533,13.25,0.474,0.469,-1.05
EQ-0438,2025-11-14 00:00:00,避雷器,大连开发区35kV变电站,0.58,0.561,-3.42,0.775,0.706,-8.9,,,,,,,,,,,,,,,,,,
EQ-0302,2025-11-15 00:00:00,断路器,武昌110kV变电站,0.544,0.549,0.75,0.65,0.716,10.26,,,,,,,7822.0,8585.667,9.76,,,,,,,0.479,0.504,5.22
EQ-0094,2025-11-17 00:00:00,断路器,前海110kV变电站,0.535,0.57,6.58,0.641,0.718,12.1,,,,,,,8487.0,10982.667,29.41,,,,,,,0.478,0.493,3.14
EQ-0284,2025-11-22 00:00:00,断路器,石家庄高新35kV变电站,0.544,0.516,-5.12,0.673,0.657,-2.42,,,,,,,8531.0,8646.0,1.35,,,,,,,0.509,0.517,1.44
EQ-0158,2025-11-25 00:00:00,断路器,苏州工业园220kV变电站,0.539,0.582,8.0,0.677,0.722,6.66,,,,,,,8181.333,7193.667,-12.07,,,,,,,0.494,0.515,4.11
EQ-0418,2025-11-26 00:00:00,隔离开关,沈阳浑南110kV变电站,0.657,0.665,1.13,0.836,0.851,1.79,,,,,,,,,,,,,,,,,,
EQ-0368,2025-11-26 00:00:00,电力变压器,重庆两江220kV变电站,0.618,0.601,-2.77,0.738,0.784,6.29,62.133,48.333,-22.21,78.9,63.6,-19.39,9212.667,8214.333,-10.84,0.004,0.004,1.1,8.233,7.233,-12.15,,,
EQ-0263,2025-12-01 00:00:00,断路器,天津滨海220kV变电站,0.654,0.598,-8.56,0.792,0.754,-4.76,,,,,,,9808.667,8444.0,-13.91,,,,,,,0.466,0.482,3.36
EQ-0077,2025-12-03 00:00:00,隔离开关,南沙110kV变电站,0.613,0.547,-10.79,0.79,0.682,-13.62,,,,,,,,,,,,,,,,,,
EQ-0382,2025-12-11 00:00:00,隔离开关,重庆两江220kV变电站,0.635,0.602,-5.1,0.795,0.793,-0.28,,,,,,,,,,,,,,,,,,
EQ-0052,2025-12-05 00:00:00,隔离开关,松山湖220kV变电站,0.593,0.566,-4.5,0.747,0.679,-9.11,,,,,,,,,,,,,,,,,,
EQ-0164,2025-12-21 00:00:00,隔离开关,苏州工业园220kV变电站,0.636,0.588,-7.54,0.802,0.726,-9.53,,,,,,,,,,,,,,,,,,
EQ-0433,2025-12-11 00:00:00,隔离开关,大连开发区35kV变电站,0.432,0.418,-3.23,0.55,0.525,-4.66,,,,,,,,,,,,,,,,,,
EQ-0109,2025-12-13 00:00:00,电力变压器,张江110kV变电站,0.662,0.619,-6.5,0.829,0.789,-4.77,58.567,48.767,-16.73,74.4,64.767,-12.95,9454.0,7082.667,-25.08,0.005,0.005,8.48,10.1,14.067,39.27,,,
EQ-0300,2025-12-15 14:40:00,断路器,武昌110kV变电站,0.647,0.614,-5.08,0.784,0.754,-3.82,,,,,,,8046.0,9777.0,21.51,,,,,,,0.508,0.481,-5.19
EQ-0244,2025-12-20 00:00:00,隔离开关,通州35kV变电站,0.647,0.605,-6.48,0.781,0.764,-2.19,,,,,,,,,,,,,,,,,,
EQ-0340,2025-12-24 00:00:00,电容器组,长沙星沙110kV变电站,0.683,0.622,-8.91,0.877,0.778,-11.3,,,,,,,,,,0.003,0.005,70.8,,,,,,
EQ-0016,2026-01-17 00:00:00,隔离开关,龙华220kV变电站,0.688,0.576,-16.33,0.885,0.749,-15.41,,,,,,,,,,,,,,,,,,
EQ-0187,2025-12-25 00:00:00,断路器,杭州滨江110kV变电站,0.696,0.682,-2.03,0.821,0.875,6.46,,,,,,,9786.333,8320.333,-14.98,,,,,,,0.502,0.52,3.58
EQ-0193,2025-12-30 00:00:00,隔离开关,杭州滨江110kV变电站,0.54,0.5,-7.51,0.665,0.615,-7.56,,,,,,,,,,,,,,,,,,
EQ-0439,2026-01-01 00:00:00,避雷器,大连开发区35kV变电站,0.561,0.5,-10.87,0.676,0.626,-7.33,,,,,,,,,,,,,,,,,,
EQ-0011,2026-01-02 00:00:00,断路器,龙华220kV变电站,0.512,0.45,-12.03,0.663,0.575,-13.25,,,,,,,11445.333,9115.333,-20.36,,,,,,,0.457,0.458,0.15
EQ-0164,2026-01-04 00:00:00,隔离开关,苏州工业园220kV变电站,0.653,0.54,-17.38,0.827,0.648,-21.7,,,,,,,,,,,,,,,,,,
EQ-0005,2026-01-30 00:00:00,电力变压器,龙华220kV变电站,0.593,0.496,-16.43,0.73,0.623,-14.72,52.033,55.367,6.41,70.667,71.467,1.13,7379.0,8399.333,13.83,0.004,0.005,25.93,11.933,8.467,-29.05,,,
EQ-0335,2026-01-09 00:00:00,隔离开关,长沙星沙110kV变电站,0.685,0.587,-14.28,0.861,0.732,-14.9,,,,,,,,,,,,,,,,,,
EQ-0311,2026-01-10 00:00:00,避雷器,武昌110kV变电站,0.685,0.607,-11.36,0.859,0.756,-11.98,,,,,,,,,,,,,,,,,,
EQ-0171,2026-01-14 00:00:00,电容器组,苏州工业园220kV变电站,0.584,0.47,-19.46,0.712,0.575,-19.21,,,,,,,,,,0.006,0.005,-21.64,,,,,,
EQ-0288,2026-01-19 00:00:00,隔离开关,石家庄高新35kV变电站,0.621,0.529,-14.79,0.807,0.669,-17.03,,,,,,,,,,,,,,,,,,
EQ-0296,2026-01-20 00:00:00,电力变压器,武昌110kV变电站,0.639,0.56,-12.32,0.763,0.698,-8.51,48.8,53.667,9.97,67.267,71.367,6.1,11251.667,10099.667,-10.24,0.004,0.006,36.27,8.567,10.067,17.51,,,
EQ-0013,2026-01-20 00:00:00,断路器,龙华220kV变电站,0.654,0.582,-10.96,0.852,0.743,-12.82,,,,,,,8930.0,6956.0,-22.11,,,,,,,0.462,0.469,1.37
EQ-0258,2026-01-20 00:00:00,断路器,天津滨海220kV变电站,0.586,0.488,-16.74,0.743,0.614,-17.41,,,,,,,10193.667,9744.667,-4.4,,,,,,,0.488,0.476,-2.46
EQ-0014,2026-01-24 00:00:00,断路器,龙华220kV变电站,0.551,0.502,-8.86,0.677,0.657,-2.92,,,,,,,10511.333,9231.333,-12.18,,,,,,,0.476,0.47,-1.33
EQ-0328,2026-01-29 00:00:00,电力变压器,长沙星沙110kV变电站,0.689,0.564,-18.19,0.849,0.689,-18.89,54.1,50.533,-6.59,73.5,66.767,-9.16,9805.667,7643.0,-22.06,0.003,0.005,64.52,11.467,9.2,-19.77,,,
EQ-0054,2026-02-10 00:00:00,隔离开关,松山湖220kV变电站,0.63,0.544,-13.63,0.793,0.702,-11.53,,,,,,,,,,,,,,,,,,
EQ-0328,2026-02-02 00:00:00,电力变压器,长沙星沙110kV变电站,0.633,0.612,-3.28,0.76,0.761,0.11,49.6,56.633,14.18,68.4,73.533,7.5,10364.667,6954.0,-32.91,0.003,0.005,59.91,9.033,8.2,-9.23,,,
EQ-0093,2026-02-03 00:13:00,断路器,前海110kV变电站,0.604,0.559,-7.44,0.761,0.688,-9.54,,,,,,,10423.667,8561.667,-17.86,,,,,,,0.518,0.497,-4.06
EQ-0089,2026-02-06 00:00:00,电力变压器,前海110kV变电站,0.665,0.62,-6.81,0.829,0.792,-4.45,55.3,67.267,21.64,73.167,82.933,13.35,11257.0,10520.333,-6.54,0.004,0.004,6.76,13.8,9.667,-29.95,,,
EQ-0243,2026-02-07 00:00:00,断路器,通州35kV变电站,0.538,0.481,-10.62,0.683,0.592,-13.26,,,,,,,7840.333,7389.333,-5.75,,,,,,,0.496,0.488,-1.75
EQ-0189,2026-02-25 00:00:00,断路器,杭州滨江110kV变电站,0.576,0.546,-5.22,0.741,0.687,-7.3,,,,,,,9033.667,11868.0,31.38,,,,,,,0.486,0.501,3.02
EQ-0013,2026-02-07 00:00:00,断路器,龙华220kV变电站,0.65,0.609,-6.24,0.837,0.773,-7.62,,,,,,,7226.333,7231.0,0.06,,,,,,,0.444,0.471,6.16
EQ-0435,2026-02-09 00:00:00,电容器组,大连开发区35kV变电站,0.558,0.506,-9.21,0.698,0.629,-9.97,,,,,,,,,,0.004,0.004,10.47,,,,,,
EQ-0151,2026-02-10 00:00:00,电力变压器,苏州工业园220kV变电站,0.5,0.474,-5.1,0.636,0.586,-7.96,44.5,55.4,24.49,60.4,72.033,19.26,9455.0,8124.333,-14.07,0.005,0.005,1.88,10.7,6.9,-35.51,,,
EQ-0106,2026-02-11 00:00:00,GIS组合电器,前海110kV变电站,0.588,0.516,-12.3,0.731,0.659,-9.81,51.6,61.333,18.86,70.3,76.433,8.72,10907.0,9560.667,-12.34,,,,6.667,8.833,32.5,0.504,0.482,-4.36
EQ-0346,2026-02-11 12:13:00,电力变压器,武侯110kV变电站,0.555,0.49,-11.65,0.682,0.613,-10.21,43.367,55.433,27.82,56.967,72.767,27.74,10559.667,9787.667,-7.31,0.004,0.003,-12.9,5.8,14.467,149.43,,,
EQ-0411,2026-02-13 00:00:00,断路器,沈阳浑南110kV变电站,0.669,0.61,-8.86,0.828,0.764,-7.75,,,,,,,9987.0,9534.333,-4.53,,,,,,,0.489,0.487,-0.27
EQ-0427,2026-02-13 00:00:00,电力变压器,大连开发区35kV变电站,0.57,0.516,-9.49,0.697,0.663,-4.85,40.3,50.9,26.3,55.667,67.8,21.8,7148.667,8376.333,17.17,0.005,0.007,48.93,10.133,11.067,9.21,,,
EQ-0102,2026-02-14 00:00:00,避雷器,前海110kV变电站,0.633,0.566,-10.47,0.799,0.695,-12.93,,,,,,,,,,,,,,,,,,
EQ-0347,2026-02-17 00:00:00,电力变压器,武侯110kV变电站,0.506,0.465,-8.11,0.633,0.577,-8.8,42.133,52.767,25.24,57.833,68.633,18.67,8627.333,8188.667,-5.08,0.005,0.004,-25.87,10.667,6.733,-36.88,,,
EQ-0280,2026-02-11 00:00:00,GIS组合电器,天津滨海220kV变电站,0.495,0.462,-6.59,0.622,0.568,-8.73,41.033,49.667,21.04,56.9,66.2,16.34,7771.0,7234.667,-6.9,,,,10.933,8.0,-26.83,0.505,0.507,0.4
EQ-0264,2026-02-20 00:00:00,隔离开关,天津滨海220kV变电站,0.673,0.584,-13.29,0.809,0.721,-10.87,,,,,,,,,,,,,,,,,,
EQ-0160,2026-03-12 00:00:00,断路器,苏州工业园220kV变电站,0.504,0.476,-5.4,0.637,0.628,-1.41,,,,,,,7186.333,9413.0,30.98,,,,,,,0.502,0.509,1.39
EQ-0066,2026-02-25 00:00:00,GIS组合电器,松山湖220kV变电站,0.489,0.421,-13.91,0.605,0.521,-13.83,48.9,58.667,19.97,66.133,70.7,6.91,7785.333,10978.333,41.01,,,,11.8,7.133,-39.55,0.485,0.516,6.46
EQ-0142,2026-02-26 00:00:00,电容器组,临港110kV变电站,0.644,0.561,-12.89,0.829,0.694,-16.2,,,,,,,,,,0.004,0.004,8.18,,,,,,
EQ-0206,2026-03-02 00:00:00,断路器,昆山35kV变电站,0.623,0.587,-5.85,0.752,0.73,-2.86,,,,,,,7100.667,6753.0,-4.9,,,,,,,0.483,0.494,2.45
EQ-0330,2026-03-02 00:00:00,断路器,长沙星沙110kV变电站,0.597,0.558,-6.65,0.749,0.699,-6.63,,,,,,,10772.0,12645.0,17.39,,,,,,,0.49,0.519,5.85
EQ-0349,2026-03-23 00:00:00,断路器,武侯110kV变电站,0.504,0.496,-1.54,0.621,0.6,-3.51,,,,,,,9567.0,8642.5,-9.66,,,,,,,0.488,0.472,-3.21
EQ-0287,2026-03-18 00:00:00,隔离开关,石家庄高新35kV变电站,0.489,0.455,-7.01,0.655,0.558,-14.78,,,,,,,,,,,,,,,,,,
EQ-0110,2026-03-29 00:00:00,断路器,张江110kV变电站,0.464,0.491,5.87,0.555,0.607,9.26,,,,,,,8522.333,8621.5,1.16,,,,,,,0.497,0.487,-2.08
EQ-0051,2026-03-10 00:00:00,隔离开关,松山湖220kV变电站,0.619,0.64,3.5,0.822,0.792,-3.66,,,,,,,,,,,,,,,,,,
EQ-0239,2026-03-11 00:00:00,电力变压器,通州35kV变电站,0.47,0.516,9.95,0.576,0.667,15.81,39.0,54.9,40.77,55.067,70.65,28.3,9818.0,11120.5,13.27,0.004,0.004,15.34,6.467,11.55,78.61,,,
EQ-0402,2026-03-12 00:00:00,隔离开关,成都高新35kV变电站,0.596,0.587,-1.49,0.736,0.73,-0.79,,,,,,,,,,,,,,,,,,
EQ-0054,2026-03-12 00:00:00,隔离开关,松山湖220kV变电站,0.596,0.556,-6.85,0.735,0.732,-0.34,,,,,,,,,,,,,,,,,,
EQ-0230,2026-03-13 00:00:00,电容器组,亦庄110kV变电站,0.618,0.616,-0.37,0.767,0.79,2.97,,,,,,,,,,0.004,0.005,21.2,,,,,,
EQ-0211,2026-03-13 00:00:00,电容器组,昆山35kV变电站,0.486,0.482,-0.79,0.624,0.618,-0.9,,,,,,,,,,0.005,0.004,-15.82,,,,,,
EQ-0416,2026-03-12 00:00:00,隔离开关,沈阳浑南110kV变电站,0.659,0.615,-6.62,0.814,0.757,-7.03,,,,,,,,,,,,,,,,,,
EQ-0374,2026-03-21 00:00:00,断路器,重庆两江220kV变电站,0.596,0.654,9.74,0.775,0.834,7.61,,,,,,,8918.0,7898.5,-11.43,,,,,,,0.5,0.502,0.57
EQ-0154,2026-03-26 00:00:00,断路器,苏州工业园220kV变电站,0.561,0.544,-2.99,0.698,0.717,2.64,,,,,,,9905.333,9171.5,-7.41,,,,,,,0.492,0.446,-9.35
EQ-0090,2026-03-29 00:00:00,断路器,前海110kV变电站,0.554,0.58,4.71,0.721,0.689,-4.39,,,,,,,10915.333,8879.5,-18.65,,,,,,,0.473,0.508,7.4
EQ-0212,2026-04-01 00:00:00,避雷器,昆山35kV变电站,0.546,0.648,18.64,0.672,0.821,22.21,,,,,,,,,,,,,,,,,,
EQ-0139,2026-04-01 00:00:00,隔离开关,临港110kV变电站,0.558,0.554,-0.72,0.7,0.643,-8.09,,,,,,,,,,,,,,,,,,
EQ-0355,2026-04-01 00:00:00,隔离开关,武侯110kV变电站,0.539,0.567,5.21,0.693,0.75,8.09,,,,,,,,,,,,,,,,,,
EQ-0336,2026-04-01 00:00:00,隔离开关,长沙星沙110kV变电站,0.641,0.665,3.75,0.781,0.893,14.32,,,,,,,,,,,,,,,,,,
EQ-0022,2026-04-01 00:00:00,隔离开关,龙华220kV变电站,0.567,0.606,6.86,0.693,0.767,10.61,,,,,,,,,,,,,,,,,,
EQ-0224,2026-04-01 00:00:00,隔离开关,亦庄110kV变电站,0.533,0.604,13.24,0.679,0.72,5.96,,,,,,,,,,,,,,,,,,
EQ-0287,2026-04-01 00:00:00,隔离开关,石家庄高新35kV变电站,0.489,0.489,0.02,0.655,0.622,-4.99,,,,,,,,,,,,,,,,,,
EQ-0382,2026-04-01 00:00:00,隔离开关,重庆两江220kV变电站,0.602,0.642,6.55,0.793,0.837,5.51,,,,,,,,,,,,,,,,,,
EQ-0062,2026-04-11 00:00:00,避雷器,松山湖220kV变电站,0.443,0.549,23.87,0.564,0.724,28.33,,,,,,,,,,,,,,,,,,
EQ-0123,2026-04-01 00:00:00,避雷器,张江110kV变电站,0.491,0.487,-0.79,0.604,0.606,0.35,,,,,,,,,,,,,,,,,,
EQ-0003,2026-04-02 00:00:00,电力变压器,龙华220kV变电站,0.472,0.556,17.95,0.571,0.64,12.13,58.6,67.9,15.87,73.367,83.6,13.95,8986.0,7112.0,-20.85,0.005,0.005,10.84,5.4,4.6,-14.81,,,
EQ-0067,2026-04-02 00:00:00,GIS组合电器,松山湖220kV变电站,0.554,0.624,12.67,0.704,0.793,12.68,54.067,70.8,30.95,69.8,86.9,24.5,8571.667,7844.0,-8.49,,,,11.833,5.4,-54.37,0.494,0.524,6.07
EQ-0436,2026-04-02 00:00:00,电容器组,大连开发区35kV变电站,0.503,0.574,14.0,0.64,0.725,13.26,,,,,,,,,,0.005,0.002,-51.66,,,,,,
EQ-0196,2026-04-02 00:00:00,避雷器,杭州滨江110kV变电站,0.485,0.546,12.6,0.604,0.638,5.64,,,,,,,,,,,,,,,,,,
EQ-0010,2026-03-29 00:00:00,断路器,龙华220kV变电站,0.525,0.495,-5.56,0.64,0.621,-2.86,,,,,,,8548.333,8670.0,1.42,,,,,,,0.489,0.488,-0.14
EQ-0421,2026-04-02 00:00:00,电容器组,沈阳浑南110kV变电站,0.488,0.49,0.4,0.622,0.593,-4.66,,,,,,,,,,0.005,0.003,-37.54,,,,,,
EQ-0422,2026-04-02 00:00:00,避雷器,沈阳浑南110kV变电站,0.572,0.653,14.3,0.716,0.829,15.78,,,,,,,,,,,,,,,,,,
EQ-0234,2026-04-02 00:00:00,避雷器,亦庄110kV变电站,0.408,0.424,3.81,0.511,0.534,4.4,,,,,,,,,,,,,,,,,,
EQ-0267,2026-04-02 00:00:00,隔离开关,天津滨海220kV变电站,0.505,0.49,-2.98,0.628,0.568,-9.66,,,,,,,,,,,,,,,,,,
EQ-0117,2026-04-02 00:00:00,隔离开关,张江110kV变电站,0.569,0.611,7.35,0.718,0.799,11.27,,,,,,,,,,,,,,,,,,
EQ-0387,2026-04-18 00:00:00,避雷器,重庆两江220kV变电站,0.482,0.544,12.9,0.614,0.633,3.01,,,,,,,,,,,,,,,,,,
EQ-0348,2026-04-02 00:00:00,电力变压器,武侯110kV变电站,0.469,0.534,13.86,0.584,0.704,20.5,50.167,56.1,11.83,64.633,73.6,13.87,9955.0,9378.0,-5.8,0.005,0.002,-57.84,5.633,5.3,-5.92,,,
EQ-0027,2026-03-31 00:00:00,避雷器,龙华220kV变电站,0.563,0.562,-0.14,0.744,0.699,-6.04,,,,,,,,,,,,,,,,,,
EQ-0377,2026-04-02 00:00:00,隔离开关,重庆两江220kV变电站,0.494,0.606,22.55,0.64,0.749,16.93,,,,,,,,,,,,,,,,,,
EQ-0362,2026-04-02 00:00:00,避雷器,武侯110kV变电站,0.598,0.672,12.34,0.72,0.9,24.94,,,,,,,,,,,,,,,,,,
EQ-0366,2026-04-06 00:00:00,电力变压器,重庆两江220kV变电站,0.497,0.504,1.41,0.634,0.603,-4.94,50.933,57.6,13.09,66.9,73.9,10.46,8815.333,10369.0,17.62,0.005,0.005,4.97,6.0,7.1,18.33,,,
EQ-0328,2026-04-03 00:00:00,电力变压器,长沙星沙110kV变电站,0.564,0.656,16.33,0.689,0.827,20.07,50.533,64.3,27.24,66.767,83.0,24.31,7643.0,7195.0,-5.86,0.005,0.004,-9.66,9.2,6.7,-27.17,,,
EQ-0423,2026-04-03 00:00:00,避雷器,沈阳浑南110kV变电站,0.501,0.522,4.21,0.642,0.628,-2.12,,,,,,,,,,,,,,,,,,
EQ-0016,2026-04-27 00:00:00,隔离开关,龙华220kV变电站,0.576,0.684,18.86,0.749,0.791,5.73,,,,,,,,,,,,,,,,,,
EQ-0155,2026-04-03 00:00:00,断路器,苏州工业园220kV变电站,0.443,0.511,15.31,0.557,0.599,7.61,,,,,,,8442.667,7844.0,-7.09,,,,,,,0.482,0.532,10.45
EQ-0089,2026-04-03 00:00:00,电力变压器,前海110kV变电站,0.565,0.712,25.98,0.711,0.938,31.94,60.167,72.7,20.83,76.133,89.0,16.9,11168.333,9150.0,-18.07,0.004,0.004,-4.68,9.467,14.6,54.23,,,
EQ-0238,2026-03-29 00:00:00,电力变压器,通州35kV变电站,0.551,0.513,-6.94,0.692,0.603,-12.9,48.0,56.55,17.81,64.133,73.25,14.22,8403.667,8936.0,6.33,0.005,0.006,15.22,8.867,8.3,-6.39,,,
EQ-0288,2026-04-03 00:00:00,隔离开关,石家庄高新35kV变电站,0.529,0.556,5.17,0.669,0.668,-0.19,,,,,,,,,,,,,,,,,,
EQ-0145,2026-04-03 00:00:00,避雷器,临港110kV变电站,0.485,0.488,0.71,0.59,0.636,7.73,,,,,,,,,,,,,,,,,,
EQ-0283,2026-04-03 00:00:00,电力变压器,石家庄高新35kV变电站,0.605,0.661,9.23,0.737,0.884,19.95,48.5,58.6,20.82,65.7,75.8,15.37,8715.667,6910.0,-20.72,0.006,0.005,-11.3,13.267,15.5,16.83,,,
EQ-0170,2026-04-03 00:00:00,电容器组,苏州工业园220kV变电站,0.458,0.47,2.55,0.592,0.601,1.48,,,,,,,,,,0.004,0.004,-7.76,,,,,,
EQ-0259,2026-04-03 00:00:00,断路器,天津滨海220kV变电站,0.438,0.486,10.8,0.581,0.649,11.58,,,,,,,9372.667,11951.0,27.51,,,,,,,0.485,0.475,-1.99
EQ-0251,2026-04-21 00:00:00,避雷器,通州35kV变电站,0.507,0.63,24.2,0.608,0.812,33.66,,,,,,,,,,,,,,,,,,
EQ-0286,2026-04-21 00:00:00,断路器,石家庄高新35kV变电站,0.511,0.55,7.67,0.642,0.65,1.16,,,,,,,9382.333,7489.0,-20.18,,,,,,,0.485,0.44,-9.28
EQ-0133,2026-04-04 00:00:00,断路器,临港110kV变电站,0.45,0.484,7.73,0.556,0.643,15.57,,,,,,,9983.667,10660.0,6.77,,,,,,,0.486,0.474,-2.54
EQ-0119,2026-04-10 00:00:00,隔离开关,张江110kV变电站,0.481,0.546,13.4,0.606,0.638,5.2,,,,,,,,,,,,,,,,,,
EQ-0103,2026-04-04 00:00:00,避雷器,前海110kV变电站,0.532,0.608,14.23,0.658,0.745,13.29,,,,,,,,,,,,,,,,,,
EQ-0321,2026-04-07 00:00:00,隔离开关,江夏35kV变电站,0.51,0.543,6.41,0.633,0.656,3.7,,,,,,,,,,,,,,,,,,
EQ-0197,2026-04-04 00:00:00,避雷器,杭州滨江110kV变电站,0.463,0.479,3.46,0.558,0.636,14.07,,,,,,,,,,,,,,,,,,
EQ-0380,2026-04-04 00:00:00,隔离开关,重庆两江220kV变电站,0.489,0.545,11.5,0.629,0.696,10.62,,,,,,,,,,,,,,,,,,
EQ-0265,2026-04-04 00:00:00,隔离开关,天津滨海220kV变电站,0.528,0.566,7.28,0.665,0.685,3.01,,,,,,,,,,,,,,,,,,
EQ-0344,2026-04-04 00:00:00,避雷器,长沙星沙110kV变电站,0.575,0.663,15.28,0.725,0.803,10.79,,,,,,,,,,,,,,,,,,
EQ-0297,2026-04-04 00:00:00,电力变压器,武昌110kV变电站,0.442,0.472,6.96,0.57,0.637,11.64,44.633,65.1,45.86,59.467,80.0,34.53,9201.667,9334.0,1.44,0.004,0.005,13.85,5.333,3.4,-36.25,,,
EQ-0109,2026-04-04 00:00:00,电力变压器,张江110kV变电站,0.595,0.603,1.37,0.728,0.695,-4.52,54.667,58.4,6.83,69.067,75.5,9.31,7634.0,6028.0,-21.04,0.005,0.004,-10.5,11.1,8.2,-26.13,,,
EQ-0318,2026-04-04 00:00:00,断路器,江夏35kV变电站,0.458,0.507,10.63,0.551,0.63,14.42,,,,,,,8437.333,10796.0,27.96,,,,,,,0.509,0.459,-9.88
EQ-0086,2026-04-04 00:00:00,GIS组合电器,南沙110kV变电站,0.539,0.596,10.5,0.689,0.704,2.13,52.467,64.8,23.51,70.267,84.4,20.11,8780.333,8993.0,2.42,,,,8.567,5.9,-31.13,0.493,0.482,-2.23
EQ-0149,2026-04-04 00:00:00,电力变压器,苏州工业园220kV变电站,0.457,0.531,16.33,0.562,0.684,21.6,46.933,60.5,28.91,63.033,78.8,25.01,8774.0,9250.0,5.43,0.005,0.003,-39.21,10.333,5.7,-44.84,,,
EQ-0144,2026-04-04 00:00:00,避雷器,临港110kV变电站,0.487,0.543,11.57,0.595,0.727,22.29,,,,,,,,,,,,,,,,,,
EQ-0308,2026-04-13 00:00:00,电容器组,武昌110kV变电站,0.552,0.555,0.56,0.725,0.659,-9.19,,,,,,,,,,0.006,0.007,13.46,,,,,,
EQ-0101,2026-04-05 00:00:00,避雷器,前海110kV变电站,0.456,0.525,15.18,0.555,0.658,18.45,,,,,,,,,,,,,,,,,,
EQ-0134,2026-04-05 00:00:00,断路器,临港110kV变电站,0.447,0.538,20.37,0.529,0.647,22.16,,,,,,,9167.667,7767.0,-15.28,,,,,,,0.49,0.508,3.74
EQ-0310,2026-04-05 00:00:00,避雷器,武昌110kV变电站,0.451,0.475,5.33,0.585,0.599,2.44,,,,,,,,,,,,,,,,,,
EQ-0292,2026-04-05 00:00:00,避雷器,石家庄高新35kV变电站,0.481,0.555,15.31,0.599,0.748,24.94,,,,,,,,,,,,,,,,,,
EQ-0194,2026-04-05 00:00:00,电容器组,杭州滨江110kV变电站,0.421,0.435,3.48,0.526,0.559,6.13,,,,,,,,,,0.005,0.004,-22.4,,,,,,
EQ-0367,2026-04-05 00:00:00,电力变压器,重庆两江220kV变电站,0.527,0.626,18.88,0.678,0.815,20.24,48.767,67.6,38.62,65.5,86.1,31.45,9674.0,10758.0,11.21,0.004,0.006,54.77,6.867,14.4,109.71,,,
EQ-0384,2026-04-05 00:00:00,电容器组,重庆两江220kV变电站,0.503,0.568,12.95,0.631,0.662,4.88,,,,,,,,,,0.005,0.005,-2.28,,,,,,
EQ-0221,2026-04-05 00:00:00,断路器,亦庄110kV变电站,0.611,0.633,3.65,0.779,0.793,1.9,,,,,,,9867.0,6902.0,-30.05,,,,,,,0.496,0.478,-3.56
EQ-0347,2026-04-12 00:00:00,电力变压器,武侯110kV变电站,0.445,0.533,19.95,0.559,0.68,21.59,47.067,59.9,27.27,61.9,79.9,29.08,8739.333,6054.0,-30.73,0.004,0.003,-35.94,8.8,3.7,-57.95,,,
EQ-0020,2026-04-05 00:00:00,隔离开关,龙华220kV变电站,0.464,0.503,8.49,0.573,0.606,5.79,,,,,,,,,,,,,,,,,,
EQ-0433,2026-04-05 00:00:00,隔离开关,大连开发区35kV变电站,0.404,0.487,20.45,0.495,0.594,19.98,,,,,,,,,,,,,,,,,,
EQ-0406,2026-04-05 00:00:00,避雷器,成都高新35kV变电站,0.459,0.536,16.93,0.565,0.638,12.95,,,,,,,,,,,,,,,,,,
EQ-0353,2026-04-06 00:00:00,断路器,武侯110kV变电站,0.579,0.582,0.36,0.717,0.763,6.43,,,,,,,12610.667,13121.0,4.05,,,,,,,0.5,0.458,-8.4
EQ-0172,2026-04-06 00:00:00,避雷器,苏州工业园220kV变电站,0.54,0.598,10.89,0.678,0.737,8.69,,,,,,,,,,,,,,,,,,
EQ-0273,2026-04-06 00:00:00,避雷器,天津滨海220kV变电站,0.596,0.641,7.61,0.756,0.865,14.39,,,,,,,,,,,,,,,,,,
EQ-0005,2026-04-06 00:00:00,电力变压器,龙华220kV变电站,0.496,0.5,0.98,0.623,0.589,-5.48,55.367,64.6,16.68,71.467,82.3,15.16,8399.333,9890.0,17.75,0.005,0.006,19.52,8.467,3.5,-58.66,,,
EQ-0410,2026-04-06 00:00:00,电力变压器,沈阳浑南110kV变电站,0.494,0.514,4.02,0.599,0.619,3.38,43.3,55.5,28.18,59.433,70.1,17.95,7597.333,8165.0,7.47,0.005,0.006,7.3,8.333,10.1,21.2,,,
EQ-0131,2026-04-06 00:00:00,电力变压器,临港110kV变电站,0.458,0.483,5.54,0.564,0.601,6.62,49.1,58.9,19.96,63.067,75.0,18.92,9043.333,8382.0,-7.31,0.003,0.006,86.3,10.467,4.4,-57.96,,,
EQ-0136,2026-04-29 00:00:00,断路器,临港110kV变电站,0.47,0.594,26.27,0.597,0.695,16.34,,,,,,,9163.667,8474.0,-7.53,,,,,,,0.481,0.51,6.03
EQ-0054,2026-04-06 00:00:00,隔离开关,松山湖220kV变电站,0.549,0.576,4.93,0.706,0.767,8.66,,,,,,,,,,,,,,,,,,
EQ-0341,2026-04-29 00:00:00,避雷器,长沙星沙110kV变电站,0.517,0.513,-0.68,0.647,0.601,-7.15,,,,,,,,,,,,,,,,,,
EQ-0277,2026-04-06 00:00:00,避雷器,天津滨海220kV变电站,0.502,0.577,15.0,0.623,0.683,9.6,,,,,,,,,,,,,,,,,,
EQ-0257,2026-04-06 00:00:00,断路器,天津滨海220kV变电站,0.454,0.525,15.55,0.575,0.604,5.04,,,,,,,9299.667,6968.0,-25.07,,,,,,,0.472,0.483,2.26
EQ-0279,2026-04-06 00:00:00,GIS组合电器,天津滨海220kV变电站,0.51,0.564,10.53,0.643,0.674,4.76,44.167,50.0,13.21,60.067,66.4,10.54,10627.667,11248.0,5.84,,,,9.967,2.5,-74.92,0.512,0.528,3.06
EQ-0330,2026-04-17 00:00:00,断路器,长沙星沙110kV变电站,0.532,0.624,17.14,0.681,0.759,11.39,,,,,,,11952.333,12712.0,6.36,,,,,,,0.503,0.526,4.57
EQ-0208,2026-04-12 00:00:00,隔离开关,昆山35kV变电站,0.501,0.519,3.55,0.616,0.675,9.63,,,,,,,,,,,,,,,,,,
EQ-0213,2026-04-07 00:00:00,避雷器,昆山35kV变电站,0.466,0.519,11.45,0.566,0.625,10.51,,,,,,,,,,,,,,,,,,
EQ-0009,2026-04-07 00:00:00,断路器,龙华220kV变电站,0.494,0.563,14.04,0.603,0.68,12.78,,,,,,,7797.0,6868.0,-11.91,,,,,,,0.46,0.453,-1.59
EQ-0099,2026-04-14 00:00:00,电容器组,前海110kV变电站,0.56,0.628,12.21,0.708,0.82,15.77,,,,,,,,,,0.005,0.004,-16.61,,,,,,
EQ-0373,2026-04-07 00:00:00,断路器,重庆两江220kV变电站,0.572,0.608,6.31,0.715,0.767,7.35,,,,,,,8350.333,11124.0,33.22,,,,,,,0.491,0.446,-9.16
EQ-0376,2026-04-24 00:00:00,断路器,重庆两江220kV变电站,0.454,0.462,1.72,0.584,0.54,-7.46,,,,,,,10104.333,9609.0,-4.9,,,,,,,0.491,0.504,2.58
EQ-0250,2026-04-07 00:00:00,避雷器,通州35kV变电站,0.581,0.653,12.37,0.754,0.868,15.16,,,,,,,,,,,,,,,,,,
EQ-0269,2026-04-07 00:00:00,隔离开关,天津滨海220kV变电站,0.527,0.605,14.83,0.67,0.766,14.26,,,,,,,,,,,,,,,,,,
EQ-0226,2026-04-07 00:00:00,隔离开关,亦庄110kV变电站,0.56,0.626,11.97,0.683,0.839,22.8,,,,,,,,,,,,,,,,,,
EQ-0294,2026-04-07 00:00:00,避雷器,石家庄高新35kV变电站,0.591,0.669,13.15,0.741,0.81,9.36,,,,,,,,,,,,,,,,,,
EQ-0002,2026-04-07 00:00:00,电力变压器,龙华220kV变电站,0.493,0.571,15.75,0.638,0.667,4.55,53.433,74.4,39.24,69.733,90.8,30.21,10131.0,8261.0,-18.46,0.005,0.004,-24.34,10.567,6.1,-42.27,,,
EQ-0029,2026-04-07 00:00:00,避雷器,龙华220kV变电站,0.588,0.652,11.01,0.73,0.811,11.2,,,,,,,,,,,,,,,,,,
EQ-0130,2026-04-07 00:00:00,电力变压器,临港110kV变电站,0.465,0.514,10.62,0.57,0.61,7.08,50.8,63.4,24.8,65.667,82.0,24.87,10243.333,7851.0,-23.36,0.004,0.003,-19.94,10.3,16.7,62.14,,,
EQ-0365,2026-04-07 00:00:00,电力变压器,重庆两江220kV变电站,0.606,0.646,6.68,0.785,0.842,7.33,48.7,62.1,27.52,66.733,78.3,17.33,8461.667,9309.0,10.01,0.005,0.006,40.45,9.533,6.9,-27.62,,,
EQ-0097,2026-04-08 00:00:00,隔离开关,前海110kV变电站,0.532,0.563,5.79,0.679,0.739,8.82,,,,,,,,,,,,,,,,,,
EQ-0332,2026-04-24 00:00:00,断路器,长沙星沙110kV变电站,0.432,0.479,10.96,0.543,0.594,9.5,,,,,,,8930.0,10484.0,17.4,,,,,,,0.472,0.521,10.46
EQ-0364,2026-04-19 00:00:00,GIS组合电器,武侯110kV变电站,0.43,0.5,16.19,0.516,0.657,27.31,48.8,61.9,26.84,61.733,77.8,26.03,11598.333,7936.0,-31.58,,,,6.567,5.8,-11.68,0.488,0.435,-10.8
EQ-0015,2026-04-23 00:00:00,断路器,龙华220kV变电站,0.451,0.464,2.97,0.558,0.591,6.01,,,,,,,8374.0,6163.0,-26.4,,,,,,,0.469,0.511,8.96
EQ-0268,2026-04-08 00:00:00,隔离开关,天津滨海220kV变电站,0.585,0.61,4.26,0.76,0.795,4.68,,,,,,,,,,,,,,,,,,
EQ-0239,2026-04-25 00:00:00,电力变压器,通州35kV变电站,0.466,0.538,15.44,0.594,0.668,12.55,42.967,58.5,36.15,58.967,74.4,26.17,9718.333,11370.0,17.0,0.003,0.006,75.31,9.967,8.6,-13.71,,,
EQ-0394,2026-04-30 00:00:00,GIS组合电器,重庆两江220kV变电站,0.626,0.614,-1.96,0.784,0.793,1.12,53.867,65.7,21.97,72.733,84.1,15.63,7855.667,10197.0,29.8,,,,8.367,6.9,-17.53,0.484,0.487,0.69
EQ-0087,2026-04-23 00:00:00,电力变压器,前海110kV变电站,0.558,0.57,2.08,0.685,0.748,9.29,55.833,66.8,19.64,72.967,84.4,15.67,10300.333,11895.0,15.48,0.004,0.003,-11.88,7.433,14.8,99.1,,,
EQ-0345,2026-04-08 00:00:00,GIS组合电器,长沙星沙110kV变电站,0.57,0.544,-4.57,0.714,0.66,-7.55,48.2,63.1,30.91,64.667,77.8,20.31,10859.667,11532.0,6.19,,,,9.367,11.9,27.05,0.474,0.469,-1.12
EQ-0303,2026-04-08 00:00:00,隔离开关,武昌110kV变电站,0.524,0.57,8.88,0.645,0.736,14.24,,,,,,,,,,,,,,,,,,
EQ-0198,2026-04-08 00:00:00,避雷器,杭州滨江110kV变电站,0.601,0.667,11.0,0.743,0.787,5.82,,,,,,,,,,,,,,,,,,
EQ-0281,2026-04-22 00:00:00,GIS组合电器,天津滨海220kV变电站,0.576,0.664,15.22,0.737,0.811,10.01,51.167,67.2,31.34,68.8,87.0,26.45,7788.667,10367.0,33.1,,,,13.433,17.7,31.76,0.475,0.448,-5.68
EQ-0298,2026-04-08 00:00:00,断路器,武昌110kV变电站,0.53,0.6,13.07,0.681,0.789,15.86,,,,,,,8301.333,6380.0,-23.14,,,,,,,0.503,0.444,-11.67
EQ-0325,2026-04-08 00:00:00,避雷器,江夏35kV变电站,0.4,0.468,17.16,0.505,0.622,23.18,,,,,,,,,,,,,,,,,,
EQ-0418,2026-04-08 00:00:00,隔离开关,沈阳浑南110kV变电站,0.586,0.689,17.58,0.745,0.825,10.7,,,,,,,,,,,,,,,,,,
EQ-0168,2026-04-08 00:00:00,隔离开关,苏州工业园220kV变电站,0.567,0.679,19.84,0.692,0.891,28.72,,,,,,,,,,,,,,,,,,
EQ-0285,2026-04-08 00:00:00,断路器,石家庄高新35kV变电站,0.548,0.669,21.95,0.685,0.785,14.64,,,,,,,8712.667,9898.0,13.6,,,,,,,0.463,0.481,3.81
EQ-0042,2026-04-23 00:00:00,电力变压器,松山湖220kV变电站,0.556,0.666,19.96,0.71,0.872,22.71,56.567,73.4,29.76,71.433,93.7,31.17,9244.333,7344.0,-20.56,0.005,0.004,-12.52,12.467,3.6,-71.12,,,
EQ-0368,2026-04-08 00:00:00,电力变压器,重庆两江220kV变电站,0.542,0.66,21.73,0.679,0.816,20.14,49.767,68.5,37.64,65.333,87.2,33.47,10237.667,7452.0,-27.21,0.004,0.002,-39.37,12.4,10.9,-12.1,,,
EQ-0075,2026-04-09 00:00:00,断路器,南沙110kV变电站,0.508,0.553,8.9,0.639,0.673,5.28,,,,,,,8498.333,9382.0,10.4,,,,,,,0.467,0.465,-0.36
EQ-0077,2026-04-09 00:00:00,隔离开关,南沙110kV变电站,0.52,0.634,22.07,0.628,0.837,33.41,,,,,,,,,,,,,,,,,,
EQ-0214,2026-04-09 00:00:00,避雷器,昆山35kV变电站,0.536,0.58,8.39,0.644,0.747,16.07,,,,,,,,,,,,,,,,,,
EQ-0271,2026-04-14 00:00:00,电容器组,天津滨海220kV变电站,0.477,0.596,24.97,0.59,0.749,27.01,,,,,,,,,,0.005,0.005,11.3,,,,,,
EQ-0404,2026-04-09 00:00:00,电容器组,成都高新35kV变电站,0.617,0.649,5.27,0.786,0.8,1.83,,,,,,,,,,0.005,0.002,-46.43,,,,,,
EQ-0401,2026-04-29 00:00:00,隔离开关,成都高新35kV变电站,0.538,0.56,3.98,0.707,0.731,3.34,,,,,,,,,,,,,,,,,,
EQ-0322,2026-04-09 00:00:00,电容器组,江夏35kV变电站,0.465,0.447,-3.73,0.564,0.528,-6.38,,,,,,,,,,0.006,0.005,-18.3,,,,,,
EQ-0053,2026-04-10 00:00:00,隔离开关,松山湖220kV变电站,0.469,0.527,12.33,0.559,0.614,10.01,,,,,,,,,,,,,,,,,,
EQ-0334,2026-04-10 00:00:00,断路器,长沙星沙110kV变电站,0.468,0.557,18.91,0.616,0.742,20.62,,,,,,,10003.667,10971.0,9.67,,,,,,,0.462,0.47,1.66
EQ-0264,2026-04-10 00:00:00,隔离开关,天津滨海220kV变电站,0.569,0.638,12.08,0.713,0.761,6.79,,,,,,,,,,,,,,,,,,
EQ-0036,2026-04-28 00:00:00,GIS组合电器,龙华220kV变电站,0.519,0.617,19.0,0.628,0.77,22.67,50.167,73.1,45.71,67.933,90.8,33.66,9021.333,8181.0,-9.31,,,,9.633,11.2,16.26,0.458,0.521,13.84
EQ-0359,2026-04-10 00:00:00,电容器组,武侯110kV变电站,0.479,0.55,14.98,0.612,0.722,17.96,,,,,,,,,,0.004,0.007,66.75,,,,,,
EQ-0184,2026-04-10 00:00:00,电力变压器,杭州滨江110kV变电站,0.609,0.653,7.22,0.79,0.868,9.86,52.567,69.0,31.26,71.1,83.1,16.88,8947.0,10148.0,13.42,0.004,0.007,62.72,12.233,12.2,-0.27,,,
EQ-0061,2026-04-10 00:00:00,避雷器,松山湖220kV变电站,0.463,0.584,26.24,0.568,0.705,24.08,,,,,,,,,,,,,,,,,,
EQ-0076,2026-04-27 00:00:00,隔离开关,南沙110kV变电站,0.481,0.512,6.49,0.592,0.597,0.74,,,,,,,,,,,,,,,,,,
EQ-0255,2026-04-14 00:00:00,电力变压器,天津滨海220kV变电站,0.542,0.647,19.32,0.663,0.822,24.04,46.4,61.4,32.33,64.733,78.5,21.27,8117.333,9452.0,16.44,0.004,0.007,63.92,4.867,18.2,273.97,,,
EQ-0068,2026-04-21 00:00:00,电力变压器,南沙110kV变电站,0.433,0.492,13.55,0.536,0.64,19.49,52.4,58.7,12.02,65.867,74.5,13.11,12299.333,7898.0,-35.79,0.004,0.003,-22.28,5.867,5.3,-9.66,,,
EQ-0038,2026-04-10 00:00:00,GIS组合电器,龙华220kV变电站,0.561,0.562,0.14,0.691,0.722,4.5,54.033,68.6,26.96,71.567,85.1,18.91,8654.667,8268.0,-4.47,,,,7.2,2.4,-66.67,0.492,0.493,0.14
EQ-0190,2026-04-09 00:00:00,隔离开关,杭州滨江110kV变电站,0.497,0.55,10.6,0.648,0.704,8.79,,,,,,,,,,,,,,,,,,
EQ-0069,2026-04-11 00:00:00,电力变压器,南沙110kV变电站,0.592,0.632,6.63,0.756,0.768,1.58,58.267,73.7,26.49,74.067,90.6,22.32,8397.667,7479.0,-10.94,0.004,0.003,-26.38,13.633,10.6,-22.25,,,
EQ-0230,2026-04-18 00:00:00,电容器组,亦庄110kV变电站,0.571,0.662,15.93,0.713,0.851,19.27,,,,,,,,,,0.005,0.005,5.74,,,,,,
EQ-0232,2026-04-11 00:00:00,避雷器,亦庄110kV变电站,0.537,0.627,16.81,0.675,0.805,19.32,,,,,,,,,,,,,,,,,,
EQ-0162,2026-04-11 00:00:00,隔离开关,苏州工业园220kV变电站,0.555,0.599,7.97,0.706,0.7,-0.85,,,,,,,,,,,,,,,,,,
EQ-0261,2026-04-08 00:00:00,断路器,天津滨海220kV变电站,0.599,0.632,5.55,0.743,0.742,-0.13,,,,,,,9822.667,8147.0,-17.06,,,,,,,0.471,0.494,4.96
EQ-0393,2026-04-11 00:00:00,GIS组合电器,重庆两江220kV变电站,0.569,0.616,8.34,0.721,0.742,2.83,51.167,64.2,25.47,66.3,83.4,25.79,9067.0,11008.0,21.41,,,,9.933,13.8,38.93,0.483,0.511,5.72
EQ-0049,2026-04-11 00:00:00,断路器,松山湖220kV变电站,0.483,0.516,6.88,0.572,0.664,16.16,,,,,,,11115.667,12039.0,8.31,,,,,,,0.451,0.487,7.9
EQ-0141,2026-04-11 00:00:00,电容器组,临港110kV变电站,0.521,0.605,16.12,0.64,0.708,10.63,,,,,,,,,,0.004,0.005,5.96,,,,,,
EQ-0247,2026-04-11 00:00:00,电容器组,通州35kV变电站,0.544,0.624,14.53,0.67,0.822,22.66,,,,,,,,,,0.005,0.006,27.26,,,,,,
EQ-0037,2026-04-11 00:00:00,GIS组合电器,龙华220kV变电站,0.525,0.572,8.92,0.655,0.676,3.16,56.167,67.9,20.89,72.0,81.2,12.78,6132.667,11634.0,89.71,,,,11.767,7.5,-36.26,0.478,0.455,-4.75
EQ-0082,2026-04-11 00:00:00,避雷器,南沙110kV变电站,0.598,0.656,9.7,0.763,0.866,13.54,,,,,,,,,,,,,,,,,,
EQ-0274,2026-04-11 00:00:00,避雷器,天津滨海220kV变电站,0.578,0.664,14.88,0.743,0.825,11.08,,,,,,,,,,,,,,,,,,
EQ-0135,2026-04-11 00:00:00,断路器,临港110kV变电站,0.501,0.562,12.05,0.604,0.699,15.79,,,,,,,10597.0,7938.0,-25.09,,,,,,,0.515,0.485,-5.83
EQ-0035,2026-04-23 00:00:00,GIS组合电器,龙华220kV变电站,0.521,0.559,7.43,0.633,0.699,10.5,56.367,65.8,16.74,71.667,81.9,14.28,8138.667,9966.0,22.45,,,,6.033,3.3,-45.3,0.49,0.489,-0.27
EQ-0065,2026-04-11 00:00:00,GIS组合电器,松山湖220kV变电站,0.517,0.557,7.62,0.658,0.665,1.07,54.733,69.9,27.71,70.4,85.8,21.88,10055.333,10580.0,5.22,,,,6.667,4.0,-40.0,0.517,0.49,-5.22
EQ-0001,2026-04-11 00:00:00,电力变压器,龙华220kV变电站,0.481,0.542,12.83,0.584,0.672,14.95,59.1,69.3,17.26,73.5,86.0,17.01,8844.333,10953.0,23.84,0.004,0.003,-23.17,9.9,12.6,27.27,,,
EQ-0120,2026-04-12 00:00:00,隔离开关,张江110kV变电站,0.463,0.515,11.3,0.594,0.664,11.7,,,,,,,,,,,,,,,,,,
EQ-0246,2026-04-12 00:00:00,隔离开关,通州35kV变电站,0.562,0.662,17.83,0.668,0.89,33.17,,,,,,,,,,,,,,,,,,
EQ-0252,2026-04-12 00:00:00,电力变压器,天津滨海220kV变电站,0.468,0.52,11.18,0.58,0.672,15.72,47.8,58.7,22.8,61.833,71.3,15.31,8893.333,11902.0,33.83,0.003,0.005,74.75,5.867,3.1,-47.16,,,
EQ-0395,2026-04-12 00:00:00,电力变压器,成都高新35kV变电站,0.477,0.525,10.1,0.613,0.697,13.61,48.467,64.1,32.26,63.9,76.9,20.34,9910.0,8652.0,-12.69,0.004,0.005,34.17,4.933,12.5,153.38,,,
EQ-0165,2026-04-12 00:00:00,隔离开关,苏州工业园220kV变电站,0.581,0.63,8.38,0.728,0.726,-0.28,,,,,,,,,,,,,,,,,,
EQ-0314,2026-04-18 00:00:00,电力变压器,江夏35kV变电站,0.556,0.619,11.29,0.708,0.736,4.01,53.1,65.7,23.73,69.067,85.5,23.79,7716.333,11343.0,47.0,0.005,0.007,43.48,10.667,6.5,-39.06,,,
EQ-0266,2026-04-12 00:00:00,隔离开关,天津滨海220kV变电站,0.436,0.498,14.24,0.56,0.659,17.59,,,,,,,,,,,,,,,,,,
EQ-0217,2026-04-12 00:00:00,电力变压器,亦庄110kV变电站,0.573,0.694,21.24,0.725,0.91,25.59,49.233,67.6,37.31,63.5,87.4,37.64,9518.333,9776.0,2.71,0.003,0.003,-10.73,9.767,4.1,-58.02,,,
EQ-0313,2026-04-12 00:00:00,GIS组合电器,武昌110kV变电站,0.634,0.623,-1.66,0.771,0.791,2.51,53.733,62.7,16.69,73.167,79.5,8.66,8200.0,7146.0,-12.85,,,,10.367,4.1,-60.45,0.505,0.493,-2.44
EQ-0151,2026-04-12 00:00:00,电力变压器,苏州工业园220kV变电站,0.455,0.522,14.74,0.573,0.608,6.2,49.033,64.4,31.34,64.967,81.2,24.99,8390.0,8820.0,5.13,0.006,0.003,-41.33,8.4,3.4,-59.52,,,
EQ-0185,2026-04-12 00:00:00,断路器,杭州滨江110kV变电站,0.566,0.689,21.72,0.716,0.875,22.29,,,,,,,8220.333,9991.0,21.54,,,,,,,0.457,0.471,3.14
EQ-0033,2026-04-12 00:00:00,避雷器,龙华220kV变电站,0.567,0.644,13.5,0.737,0.841,14.17,,,,,,,,,,,,,,,,,,
EQ-0262,2026-04-12 00:00:00,断路器,天津滨海220kV变电站,0.511,0.557,9.08,0.62,0.736,18.57,,,,,,,9705.333,12948.0,33.41,,,,,,,0.501,0.443,-11.64
EQ-0148,2026-04-12 00:00:00,电力变压器,苏州工业园220kV变电站,0.566,0.614,8.65,0.683,0.799,17.01,51.767,66.4,28.27,68.433,81.3,18.8,10198.333,10003.0,-1.92,0.005,0.005,-2.75,13.6,5.1,-62.5,,,
EQ-0258,2026-04-07 00:00:00,断路器,天津滨海220kV变电站,0.488,0.504,3.43,0.614,0.66,7.58,,,,,,,9744.667,6759.0,-30.64,,,,,,,0.476,0.519,9.11
EQ-0231,2026-04-12 00:00:00,避雷器,亦庄110kV变电站,0.492,0.523,6.31,0.624,0.692,10.98,,,,,,,,,,,,,,,,,,
EQ-0339,2026-04-29 00:00:00,电容器组,长沙星沙110kV变电站,0.563,0.597,6.01,0.7,0.798,13.94,,,,,,,,,,0.003,0.004,39.15,,,,,,
EQ-0424,2026-04-13 00:00:00,避雷器,沈阳浑南110kV变电站,0.494,0.551,11.5,0.618,0.663,7.21,,,,,,,,,,,,,,,,,,
EQ-0309,2026-04-13 00:00:00,避雷器,武昌110kV变电站,0.541,0.589,8.97,0.682,0.727,6.51,,,,,,,,,,,,,,,,,,
EQ-0146,2026-04-13 00:00:00,避雷器,临港110kV变电站,0.454,0.496,9.35,0.56,0.652,16.41,,,,,,,,,,,,,,,,,,
EQ-0150,2026-04-13 00:00:00,电力变压器,苏州工业园220kV变电站,0.49,0.608,24.0,0.598,0.733,22.53,50.633,59.0,16.52,69.033,74.3,7.63,10516.667,11539.0,9.72,0.004,0.005,8.33,5.633,9.4,66.86,,,
EQ-0409,2026-04-13 00:00:00,电力变压器,沈阳浑南110kV变电站,0.574,0.712,23.97,0.707,0.884,25.11,47.167,57.4,21.7,63.1,75.7,19.97,8508.0,8115.0,-4.62,0.005,0.004,-18.22,10.9,3.4,-68.81,,,
EQ-0195,2026-04-13 00:00:00,电容器组,杭州滨江110kV变电站,0.554,0.557,0.57,0.681,0.713,4.69,,,,,,,,,,0.005,0.004,-22.21,,,,,,
EQ-0025,2026-04-13 00:00:00,电容器组,龙华220kV变电站,0.583,0.662,13.45,0.705,0.857,21.64,,,,,,,,,,0.006,0.003,-42.76,,,,,,
EQ-0408,2026-04-13 00:00:00,电力变压器,沈阳浑南110kV变电站,0.581,0.581,0.01,0.724,0.694,-4.17,43.867,61.3,39.74,59.4,74.0,24.58,7527.667,6896.0,-8.39,0.006,0.004,-32.49,11.733,3.8,-67.61,,,
EQ-0435,2026-04-13 00:00:00,电容器组,大连开发区35kV变电站,0.49,0.556,13.53,0.606,0.72,18.82,,,,,,,,,,0.005,0.004,-20.28,,,,,,
EQ-0400,2026-04-13 00:00:00,隔离开关,成都高新35kV变电站,0.544,0.614,12.71,0.644,0.742,15.12,,,,,,,,,,,,,,,,,,
EQ-0291,2026-04-13 00:00:00,电容器组,石家庄高新35kV变电站,0.575,0.688,19.59,0.74,0.807,9.09,,,,,,,,,,0.004,0.004,-1.32,,,,,,
EQ-0415,2026-04-07 00:00:00,断路器,沈阳浑南110kV变电站,0.446,0.528,18.4,0.591,0.663,12.12,,,,,,,9490.667,10741.0,13.17,,,,,,,0.478,0.474,-0.84
EQ-0243,2026-04-13 00:00:00,断路器,通州35kV变电站,0.461,0.531,15.14,0.561,0.67,19.48,,,,,,,8075.333,6329.0,-21.63,,,,,,,0.508,0.475,-6.43
EQ-0422,2026-04-13 22:58:00,避雷器,沈阳浑南110kV变电站,0.572,0.653,14.3,0.716,0.829,15.78,,,,,,,,,,,,,,,,,,
EQ-0113,2026-04-14 00:00:00,断路器,张江110kV变电站,0.582,0.656,12.81,0.718,0.786,9.61,,,,,,,10841.0,9818.0,-9.44,,,,,,,0.483,0.465,-3.66
EQ-0017,2026-04-14 00:00:00,隔离开关,龙华220kV变电站,0.56,0.705,26.04,0.7,0.915,30.71,,,,,,,,,,,,,,,,,,
EQ-0206,2026-04-14 00:00:00,断路器,昆山35kV变电站,0.581,0.613,5.58,0.698,0.781,11.91,,,,,,,6931.0,7217.0,4.13,,,,,,,0.485,0.478,-1.51
EQ-0437,2026-04-14 00:00:00,避雷器,大连开发区35kV变电站,0.467,0.524,12.26,0.599,0.665,11.06,,,,,,,,,,,,,,,,,,
EQ-0081,2026-04-14 00:00:00,电容器组,南沙110kV变电站,0.538,0.591,9.89,0.708,0.739,4.41,,,,,,,,,,0.004,0.004,-1.47,,,,,,
EQ-0179,2026-04-14 00:00:00,GIS组合电器,苏州工业园220kV变电站,0.525,0.624,18.88,0.653,0.841,28.8,50.633,65.8,29.95,65.4,81.3,24.31,7121.333,10714.0,50.45,,,,14.133,14.8,4.72,0.466,0.538,15.45
EQ-0121,2026-04-14 00:00:00,电容器组,张江110kV变电站,0.579,0.64,10.47,0.714,0.794,11.18,,,,,,,,,,0.004,0.004,-5.85,,,,,,
EQ-0275,2026-04-14 00:00:00,避雷器,天津滨海220kV变电站,0.622,0.651,4.68,0.768,0.871,13.45,,,,,,,,,,,,,,,,,,
EQ-0012,2026-04-14 00:00:00,断路器,龙华220kV变电站,0.558,0.66,18.23,0.715,0.881,23.2,,,,,,,9911.333,7435.0,-24.98,,,,,,,0.456,0.496,8.69
EQ-0240,2026-04-14 00:00:00,断路器,通州35kV变电站,0.514,0.581,13.07,0.641,0.709,10.7,,,,,,,8988.0,7629.0,-15.12,,,,,,,0.503,0.48,-4.64
EQ-0241,2026-04-14 00:00:00,断路器,通州35kV变电站,0.485,0.518,6.71,0.608,0.599,-1.5,,,,,,,8035.0,10842.0,34.93,,,,,,,0.482,0.494,2.56
EQ-0293,2026-04-19 00:00:00,避雷器,石家庄高新35kV变电站,0.523,0.578,10.6,0.656,0.676,3.15,,,,,,,,,,,,,,,,,,
EQ-0315,2026-04-14 00:00:00,电力变压器,江夏35kV变电站,0.59,0.692,17.28,0.741,0.861,16.24,53.067,63.9,20.41,72.067,86.5,20.03,7570.333,6947.0,-8.23,0.004,0.005,2.57,8.6,6.7,-22.09,,,
EQ-0057,2026-04-14 00:00:00,电容器组,松山湖220kV变电站,0.583,0.685,17.35,0.735,0.842,14.48,,,,,,,,,,0.003,0.005,46.63,,,,,,
EQ-0331,2026-04-15 00:00:00,断路器,长沙星沙110kV变电站,0.46,0.503,9.14,0.582,0.583,0.14,,,,,,,10487.333,9984.0,-4.8,,,,,,,0.468,0.482,2.92
EQ-0048,2026-04-15 00:00:00,断路器,松山湖220kV变电站,0.525,0.596,13.57,0.672,0.803,19.46,,,,,,,8665.333,8120.0,-6.29,,,,,,,0.489,0.508,3.96
EQ-0128,2026-04-15 00:00:00,GIS组合电器,张江110kV变电站,0.547,0.606,10.69,0.695,0.735,5.75,53.0,65.9,24.34,69.2,82.3,18.93,7833.0,10070.0,28.56,,,,10.333,10.1,-2.26,0.474,0.506,6.75
EQ-0098,2026-04-15 00:00:00,隔离开关,前海110kV变电站,0.503,0.58,15.38,0.645,0.674,4.55,,,,,,,,,,,,,,,,,,
EQ-0333,2026-04-15 00:00:00,断路器,长沙星沙110kV变电站,0.573,0.612,6.72,0.707,0.725,2.52,,,,,,,10016.0,12643.0,26.23,,,,,,,0.47,0.494,5.03
EQ-0118,2026-04-15 00:00:00,隔离开关,张江110kV变电站,0.585,0.684,16.95,0.732,0.92,25.69,,,,,,,,,,,,,,,,,,
EQ-0147,2026-04-15 00:00:00,GIS组合电器,临港110kV变电站,0.467,0.515,10.27,0.581,0.642,10.42,47.767,64.5,35.03,63.333,81.2,28.21,9444.667,12523.0,32.59,,,,6.867,11.6,68.93,0.518,0.517,-0.26
EQ-0272,2026-04-15 00:00:00,电容器组,天津滨海220kV变电站,0.526,0.603,14.59,0.65,0.807,24.3,,,,,,,,,,0.005,0.005,4.08,,,,,,
EQ-0188,2026-04-15 00:00:00,断路器,杭州滨江110kV变电站,0.609,0.646,6.04,0.758,0.855,12.81,,,,,,,8302.333,9382.0,13.0,,,,,,,0.489,0.463,-5.32
EQ-0290,2026-04-15 00:00:00,电容器组,石家庄高新35kV变电站,0.555,0.598,7.82,0.695,0.7,0.71,,,,,,,,,,0.003,0.004,21.14,,,,,,
EQ-0091,2026-04-15 00:00:00,断路器,前海110kV变电站,0.609,0.664,9.15,0.745,0.81,8.85,,,,,,,10761.0,12364.0,14.9,,,,,,,0.516,0.547,6.08
EQ-0248,2026-04-15 00:00:00,电容器组,通州35kV变电站,0.438,0.493,12.56,0.531,0.645,21.61,,,,,,,,,,0.004,0.003,-9.32,,,,,,
EQ-0300,2026-04-15 00:00:00,断路器,武昌110kV变电站,0.57,0.621,9.03,0.71,0.756,6.4,,,,,,,10402.333,8957.0,-13.89,,,,,,,0.474,0.471,-0.56
EQ-0369,2026-04-15 00:00:00,断路器,重庆两江220kV变电站,0.503,0.582,15.87,0.614,0.71,15.54,,,,,,,9840.333,8570.0,-12.91,,,,,,,0.484,0.478,-1.24
EQ-0253,2026-04-15 00:00:00,电力变压器,天津滨海220kV变电站,0.444,0.527,18.62,0.565,0.678,20.09,43.0,58.0,34.88,58.667,78.1,33.12,8997.0,10411.0,15.72,0.004,0.004,0.6,9.867,10.6,7.43,,,
EQ-0110,2026-04-15 00:00:00,断路器,张江110kV变电站,0.447,0.527,17.83,0.54,0.645,19.32,,,,,,,8445.667,7448.0,-11.81,,,,,,,0.47,0.529,12.55
EQ-0327,2026-04-15 00:00:00,电力变压器,长沙星沙110kV变电站,0.452,0.49,8.4,0.571,0.654,14.56,49.533,61.1,23.35,65.0,75.9,16.77,10446.333,10282.0,-1.57,0.005,0.007,28.52,9.733,1.5,-84.59,,,
EQ-0019,2026-04-18 00:00:00,隔离开关,龙华220kV变电站,0.548,0.722,31.91,0.684,0.844,23.45,,,,,,,,,,,,,,,,,,
EQ-0041,2026-04-16 00:00:00,电力变压器,松山湖220kV变电站,0.478,0.565,18.21,0.618,0.666,7.81,57.933,67.8,17.03,72.067,89.1,23.64,7507.0,6775.0,-9.75,0.004,0.007,69.75,14.033,7.2,-48.69,,,
EQ-0420,2026-04-16 00:00:00,电容器组,沈阳浑南110kV变电站,0.517,0.565,9.26,0.627,0.703,12.21,,,,,,,,,,0.004,0.004,-1.21,,,,,,
EQ-0276,2026-04-16 00:00:00,避雷器,天津滨海220kV变电站,0.516,0.516,-0.01,0.672,0.657,-2.27,,,,,,,,,,,,,,,,,,
EQ-0301,2026-04-22 00:00:00,断路器,武昌110kV变电站,0.428,0.554,29.43,0.526,0.703,33.6,,,,,,,6716.333,11108.0,65.39,,,,,,,0.472,0.481,1.98
EQ-0439,2026-04-16 00:00:00,避雷器,大连开发区35kV变电站,0.5,0.497,-0.52,0.626,0.666,6.35,,,,,,,,,,,,,,,,,,
EQ-0254,2026-04-16 00:00:00,电力变压器,天津滨海220kV变电站,0.593,0.646,8.87,0.751,0.849,13.0,49.333,69.0,39.86,64.833,86.4,33.26,9046.333,8726.0,-3.54,0.005,0.006,36.52,5.633,4.7,-16.57,,,
EQ-0256,2026-04-16 00:00:00,断路器,天津滨海220kV变电站,0.455,0.5,10.09,0.565,0.672,18.88,,,,,,,10130.333,10793.0,6.54,,,,,,,0.459,0.458,-0.15
EQ-0088,2026-04-16 00:00:00,电力变压器,前海110kV变电站,0.467,0.52,11.33,0.558,0.617,10.59,53.3,64.5,21.01,68.633,80.8,17.73,11131.667,12063.0,8.37,0.003,0.005,52.1,10.0,12.4,24.0,,,
EQ-0311,2026-04-16 00:00:00,避雷器,武昌110kV变电站,0.607,0.685,12.87,0.756,0.912,20.7,,,,,,,,,,,,,,,,,,
EQ-0397,2026-04-16 00:00:00,断路器,成都高新35kV变电站,0.531,0.588,10.72,0.706,0.729,3.21,,,,,,,9506.333,8228.0,-13.45,,,,,,,0.491,0.514,4.61
EQ-0112,2026-04-17 00:00:00,断路器,张江110kV变电站,0.512,0.532,3.89,0.679,0.647,-4.64,,,,,,,10373.667,7437.0,-28.31,,,,,,,0.451,0.473,4.96
EQ-0094,2026-04-17 00:00:00,断路器,前海110kV变电站,0.474,0.564,18.84,0.609,0.732,20.28,,,,,,,8884.333,8983.0,1.11,,,,,,,0.486,0.473,-2.67
EQ-0205,2026-04-17 00:00:00,断路器,昆山35kV变电站,0.45,0.489,8.82,0.573,0.586,2.33,,,,,,,8445.333,7387.0,-12.53,,,,,,,0.496,0.441,-11.15
EQ-0352,2026-04-17 00:00:00,断路器,武侯110kV变电站,0.54,0.7,29.82,0.701,0.851,21.5,,,,,,,9639.333,11868.0,23.12,,,,,,,0.474,0.534,12.74
EQ-0351,2026-04-17 00:00:00,断路器,武侯110kV变电站,0.514,0.484,-5.84,0.639,0.558,-12.77,,,,,,,11112.0,8047.0,-27.58,,,,,,,0.492,0.461,-6.36
EQ-0360,2026-04-17 00:00:00,避雷器,武侯110kV变电站,0.562,0.591,5.12,0.738,0.747,1.16,,,,,,,,,,,,,,,,,,
EQ-0229,2026-04-17 00:00:00,电容器组,亦庄110kV变电站,0.586,0.638,9.02,0.744,0.769,3.42,,,,,,,,,,0.004,0.005,40.5,,,,,,
EQ-0216,2026-04-17 00:00:00,电力变压器,亦庄110kV变电站,0.624,0.638,2.16,0.76,0.744,-2.01,50.533,61.9,22.49,68.067,80.7,18.56,9514.333,10008.0,5.19,0.005,0.003,-43.34,6.833,3.0,-56.1,,,
EQ-0379,2026-04-17 00:00:00,隔离开关,重庆两江220kV变电站,0.501,0.532,6.3,0.611,0.676,10.68,,,,,,,,,,,,,,,,,,
EQ-0329,2026-04-17 00:00:00,电力变压器,长沙星沙110kV变电站,0.504,0.542,7.67,0.654,0.672,2.84,49.033,58.4,19.1,65.333,70.9,8.52,8846.333,10828.0,22.4,0.004,0.003,-17.44,2.967,5.1,71.91,,,
EQ-0072,2026-04-17 00:00:00,断路器,南沙110kV变电站,0.536,0.609,13.79,0.654,0.725,10.86,,,,,,,9721.0,10739.0,10.47,,,,,,,0.462,0.509,10.17
EQ-0381,2026-04-17 00:00:00,隔离开关,重庆两江220kV变电站,0.592,0.625,5.58,0.744,0.721,-3.18,,,,,,,,,,,,,,,,,,
EQ-0122,2026-04-17 00:00:00,电容器组,张江110kV变电站,0.499,0.526,5.53,0.645,0.629,-2.48,,,,,,,,,,0.005,0.006,39.19,,,,,,
EQ-0342,2026-04-17 00:00:00,避雷器,长沙星沙110kV变电站,0.462,0.508,9.94,0.576,0.594,3.12,,,,,,,,,,,,,,,,,,
EQ-0346,2026-04-17 00:00:00,电力变压器,武侯110kV变电站,0.491,0.51,4.01,0.609,0.638,4.75,45.8,65.5,43.01,61.267,82.7,34.98,10092.0,8808.0,-12.72,0.004,0.003,-24.22,10.367,15.6,50.48,,,
EQ-0403,2026-04-17 00:00:00,电容器组,成都高新35kV变电站,0.436,0.467,7.1,0.52,0.591,13.49,,,,,,,,,,0.005,0.004,-8.94,,,,,,
EQ-0402,2026-04-16 00:00:00,隔离开关,成都高新35kV变电站,0.564,0.615,9.05,0.691,0.767,11.04,,,,,,,,,,,,,,,,,,
EQ-0181,2026-04-18 00:00:00,GIS组合电器,苏州工业园220kV变电站,0.512,0.554,8.29,0.614,0.739,20.4,47.7,67.2,40.88,61.4,81.5,32.74,10686.333,7607.0,-28.82,,,,9.833,10.0,1.69,0.472,0.453,-4.09
EQ-0399,2026-04-18 00:00:00,断路器,成都高新35kV变电站,0.602,0.643,6.88,0.779,0.833,6.98,,,,,,,10228.333,11752.0,14.9,,,,,,,0.489,0.48,-1.91
EQ-0052,2026-04-18 00:00:00,隔离开关,松山湖220kV变电站,0.535,0.516,-3.65,0.631,0.655,3.72,,,,,,,,,,,,,,,,,,
EQ-0157,2026-04-18 00:00:00,断路器,苏州工业园220kV变电站,0.6,0.636,5.94,0.789,0.847,7.25,,,,,,,8121.333,8451.0,4.06,,,,,,,0.456,0.514,12.64
EQ-0174,2026-04-29 00:00:00,避雷器,苏州工业园220kV变电站,0.476,0.592,24.31,0.616,0.742,20.41,,,,,,,,,,,,,,,,,,
EQ-0319,2026-04-18 00:00:00,隔离开关,江夏35kV变电站,0.468,0.511,9.2,0.591,0.605,2.49,,,,,,,,,,,,,,,,,,
EQ-0335,2026-04-18 00:00:00,隔离开关,长沙星沙110kV变电站,0.587,0.68,15.68,0.732,0.784,7.03,,,,,,,,,,,,,,,,,,
EQ-0245,2026-04-18 00:00:00,隔离开关,通州35kV变电站,0.557,0.6,7.72,0.695,0.71,2.26,,,,,,,,,,,,,,,,,,
EQ-0183,2026-04-18 00:00:00,电力变压器,杭州滨江110kV变电站,0.453,0.498,9.98,0.566,0.604,6.65,48.167,58.9,22.28,61.4,72.5,18.08,9623.0,8804.0,-8.51,0.003,0.004,21.52,7.9,2.3,-70.89,,,
EQ-0182,2026-04-18 00:00:00,电力变压器,杭州滨江110kV变电站,0.523,0.541,3.51,0.647,0.694,7.27,49.967,64.4,28.89,66.267,81.5,22.99,7888.333,8971.0,13.72,0.004,0.004,8.84,10.733,10.6,-1.24,,,
EQ-0211,2026-04-18 00:00:00,电容器组,昆山35kV变电站,0.46,0.516,12.17,0.589,0.663,12.68,,,,,,,,,,0.004,0.004,-6.63,,,,,,
EQ-0413,2026-04-19 00:00:00,断路器,沈阳浑南110kV变电站,0.51,0.535,5.04,0.676,0.638,-5.63,,,,,,,7730.0,9852.0,27.45,,,,,,,0.47,0.456,-2.98
EQ-0343,2026-04-13 00:00:00,避雷器,长沙星沙110kV变电站,0.551,0.582,5.71,0.668,0.722,8.05,,,,,,,,,,,,,,,,,,
EQ-0233,2026-04-19 00:00:00,避雷器,亦庄110kV变电站,0.607,0.709,16.72,0.752,0.893,18.69,,,,,,,,,,,,,,,,,,
EQ-0438,2026-04-19 00:00:00,避雷器,大连开发区35kV变电站,0.504,0.604,19.76,0.598,0.708,18.26,,,,,,,,,,,,,,,,,,
EQ-0218,2026-04-19 00:00:00,断路器,亦庄110kV变电站,0.561,0.551,-1.76,0.688,0.723,5.15,,,,,,,8759.667,11332.0,29.37,,,,,,,0.514,0.454,-11.62
EQ-0434,2026-04-19 00:00:00,隔离开关,大连开发区35kV变电站,0.482,0.526,9.17,0.598,0.659,10.22,,,,,,,,,,,,,,,,,,
EQ-0210,2026-04-19 00:00:00,电容器组,昆山35kV变电站,0.563,0.641,13.76,0.703,0.84,19.48,,,,,,,,,,0.006,0.005,-8.49,,,,,,
EQ-0018,2026-04-19 00:00:00,隔离开关,龙华220kV变电站,0.462,0.499,7.96,0.572,0.616,7.62,,,,,,,,,,,,,,,,,,
EQ-0417,2026-04-19 00:00:00,隔离开关,沈阳浑南110kV变电站,0.448,0.57,27.2,0.586,0.711,21.29,,,,,,,,,,,,,,,,,,
EQ-0111,2026-04-27 00:00:00,断路器,张江110kV变电站,0.545,0.616,12.94,0.652,0.724,11.01,,,,,,,8075.0,8238.0,2.02,,,,,,,0.495,0.45,-9.09
EQ-0140,2026-04-19 00:00:00,隔离开关,临港110kV变电站,0.476,0.528,11.02,0.594,0.66,11.1,,,,,,,,,,,,,,,,,,
EQ-0040,2026-04-28 00:00:00,电力变压器,松山湖220kV变电站,0.591,0.628,6.24,0.737,0.831,12.8,61.4,77.3,25.9,78.1,94.8,21.38,7892.667,9019.0,14.27,0.006,0.006,8.19,7.933,16.4,106.72,,,
EQ-0305,2026-04-19 00:00:00,隔离开关,武昌110kV变电站,0.454,0.472,3.93,0.558,0.563,0.76,,,,,,,,,,,,,,,,,,
EQ-0209,2026-04-16 00:00:00,隔离开关,昆山35kV变电站,0.495,0.54,9.02,0.631,0.692,9.71,,,,,,,,,,,,,,,,,,
EQ-0296,2026-04-24 00:00:00,电力变压器,武昌110kV变电站,0.56,0.573,2.27,0.698,0.766,9.78,53.667,66.4,23.73,71.367,82.9,16.16,10099.667,7985.0,-20.94,0.006,0.005,-14.34,10.067,18.9,87.75,,,
EQ-0187,2026-04-20 00:00:00,断路器,杭州滨江110kV变电站,0.622,0.654,5.26,0.784,0.782,-0.22,,,,,,,8214.667,12807.0,55.9,,,,,,,0.51,0.512,0.39
EQ-0116,2026-04-20 00:00:00,隔离开关,张江110kV变电站,0.558,0.604,8.14,0.701,0.76,8.39,,,,,,,,,,,,,,,,,,
EQ-0095,2026-04-20 00:00:00,隔离开关,前海110kV变电站,0.534,0.615,15.31,0.664,0.746,12.42,,,,,,,,,,,,,,,,,,
EQ-0013,2026-04-20 00:00:00,断路器,龙华220kV变电站,0.582,0.684,17.4,0.743,0.813,9.42,,,,,,,6956.0,7219.0,3.78,,,,,,,0.469,0.448,-4.41
EQ-0391,2026-04-20 00:00:00,避雷器,重庆两江220kV变电站,0.476,0.594,24.87,0.571,0.714,25.02,,,,,,,,,,,,,,,,,,
EQ-0378,2026-04-20 00:00:00,隔离开关,重庆两江220kV变电站,0.457,0.502,9.91,0.572,0.662,15.68,,,,,,,,,,,,,,,,,,
EQ-0225,2026-04-20 00:00:00,隔离开关,亦庄110kV变电站,0.502,0.52,3.41,0.662,0.679,2.57,,,,,,,,,,,,,,,,,,
EQ-0375,2026-04-20 00:00:00,断路器,重庆两江220kV变电站,0.618,0.624,0.85,0.775,0.808,4.22,,,,,,,10398.0,7431.0,-28.53,,,,,,,0.458,0.469,2.4
EQ-0159,2026-04-20 00:00:00,断路器,苏州工业园220kV变电站,0.585,0.672,14.91,0.724,0.883,21.98,,,,,,,8671.667,8053.0,-7.13,,,,,,,0.467,0.451,-3.5
EQ-0263,2026-04-21 00:00:00,断路器,天津滨海220kV变电站,0.566,0.642,13.35,0.728,0.764,4.94,,,,,,,8113.0,9402.0,15.89,,,,,,,0.482,0.481,-0.21
EQ-0304,2026-04-21 00:00:00,隔离开关,武昌110kV变电站,0.53,0.57,7.68,0.68,0.76,11.78,,,,,,,,,,,,,,,,,,
EQ-0114,2026-04-21 00:00:00,断路器,张江110kV变电站,0.62,0.689,11.11,0.769,0.906,17.83,,,,,,,10216.667,7697.0,-24.66,,,,,,,0.494,0.493,-0.27
EQ-0080,2026-04-21 00:00:00,电容器组,南沙110kV变电站,0.547,0.638,16.77,0.653,0.769,17.73,,,,,,,,,,0.006,0.004,-36.72,,,,,,
EQ-0363,2026-04-21 00:00:00,避雷器,武侯110kV变电站,0.457,0.477,4.4,0.553,0.591,6.96,,,,,,,,,,,,,,,,,,
EQ-0414,2026-04-21 00:00:00,断路器,沈阳浑南110kV变电站,0.515,0.603,17.16,0.631,0.775,22.93,,,,,,,8740.333,10557.0,20.78,,,,,,,0.51,0.477,-6.47
EQ-0044,2026-04-21 00:00:00,断路器,松山湖220kV变电站,0.52,0.619,19.12,0.66,0.82,24.3,,,,,,,9308.333,8148.0,-12.47,,,,,,,0.466,0.522,11.94
EQ-0166,2026-04-16 00:00:00,隔离开关,苏州工业园220kV变电站,0.46,0.518,12.55,0.583,0.604,3.63,,,,,,,,,,,,,,,,,,
EQ-0173,2026-04-21 00:00:00,避雷器,苏州工业园220kV变电站,0.47,0.503,6.97,0.582,0.651,11.73,,,,,,,,,,,,,,,,,,
EQ-0161,2026-04-21 00:00:00,断路器,苏州工业园220kV变电站,0.444,0.477,7.41,0.545,0.568,4.32,,,,,,,9540.333,8703.0,-8.78,,,,,,,0.481,0.47,-2.29
EQ-0383,2026-04-21 00:00:00,电容器组,重庆两江220kV变电站,0.423,0.535,26.47,0.518,0.665,28.47,,,,,,,,,,0.003,0.005,59.96,,,,,,
EQ-0237,2026-04-21 00:00:00,GIS组合电器,亦庄110kV变电站,0.574,0.69,20.26,0.725,0.875,20.77,47.5,65.3,37.47,63.233,87.6,38.53,9007.0,9135.0,1.42,,,,13.2,10.3,-21.97,0.486,0.515,5.89
EQ-0060,2026-04-21 00:00:00,避雷器,松山湖220kV变电站,0.469,0.565,20.64,0.609,0.663,8.76,,,,,,,,,,,,,,,,,,
EQ-0011,2026-04-14 00:00:00,断路器,龙华220kV变电站,0.45,0.48,6.48,0.575,0.593,3.12,,,,,,,9115.333,8942.0,-1.9,,,,,,,0.458,0.437,-4.59
EQ-0046,2026-04-22 00:00:00,断路器,松山湖220kV变电站,0.594,0.629,5.93,0.77,0.817,6.08,,,,,,,11115.667,7452.0,-32.96,,,,,,,0.472,0.469,-0.71
EQ-0320,2026-04-22 00:00:00,隔离开关,江夏35kV变电站,0.445,0.45,1.0,0.569,0.557,-2.11,,,,,,,,,,,,,,,,,,
EQ-0154,2026-04-22 00:00:00,断路器,苏州工业园220kV变电站,0.53,0.582,9.8,0.678,0.754,11.31,,,,,,,11359.0,7347.0,-35.32,,,,,,,0.473,0.449,-5.01
EQ-0055,2026-04-22 00:00:00,隔离开关,松山湖220kV变电站,0.508,0.528,4.08,0.649,0.707,8.94,,,,,,,,,,,,,,,,,,
EQ-0284,2026-04-22 00:00:00,断路器,石家庄高新35kV变电站,0.479,0.52,8.74,0.609,0.66,8.38,,,,,,,8771.0,10947.0,24.81,,,,,,,0.506,0.441,-12.9
EQ-0392,2026-04-22 00:00:00,GIS组合电器,重庆两江220kV变电站,0.459,0.502,9.37,0.571,0.613,7.33,49.467,62.9,27.16,63.433,79.7,25.64,9693.667,11223.0,15.78,,,,7.867,2.9,-63.14,0.496,0.487,-1.75
EQ-0180,2026-04-22 00:00:00,GIS组合电器,苏州工业园220kV变电站,0.436,0.441,0.98,0.554,0.591,6.69,49.033,67.0,36.64,66.5,81.0,21.8,7775.0,7958.0,2.35,,,,5.867,2.9,-50.57,0.509,0.531,4.32
EQ-0008,2026-04-22 00:00:00,断路器,龙华220kV变电站,0.45,0.525,16.67,0.579,0.671,16.0,,,,,,,7844.333,6937.0,-11.57,,,,,,,0.491,0.468,-4.75
EQ-0388,2026-04-22 00:00:00,避雷器,重庆两江220kV变电站,0.586,0.633,8.07,0.752,0.746,-0.71,,,,,,,,,,,,,,,,,,
EQ-0121,2026-04-22 11:41:00,电容器组,张江110kV变电站,0.579,0.64,10.47,0.714,0.794,11.18,,,,,,,,,,0.004,0.004,-5.85,,,,,,
EQ-0399,2026-04-22 23:04:00,断路器,成都高新35kV变电站,0.602,0.643,6.88,0.779,0.833,6.98,,,,,,,10228.333,11752.0,14.9,,,,,,,0.489,0.48,-1.91
EQ-0043,2026-04-18 00:00:00,断路器,松山湖220kV变电站,0.449,0.45,0.33,0.575,0.536,-6.75,,,,,,,11046.0,7348.0,-33.48,,,,,,,0.516,0.478,-7.42
EQ-0235,2026-04-23 00:00:00,避雷器,亦庄110kV变电站,0.464,0.485,4.61,0.594,0.617,3.84,,,,,,,,,,,,,,,,,,
EQ-0390,2026-04-23 00:00:00,避雷器,重庆两江220kV变电站,0.45,0.511,13.76,0.556,0.685,23.08,,,,,,,,,,,,,,,,,,
EQ-0143,2026-04-23 00:00:00,避雷器,临港110kV变电站,0.617,0.684,10.88,0.787,0.823,4.58,,,,,,,,,,,,,,,,,,
EQ-0023,2026-04-18 00:00:00,隔离开关,龙华220kV变电站,0.573,0.646,12.65,0.713,0.803,12.62,,,,,,,,,,,,,,,,,,
EQ-0030,2026-04-23 00:00:00,避雷器,龙华220kV变电站,0.541,0.628,15.98,0.68,0.837,23.11,,,,,,,,,,,,,,,,,,
EQ-0432,2026-04-23 00:00:00,隔离开关,大连开发区35kV变电站,0.399,0.443,11.0,0.483,0.512,5.92,,,,,,,,,,,,,,,,,,
EQ-0127,2026-04-23 00:00:00,GIS组合电器,张江110kV变电站,0.535,0.579,8.16,0.694,0.721,3.81,51.0,65.6,28.63,67.533,82.4,22.01,8799.667,8710.0,-1.02,,,,9.067,8.4,-7.35,0.483,0.459,-4.9
EQ-0034,2026-04-23 00:00:00,避雷器,龙华220kV变电站,0.514,0.625,21.64,0.66,0.762,15.36,,,,,,,,,,,,,,,,,,
EQ-0096,2026-04-19 00:00:00,隔离开关,前海110kV变电站,0.507,0.579,14.17,0.621,0.752,21.24,,,,,,,,,,,,,,,,,,
EQ-0083,2026-04-23 00:00:00,避雷器,南沙110kV变电站,0.584,0.664,13.67,0.695,0.785,12.9,,,,,,,,,,,,,,,,,,
EQ-0186,2026-04-23 00:00:00,断路器,杭州滨江110kV变电站,0.605,0.594,-1.73,0.767,0.764,-0.34,,,,,,,8443.667,9076.0,7.49,,,,,,,0.498,0.442,-11.19
EQ-0398,2026-04-23 00:00:00,断路器,成都高新35kV变电站,0.51,0.576,12.96,0.624,0.698,11.88,,,,,,,8160.667,7513.0,-7.94,,,,,,,0.511,0.459,-10.23
EQ-0223,2026-04-24 00:00:00,断路器,亦庄110kV变电站,0.494,0.512,3.7,0.603,0.616,2.15,,,,,,,8565.333,9297.0,8.54,,,,,,,0.452,0.444,-1.77
EQ-0106,2026-04-24 00:00:00,GIS组合电器,前海110kV变电站,0.512,0.565,10.38,0.643,0.735,14.3,53.6,72.0,34.33,68.233,88.4,29.56,10086.667,8439.0,-16.34,,,,9.567,7.9,-17.42,0.47,0.533,13.4
EQ-0396,2026-04-24 00:00:00,电力变压器,成都高新35kV变电站,0.482,0.55,14.14,0.616,0.742,20.47,51.133,65.6,28.29,66.3,81.0,22.17,9655.0,11555.0,19.68,0.004,0.006,47.03,11.5,7.4,-35.65,,,
EQ-0078,2026-04-24 00:00:00,隔离开关,南沙110kV变电站,0.565,0.662,17.23,0.683,0.871,27.56,,,,,,,,,,,,,,,,,,
EQ-0219,2026-04-24 00:00:00,断路器,亦庄110kV变电站,0.578,0.652,12.75,0.743,0.788,5.98,,,,,,,8074.667,6447.0,-20.16,,,,,,,0.481,0.493,2.49
EQ-0405,2026-04-24 00:00:00,避雷器,成都高新35kV变电站,0.48,0.577,20.2,0.573,0.697,21.61,,,,,,,,,,,,,,,,,,
EQ-0354,2026-04-24 00:00:00,隔离开关,武侯110kV变电站,0.447,0.552,23.61,0.558,0.658,17.84,,,,,,,,,,,,,,,,,,
EQ-0167,2026-04-24 00:00:00,隔离开关,苏州工业园220kV变电站,0.61,0.68,11.46,0.765,0.902,17.98,,,,,,,,,,,,,,,,,,
EQ-0064,2026-04-24 00:00:00,避雷器,松山湖220kV变电站,0.629,0.641,1.92,0.806,0.77,-4.57,,,,,,,,,,,,,,,,,,
EQ-0132,2026-04-24 00:00:00,断路器,临港110kV变电站,0.547,0.606,10.66,0.69,0.808,17.15,,,,,,,8371.0,10222.0,22.11,,,,,,,0.495,0.458,-7.41
EQ-0004,2026-04-28 00:00:00,电力变压器,龙华220kV变电站,0.533,0.584,9.67,0.638,0.765,19.92,56.7,76.4,34.74,73.233,92.7,26.58,9261.667,5685.0,-38.62,0.003,0.006,114.73,13.267,4.7,-64.57,,,
EQ-0051,2026-04-25 00:00:00,隔离开关,松山湖220kV变电站,0.599,0.658,9.85,0.783,0.792,1.21,,,,,,,,,,,,,,,,,,
EQ-0299,2026-04-25 00:00:00,断路器,武昌110kV变电站,0.559,0.625,11.72,0.707,0.788,11.55,,,,,,,9865.667,10195.0,3.34,,,,,,,0.504,0.495,-1.79
EQ-0156,2026-04-25 00:00:00,断路器,苏州工业园220kV变电站,0.465,0.469,0.93,0.597,0.625,4.61,,,,,,,7597.667,10556.0,38.94,,,,,,,0.499,0.44,-11.88
EQ-0306,2026-04-25 00:00:00,隔离开关,武昌110kV变电站,0.511,0.542,6.11,0.644,0.707,9.73,,,,,,,,,,,,,,,,,,
EQ-0201,2026-04-25 00:00:00,电力变压器,昆山35kV变电站,0.516,0.556,7.72,0.62,0.681,9.87,48.6,71.7,47.53,66.0,92.1,39.55,7958.667,8668.0,8.91,0.005,0.004,-23.17,11.133,11.4,2.4,,,
EQ-0138,2026-04-25 00:00:00,隔离开关,临港110kV变电站,0.468,0.528,12.8,0.589,0.668,13.29,,,,,,,,,,,,,,,,,,
EQ-0164,2026-04-25 00:00:00,隔离开关,苏州工业园220kV变电站,0.54,0.587,8.72,0.648,0.792,22.23,,,,,,,,,,,,,,,,,,
EQ-0385,2026-04-19 00:00:00,电容器组,重庆两江220kV变电站,0.452,0.512,13.12,0.553,0.632,14.27,,,,,,,,,,0.004,0.005,30.02,,,,,,
EQ-0021,2026-04-25 00:00:00,隔离开关,龙华220kV变电站,0.623,0.674,8.14,0.771,0.814,5.52,,,,,,,,,,,,,,,,,,
EQ-0160,2026-04-25 00:00:00,断路器,苏州工业园220kV变电站,0.469,0.501,6.74,0.606,0.669,10.34,,,,,,,7379.667,10771.0,45.96,,,,,,,0.508,0.5,-1.51
EQ-0085,2026-04-25 00:00:00,避雷器,南沙110kV变电站,0.512,0.58,13.18,0.649,0.739,13.75,,,,,,,,,,,,,,,,,,
EQ-0084,2026-04-25 00:00:00,避雷器,南沙110kV变电站,0.594,0.594,-0.04,0.766,0.76,-0.78,,,,,,,,,,,,,,,,,,
EQ-0176,2026-04-30 00:00:00,避雷器,苏州工业园220kV变电站,0.558,0.667,19.49,0.714,0.796,11.5,,,,,,,,,,,,,,,,,,
EQ-0153,2026-04-25 00:00:00,断路器,苏州工业园220kV变电站,0.426,0.468,9.64,0.509,0.565,10.97,,,,,,,7751.0,5912.0,-23.73,,,,,,,0.481,0.462,-3.95
EQ-0302,2026-04-26 00:00:00,断路器,武昌110kV变电站,0.505,0.526,4.07,0.611,0.654,7.05,,,,,,,8536.0,9954.0,16.61,,,,,,,0.469,0.441,-6.04
EQ-0260,2026-04-26 00:00:00,断路器,天津滨海220kV变电站,0.59,0.619,4.76,0.731,0.752,2.85,,,,,,,8577.667,10540.0,22.88,,,,,,,0.506,0.445,-12.0
EQ-0126,2026-04-26 00:00:00,避雷器,张江110kV变电站,0.543,0.637,17.23,0.7,0.799,14.17,,,,,,,,,,,,,,,,,,
EQ-0059,2026-04-26 00:00:00,避雷器,松山湖220kV变电站,0.484,0.555,14.66,0.631,0.639,1.33,,,,,,,,,,,,,,,,,,
EQ-0092,2026-04-26 00:00:00,断路器,前海110kV变电站,0.506,0.558,10.28,0.671,0.654,-2.62,,,,,,,10387.0,11820.0,13.8,,,,,,,0.477,0.453,-5.03
EQ-0249,2026-04-22 00:00:00,避雷器,通州35kV变电站,0.5,0.543,8.43,0.651,0.712,9.52,,,,,,,,,,,,,,,,,,
EQ-0063,2026-04-26 00:00:00,避雷器,松山湖220kV变电站,0.522,0.554,6.15,0.664,0.693,4.47,,,,,,,,,,,,,,,,,,
EQ-0102,2026-04-26 00:00:00,避雷器,前海110kV变电站,0.564,0.586,3.82,0.709,0.71,0.18,,,,,,,,,,,,,,,,,,
EQ-0090,2026-04-26 00:00:00,断路器,前海110kV变电站,0.525,0.639,21.76,0.667,0.742,11.26,,,,,,,11205.667,8330.0,-25.66,,,,,,,0.501,0.488,-2.59
EQ-0356,2026-04-26 00:00:00,隔离开关,武侯110kV变电站,0.482,0.512,6.21,0.583,0.653,11.97,,,,,,,,,,,,,,,,,,
EQ-0370,2026-04-26 00:00:00,断路器,重庆两江220kV变电站,0.467,0.531,13.6,0.595,0.688,15.52,,,,,,,8544.0,8400.0,-1.69,,,,,,,0.487,0.467,-4.04
EQ-0270,2026-04-26 00:00:00,电容器组,天津滨海220kV变电站,0.548,0.593,8.26,0.665,0.685,3.01,,,,,,,,,,0.004,0.005,18.21,,,,,,
EQ-0317,2026-04-27 00:00:00,断路器,江夏35kV变电站,0.414,0.503,21.4,0.539,0.646,19.8,,,,,,,9224.667,8026.0,-12.99,,,,,,,0.494,0.445,-9.92
EQ-0349,2026-04-27 00:00:00,断路器,武侯110kV变电站,0.474,0.511,7.88,0.558,0.628,12.43,,,,,,,8485.333,10089.0,18.9,,,,,,,0.483,0.496,2.76
EQ-0337,2026-04-27 00:00:00,隔离开关,长沙星沙110kV变电站,0.585,0.658,12.38,0.731,0.873,19.5,,,,,,,,,,,,,,,,,,
EQ-0175,2026-04-27 00:00:00,避雷器,苏州工业园220kV变电站,0.454,0.524,15.22,0.576,0.621,7.8,,,,,,,,,,,,,,,,,,
EQ-0105,2026-04-27 00:00:00,GIS组合电器,前海110kV变电站,0.524,0.594,13.46,0.655,0.723,10.37,54.3,69.0,27.07,71.267,82.8,16.18,11178.0,10248.0,-8.32,,,,8.567,10.5,22.57,0.478,0.52,8.79
EQ-0074,2026-04-30 00:00:00,断路器,南沙110kV变电站,0.554,0.67,20.93,0.689,0.785,13.88,,,,,,,9027.667,7985.0,-11.55,,,,,,,0.488,0.466,-4.51
EQ-0244,2026-04-20 00:00:00,隔离开关,通州35kV变电站,0.554,0.616,11.14,0.682,0.738,8.3,,,,,,,,,,,,,,,,,,
EQ-0007,2026-04-27 00:00:00,断路器,龙华220kV变电站,0.506,0.572,12.86,0.642,0.737,14.79,,,,,,,9474.0,7514.0,-20.69,,,,,,,0.48,0.494,2.99
EQ-0289,2026-04-27 00:00:00,隔离开关,石家庄高新35kV变电站,0.525,0.558,6.25,0.653,0.659,0.89,,,,,,,,,,,,,,,,,,
EQ-0361,2026-04-27 00:00:00,避雷器,武侯110kV变电站,0.599,0.684,14.11,0.728,0.829,13.92,,,,,,,,,,,,,,,,,,
EQ-0199,2026-04-27 00:00:00,避雷器,杭州滨江110kV变电站,0.59,0.624,5.62,0.75,0.775,3.36,,,,,,,,,,,,,,,,,,
EQ-0178,2026-04-28 00:00:00,避雷器,苏州工业园220kV变电站,0.471,0.489,3.96,0.605,0.616,1.8,,,,,,,,,,,,,,,,,,
EQ-0079,2026-04-28 00:00:00,隔离开关,南沙110kV变电站,0.522,0.646,23.75,0.647,0.84,29.71,,,,,,,,,,,,,,,,,,
EQ-0228,2026-04-28 00:00:00,隔离开关,亦庄110kV变电站,0.55,0.616,11.96,0.676,0.724,7.17,,,,,,,,,,,,,,,,,,
EQ-0192,2026-04-28 00:00:00,隔离开关,杭州滨江110kV变电站,0.605,0.629,4.01,0.764,0.755,-1.24,,,,,,,,,,,,,,,,,,
EQ-0191,2026-04-28 00:00:00,隔离开关,杭州滨江110kV变电站,0.56,0.671,19.76,0.695,0.776,11.64,,,,,,,,,,,,,,,,,,
EQ-0093,2026-04-28 00:00:00,断路器,前海110kV变电站,0.542,0.588,8.51,0.655,0.726,10.71,,,,,,,8847.667,8400.0,-5.06,,,,,,,0.498,0.506,1.67
EQ-0142,2026-04-28 00:00:00,电容器组,临港110kV变电站,0.533,0.644,20.8,0.679,0.779,14.78,,,,,,,,,,0.004,0.004,8.35,,,,,,
EQ-0350,2026-04-28 00:00:00,断路器,武侯110kV变电站,0.526,0.623,18.46,0.681,0.806,18.38,,,,,,,10653.0,12317.0,15.62,,,,,,,0.494,0.5,1.15
EQ-0171,2026-04-28 00:00:00,电容器组,苏州工业园220kV变电站,0.47,0.538,14.44,0.575,0.653,13.61,,,,,,,,,,0.005,0.004,-16.5,,,,,,
EQ-0056,2026-04-28 00:00:00,隔离开关,松山湖220kV变电站,0.483,0.513,6.26,0.618,0.627,1.37,,,,,,,,,,,,,,,,,,
EQ-0323,2026-04-28 00:00:00,电容器组,江夏35kV变电站,0.535,0.572,6.94,0.696,0.66,-5.14,,,,,,,,,,0.004,0.004,-3.03,,,,,,
EQ-0371,2026-04-28 00:00:00,断路器,重庆两江220kV变电站,0.471,0.532,12.92,0.583,0.71,21.72,,,,,,,9683.333,8954.0,-7.53,,,,,,,0.467,0.433,-7.28
EQ-0039,2026-04-29 00:00:00,电力变压器,松山湖220kV变电站,0.592,0.67,13.04,0.738,0.862,16.82,61.067,67.7,10.86,79.0,86.8,9.87,11400.0,8844.0,-22.42,0.004,0.003,-36.61,7.167,3.4,-52.56,,,
EQ-0282,2026-04-29 00:00:00,电力变压器,石家庄高新35kV变电站,0.609,0.69,13.42,0.771,0.914,18.56,44.567,61.9,38.89,60.633,78.8,29.96,9643.0,7042.0,-26.97,0.004,0.005,32.65,12.267,15.4,25.54,,,
EQ-0338,2026-04-29 00:00:00,隔离开关,长沙星沙110kV变电站,0.496,0.532,7.32,0.613,0.655,6.94,,,,,,,,,,,,,,,,,,
EQ-0014,2026-04-27 00:00:00,断路器,龙华220kV变电站,0.502,0.554,10.31,0.657,0.677,3.0,,,,,,,9231.333,7691.0,-16.69,,,,,,,0.47,0.512,9.01
EQ-0073,2026-04-29 00:00:00,断路器,南沙110kV变电站,0.488,0.542,11.11,0.609,0.724,18.85,,,,,,,10559.333,12269.0,16.19,,,,,,,0.479,0.496,3.55
EQ-0295,2026-04-29 00:00:00,电力变压器,武昌110kV变电站,0.589,0.614,4.16,0.761,0.817,7.35,49.767,62.1,24.78,65.2,77.9,19.48,8873.333,9454.0,6.54,0.006,0.005,-8.64,13.867,16.2,16.83,,,
EQ-0307,2026-04-29 00:00:00,电容器组,武昌110kV变电站,0.484,0.539,11.53,0.623,0.626,0.43,,,,,,,,,,0.005,0.004,-14.01,,,,,,
EQ-0412,2026-04-29 00:00:00,断路器,沈阳浑南110kV变电站,0.558,0.607,8.9,0.687,0.743,8.09,,,,,,,9375.333,12364.0,31.88,,,,,,,0.501,0.462,-7.78
EQ-0374,2026-04-29 00:00:00,断路器,重庆两江220kV变电站,0.583,0.697,19.56,0.747,0.884,18.34,,,,,,,9011.667,8355.0,-7.29,,,,,,,0.516,0.469,-9.05
EQ-0047,2026-04-29 00:00:00,断路器,松山湖220kV变电站,0.544,0.619,13.87,0.671,0.813,21.19,,,,,,,8910.667,10233.0,14.84,,,,,,,0.473,0.486,2.82
EQ-0428,2026-04-29 00:00:00,电力变压器,大连开发区35kV变电站,0.564,0.611,8.4,0.697,0.778,11.58,41.933,62.8,49.76,56.7,80.0,41.09,8336.667,7371.0,-11.58,0.003,0.004,41.27,14.7,10.1,-31.29,,,
EQ-0200,2026-04-29 00:00:00,GIS组合电器,杭州滨江110kV变电站,0.412,0.465,13.05,0.504,0.555,10.07,48.467,63.7,31.43,63.0,80.0,26.98,9010.0,10889.0,20.85,,,,12.567,7.2,-42.71,0.499,0.475,-4.75
EQ-0031,2026-04-29 00:00:00,避雷器,龙华220kV变电站,0.557,0.597,7.06,0.722,0.736,1.86,,,,,,,,,,,,,,,,,,
EQ-0357,2026-04-29 00:00:00,隔离开关,武侯110kV变电站,0.53,0.62,17.06,0.655,0.823,25.65,,,,,,,,,,,,,,,,,,
EQ-0407,2026-04-30 00:00:00,避雷器,成都高新35kV变电站,0.425,0.483,13.68,0.54,0.612,13.44,,,,,,,,,,,,,,,,,,
EQ-0024,2026-04-30 00:00:00,电容器组,龙华220kV变电站,0.476,0.47,-1.34,0.592,0.627,5.95,,,,,,,,,,0.005,0.004,-26.27,,,,,,
EQ-0324,2026-04-30 00:00:00,避雷器,江夏35kV变电站,0.551,0.594,7.77,0.672,0.802,19.38,,,,,,,,,,,,,,,,,,
EQ-0158,2026-04-30 00:00:00,断路器,苏州工业园220kV变电站,0.475,0.475,-0.05,0.585,0.588,0.37,,,,,,,7503.667,6994.0,-6.79,,,,,,,0.48,0.465,-3.12
EQ-0006,2026-04-30 00:00:00,断路器,龙华220kV变电站,0.459,0.529,15.16,0.603,0.665,10.24,,,,,,,8327.333,7025.0,-15.64,,,,,,,0.463,0.431,-6.98
EQ-0071,2026-04-30 00:00:00,断路器,南沙110kV变电站,0.439,0.446,1.62,0.537,0.561,4.48,,,,,,,11030.333,13049.0,18.3,,,,,,,0.49,0.512,4.56
EQ-0430,2026-04-30 00:00:00,断路器,大连开发区35kV变电站,0.561,0.576,2.61,0.712,0.688,-3.39,,,,,,,7885.667,8005.0,1.51,,,,,,,0.472,0.488,3.39
