设备编号,缺陷发现日期,90天内是否故障
EQ-0166,2023-01-01,0
EQ-0168,2023-01-01,0
EQ-0126,2023-01-01,0
EQ-0261,2023-01-01,0
EQ-0432,2023-01-01,0
EQ-0114,2023-01-01,0
EQ-0241,2023-01-01,0
EQ-0010,2023-01-01,0
EQ-0030,2023-01-01,0
EQ-0179,2023-01-01,0
EQ-0104,2023-01-01,0
EQ-0399,2023-01-01,1
EQ-0279,2023-01-01,0
EQ-0281,2023-01-01,0
EQ-0411,2023-01-01,0
EQ-0218,2023-01-01,0
EQ-0070,2023-01-01,0
EQ-0151,2023-01-01,0
EQ-0096,2023-01-01,0
EQ-0438,2023-01-02,0
EQ-0256,2023-01-02,0
EQ-0395,2023-01-02,0
EQ-0048,2023-01-02,1
EQ-0371,2023-01-02,0
EQ-0163,2023-01-02,0
EQ-0326,2023-01-02,0
EQ-0124,2023-01-02,0
EQ-0040,2023-01-02,0
EQ-0073,2023-01-02,0
EQ-0278,2023-01-02,0
EQ-0103,2023-01-02,0
EQ-0010,2023-01-02,0
EQ-0098,2023-01-02,0
EQ-0259,2023-01-02,0
EQ-0057,2023-01-02,0
EQ-0231,2023-01-03,0
EQ-0390,2023-01-03,0
EQ-0338,2023-01-03,0
EQ-0387,2023-01-03,0
EQ-0307,2023-01-03,0
EQ-0379,2023-01-03,0
EQ-0055,2023-01-03,0
EQ-0033,2023-01-03,0
EQ-0054,2023-01-03,0
EQ-0348,2023-01-03,0
EQ-0083,2023-01-03,0
EQ-0121,2023-01-03,0
EQ-0422,2023-01-03,0
EQ-0186,2023-01-03,0
EQ-0107,2023-01-03,0
EQ-0090,2023-01-03,0
EQ-0268,2023-01-03,0
EQ-0353,2023-01-03,0
EQ-0173,2023-01-03,0
EQ-0267,2023-01-03,0
EQ-0140,2023-01-04,0
EQ-0022,2023-01-04,0
EQ-0372,2023-01-04,0
EQ-0230,2023-01-04,0
EQ-0327,2023-01-04,0
EQ-0402,2023-01-04,0
EQ-0071,2023-01-04,0
EQ-0377,2023-01-04,0
EQ-0008,2023-01-04,1
EQ-0383,2023-01-04,0
EQ-0398,2023-01-04,0
EQ-0337,2023-01-04,0
EQ-0167,2023-01-04,0
EQ-0343,2023-01-04,0
EQ-0192,2023-01-04,0
EQ-0252,2023-01-04,0
EQ-0412,2023-01-04,0
EQ-0392,2023-01-04,0
EQ-0003,2023-01-04,0
EQ-0045,2023-01-05,0
EQ-0378,2023-01-05,0
EQ-0016,2023-01-05,0
EQ-0308,2023-01-05,0
EQ-0279,2023-01-05,0
EQ-0330,2023-01-05,0
EQ-0093,2023-01-05,0
EQ-0100,2023-01-05,0
EQ-0284,2023-01-05,0
EQ-0137,2023-01-05,0
EQ-0033,2023-01-05,0
EQ-0193,2023-01-05,0
EQ-0004,2023-01-05,0
EQ-0316,2023-01-05,0
EQ-0144,2023-01-05,0
EQ-0305,2023-01-05,0
EQ-0424,2023-01-05,1
EQ-0293,2023-01-05,0
EQ-0317,2023-01-05,0
EQ-0064,2023-01-05,0
EQ-0038,2023-01-05,0
EQ-0380,2023-01-05,0
EQ-0068,2023-01-06,0
EQ-0203,2023-01-06,0
EQ-0158,2023-01-06,0
EQ-0178,2023-01-06,0
EQ-0164,2023-01-06,0
EQ-0433,2023-01-06,0
EQ-0371,2023-01-06,0
EQ-0076,2023-01-06,0
EQ-0311,2023-01-06,0
EQ-0044,2023-01-06,0
EQ-0254,2023-01-06,0
EQ-0210,2023-01-06,0
EQ-0266,2023-01-06,0
EQ-0439,2023-01-06,0
EQ-0271,2023-01-06,0
EQ-0049,2023-01-06,0
EQ-0031,2023-01-06,0
EQ-0263,2023-01-06,0
EQ-0142,2023-01-06,0
EQ-0320,2023-01-06,0
EQ-0088,2023-01-06,0
EQ-0278,2023-01-06,0
EQ-0101,2023-01-06,0
EQ-0053,2023-01-06,0
EQ-0213,2023-01-06,0
EQ-0008,2023-01-06,0
EQ-0387,2023-01-06,0
EQ-0125,2023-01-06,0
EQ-0280,2023-01-07,0
EQ-0185,2023-01-07,0
EQ-0211,2023-01-07,0
EQ-0349,2023-01-07,0
EQ-0255,2023-01-07,0
EQ-0048,2023-01-07,1
EQ-0195,2023-01-07,0
EQ-0245,2023-01-07,0
EQ-0050,2023-01-07,0
EQ-0051,2023-01-07,0
EQ-0202,2023-01-07,0
EQ-0229,2023-01-07,0
EQ-0005,2023-01-07,0
EQ-0362,2023-01-07,0
EQ-0283,2023-01-07,0
EQ-0134,2023-01-07,0
EQ-0144,2023-01-07,0
EQ-0128,2023-01-07,0
EQ-0157,2023-01-07,0
EQ-0116,2023-01-07,0
EQ-0027,2023-01-08,0
EQ-0205,2023-01-08,0
EQ-0212,2023-01-08,0
EQ-0379,2023-01-08,0
EQ-0328,2023-01-08,0
EQ-0118,2023-01-08,0
EQ-0029,2023-01-08,0
EQ-0007,2023-01-08,0
EQ-0324,2023-01-08,0
EQ-0382,2023-01-08,0
EQ-0257,2023-01-08,0
EQ-0233,2023-01-08,0
EQ-0322,2023-01-08,0
EQ-0437,2023-01-08,0
EQ-0043,2023-01-08,1
EQ-0164,2023-01-08,0
EQ-0419,2023-01-08,0
EQ-0099,2023-01-08,1
EQ-0175,2023-01-08,0
EQ-0177,2023-01-08,0
EQ-0421,2023-01-08,0
EQ-0155,2023-01-09,0
EQ-0221,2023-01-09,0
EQ-0159,2023-01-09,0
EQ-0023,2023-01-09,0
EQ-0226,2023-01-09,0
EQ-0367,2023-01-09,0
EQ-0263,2023-01-09,0
EQ-0214,2023-01-09,0
EQ-0117,2023-01-09,0
EQ-0110,2023-01-09,0
EQ-0281,2023-01-09,0
EQ-0366,2023-01-09,0
EQ-0331,2023-01-09,0
EQ-0012,2023-01-09,0
EQ-0368,2023-01-09,0
EQ-0240,2023-01-09,0
EQ-0273,2023-01-09,0
EQ-0388,2023-01-09,0
EQ-0437,2023-01-09,0
EQ-0418,2023-01-09,0
EQ-0249,2023-01-09,0
EQ-0415,2023-01-09,0
EQ-0061,2023-01-09,0
EQ-0028,2023-01-09,0
EQ-0333,2023-01-09,1
EQ-0036,2023-01-10,0
EQ-0331,2023-01-10,0
EQ-0154,2023-01-10,1
EQ-0262,2023-01-10,0
EQ-0404,2023-01-10,0
EQ-0258,2023-01-10,0
EQ-0005,2023-01-10,0
EQ-0232,2023-01-10,0
EQ-0392,2023-01-10,0
EQ-0130,2023-01-10,0
EQ-0135,2023-01-10,0
EQ-0149,2023-01-10,0
EQ-0002,2023-01-10,0
EQ-0175,2023-01-10,0
EQ-0294,2023-01-10,0
EQ-0065,2023-01-10,0
EQ-0060,2023-01-10,0
EQ-0027,2023-01-10,0
EQ-0165,2023-01-10,0
EQ-0369,2023-01-10,0
EQ-0015,2023-01-11,0
EQ-0086,2023-01-11,0
EQ-0194,2023-01-11,0
EQ-0254,2023-01-11,0
EQ-0001,2023-01-11,0
EQ-0301,2023-01-11,1
EQ-0091,2023-01-11,0
EQ-0394,2023-01-11,0
EQ-0115,2023-01-11,0
EQ-0238,2023-01-11,0
EQ-0150,2023-01-11,0
EQ-0013,2023-01-11,0
EQ-0282,2023-01-11,0
EQ-0003,2023-01-11,0
EQ-0337,2023-01-11,0
EQ-0154,2023-01-11,1
EQ-0336,2023-01-11,0
EQ-0208,2023-01-11,1
EQ-0390,2023-01-12,0
EQ-0316,2023-01-12,0
EQ-0196,2023-01-12,0
EQ-0143,2023-01-12,0
EQ-0315,2023-01-12,0
EQ-0087,2023-01-12,0
EQ-0355,2023-01-12,0
EQ-0227,2023-01-12,0
EQ-0287,2023-01-12,0
EQ-0105,2023-01-12,0
EQ-0072,2023-01-12,1
EQ-0433,2023-01-13,0
EQ-0317,2023-01-13,0
EQ-0019,2023-01-13,0
EQ-0410,2023-01-13,0
EQ-0298,2023-01-13,0
EQ-0318,2023-01-13,0
EQ-0031,2023-01-13,0
EQ-0273,2023-01-13,0
EQ-0141,2023-01-13,0
EQ-0201,2023-01-13,0
EQ-0272,2023-01-13,0
EQ-0259,2023-01-13,0
EQ-0413,2023-01-13,0
EQ-0416,2023-01-13,0
EQ-0170,2023-01-13,0
EQ-0297,2023-01-13,0
EQ-0265,2023-01-14,0
EQ-0289,2023-01-14,0
EQ-0043,2023-01-14,1
EQ-0400,2023-01-14,0
EQ-0106,2023-01-14,0
EQ-0093,2023-01-14,0
EQ-0102,2023-01-14,0
EQ-0276,2023-01-14,0
EQ-0234,2023-01-14,0
EQ-0020,2023-01-14,0
EQ-0244,2023-01-14,0
EQ-0204,2023-01-14,0
EQ-0201,2023-01-14,0
EQ-0340,2023-01-14,0
EQ-0007,2023-01-14,0
EQ-0197,2023-01-14,0
EQ-0367,2023-01-14,0
EQ-0148,2023-01-14,1
EQ-0191,2023-01-14,0
EQ-0123,2023-01-15,0
EQ-0291,2023-01-15,0
EQ-0302,2023-01-15,0
EQ-0222,2023-01-15,0
EQ-0156,2023-01-15,0
EQ-0028,2023-01-15,0
EQ-0206,2023-01-15,0
EQ-0078,2023-01-15,0
EQ-0310,2023-01-15,0
EQ-0095,2023-01-15,0
EQ-0051,2023-01-15,0
EQ-0174,2023-01-15,0
EQ-0022,2023-01-15,0
EQ-0050,2023-01-15,0
EQ-0236,2023-01-15,0
EQ-0275,2023-01-15,0
EQ-0062,2023-01-15,0
EQ-0374,2023-01-16,0
EQ-0373,2023-01-16,0
EQ-0347,2023-01-16,0
EQ-0020,2023-01-16,0
EQ-0181,2023-01-16,0
EQ-0351,2023-01-16,0
EQ-0288,2023-01-16,0
EQ-0269,2023-01-16,0
EQ-0389,2023-01-16,0
EQ-0406,2023-01-16,0
EQ-0430,2023-01-16,0
EQ-0417,2023-01-16,0
EQ-0256,2023-01-16,0
EQ-0016,2023-01-16,0
EQ-0323,2023-01-16,0
EQ-0122,2023-01-16,0
EQ-0225,2023-01-16,0
EQ-0147,2023-01-16,0
EQ-0214,2023-01-16,0
EQ-0198,2023-01-17,0
EQ-0039,2023-01-17,0
EQ-0363,2023-01-17,0
EQ-0360,2023-01-17,0
EQ-0179,2023-01-17,0
EQ-0427,2023-01-17,0
EQ-0386,2023-01-17,0
EQ-0128,2023-01-17,0
EQ-0111,2023-01-17,0
EQ-0435,2023-01-17,0
EQ-0264,2023-01-17,0
EQ-0169,2023-01-17,0
EQ-0200,2023-01-17,0
EQ-0188,2023-01-17,0
EQ-0268,2023-01-17,0
EQ-0084,2023-01-17,0
EQ-0042,2023-01-17,0
EQ-0217,2023-01-17,0
EQ-0342,2023-01-17,0
EQ-0369,2023-01-17,0
EQ-0006,2023-01-17,0
EQ-0126,2023-01-17,0
EQ-0431,2023-01-17,0
EQ-0391,2023-01-18,0
EQ-0321,2023-01-18,0
EQ-0366,2023-01-18,0
EQ-0092,2023-01-18,0
EQ-0431,2023-01-18,0
EQ-0039,2023-01-18,0
EQ-0138,2023-01-18,0
EQ-0094,2023-01-18,0
EQ-0267,2023-01-18,0
EQ-0274,2023-01-18,0
EQ-0067,2023-01-18,1
EQ-0223,2023-01-18,0
EQ-0199,2023-01-18,0
EQ-0426,2023-01-18,0
EQ-0248,2023-01-18,0
EQ-0414,2023-01-19,0
EQ-0089,2023-01-19,0
EQ-0085,2023-01-19,0
EQ-0302,2023-01-19,0
EQ-0066,2023-01-19,0
EQ-0408,2023-01-19,0
EQ-0260,2023-01-19,0
EQ-0345,2023-01-19,0
EQ-0375,2023-01-19,0
EQ-0148,2023-01-19,1
EQ-0166,2023-01-19,0
EQ-0064,2023-01-19,0
EQ-0176,2023-01-19,0
EQ-0002,2023-01-19,0
EQ-0224,2023-01-19,0
EQ-0058,2023-01-19,0
EQ-0151,2023-01-19,0
EQ-0243,2023-01-20,0
EQ-0178,2023-01-20,0
EQ-0171,2023-01-20,0
EQ-0220,2023-01-20,0
EQ-0139,2023-01-20,0
EQ-0334,2023-01-20,0
EQ-0056,2023-01-20,0
EQ-0352,2023-01-20,0
EQ-0306,2023-01-20,0
EQ-0182,2023-01-20,0
EQ-0052,2023-01-20,0
EQ-0155,2023-01-20,0
EQ-0270,2023-01-20,0
EQ-0380,2023-01-20,0
EQ-0296,2023-01-20,0
EQ-0290,2023-01-21,0
EQ-0236,2023-01-21,0
EQ-0037,2023-01-21,0
EQ-0329,2023-01-21,0
EQ-0427,2023-01-21,0
EQ-0112,2023-01-21,0
EQ-0244,2023-01-21,0
EQ-0246,2023-01-21,0
EQ-0056,2023-01-21,0
EQ-0152,2023-01-21,0
EQ-0356,2023-01-21,0
EQ-0134,2023-01-21,0
EQ-0011,2023-01-21,0
EQ-0227,2023-01-21,0
EQ-0063,2023-01-22,0
EQ-0209,2023-01-22,0
EQ-0365,2023-01-22,0
EQ-0055,2023-01-22,0
EQ-0132,2023-01-22,0
EQ-0177,2023-01-22,0
EQ-0075,2023-01-22,0
EQ-0077,2023-01-22,0
EQ-0014,2023-01-22,0
EQ-0266,2023-01-22,0
EQ-0407,2023-01-22,0
EQ-0401,2023-01-22,0
EQ-0325,2023-01-22,0
EQ-0069,2023-01-22,1
EQ-0060,2023-01-22,0
EQ-0158,2023-01-22,0
EQ-0067,2023-01-22,0
EQ-0163,2023-01-22,0
EQ-0242,2023-01-22,0
EQ-0228,2023-01-22,0
EQ-0156,2023-01-22,0
EQ-0161,2023-01-23,0
EQ-0373,2023-01-23,0
EQ-0150,2023-01-23,0
EQ-0146,2023-01-23,1
EQ-0136,2023-01-23,0
EQ-0365,2023-01-23,0
EQ-0377,2023-01-23,0
EQ-0203,2023-01-23,0
EQ-0428,2023-01-23,0
EQ-0312,2023-01-23,0
EQ-0313,2023-01-23,0
EQ-0314,2023-01-23,0
EQ-0052,2023-01-23,0
EQ-0046,2023-01-23,0
EQ-0341,2023-01-23,0
EQ-0304,2023-01-23,0
EQ-0037,2023-01-24,0
EQ-0035,2023-01-24,0
EQ-0374,2023-01-24,0
EQ-0434,2023-01-24,1
EQ-0018,2023-01-24,0
EQ-0299,2023-01-24,0
EQ-0265,2023-01-24,0
EQ-0319,2023-01-24,0
EQ-0239,2023-01-24,0
EQ-0172,2023-01-24,0
EQ-0409,2023-01-24,0
EQ-0285,2023-01-24,0
EQ-0354,2023-01-24,0
EQ-0042,2023-01-24,0
EQ-0127,2023-01-24,0
EQ-0339,2023-01-24,0
EQ-0061,2023-01-25,0
EQ-0252,2023-01-25,0
EQ-0109,2023-01-25,0
EQ-0088,2023-01-25,0
EQ-0063,2023-01-25,0
EQ-0021,2023-01-25,0
EQ-0346,2023-01-25,0
EQ-0436,2023-01-25,0
EQ-0183,2023-01-26,0
EQ-0047,2023-01-26,0
EQ-0191,2023-01-26,0
EQ-0120,2023-01-26,0
EQ-0162,2023-01-26,0
EQ-0432,2023-01-26,0
EQ-0131,2023-01-26,0
EQ-0423,2023-01-26,0
EQ-0013,2023-01-26,0
EQ-0424,2023-01-26,1
EQ-0235,2023-01-26,0
EQ-0420,2023-01-26,0
EQ-0219,2023-01-26,0
EQ-0040,2023-01-27,0
EQ-0384,2023-01-27,0
EQ-0295,2023-01-27,0
EQ-0036,2023-01-27,0
EQ-0385,2023-01-27,0
EQ-0152,2023-01-27,0
EQ-0402,2023-01-27,0
EQ-0032,2023-01-27,0
EQ-0376,2023-01-27,0
EQ-0416,2023-01-27,0
EQ-0190,2023-01-27,0
EQ-0181,2023-01-27,0
EQ-0394,2023-01-27,0
EQ-0335,2023-01-27,0
EQ-0062,2023-01-27,0
EQ-0108,2023-01-27,0
EQ-0429,2023-01-27,0
EQ-0237,2023-01-27,0
EQ-0391,2023-01-27,0
EQ-0119,2023-01-27,1
EQ-0253,2023-01-27,0
EQ-0053,2023-01-27,0
EQ-0012,2023-01-28,0
EQ-0396,2023-01-28,1
EQ-0133,2023-01-28,0
EQ-0009,2023-01-28,0
EQ-0393,2023-01-28,0
EQ-0350,2023-01-28,0
EQ-0215,2023-01-28,0
EQ-0286,2023-01-28,0
EQ-0292,2023-01-28,0
EQ-0261,2023-01-28,0
EQ-0303,2023-01-28,0
EQ-0257,2023-01-28,0
EQ-0425,2023-01-28,0
EQ-0405,2023-01-28,0
EQ-0207,2023-01-28,0
EQ-0025,2023-01-28,0
EQ-0344,2023-01-28,0
EQ-0250,2023-01-28,1
EQ-0180,2023-01-28,0
EQ-0382,2023-01-28,0
EQ-0381,2023-01-28,0
EQ-0189,2023-01-28,0
EQ-0434,2023-01-28,1
EQ-0187,2023-01-29,1
EQ-0145,2023-01-29,0
EQ-0277,2023-01-29,0
EQ-0044,2023-01-29,0
EQ-0097,2023-01-29,0
EQ-0045,2023-01-29,0
EQ-0153,2023-01-29,0
EQ-0066,2023-01-29,0
EQ-0173,2023-01-29,0
EQ-0247,2023-01-29,0
EQ-0049,2023-01-29,0
EQ-0395,2023-01-29,0
EQ-0388,2023-01-29,0
EQ-0174,2023-01-29,0
EQ-0059,2023-01-29,0
EQ-0047,2023-01-29,0
EQ-0074,2023-01-29,0
EQ-0001,2023-01-29,0
EQ-0359,2023-01-30,0
EQ-0157,2023-01-30,0
EQ-0165,2023-01-30,0
EQ-0393,2023-01-30,0
EQ-0370,2023-01-30,0
EQ-0082,2023-01-30,1
EQ-0081,2023-01-30,0
EQ-0234,2023-01-30,0
EQ-0024,2023-01-30,0
EQ-0160,2023-01-30,0
EQ-0080,2023-01-30,0
EQ-0184,2023-01-30,0
EQ-0300,2023-01-30,0
EQ-0069,2023-01-30,1
EQ-0079,2023-01-31,0
EQ-0015,2023-01-31,0
EQ-0381,2023-01-31,0
EQ-0358,2023-01-31,0
EQ-0276,2023-01-31,0
EQ-0041,2023-01-31,0
EQ-0361,2023-01-31,1
EQ-0162,2023-01-31,0
EQ-0038,2023-01-31,0
EQ-0403,2023-01-31,0
EQ-0332,2023-01-31,0
EQ-0357,2023-01-31,0
EQ-0110,2023-01-31,0
EQ-0153,2023-01-31,0
EQ-0397,2023-01-31,0
EQ-0280,2023-01-31,0
EQ-0046,2023-01-31,0
EQ-0011,2023-01-31,0
EQ-0113,2023-01-31,0
EQ-0172,2023-01-31,0
EQ-0065,2023-01-31,0
EQ-0335,2023-02-01,0
EQ-0103,2023-02-01,0
EQ-0088,2023-02-01,0
EQ-0416,2023-02-01,0
EQ-0063,2023-02-01,0
EQ-0433,2023-02-01,0
EQ-0035,2023-02-01,0
EQ-0239,2023-02-01,0
EQ-0068,2023-02-01,0
EQ-0256,2023-02-01,0
EQ-0209,2023-02-01,0
EQ-0156,2023-02-01,0
EQ-0191,2023-02-01,0
EQ-0254,2023-02-01,0
EQ-0193,2023-02-01,0
EQ-0044,2023-02-01,0
EQ-0202,2023-02-01,0
EQ-0387,2023-02-01,0
EQ-0333,2023-02-01,1
EQ-0248,2023-02-01,0
EQ-0003,2023-02-01,0
EQ-0393,2023-02-01,0
EQ-0181,2023-02-02,0
EQ-0178,2023-02-02,0
EQ-0183,2023-02-02,0
EQ-0019,2023-02-02,0
EQ-0042,2023-02-02,0
EQ-0028,2023-02-02,0
EQ-0399,2023-02-02,1
EQ-0192,2023-02-02,0
EQ-0276,2023-02-02,0
EQ-0288,2023-02-02,0
EQ-0186,2023-02-02,0
EQ-0067,2023-02-02,0
EQ-0130,2023-02-02,0
EQ-0050,2023-02-02,0
EQ-0356,2023-02-02,0
EQ-0154,2023-02-02,0
EQ-0048,2023-02-02,1
EQ-0142,2023-02-02,0
EQ-0144,2023-02-02,0
EQ-0004,2023-02-02,0
EQ-0153,2023-02-03,0
EQ-0386,2023-02-03,0
EQ-0164,2023-02-03,0
EQ-0097,2023-02-03,0
EQ-0015,2023-02-03,0
EQ-0264,2023-02-03,0
EQ-0278,2023-02-03,0
EQ-0340,2023-02-03,0
EQ-0061,2023-02-03,0
EQ-0259,2023-02-03,0
EQ-0417,2023-02-03,0
EQ-0026,2023-02-03,0
EQ-0001,2023-02-03,0
EQ-0260,2023-02-03,0
EQ-0375,2023-02-03,0
EQ-0126,2023-02-03,0
EQ-0389,2023-02-03,0
EQ-0422,2023-02-03,0
EQ-0049,2023-02-03,0
EQ-0014,2023-02-03,0
EQ-0229,2023-02-03,0
EQ-0365,2023-02-03,0
EQ-0271,2023-02-03,0
EQ-0218,2023-02-03,0
EQ-0429,2023-02-04,0
EQ-0172,2023-02-04,0
EQ-0343,2023-02-04,0
EQ-0293,2023-02-04,0
EQ-0301,2023-02-04,0
EQ-0364,2023-02-04,0
EQ-0290,2023-02-04,0
EQ-0391,2023-02-04,0
EQ-0403,2023-02-04,0
EQ-0164,2023-02-04,0
EQ-0098,2023-02-04,0
EQ-0198,2023-02-04,0
EQ-0121,2023-02-05,0
EQ-0155,2023-02-05,0
EQ-0128,2023-02-05,0
EQ-0220,2023-02-05,0
EQ-0176,2023-02-05,0
EQ-0008,2023-02-05,0
EQ-0078,2023-02-05,0
EQ-0391,2023-02-05,0
EQ-0437,2023-02-05,0
EQ-0208,2023-02-05,1
EQ-0346,2023-02-05,0
EQ-0404,2023-02-05,1
EQ-0350,2023-02-05,0
EQ-0154,2023-02-05,0
EQ-0066,2023-02-05,0
EQ-0291,2023-02-05,0
EQ-0082,2023-02-05,1
EQ-0226,2023-02-05,0
EQ-0018,2023-02-05,0
EQ-0114,2023-02-05,0
EQ-0253,2023-02-05,0
EQ-0007,2023-02-06,0
EQ-0013,2023-02-06,0
EQ-0385,2023-02-06,0
EQ-0016,2023-02-06,0
EQ-0383,2023-02-06,0
EQ-0296,2023-02-06,0
EQ-0152,2023-02-06,0
EQ-0436,2023-02-06,0
EQ-0160,2023-02-06,0
EQ-0393,2023-02-06,0
EQ-0379,2023-02-06,0
EQ-0265,2023-02-06,0
EQ-0062,2023-02-06,0
EQ-0092,2023-02-06,0
EQ-0117,2023-02-06,0
EQ-0351,2023-02-06,0
EQ-0317,2023-02-06,0
EQ-0268,2023-02-06,0
EQ-0280,2023-02-06,0
EQ-0373,2023-02-06,0
EQ-0406,2023-02-06,0
EQ-0370,2023-02-07,0
EQ-0431,2023-02-07,0
EQ-0311,2023-02-07,0
EQ-0020,2023-02-07,0
EQ-0171,2023-02-07,0
EQ-0245,2023-02-07,0
EQ-0005,2023-02-07,0
EQ-0083,2023-02-07,0
EQ-0173,2023-02-07,0
EQ-0316,2023-02-07,0
EQ-0252,2023-02-07,0
EQ-0039,2023-02-07,0
EQ-0073,2023-02-07,0
EQ-0042,2023-02-07,0
EQ-0280,2023-02-07,0
EQ-0084,2023-02-07,0
EQ-0111,2023-02-07,0
EQ-0234,2023-02-07,0
EQ-0038,2023-02-08,0
EQ-0303,2023-02-08,0
EQ-0232,2023-02-08,0
EQ-0158,2023-02-08,0
EQ-0028,2023-02-08,0
EQ-0127,2023-02-08,0
EQ-0276,2023-02-08,0
EQ-0390,2023-02-08,0
EQ-0427,2023-02-08,0
EQ-0326,2023-02-08,0
EQ-0009,2023-02-08,0
EQ-0085,2023-02-08,0
EQ-0330,2023-02-08,0
EQ-0308,2023-02-08,0
EQ-0300,2023-02-08,0
EQ-0159,2023-02-08,0
EQ-0267,2023-02-08,0
EQ-0243,2023-02-08,0
EQ-0065,2023-02-08,0
EQ-0071,2023-02-09,0
EQ-0230,2023-02-09,0
EQ-0342,2023-02-09,0
EQ-0424,2023-02-09,1
EQ-0410,2023-02-09,0
EQ-0089,2023-02-09,0
EQ-0104,2023-02-09,0
EQ-0262,2023-02-09,0
EQ-0365,2023-02-09,0
EQ-0306,2023-02-09,0
EQ-0109,2023-02-09,0
EQ-0055,2023-02-09,0
EQ-0008,2023-02-09,0
EQ-0175,2023-02-09,0
EQ-0007,2023-02-09,0
EQ-0038,2023-02-09,0
EQ-0277,2023-02-09,0
EQ-0368,2023-02-09,0
EQ-0259,2023-02-09,0
EQ-0283,2023-02-10,1
EQ-0426,2023-02-10,0
EQ-0140,2023-02-10,0
EQ-0150,2023-02-10,0
EQ-0394,2023-02-10,0
EQ-0185,2023-02-10,0
EQ-0313,2023-02-10,0
EQ-0344,2023-02-10,0
EQ-0145,2023-02-10,0
EQ-0039,2023-02-10,0
EQ-0298,2023-02-10,0
EQ-0148,2023-02-10,1
EQ-0045,2023-02-10,0
EQ-0036,2023-02-10,0
EQ-0115,2023-02-10,0
EQ-0359,2023-02-10,0
EQ-0256,2023-02-10,0
EQ-0270,2023-02-10,0
EQ-0052,2023-02-10,0
EQ-0275,2023-02-10,0
EQ-0381,2023-02-10,0
EQ-0265,2023-02-10,0
EQ-0409,2023-02-10,0
EQ-0241,2023-02-10,0
EQ-0371,2023-02-10,0
EQ-0049,2023-02-10,0
EQ-0053,2023-02-10,0
EQ-0040,2023-02-10,0
EQ-0341,2023-02-11,0
EQ-0261,2023-02-11,0
EQ-0076,2023-02-11,0
EQ-0062,2023-02-11,0
EQ-0048,2023-02-11,1
EQ-0037,2023-02-11,0
EQ-0023,2023-02-11,0
EQ-0155,2023-02-11,0
EQ-0331,2023-02-11,0
EQ-0191,2023-02-11,0
EQ-0284,2023-02-11,0
EQ-0371,2023-02-11,0
EQ-0169,2023-02-11,0
EQ-0255,2023-02-11,0
EQ-0362,2023-02-11,0
EQ-0314,2023-02-11,0
EQ-0011,2023-02-11,0
EQ-0105,2023-02-11,0
EQ-0046,2023-02-12,0
EQ-0075,2023-02-12,0
EQ-0174,2023-02-12,0
EQ-0282,2023-02-12,0
EQ-0274,2023-02-12,0
EQ-0133,2023-02-12,0
EQ-0088,2023-02-12,0
EQ-0047,2023-02-12,0
EQ-0166,2023-02-12,0
EQ-0011,2023-02-12,0
EQ-0294,2023-02-12,0
EQ-0005,2023-02-12,0
EQ-0408,2023-02-12,0
EQ-0269,2023-02-12,0
EQ-0289,2023-02-12,0
EQ-0244,2023-02-12,0
EQ-0249,2023-02-12,0
EQ-0412,2023-02-12,0
EQ-0159,2023-02-12,0
EQ-0439,2023-02-12,0
EQ-0153,2023-02-12,0
EQ-0197,2023-02-12,0
EQ-0190,2023-02-12,0
EQ-0238,2023-02-12,0
EQ-0157,2023-02-13,0
EQ-0144,2023-02-13,0
EQ-0219,2023-02-13,0
EQ-0419,2023-02-13,0
EQ-0126,2023-02-13,0
EQ-0360,2023-02-13,0
EQ-0034,2023-02-13,0
EQ-0336,2023-02-13,0
EQ-0382,2023-02-13,0
EQ-0380,2023-02-13,0
EQ-0274,2023-02-13,0
EQ-0124,2023-02-13,0
EQ-0100,2023-02-13,0
EQ-0317,2023-02-13,0
EQ-0339,2023-02-13,0
EQ-0093,2023-02-13,0
EQ-0020,2023-02-13,0
EQ-0366,2023-02-13,0
EQ-0148,2023-02-14,1
EQ-0367,2023-02-14,0
EQ-0384,2023-02-14,0
EQ-0379,2023-02-14,0
EQ-0285,2023-02-14,0
EQ-0200,2023-02-14,0
EQ-0407,2023-02-14,0
EQ-0024,2023-02-14,0
EQ-0158,2023-02-14,0
EQ-0295,2023-02-14,0
EQ-0139,2023-02-14,0
EQ-0046,2023-02-14,0
EQ-0382,2023-02-14,0
EQ-0009,2023-02-14,0
EQ-0137,2023-02-14,0
EQ-0242,2023-02-14,0
EQ-0072,2023-02-14,0
EQ-0380,2023-02-14,0
EQ-0251,2023-02-14,0
EQ-0017,2023-02-14,0
EQ-0366,2023-02-14,0
EQ-0175,2023-02-14,0
EQ-0432,2023-02-15,0
EQ-0250,2023-02-15,0
EQ-0235,2023-02-15,0
EQ-0065,2023-02-15,0
EQ-0063,2023-02-15,0
EQ-0414,2023-02-15,0
EQ-0329,2023-02-15,0
EQ-0016,2023-02-15,0
EQ-0023,2023-02-15,0
EQ-0120,2023-02-15,0
EQ-0188,2023-02-15,0
EQ-0411,2023-02-15,0
EQ-0136,2023-02-15,0
EQ-0418,2023-02-15,0
EQ-0119,2023-02-16,1
EQ-0010,2023-02-16,0
EQ-0324,2023-02-16,0
EQ-0321,2023-02-16,0
EQ-0281,2023-02-16,0
EQ-0405,2023-02-16,0
EQ-0395,2023-02-16,0
EQ-0012,2023-02-16,0
EQ-0147,2023-02-16,0
EQ-0166,2023-02-16,0
EQ-0053,2023-02-16,0
EQ-0201,2023-02-16,0
EQ-0013,2023-02-16,0
EQ-0172,2023-02-16,0
EQ-0152,2023-02-16,0
EQ-0081,2023-02-16,0
EQ-0236,2023-02-16,0
EQ-0428,2023-02-16,0
EQ-0427,2023-02-17,0
EQ-0003,2023-02-17,0
EQ-0347,2023-02-17,1
EQ-0080,2023-02-17,0
EQ-0214,2023-02-17,0
EQ-0337,2023-02-17,0
EQ-0060,2023-02-17,0
EQ-0118,2023-02-17,0
EQ-0056,2023-02-17,0
EQ-0173,2023-02-17,0
EQ-0433,2023-02-17,0
EQ-0263,2023-02-17,0
EQ-0320,2023-02-17,0
EQ-0273,2023-02-17,0
EQ-0002,2023-02-17,0
EQ-0377,2023-02-17,0
EQ-0022,2023-02-17,0
EQ-0392,2023-02-17,0
EQ-0134,2023-02-17,0
EQ-0006,2023-02-17,0
EQ-0031,2023-02-17,0
EQ-0027,2023-02-17,0
EQ-0388,2023-02-17,0
EQ-0319,2023-02-17,0
EQ-0227,2023-02-17,0
EQ-0156,2023-02-18,0
EQ-0266,2023-02-18,0
EQ-0279,2023-02-18,0
EQ-0363,2023-02-18,0
EQ-0396,2023-02-18,1
EQ-0217,2023-02-18,0
EQ-0189,2023-02-18,0
EQ-0231,2023-02-18,0
EQ-0273,2023-02-18,0
EQ-0170,2023-02-18,0
EQ-0161,2023-02-18,0
EQ-0334,2023-02-18,0
EQ-0043,2023-02-18,0
EQ-0228,2023-02-18,0
EQ-0240,2023-02-18,0
EQ-0358,2023-02-18,0
EQ-0064,2023-02-18,0
EQ-0151,2023-02-18,0
EQ-0260,2023-02-18,0
EQ-0416,2023-02-18,0
EQ-0047,2023-02-19,0
EQ-0318,2023-02-19,0
EQ-0163,2023-02-19,0
EQ-0050,2023-02-19,0
EQ-0033,2023-02-19,0
EQ-0392,2023-02-19,0
EQ-0401,2023-02-19,0
EQ-0398,2023-02-19,0
EQ-0180,2023-02-19,0
EQ-0316,2023-02-19,0
EQ-0327,2023-02-19,0
EQ-0070,2023-02-20,0
EQ-0355,2023-02-20,0
EQ-0110,2023-02-20,0
EQ-0432,2023-02-20,0
EQ-0134,2023-02-20,0
EQ-0424,2023-02-20,1
EQ-0056,2023-02-20,0
EQ-0236,2023-02-20,0
EQ-0096,2023-02-20,0
EQ-0211,2023-02-20,0
EQ-0352,2023-02-20,0
EQ-0032,2023-02-20,0
EQ-0388,2023-02-20,0
EQ-0374,2023-02-20,0
EQ-0033,2023-02-20,0
EQ-0108,2023-02-20,0
EQ-0036,2023-02-20,0
EQ-0328,2023-02-20,0
EQ-0150,2023-02-20,0
EQ-0129,2023-02-20,1
EQ-0292,2023-02-20,0
EQ-0069,2023-02-20,0
EQ-0052,2023-02-21,0
EQ-0132,2023-02-21,0
EQ-0022,2023-02-21,0
EQ-0110,2023-02-21,0
EQ-0305,2023-02-21,0
EQ-0257,2023-02-21,0
EQ-0378,2023-02-21,0
EQ-0174,2023-02-21,0
EQ-0177,2023-02-21,0
EQ-0297,2023-02-21,0
EQ-0254,2023-02-21,0
EQ-0054,2023-02-21,0
EQ-0413,2023-02-21,0
EQ-0281,2023-02-21,0
EQ-0099,2023-02-21,1
EQ-0181,2023-02-21,0
EQ-0203,2023-02-21,0
EQ-0266,2023-02-21,0
EQ-0302,2023-02-21,0
EQ-0206,2023-02-21,0
EQ-0051,2023-02-22,0
EQ-0267,2023-02-22,0
EQ-0415,2023-02-22,0
EQ-0125,2023-02-22,0
EQ-0304,2023-02-22,0
EQ-0222,2023-02-22,0
EQ-0149,2023-02-22,0
EQ-0086,2023-02-22,0
EQ-0437,2023-02-22,0
EQ-0002,2023-02-22,0
EQ-0069,2023-02-22,0
EQ-0262,2023-02-22,0
EQ-0430,2023-02-22,0
EQ-0067,2023-02-22,0
EQ-0246,2023-02-22,0
EQ-0354,2023-02-22,0
EQ-0128,2023-02-22,0
EQ-0212,2023-02-22,0
EQ-0299,2023-02-22,0
EQ-0247,2023-02-22,0
EQ-0312,2023-02-23,0
EQ-0286,2023-02-23,0
EQ-0337,2023-02-23,0
EQ-0167,2023-02-23,0
EQ-0165,2023-02-23,0
EQ-0225,2023-02-23,0
EQ-0044,2023-02-23,0
EQ-0143,2023-02-23,0
EQ-0091,2023-02-23,0
EQ-0043,2023-02-23,0
EQ-0182,2023-02-23,0
EQ-0374,2023-02-23,0
EQ-0163,2023-02-23,0
EQ-0234,2023-02-23,0
EQ-0390,2023-02-23,0
EQ-0361,2023-02-23,1
EQ-0252,2023-02-23,0
EQ-0057,2023-02-23,0
EQ-0196,2023-02-24,0
EQ-0431,2023-02-24,0
EQ-0215,2023-02-24,0
EQ-0216,2023-02-24,0
EQ-0325,2023-02-24,0
EQ-0029,2023-02-24,0
EQ-0040,2023-02-24,0
EQ-0257,2023-02-24,0
EQ-0113,2023-02-24,0
EQ-0199,2023-02-24,0
EQ-0378,2023-02-24,0
EQ-0177,2023-02-24,0
EQ-0423,2023-02-24,0
EQ-0138,2023-02-24,0
EQ-0332,2023-02-24,0
EQ-0014,2023-02-24,0
EQ-0227,2023-02-24,0
EQ-0394,2023-02-24,0
EQ-0027,2023-02-24,0
EQ-0151,2023-02-24,0
EQ-0060,2023-02-24,0
EQ-0349,2023-02-24,0
EQ-0345,2023-02-25,0
EQ-0061,2023-02-25,0
EQ-0162,2023-02-25,0
EQ-0010,2023-02-25,0
EQ-0135,2023-02-25,0
EQ-0122,2023-02-25,0
EQ-0221,2023-02-25,0
EQ-0338,2023-02-25,0
EQ-0095,2023-02-25,0
EQ-0233,2023-02-25,0
EQ-0064,2023-02-25,0
EQ-0425,2023-02-25,0
EQ-0348,2023-02-25,0
EQ-0179,2023-02-25,0
EQ-0353,2023-02-25,0
EQ-0372,2023-02-25,0
EQ-0102,2023-02-25,0
EQ-0309,2023-02-25,0
EQ-0357,2023-02-25,0
EQ-0037,2023-02-26,0
EQ-0041,2023-02-26,0
EQ-0400,2023-02-26,0
EQ-0162,2023-02-26,0
EQ-0395,2023-02-26,0
EQ-0367,2023-02-26,0
EQ-0213,2023-02-26,0
EQ-0389,2023-02-26,0
EQ-0074,2023-02-26,0
EQ-0179,2023-02-26,0
EQ-0203,2023-02-26,0
EQ-0030,2023-02-26,0
EQ-0055,2023-02-26,0
EQ-0420,2023-02-26,0
EQ-0287,2023-02-26,0
EQ-0001,2023-02-26,0
EQ-0421,2023-02-26,0
EQ-0066,2023-02-26,0
EQ-0112,2023-02-26,0
EQ-0146,2023-02-26,1
EQ-0012,2023-02-26,0
EQ-0369,2023-02-26,0
EQ-0045,2023-02-27,0
EQ-0263,2023-02-27,0
EQ-0224,2023-02-27,0
EQ-0402,2023-02-27,0
EQ-0369,2023-02-27,0
EQ-0223,2023-02-27,0
EQ-0307,2023-02-27,0
EQ-0258,2023-02-27,0
EQ-0025,2023-02-27,0
EQ-0184,2023-02-27,0
EQ-0434,2023-02-27,0
EQ-0279,2023-02-27,0
EQ-0438,2023-02-27,0
EQ-0435,2023-02-27,0
EQ-0373,2023-02-27,0
EQ-0207,2023-02-27,0
EQ-0031,2023-02-27,0
EQ-0015,2023-02-27,0
EQ-0107,2023-02-27,0
EQ-0165,2023-02-27,0
EQ-0322,2023-02-27,0
EQ-0187,2023-02-27,1
EQ-0310,2023-02-28,0
EQ-0090,2023-02-28,0
EQ-0278,2023-02-28,0
EQ-0141,2023-02-28,0
EQ-0106,2023-02-28,1
EQ-0123,2023-02-28,0
EQ-0077,2023-02-28,0
EQ-0021,2023-02-28,0
EQ-0079,2023-02-28,0
EQ-0268,2023-02-28,0
EQ-0201,2023-02-28,0
EQ-0059,2023-02-28,0
EQ-0302,2023-02-28,0
EQ-0058,2023-02-28,0
EQ-0376,2023-02-28,0
EQ-0381,2023-02-28,0
EQ-0397,2023-02-28,0
EQ-0142,2023-03-01,0
EQ-0132,2023-03-01,0
EQ-0380,2023-03-01,0
EQ-0165,2023-03-01,0
EQ-0110,2023-03-01,0
EQ-0274,2023-03-01,0
EQ-0047,2023-03-01,0
EQ-0424,2023-03-01,1
EQ-0415,2023-03-01,0
EQ-0023,2023-03-01,0
EQ-0314,2023-03-01,0
EQ-0099,2023-03-01,1
EQ-0431,2023-03-01,0
EQ-0013,2023-03-02,0
EQ-0023,2023-03-02,0
EQ-0070,2023-03-02,0
EQ-0165,2023-03-02,0
EQ-0296,2023-03-02,0
EQ-0280,2023-03-02,0
EQ-0256,2023-03-02,0
EQ-0394,2023-03-02,0
EQ-0008,2023-03-02,0
EQ-0014,2023-03-02,0
EQ-0176,2023-03-02,0
EQ-0114,2023-03-02,0
EQ-0012,2023-03-02,0
EQ-0387,2023-03-02,0
EQ-0240,2023-03-02,0
EQ-0337,2023-03-03,0
EQ-0383,2023-03-03,0
EQ-0084,2023-03-03,0
EQ-0406,2023-03-03,0
EQ-0276,2023-03-03,0
EQ-0154,2023-03-03,0
EQ-0092,2023-03-03,0
EQ-0019,2023-03-03,0
EQ-0340,2023-03-03,0
EQ-0248,2023-03-03,0
EQ-0063,2023-03-03,0
EQ-0007,2023-03-03,0
EQ-0317,2023-03-03,0
EQ-0205,2023-03-03,0
EQ-0177,2023-03-03,0
EQ-0009,2023-03-03,0
EQ-0158,2023-03-03,0
EQ-0297,2023-03-04,0
EQ-0273,2023-03-04,0
EQ-0299,2023-03-04,0
EQ-0199,2023-03-04,0
EQ-0173,2023-03-04,0
EQ-0175,2023-03-04,0
EQ-0254,2023-03-04,0
EQ-0121,2023-03-04,0
EQ-0262,2023-03-04,0
EQ-0003,2023-03-04,0
EQ-0123,2023-03-04,0
EQ-0093,2023-03-04,0
EQ-0344,2023-03-04,0
EQ-0160,2023-03-04,0
EQ-0043,2023-03-04,0
EQ-0270,2023-03-04,0
EQ-0017,2023-03-04,0
EQ-0112,2023-03-04,0
EQ-0206,2023-03-04,0
EQ-0253,2023-03-05,0
EQ-0187,2023-03-05,1
EQ-0094,2023-03-05,0
EQ-0162,2023-03-05,0
EQ-0012,2023-03-05,0
EQ-0236,2023-03-05,0
EQ-0355,2023-03-05,0
EQ-0358,2023-03-05,0
EQ-0367,2023-03-05,0
EQ-0016,2023-03-05,0
EQ-0239,2023-03-05,0
EQ-0366,2023-03-05,0
EQ-0027,2023-03-05,0
EQ-0251,2023-03-05,0
EQ-0360,2023-03-05,0
EQ-0329,2023-03-05,0
EQ-0259,2023-03-05,0
EQ-0436,2023-03-05,0
EQ-0319,2023-03-05,0
EQ-0131,2023-03-05,0
EQ-0427,2023-03-05,0
EQ-0194,2023-03-05,0
EQ-0147,2023-03-06,0
EQ-0316,2023-03-06,0
EQ-0421,2023-03-06,0
EQ-0325,2023-03-06,0
EQ-0350,2023-03-06,0
EQ-0328,2023-03-06,0
EQ-0185,2023-03-06,0
EQ-0281,2023-03-06,0
EQ-0382,2023-03-06,0
EQ-0076,2023-03-06,0
EQ-0026,2023-03-06,0
EQ-0221,2023-03-06,0
EQ-0412,2023-03-07,0
EQ-0091,2023-03-07,0
EQ-0051,2023-03-07,0
EQ-0045,2023-03-07,0
EQ-0341,2023-03-07,0
EQ-0316,2023-03-07,0
EQ-0049,2023-03-07,0
EQ-0110,2023-03-07,0
EQ-0036,2023-03-07,0
EQ-0177,2023-03-07,0
EQ-0175,2023-03-07,0
EQ-0393,2023-03-07,0
EQ-0164,2023-03-07,0
EQ-0071,2023-03-07,1
EQ-0182,2023-03-07,0
EQ-0061,2023-03-07,0
EQ-0432,2023-03-07,0
EQ-0150,2023-03-07,0
EQ-0388,2023-03-07,0
EQ-0307,2023-03-07,0
EQ-0080,2023-03-07,0
EQ-0124,2023-03-07,0
EQ-0306,2023-03-07,0
EQ-0081,2023-03-08,0
EQ-0255,2023-03-08,0
EQ-0032,2023-03-08,0
EQ-0100,2023-03-08,0
EQ-0172,2023-03-08,0
EQ-0322,2023-03-08,0
EQ-0144,2023-03-08,0
EQ-0385,2023-03-08,0
EQ-0082,2023-03-08,1
EQ-0416,2023-03-08,0
EQ-0268,2023-03-08,0
EQ-0229,2023-03-08,0
EQ-0226,2023-03-08,0
EQ-0011,2023-03-08,0
EQ-0203,2023-03-09,0
EQ-0022,2023-03-09,0
EQ-0327,2023-03-09,0
EQ-0269,2023-03-09,0
EQ-0001,2023-03-09,0
EQ-0236,2023-03-09,0
EQ-0228,2023-03-09,0
EQ-0075,2023-03-09,1
EQ-0235,2023-03-09,0
EQ-0438,2023-03-09,0
EQ-0134,2023-03-09,0
EQ-0097,2023-03-10,0
EQ-0037,2023-03-10,0
EQ-0126,2023-03-10,0
EQ-0055,2023-03-10,0
EQ-0233,2023-03-10,0
EQ-0304,2023-03-10,0
EQ-0232,2023-03-10,1
EQ-0016,2023-03-10,0
EQ-0064,2023-03-10,0
EQ-0285,2023-03-10,0
EQ-0224,2023-03-10,0
EQ-0399,2023-03-10,0
EQ-0301,2023-03-10,0
EQ-0191,2023-03-10,0
EQ-0313,2023-03-10,0
EQ-0257,2023-03-10,0
EQ-0047,2023-03-10,0
EQ-0401,2023-03-11,0
EQ-0370,2023-03-11,0
EQ-0417,2023-03-11,0
EQ-0178,2023-03-11,0
EQ-0311,2023-03-11,0
EQ-0373,2023-03-11,0
EQ-0392,2023-03-11,0
EQ-0052,2023-03-11,0
EQ-0029,2023-03-11,0
EQ-0237,2023-03-11,0
EQ-0422,2023-03-11,0
EQ-0152,2023-03-11,0
EQ-0034,2023-03-11,0
EQ-0391,2023-03-11,1
EQ-0388,2023-03-11,0
EQ-0404,2023-03-11,1
EQ-0354,2023-03-11,0
EQ-0298,2023-03-12,0
EQ-0011,2023-03-12,0
EQ-0424,2023-03-12,1
EQ-0113,2023-03-12,0
EQ-0287,2023-03-12,0
EQ-0021,2023-03-12,0
EQ-0378,2023-03-12,0
EQ-0288,2023-03-12,0
EQ-0291,2023-03-12,0
EQ-0079,2023-03-12,0
EQ-0315,2023-03-12,0
EQ-0056,2023-03-12,0
EQ-0148,2023-03-12,0
EQ-0044,2023-03-13,0
EQ-0005,2023-03-13,0
EQ-0163,2023-03-13,0
EQ-0067,2023-03-13,0
EQ-0397,2023-03-13,0
EQ-0159,2023-03-13,0
EQ-0254,2023-03-13,0
EQ-0381,2023-03-13,0
EQ-0031,2023-03-13,0
EQ-0214,2023-03-13,0
EQ-0209,2023-03-13,0
EQ-0060,2023-03-13,0
EQ-0207,2023-03-13,0
EQ-0018,2023-03-13,0
EQ-0002,2023-03-13,0
EQ-0263,2023-03-14,0
EQ-0216,2023-03-14,0
EQ-0398,2023-03-14,0
EQ-0262,2023-03-14,0
EQ-0429,2023-03-14,0
EQ-0040,2023-03-14,0
EQ-0266,2023-03-14,0
EQ-0174,2023-03-14,0
EQ-0152,2023-03-14,0
EQ-0244,2023-03-14,0
EQ-0418,2023-03-14,0
EQ-0068,2023-03-14,0
EQ-0281,2023-03-14,0
EQ-0219,2023-03-14,0
EQ-0119,2023-03-14,0
EQ-0009,2023-03-14,0
EQ-0041,2023-03-14,0
EQ-0090,2023-03-14,0
EQ-0049,2023-03-14,0
EQ-0130,2023-03-15,0
EQ-0387,2023-03-15,0
EQ-0137,2023-03-15,0
EQ-0015,2023-03-15,0
EQ-0167,2023-03-15,0
EQ-0095,2023-03-15,0
EQ-0065,2023-03-15,0
EQ-0024,2023-03-15,0
EQ-0439,2023-03-15,0
EQ-0274,2023-03-15,0
EQ-0072,2023-03-15,0
EQ-0013,2023-03-15,0
EQ-0014,2023-03-15,0
EQ-0087,2023-03-15,0
EQ-0157,2023-03-15,0
EQ-0069,2023-03-15,0
EQ-0295,2023-03-15,0
EQ-0202,2023-03-15,0
EQ-0150,2023-03-15,0
EQ-0335,2023-03-15,0
EQ-0389,2023-03-15,0
EQ-0108,2023-03-15,0
EQ-0395,2023-03-15,0
EQ-0060,2023-03-15,0
EQ-0197,2023-03-15,0
EQ-0025,2023-03-15,0
EQ-0038,2023-03-16,0
EQ-0256,2023-03-16,0
EQ-0323,2023-03-16,0
EQ-0384,2023-03-16,0
EQ-0426,2023-03-16,0
EQ-0403,2023-03-16,0
EQ-0015,2023-03-16,0
EQ-0393,2023-03-16,0
EQ-0005,2023-03-16,0
EQ-0405,2023-03-16,0
EQ-0230,2023-03-16,0
EQ-0195,2023-03-16,0
EQ-0003,2023-03-16,0
EQ-0056,2023-03-16,0
EQ-0368,2023-03-16,0
EQ-0210,2023-03-16,0
EQ-0220,2023-03-16,0
EQ-0190,2023-03-16,0
EQ-0377,2023-03-16,0
EQ-0213,2023-03-16,0
EQ-0414,2023-03-17,0
EQ-0211,2023-03-17,0
EQ-0010,2023-03-17,0
EQ-0423,2023-03-17,0
EQ-0179,2023-03-17,0
EQ-0380,2023-03-17,0
EQ-0268,2023-03-17,0
EQ-0379,2023-03-17,0
EQ-0020,2023-03-17,0
EQ-0044,2023-03-17,0
EQ-0377,2023-03-17,0
EQ-0283,2023-03-17,1
EQ-0031,2023-03-17,0
EQ-0074,2023-03-17,0
EQ-0189,2023-03-17,0
EQ-0059,2023-03-17,0
EQ-0006,2023-03-17,0
EQ-0282,2023-03-17,0
EQ-0408,2023-03-18,0
EQ-0338,2023-03-18,0
EQ-0260,2023-03-18,0
EQ-0356,2023-03-18,0
EQ-0364,2023-03-18,1
EQ-0215,2023-03-18,0
EQ-0331,2023-03-18,0
EQ-0302,2023-03-18,0
EQ-0186,2023-03-18,0
EQ-0002,2023-03-18,0
EQ-0148,2023-03-18,0
EQ-0373,2023-03-18,0
EQ-0184,2023-03-18,0
EQ-0317,2023-03-18,0
EQ-0053,2023-03-18,0
EQ-0086,2023-03-18,0
EQ-0106,2023-03-18,1
EQ-0022,2023-03-18,0
EQ-0227,2023-03-18,0
EQ-0433,2023-03-18,0
EQ-0088,2023-03-18,0
EQ-0382,2023-03-19,0
EQ-0033,2023-03-19,0
EQ-0183,2023-03-19,0
EQ-0379,2023-03-19,0
EQ-0054,2023-03-19,0
EQ-0326,2023-03-19,1
EQ-0225,2023-03-19,0
EQ-0280,2023-03-19,0
EQ-0098,2023-03-19,0
EQ-0346,2023-03-19,0
EQ-0198,2023-03-19,0
EQ-0375,2023-03-19,0
EQ-0278,2023-03-19,0
EQ-0433,2023-03-19,0
EQ-0107,2023-03-19,0
EQ-0045,2023-03-19,0
EQ-0318,2023-03-19,0
EQ-0332,2023-03-19,0
EQ-0263,2023-03-20,0
EQ-0410,2023-03-20,0
EQ-0120,2023-03-20,0
EQ-0267,2023-03-20,0
EQ-0140,2023-03-20,0
EQ-0007,2023-03-20,0
EQ-0234,2023-03-20,0
EQ-0181,2023-03-20,0
EQ-0192,2023-03-20,0
EQ-0067,2023-03-20,0
EQ-0116,2023-03-20,0
EQ-0180,2023-03-20,1
EQ-0279,2023-03-20,0
EQ-0303,2023-03-20,0
EQ-0050,2023-03-20,0
EQ-0278,2023-03-20,0
EQ-0217,2023-03-20,0
EQ-0381,2023-03-20,0
EQ-0063,2023-03-20,0
EQ-0085,2023-03-20,0
EQ-0062,2023-03-20,0
EQ-0163,2023-03-20,0
EQ-0272,2023-03-20,0
EQ-0273,2023-03-20,0
EQ-0374,2023-03-20,0
EQ-0366,2023-03-21,0
EQ-0351,2023-03-21,0
EQ-0004,2023-03-21,1
EQ-0168,2023-03-21,0
EQ-0275,2023-03-21,0
EQ-0252,2023-03-21,0
EQ-0028,2023-03-21,0
EQ-0134,2023-03-21,0
EQ-0066,2023-03-21,0
EQ-0171,2023-03-21,0
EQ-0330,2023-03-21,0
EQ-0064,2023-03-21,0
EQ-0363,2023-03-21,0
EQ-0145,2023-03-21,0
EQ-0164,2023-03-21,0
EQ-0279,2023-03-21,0
EQ-0088,2023-03-21,0
EQ-0437,2023-03-21,0
EQ-0425,2023-03-21,0
EQ-0089,2023-03-21,0
EQ-0065,2023-03-21,0
EQ-0321,2023-03-21,0
EQ-0174,2023-03-21,0
EQ-0203,2023-03-22,0
EQ-0407,2023-03-22,0
EQ-0392,2023-03-22,0
EQ-0265,2023-03-22,0
EQ-0128,2023-03-22,0
EQ-0348,2023-03-22,0
EQ-0159,2023-03-22,0
EQ-0212,2023-03-22,0
EQ-0126,2023-03-22,0
EQ-0402,2023-03-23,0
EQ-0247,2023-03-23,0
EQ-0170,2023-03-23,0
EQ-0151,2023-03-23,0
EQ-0046,2023-03-23,0
EQ-0111,2023-03-23,0
EQ-0039,2023-03-23,1
EQ-0010,2023-03-23,0
EQ-0157,2023-03-23,0
EQ-0193,2023-03-23,0
EQ-0420,2023-03-23,0
EQ-0162,2023-03-23,0
EQ-0300,2023-03-24,0
EQ-0359,2023-03-24,0
EQ-0040,2023-03-24,0
EQ-0413,2023-03-24,0
EQ-0252,2023-03-24,0
EQ-0027,2023-03-24,0
EQ-0260,2023-03-24,0
EQ-0431,2023-03-24,0
EQ-0245,2023-03-24,0
EQ-0201,2023-03-24,0
EQ-0037,2023-03-24,0
EQ-0416,2023-03-24,0
EQ-0238,2023-03-24,0
EQ-0312,2023-03-24,0
EQ-0218,2023-03-24,0
EQ-0135,2023-03-24,0
EQ-0334,2023-03-24,0
EQ-0430,2023-03-24,0
EQ-0266,2023-03-24,0
EQ-0139,2023-03-25,0
EQ-0038,2023-03-25,0
EQ-0196,2023-03-25,0
EQ-0257,2023-03-25,0
EQ-0103,2023-03-25,0
EQ-0389,2023-03-25,0
EQ-0369,2023-03-25,0
EQ-0390,2023-03-25,0
EQ-0033,2023-03-25,0
EQ-0001,2023-03-25,0
EQ-0166,2023-03-25,0
EQ-0201,2023-03-25,0
EQ-0188,2023-03-25,0
EQ-0115,2023-03-25,0
EQ-0138,2023-03-25,0
EQ-0293,2023-03-25,0
EQ-0122,2023-03-25,0
EQ-0118,2023-03-25,0
EQ-0043,2023-03-25,0
EQ-0243,2023-03-25,0
EQ-0039,2023-03-25,1
EQ-0129,2023-03-25,0
EQ-0395,2023-03-26,0
EQ-0058,2023-03-26,0
EQ-0143,2023-03-26,0
EQ-0277,2023-03-26,0
EQ-0101,2023-03-26,0
EQ-0371,2023-03-26,0
EQ-0055,2023-03-26,0
EQ-0109,2023-03-26,0
EQ-0020,2023-03-26,0
EQ-0042,2023-03-26,0
EQ-0362,2023-03-26,0
EQ-0372,2023-03-26,0
EQ-0396,2023-03-26,1
EQ-0078,2023-03-26,0
EQ-0048,2023-03-26,0
EQ-0153,2023-03-26,0
EQ-0008,2023-03-26,1
EQ-0242,2023-03-26,0
EQ-0394,2023-03-27,0
EQ-0292,2023-03-27,0
EQ-0052,2023-03-27,0
EQ-0061,2023-03-27,0
EQ-0051,2023-03-27,0
EQ-0437,2023-03-27,0
EQ-0178,2023-03-27,0
EQ-0149,2023-03-27,0
EQ-0234,2023-03-27,0
EQ-0294,2023-03-27,0
EQ-0127,2023-03-27,0
EQ-0361,2023-03-27,1
EQ-0249,2023-03-27,0
EQ-0264,2023-03-27,0
EQ-0208,2023-03-27,0
EQ-0284,2023-03-27,0
EQ-0246,2023-03-27,0
EQ-0365,2023-03-27,0
EQ-0093,2023-03-28,0
EQ-0156,2023-03-28,0
EQ-0378,2023-03-28,0
EQ-0050,2023-03-28,0
EQ-0083,2023-03-28,0
EQ-0376,2023-03-28,0
EQ-0069,2023-03-28,0
EQ-0302,2023-03-28,0
EQ-0066,2023-03-28,0
EQ-0290,2023-03-28,0
EQ-0028,2023-03-28,0
EQ-0331,2023-03-28,0
EQ-0151,2023-03-28,0
EQ-0320,2023-03-28,0
EQ-0136,2023-03-28,0
EQ-0154,2023-03-28,0
EQ-0155,2023-03-28,0
EQ-0343,2023-03-28,0
EQ-0339,2023-03-29,0
EQ-0400,2023-03-29,0
EQ-0324,2023-03-29,0
EQ-0259,2023-03-29,0
EQ-0036,2023-03-29,0
EQ-0258,2023-03-29,0
EQ-0409,2023-03-29,1
EQ-0077,2023-03-29,0
EQ-0352,2023-03-29,0
EQ-0035,2023-03-29,0
EQ-0181,2023-03-29,0
EQ-0434,2023-03-29,0
EQ-0105,2023-03-29,0
EQ-0153,2023-03-29,0
EQ-0104,2023-03-29,0
EQ-0096,2023-03-29,0
EQ-0244,2023-03-29,0
EQ-0102,2023-03-29,0
EQ-0155,2023-03-29,0
EQ-0144,2023-03-29,0
EQ-0336,2023-03-29,1
EQ-0435,2023-03-29,0
EQ-0172,2023-03-29,0
EQ-0062,2023-03-29,0
EQ-0158,2023-03-30,0
EQ-0337,2023-03-30,0
EQ-0432,2023-03-30,0
EQ-0173,2023-03-30,0
EQ-0227,2023-03-30,0
EQ-0391,2023-03-30,1
EQ-0427,2023-03-30,0
EQ-0166,2023-03-30,0
EQ-0231,2023-03-30,0
EQ-0146,2023-03-30,0
EQ-0357,2023-03-30,0
EQ-0053,2023-03-30,0
EQ-0402,2023-03-30,0
EQ-0261,2023-03-30,0
EQ-0161,2023-03-30,0
EQ-0261,2023-03-31,0
EQ-0289,2023-03-31,0
EQ-0308,2023-03-31,0
EQ-0309,2023-03-31,0
EQ-0030,2023-03-31,0
EQ-0042,2023-03-31,0
EQ-0057,2023-03-31,0
EQ-0365,2023-03-31,0
EQ-0204,2023-03-31,0
EQ-0133,2023-03-31,0
EQ-0369,2023-03-31,0
EQ-0179,2023-03-31,0
EQ-0117,2023-03-31,0
EQ-0214,2023-03-31,0
EQ-0342,2023-03-31,0
EQ-0434,2023-03-31,0
EQ-0125,2023-03-31,0
EQ-0222,2023-03-31,0
EQ-0223,2023-03-31,0
EQ-0371,2023-03-31,0
EQ-0353,2023-03-31,0
EQ-0156,2023-03-31,0
EQ-0386,2023-04-01,0
EQ-0265,2023-04-01,0
EQ-0417,2023-04-01,0
EQ-0174,2023-04-01,0
EQ-0366,2023-04-01,0
EQ-0147,2023-04-01,0
EQ-0389,2023-04-01,0
EQ-0171,2023-04-01,0
EQ-0216,2023-04-01,0
EQ-0148,2023-04-01,0
EQ-0056,2023-04-01,0
EQ-0378,2023-04-01,0
EQ-0227,2023-04-01,0
EQ-0066,2023-04-01,0
EQ-0017,2023-04-01,0
EQ-0125,2023-04-01,0
EQ-0194,2023-04-01,0
EQ-0167,2023-04-01,0
EQ-0344,2023-04-01,0
EQ-0103,2023-04-02,0
EQ-0097,2023-04-02,0
EQ-0373,2023-04-02,0
EQ-0161,2023-04-02,0
EQ-0047,2023-04-02,0
EQ-0165,2023-04-02,0
EQ-0425,2023-04-02,0
EQ-0424,2023-04-02,1
EQ-0020,2023-04-02,0
EQ-0394,2023-04-02,0
EQ-0249,2023-04-02,0
EQ-0099,2023-04-02,0
EQ-0122,2023-04-02,0
EQ-0434,2023-04-02,0
EQ-0034,2023-04-02,0
EQ-0002,2023-04-02,0
EQ-0413,2023-04-02,0
EQ-0299,2023-04-02,0
EQ-0235,2023-04-03,0
EQ-0314,2023-04-03,0
EQ-0078,2023-04-03,0
EQ-0049,2023-04-03,0
EQ-0012,2023-04-03,0
EQ-0159,2023-04-03,0
EQ-0426,2023-04-03,0
EQ-0083,2023-04-03,0
EQ-0066,2023-04-03,0
EQ-0060,2023-04-04,0
EQ-0052,2023-04-04,0
EQ-0114,2023-04-04,0
EQ-0223,2023-04-04,0
EQ-0127,2023-04-04,0
EQ-0155,2023-04-04,0
EQ-0274,2023-04-04,0
EQ-0110,2023-04-04,0
EQ-0138,2023-04-04,0
EQ-0243,2023-04-04,0
EQ-0260,2023-04-04,0
EQ-0341,2023-04-04,0
EQ-0166,2023-04-04,0
EQ-0231,2023-04-04,0
EQ-0030,2023-04-05,0
EQ-0267,2023-04-05,0
EQ-0038,2023-04-05,0
EQ-0391,2023-04-05,1
EQ-0049,2023-04-05,0
EQ-0350,2023-04-05,0
EQ-0172,2023-04-05,0
EQ-0348,2023-04-05,0
EQ-0373,2023-04-05,0
EQ-0351,2023-04-05,0
EQ-0220,2023-04-05,0
EQ-0250,2023-04-05,0
EQ-0025,2023-04-05,0
EQ-0268,2023-04-05,0
EQ-0427,2023-04-05,0
EQ-0186,2023-04-05,1
EQ-0128,2023-04-06,0
EQ-0163,2023-04-06,0
EQ-0421,2023-04-06,0
EQ-0117,2023-04-06,0
EQ-0291,2023-04-06,0
EQ-0366,2023-04-06,0
EQ-0371,2023-04-06,0
EQ-0178,2023-04-06,0
EQ-0414,2023-04-06,0
EQ-0153,2023-04-06,0
EQ-0274,2023-04-06,0
EQ-0365,2023-04-06,0
EQ-0370,2023-04-06,0
EQ-0388,2023-04-06,0
EQ-0392,2023-04-06,0
EQ-0306,2023-04-06,0
EQ-0214,2023-04-06,0
EQ-0037,2023-04-06,0
EQ-0368,2023-04-06,0
EQ-0236,2023-04-06,0
EQ-0215,2023-04-06,0
EQ-0200,2023-04-07,0
EQ-0094,2023-04-07,0
EQ-0390,2023-04-07,0
EQ-0124,2023-04-07,0
EQ-0165,2023-04-07,0
EQ-0032,2023-04-07,0
EQ-0305,2023-04-07,0
EQ-0395,2023-04-07,0
EQ-0228,2023-04-07,0
EQ-0044,2023-04-07,0
EQ-0284,2023-04-07,0
EQ-0418,2023-04-07,0
EQ-0157,2023-04-07,0
EQ-0112,2023-04-07,0
EQ-0213,2023-04-07,0
EQ-0073,2023-04-07,0
EQ-0363,2023-04-07,0
EQ-0221,2023-04-07,0
EQ-0428,2023-04-07,0
EQ-0157,2023-04-08,0
EQ-0110,2023-04-08,0
EQ-0126,2023-04-08,0
EQ-0405,2023-04-08,0
EQ-0329,2023-04-08,0
EQ-0307,2023-04-08,0
EQ-0252,2023-04-08,0
EQ-0214,2023-04-08,0
EQ-0065,2023-04-08,0
EQ-0088,2023-04-08,0
EQ-0310,2023-04-08,0
EQ-0120,2023-04-08,0
EQ-0290,2023-04-08,0
EQ-0420,2023-04-09,0
EQ-0281,2023-04-09,0
EQ-0158,2023-04-09,0
EQ-0016,2023-04-09,0
EQ-0382,2023-04-09,0
EQ-0432,2023-04-09,0
EQ-0437,2023-04-09,0
EQ-0280,2023-04-09,0
EQ-0150,2023-04-09,0
EQ-0018,2023-04-09,0
EQ-0257,2023-04-09,0
EQ-0137,2023-04-09,0
EQ-0312,2023-04-09,0
EQ-0141,2023-04-09,0
EQ-0144,2023-04-09,0
EQ-0134,2023-04-09,0
EQ-0023,2023-04-09,0
EQ-0226,2023-04-09,0
EQ-0222,2023-04-09,0
EQ-0332,2023-04-09,0
EQ-0427,2023-04-09,0
EQ-0054,2023-04-09,0
EQ-0192,2023-04-09,0
EQ-0153,2023-04-09,0
EQ-0276,2023-04-09,0
EQ-0008,2023-04-09,1
EQ-0055,2023-04-09,0
EQ-0434,2023-04-10,0
EQ-0261,2023-04-10,0
EQ-0079,2023-04-10,0
EQ-0408,2023-04-10,0
EQ-0254,2023-04-10,0
EQ-0163,2023-04-10,0
EQ-0202,2023-04-10,0
EQ-0102,2023-04-10,0
EQ-0248,2023-04-10,0
EQ-0402,2023-04-10,0
EQ-0246,2023-04-10,0
EQ-0008,2023-04-10,1
EQ-0036,2023-04-10,0
EQ-0172,2023-04-10,0
EQ-0151,2023-04-10,0
EQ-0022,2023-04-10,0
EQ-0275,2023-04-10,0
EQ-0007,2023-04-10,0
EQ-0052,2023-04-10,0
EQ-0244,2023-04-10,0
EQ-0072,2023-04-11,1
EQ-0146,2023-04-11,0
EQ-0382,2023-04-11,0
EQ-0067,2023-04-11,0
EQ-0300,2023-04-11,0
EQ-0075,2023-04-11,1
EQ-0077,2023-04-11,0
EQ-0367,2023-04-11,0
EQ-0204,2023-04-11,0
EQ-0279,2023-04-11,0
EQ-0212,2023-04-11,0
EQ-0011,2023-04-11,0
EQ-0062,2023-04-11,0
EQ-0277,2023-04-11,0
EQ-0175,2023-04-11,0
EQ-0402,2023-04-11,0
EQ-0039,2023-04-11,1
EQ-0201,2023-04-11,0
EQ-0403,2023-04-11,0
EQ-0100,2023-04-11,0
EQ-0379,2023-04-11,0
EQ-0242,2023-04-11,0
EQ-0203,2023-04-12,0
EQ-0005,2023-04-12,0
EQ-0056,2023-04-12,0
EQ-0256,2023-04-12,0
EQ-0219,2023-04-12,0
EQ-0361,2023-04-12,1
EQ-0245,2023-04-12,0
EQ-0356,2023-04-12,0
EQ-0108,2023-04-12,1
EQ-0140,2023-04-12,0
EQ-0004,2023-04-12,1
EQ-0106,2023-04-12,1
EQ-0135,2023-04-12,0
EQ-0139,2023-04-12,0
EQ-0399,2023-04-12,0
EQ-0058,2023-04-12,0
EQ-0177,2023-04-12,0
EQ-0154,2023-04-12,0
EQ-0175,2023-04-12,0
EQ-0193,2023-04-12,0
EQ-0381,2023-04-12,0
EQ-0372,2023-04-12,0
EQ-0014,2023-04-12,0
EQ-0289,2023-04-12,0
EQ-0288,2023-04-12,0
EQ-0061,2023-04-12,0
EQ-0016,2023-04-13,0
EQ-0298,2023-04-13,0
EQ-0330,2023-04-13,0
EQ-0302,2023-04-13,0
EQ-0315,2023-04-13,0
EQ-0065,2023-04-13,0
EQ-0009,2023-04-13,0
EQ-0166,2023-04-13,0
EQ-0377,2023-04-13,0
EQ-0080,2023-04-13,0
EQ-0126,2023-04-13,0
EQ-0134,2023-04-13,0
EQ-0109,2023-04-13,0
EQ-0419,2023-04-13,0
EQ-0010,2023-04-13,0
EQ-0328,2023-04-13,0
EQ-0084,2023-04-13,1
EQ-0324,2023-04-13,0
EQ-0432,2023-04-13,0
EQ-0311,2023-04-14,0
EQ-0394,2023-04-14,0
EQ-0085,2023-04-14,0
EQ-0301,2023-04-14,0
EQ-0131,2023-04-14,0
EQ-0393,2023-04-14,0
EQ-0338,2023-04-14,0
EQ-0042,2023-04-14,0
EQ-0198,2023-04-14,0
EQ-0201,2023-04-14,0
EQ-0367,2023-04-14,0
EQ-0431,2023-04-14,0
EQ-0365,2023-04-14,0
EQ-0323,2023-04-14,0
EQ-0224,2023-04-14,0
EQ-0182,2023-04-14,0
EQ-0261,2023-04-14,0
EQ-0051,2023-04-14,0
EQ-0050,2023-04-14,0
EQ-0257,2023-04-14,0
EQ-0027,2023-04-14,0
EQ-0333,2023-04-15,0
EQ-0087,2023-04-15,0
EQ-0263,2023-04-15,0
EQ-0191,2023-04-15,0
EQ-0090,2023-04-15,0
EQ-0436,2023-04-15,0
EQ-0431,2023-04-15,0
EQ-0050,2023-04-15,0
EQ-0239,2023-04-15,0
EQ-0040,2023-04-15,0
EQ-0278,2023-04-15,0
EQ-0415,2023-04-15,1
EQ-0322,2023-04-15,0
EQ-0383,2023-04-15,0
EQ-0015,2023-04-15,0
EQ-0129,2023-04-15,0
EQ-0173,2023-04-15,0
EQ-0061,2023-04-15,0
EQ-0001,2023-04-15,0
EQ-0145,2023-04-15,0
EQ-0297,2023-04-15,0
EQ-0045,2023-04-15,0
EQ-0387,2023-04-16,0
EQ-0268,2023-04-16,0
EQ-0357,2023-04-16,0
EQ-0155,2023-04-16,0
EQ-0027,2023-04-16,0
EQ-0389,2023-04-16,0
EQ-0270,2023-04-16,0
EQ-0241,2023-04-16,0
EQ-0229,2023-04-16,0
EQ-0371,2023-04-16,0
EQ-0130,2023-04-16,0
EQ-0379,2023-04-16,0
EQ-0331,2023-04-16,0
EQ-0262,2023-04-16,0
EQ-0181,2023-04-16,0
EQ-0189,2023-04-16,0
EQ-0086,2023-04-16,0
EQ-0031,2023-04-16,0
EQ-0342,2023-04-17,0
EQ-0255,2023-04-17,0
EQ-0044,2023-04-17,0
EQ-0046,2023-04-17,0
EQ-0024,2023-04-17,0
EQ-0206,2023-04-17,0
EQ-0227,2023-04-17,0
EQ-0225,2023-04-17,0
EQ-0028,2023-04-17,0
EQ-0302,2023-04-17,0
EQ-0064,2023-04-17,0
EQ-0143,2023-04-17,0
EQ-0247,2023-04-17,0
EQ-0244,2023-04-18,0
EQ-0105,2023-04-18,0
EQ-0271,2023-04-18,0
EQ-0177,2023-04-18,0
EQ-0069,2023-04-18,0
EQ-0151,2023-04-18,0
EQ-0144,2023-04-18,0
EQ-0063,2023-04-18,0
EQ-0406,2023-04-18,0
EQ-0317,2023-04-18,0
EQ-0393,2023-04-18,0
EQ-0376,2023-04-18,0
EQ-0412,2023-04-18,1
EQ-0369,2023-04-18,0
EQ-0380,2023-04-18,0
EQ-0013,2023-04-18,0
EQ-0012,2023-04-19,0
EQ-0380,2023-04-19,0
EQ-0046,2023-04-19,0
EQ-0020,2023-04-19,0
EQ-0400,2023-04-19,0
EQ-0132,2023-04-19,0
EQ-0088,2023-04-19,0
EQ-0060,2023-04-19,0
EQ-0237,2023-04-19,0
EQ-0033,2023-04-19,0
EQ-0051,2023-04-19,0
EQ-0259,2023-04-19,0
EQ-0233,2023-04-19,0
EQ-0422,2023-04-19,0
EQ-0272,2023-04-19,0
EQ-0092,2023-04-19,0
EQ-0347,2023-04-19,1
EQ-0048,2023-04-19,0
EQ-0039,2023-04-19,1
EQ-0360,2023-04-19,0
EQ-0076,2023-04-19,1
EQ-0409,2023-04-19,1
EQ-0238,2023-04-19,0
EQ-0251,2023-04-19,0
EQ-0005,2023-04-20,0
EQ-0111,2023-04-20,0
EQ-0121,2023-04-20,0
EQ-0081,2023-04-20,0
EQ-0388,2023-04-20,0
EQ-0280,2023-04-20,0
EQ-0164,2023-04-20,0
EQ-0188,2023-04-20,0
EQ-0381,2023-04-20,0
EQ-0313,2023-04-20,0
EQ-0133,2023-04-20,0
EQ-0349,2023-04-20,0
EQ-0423,2023-04-20,0
EQ-0197,2023-04-20,0
EQ-0232,2023-04-20,1
EQ-0142,2023-04-20,1
EQ-0179,2023-04-21,0
EQ-0334,2023-04-21,0
EQ-0234,2023-04-21,0
EQ-0043,2023-04-21,0
EQ-0205,2023-04-21,0
EQ-0266,2023-04-21,0
EQ-0013,2023-04-21,0
EQ-0164,2023-04-21,0
EQ-0101,2023-04-21,0
EQ-0294,2023-04-21,0
EQ-0187,2023-04-21,0
EQ-0047,2023-04-21,0
EQ-0343,2023-04-21,0
EQ-0160,2023-04-21,0
EQ-0404,2023-04-21,1
EQ-0093,2023-04-21,0
EQ-0190,2023-04-21,0
EQ-0437,2023-04-21,0
EQ-0026,2023-04-21,0
EQ-0007,2023-04-21,0
EQ-0159,2023-04-21,0
EQ-0369,2023-04-21,0
EQ-0384,2023-04-21,0
EQ-0256,2023-04-22,0
EQ-0430,2023-04-22,0
EQ-0396,2023-04-22,1
EQ-0203,2023-04-22,0
EQ-0055,2023-04-22,0
EQ-0281,2023-04-22,0
EQ-0336,2023-04-22,1
EQ-0287,2023-04-22,0
EQ-0304,2023-04-22,0
EQ-0326,2023-04-22,1
EQ-0266,2023-04-22,0
EQ-0170,2023-04-22,0
EQ-0089,2023-04-22,0
EQ-0377,2023-04-22,0
EQ-0009,2023-04-22,0
EQ-0003,2023-04-22,0
EQ-0196,2023-04-22,0
EQ-0362,2023-04-22,0
EQ-0296,2023-04-22,0
EQ-0259,2023-04-22,0
EQ-0308,2023-04-23,0
EQ-0411,2023-04-23,0
EQ-0002,2023-04-23,0
EQ-0098,2023-04-23,0
EQ-0391,2023-04-23,1
EQ-0148,2023-04-23,0
EQ-0433,2023-04-23,0
EQ-0317,2023-04-23,0
EQ-0162,2023-04-23,0
EQ-0286,2023-04-23,0
EQ-0378,2023-04-23,0
EQ-0240,2023-04-23,0
EQ-0136,2023-04-23,0
EQ-0276,2023-04-23,0
EQ-0263,2023-04-23,0
EQ-0230,2023-04-23,0
EQ-0234,2023-04-23,0
EQ-0327,2023-04-23,0
EQ-0179,2023-04-23,0
EQ-0029,2023-04-23,0
EQ-0339,2023-04-23,0
EQ-0053,2023-04-24,0
EQ-0401,2023-04-24,0
EQ-0185,2023-04-24,0
EQ-0398,2023-04-24,0
EQ-0325,2023-04-24,0
EQ-0042,2023-04-24,0
EQ-0337,2023-04-24,0
EQ-0036,2023-04-24,0
EQ-0374,2023-04-24,0
EQ-0118,2023-04-24,0
EQ-0035,2023-04-24,0
EQ-0173,2023-04-24,0
EQ-0320,2023-04-24,0
EQ-0335,2023-04-24,0
EQ-0264,2023-04-24,0
EQ-0068,2023-04-24,0
EQ-0156,2023-04-24,0
EQ-0116,2023-04-24,0
EQ-0010,2023-04-25,0
EQ-0053,2023-04-25,0
EQ-0031,2023-04-25,0
EQ-0429,2023-04-25,0
EQ-0385,2023-04-25,0
EQ-0169,2023-04-25,0
EQ-0022,2023-04-25,0
EQ-0178,2023-04-25,0
EQ-0023,2023-04-25,0
EQ-0191,2023-04-25,0
EQ-0279,2023-04-25,0
EQ-0104,2023-04-25,0
EQ-0115,2023-04-25,0
EQ-0040,2023-04-25,0
EQ-0199,2023-04-25,0
EQ-0063,2023-04-25,0
EQ-0174,2023-04-26,0
EQ-0096,2023-04-26,0
EQ-0318,2023-04-26,0
EQ-0217,2023-04-26,0
EQ-0273,2023-04-26,0
EQ-0258,2023-04-26,0
EQ-0183,2023-04-26,0
EQ-0001,2023-04-26,0
EQ-0067,2023-04-26,0
EQ-0321,2023-04-26,0
EQ-0424,2023-04-26,0
EQ-0438,2023-04-26,0
EQ-0069,2023-04-26,0
EQ-0254,2023-04-26,0
EQ-0176,2023-04-26,0
EQ-0252,2023-04-26,0
EQ-0208,2023-04-26,0
EQ-0375,2023-04-26,0
EQ-0152,2023-04-27,0
EQ-0293,2023-04-27,0
EQ-0253,2023-04-27,0
EQ-0015,2023-04-27,0
EQ-0037,2023-04-27,0
EQ-0014,2023-04-27,0
EQ-0113,2023-04-27,0
EQ-0316,2023-04-27,0
EQ-0364,2023-04-27,1
EQ-0059,2023-04-27,0
EQ-0062,2023-04-27,0
EQ-0149,2023-04-27,0
EQ-0285,2023-04-27,0
EQ-0374,2023-04-27,0
EQ-0337,2023-04-27,0
EQ-0439,2023-04-27,0
EQ-0074,2023-04-27,0
EQ-0093,2023-04-27,0
EQ-0355,2023-04-28,0
EQ-0433,2023-04-28,0
EQ-0359,2023-04-28,0
EQ-0158,2023-04-28,0
EQ-0128,2023-04-28,0
EQ-0107,2023-04-28,0
EQ-0210,2023-04-28,0
EQ-0045,2023-04-28,0
EQ-0267,2023-04-28,0
EQ-0043,2023-04-28,0
EQ-0309,2023-04-28,0
EQ-0019,2023-04-28,0
EQ-0435,2023-04-28,0
EQ-0260,2023-04-28,0
EQ-0095,2023-04-28,0
EQ-0033,2023-04-28,0
EQ-0390,2023-04-29,0
EQ-0038,2023-04-29,0
EQ-0416,2023-04-29,0
EQ-0207,2023-04-29,0
EQ-0156,2023-04-29,0
EQ-0354,2023-04-29,1
EQ-0003,2023-04-29,0
EQ-0041,2023-04-29,0
EQ-0028,2023-04-29,0
EQ-0345,2023-04-29,0
EQ-0397,2023-04-29,0
EQ-0011,2023-04-29,0
EQ-0353,2023-04-29,0
EQ-0352,2023-04-29,0
EQ-0269,2023-04-29,0
EQ-0346,2023-04-29,0
EQ-0048,2023-04-29,0
EQ-0262,2023-04-29,0
EQ-0057,2023-04-29,0
EQ-0006,2023-04-29,0
EQ-0358,2023-04-29,0
EQ-0082,2023-04-29,0
EQ-0392,2023-04-29,0
EQ-0303,2023-04-29,0
EQ-0282,2023-04-29,0
EQ-0410,2023-04-30,0
EQ-0162,2023-04-30,0
EQ-0154,2023-04-30,0
EQ-0340,2023-04-30,0
EQ-0071,2023-04-30,1
EQ-0209,2023-04-30,0
EQ-0395,2023-04-30,0
EQ-0316,2023-04-30,0
EQ-0070,2023-04-30,0
EQ-0211,2023-04-30,0
EQ-0184,2023-04-30,0
EQ-0064,2023-04-30,0
EQ-0416,2023-04-30,0
EQ-0387,2023-04-30,0
EQ-0014,2023-05-01,0
EQ-0117,2023-05-01,0
EQ-0437,2023-05-01,0
EQ-0043,2023-05-01,0
EQ-0134,2023-05-01,0
EQ-0126,2023-05-01,0
EQ-0426,2023-05-01,0
EQ-0322,2023-05-01,0
EQ-0343,2023-05-01,0
EQ-0230,2023-05-01,0
EQ-0151,2023-05-01,0
EQ-0184,2023-05-02,0
EQ-0341,2023-05-02,0
EQ-0259,2023-05-02,0
EQ-0197,2023-05-02,0
EQ-0357,2023-05-02,0
EQ-0088,2023-05-02,0
EQ-0174,2023-05-02,0
EQ-0427,2023-05-02,0
EQ-0038,2023-05-02,0
EQ-0175,2023-05-02,0
EQ-0129,2023-05-02,0
EQ-0078,2023-05-02,0
EQ-0033,2023-05-02,0
EQ-0034,2023-05-02,0
EQ-0122,2023-05-02,0
EQ-0178,2023-05-02,0
EQ-0191,2023-05-02,0
EQ-0318,2023-05-02,0
EQ-0330,2023-05-02,0
EQ-0348,2023-05-03,0
EQ-0182,2023-05-03,0
EQ-0007,2023-05-03,0
EQ-0325,2023-05-03,0
EQ-0180,2023-05-03,1
EQ-0366,2023-05-03,0
EQ-0086,2023-05-03,0
EQ-0422,2023-05-03,0
EQ-0081,2023-05-03,0
EQ-0302,2023-05-03,0
EQ-0087,2023-05-03,0
EQ-0024,2023-05-03,0
EQ-0249,2023-05-03,0
EQ-0039,2023-05-03,1
EQ-0399,2023-05-03,0
EQ-0063,2023-05-03,0
EQ-0332,2023-05-04,0
EQ-0252,2023-05-04,0
EQ-0256,2023-05-04,0
EQ-0070,2023-05-04,0
EQ-0257,2023-05-04,0
EQ-0274,2023-05-04,0
EQ-0043,2023-05-04,1
EQ-0277,2023-05-04,0
EQ-0356,2023-05-04,0
EQ-0058,2023-05-04,0
EQ-0169,2023-05-04,0
EQ-0313,2023-05-04,0
EQ-0418,2023-05-04,0
EQ-0236,2023-05-04,0
EQ-0199,2023-05-04,0
EQ-0116,2023-05-04,0
EQ-0354,2023-05-04,1
EQ-0016,2023-05-05,0
EQ-0374,2023-05-05,0
EQ-0269,2023-05-05,0
EQ-0416,2023-05-05,0
EQ-0178,2023-05-05,0
EQ-0150,2023-05-05,0
EQ-0030,2023-05-05,0
EQ-0288,2023-05-05,0
EQ-0120,2023-05-05,0
EQ-0185,2023-05-05,0
EQ-0055,2023-05-05,0
EQ-0064,2023-05-05,0
EQ-0386,2023-05-05,0
EQ-0274,2023-05-05,0
EQ-0244,2023-05-05,0
EQ-0301,2023-05-05,0
EQ-0317,2023-05-05,0
EQ-0028,2023-05-05,0
EQ-0165,2023-05-06,0
EQ-0110,2023-05-06,0
EQ-0209,2023-05-06,0
EQ-0284,2023-05-06,0
EQ-0260,2023-05-06,0
EQ-0233,2023-05-06,0
EQ-0156,2023-05-06,0
EQ-0420,2023-05-06,0
EQ-0020,2023-05-06,0
EQ-0295,2023-05-06,1
EQ-0391,2023-05-06,1
EQ-0161,2023-05-06,0
EQ-0279,2023-05-06,0
EQ-0201,2023-05-06,0
EQ-0436,2023-05-06,0
EQ-0148,2023-05-06,0
EQ-0367,2023-05-06,0
EQ-0273,2023-05-06,0
EQ-0379,2023-05-07,0
EQ-0042,2023-05-07,0
EQ-0244,2023-05-07,0
EQ-0362,2023-05-07,0
EQ-0093,2023-05-07,0
EQ-0132,2023-05-07,0
EQ-0166,2023-05-07,0
EQ-0433,2023-05-07,0
EQ-0283,2023-05-07,0
EQ-0162,2023-05-07,0
EQ-0385,2023-05-07,0
EQ-0395,2023-05-07,0
EQ-0195,2023-05-07,0
EQ-0326,2023-05-07,1
EQ-0424,2023-05-07,0
EQ-0308,2023-05-07,0
EQ-0411,2023-05-07,0
EQ-0008,2023-05-07,1
EQ-0224,2023-05-08,0
EQ-0003,2023-05-08,0
EQ-0177,2023-05-08,0
EQ-0018,2023-05-08,0
EQ-0044,2023-05-08,0
EQ-0172,2023-05-08,0
EQ-0111,2023-05-08,0
EQ-0377,2023-05-08,0
EQ-0142,2023-05-08,1
EQ-0206,2023-05-08,0
EQ-0198,2023-05-08,0
EQ-0307,2023-05-08,0
EQ-0214,2023-05-08,0
EQ-0237,2023-05-08,0
EQ-0080,2023-05-08,0
EQ-0323,2023-05-08,0
EQ-0355,2023-05-08,0
EQ-0098,2023-05-08,0
EQ-0066,2023-05-08,0
EQ-0358,2023-05-08,0
EQ-0099,2023-05-08,0
EQ-0069,2023-05-08,0
EQ-0258,2023-05-09,0
EQ-0133,2023-05-09,0
EQ-0324,2023-05-09,0
EQ-0350,2023-05-09,0
EQ-0428,2023-05-09,0
EQ-0094,2023-05-09,0
EQ-0352,2023-05-09,0
EQ-0281,2023-05-09,0
EQ-0389,2023-05-09,0
EQ-0364,2023-05-09,1
EQ-0063,2023-05-09,0
EQ-0278,2023-05-09,0
EQ-0382,2023-05-09,0
EQ-0371,2023-05-09,0
EQ-0128,2023-05-09,0
EQ-0011,2023-05-10,0
EQ-0101,2023-05-10,0
EQ-0095,2023-05-10,0
EQ-0019,2023-05-10,0
EQ-0246,2023-05-10,0
EQ-0152,2023-05-10,0
EQ-0434,2023-05-10,0
EQ-0382,2023-05-10,0
EQ-0071,2023-05-10,1
EQ-0231,2023-05-10,0
EQ-0317,2023-05-10,0
EQ-0149,2023-05-10,0
EQ-0216,2023-05-10,0
EQ-0439,2023-05-10,0
EQ-0097,2023-05-10,0
EQ-0009,2023-05-10,0
EQ-0425,2023-05-10,0
EQ-0031,2023-05-10,0
EQ-0373,2023-05-10,0
EQ-0053,2023-05-10,0
EQ-0392,2023-05-10,0
EQ-0394,2023-05-11,0
EQ-0090,2023-05-11,0
EQ-0007,2023-05-11,0
EQ-0187,2023-05-11,1
EQ-0432,2023-05-11,0
EQ-0103,2023-05-11,0
EQ-0320,2023-05-11,0
EQ-0303,2023-05-11,0
EQ-0268,2023-05-11,0
EQ-0333,2023-05-11,0
EQ-0222,2023-05-11,0
EQ-0146,2023-05-11,0
EQ-0243,2023-05-11,0
EQ-0193,2023-05-11,0
EQ-0181,2023-05-11,0
EQ-0419,2023-05-12,0
EQ-0273,2023-05-12,0
EQ-0403,2023-05-12,0
EQ-0084,2023-05-12,1
EQ-0331,2023-05-12,0
EQ-0062,2023-05-12,0
EQ-0140,2023-05-12,0
EQ-0183,2023-05-12,0
EQ-0158,2023-05-12,0
EQ-0414,2023-05-12,0
EQ-0267,2023-05-12,0
EQ-0311,2023-05-12,0
EQ-0203,2023-05-12,0
EQ-0047,2023-05-12,0
EQ-0400,2023-05-12,0
EQ-0302,2023-05-12,0
EQ-0168,2023-05-12,0
EQ-0110,2023-05-12,0
EQ-0427,2023-05-12,0
EQ-0433,2023-05-12,0
EQ-0152,2023-05-12,0
EQ-0015,2023-05-12,0
EQ-0059,2023-05-13,0
EQ-0048,2023-05-13,0
EQ-0378,2023-05-13,0
EQ-0349,2023-05-13,0
EQ-0032,2023-05-13,0
EQ-0232,2023-05-13,1
EQ-0337,2023-05-13,0
EQ-0264,2023-05-13,0
EQ-0395,2023-05-13,0
EQ-0106,2023-05-13,0
EQ-0263,2023-05-13,0
EQ-0039,2023-05-13,1
EQ-0353,2023-05-13,0
EQ-0205,2023-05-13,0
EQ-0393,2023-05-13,0
EQ-0406,2023-05-13,0
EQ-0031,2023-05-13,0
EQ-0119,2023-05-13,0
EQ-0037,2023-05-13,0
EQ-0188,2023-05-13,0
EQ-0278,2023-05-13,0
EQ-0281,2023-05-13,0
EQ-0166,2023-05-13,0
EQ-0260,2023-05-14,0
EQ-0136,2023-05-14,0
EQ-0096,2023-05-14,0
EQ-0223,2023-05-14,0
EQ-0192,2023-05-14,0
EQ-0123,2023-05-14,0
EQ-0160,2023-05-14,0
EQ-0025,2023-05-14,0
EQ-0131,2023-05-14,0
EQ-0276,2023-05-14,1
EQ-0047,2023-05-14,0
EQ-0064,2023-05-14,0
EQ-0144,2023-05-14,0
EQ-0050,2023-05-14,0
EQ-0367,2023-05-14,0
EQ-0023,2023-05-14,0
EQ-0388,2023-05-14,0
EQ-0321,2023-05-14,0
EQ-0280,2023-05-14,0
EQ-0263,2023-05-14,0
EQ-0412,2023-05-14,1
EQ-0012,2023-05-14,0
EQ-0157,2023-05-14,0
EQ-0392,2023-05-15,0
EQ-0361,2023-05-15,0
EQ-0265,2023-05-15,0
EQ-0155,2023-05-15,0
EQ-0050,2023-05-15,0
EQ-0055,2023-05-15,0
EQ-0210,2023-05-15,0
EQ-0336,2023-05-15,1
EQ-0315,2023-05-15,0
EQ-0112,2023-05-15,0
EQ-0432,2023-05-15,0
EQ-0212,2023-05-15,0
EQ-0245,2023-05-15,0
EQ-0200,2023-05-15,0
EQ-0335,2023-05-15,0
EQ-0052,2023-05-15,0
EQ-0141,2023-05-16,0
EQ-0061,2023-05-16,0
EQ-0241,2023-05-16,0
EQ-0158,2023-05-16,0
EQ-0062,2023-05-16,0
EQ-0154,2023-05-16,0
EQ-0239,2023-05-16,0
EQ-0114,2023-05-16,0
EQ-0363,2023-05-16,0
EQ-0196,2023-05-16,0
EQ-0038,2023-05-16,0
EQ-0369,2023-05-16,0
EQ-0037,2023-05-16,0
EQ-0409,2023-05-16,1
EQ-0077,2023-05-16,0
EQ-0022,2023-05-17,0
EQ-0234,2023-05-17,0
EQ-0076,2023-05-17,1
EQ-0145,2023-05-17,0
EQ-0370,2023-05-17,0
EQ-0046,2023-05-17,0
EQ-0203,2023-05-17,0
EQ-0266,2023-05-17,0
EQ-0415,2023-05-17,1
EQ-0227,2023-05-17,0
EQ-0267,2023-05-17,0
EQ-0402,2023-05-17,0
EQ-0242,2023-05-17,0
EQ-0435,2023-05-17,0
EQ-0345,2023-05-17,0
EQ-0215,2023-05-17,0
EQ-0100,2023-05-17,0
EQ-0256,2023-05-17,0
EQ-0186,2023-05-17,1
EQ-0127,2023-05-17,0
EQ-0309,2023-05-17,0
EQ-0297,2023-05-17,0
EQ-0115,2023-05-17,0
EQ-0082,2023-05-17,0
EQ-0408,2023-05-17,0
EQ-0164,2023-05-18,0
EQ-0202,2023-05-18,0
EQ-0378,2023-05-18,0
EQ-0124,2023-05-18,0
EQ-0107,2023-05-18,0
EQ-0368,2023-05-18,0
EQ-0177,2023-05-18,0
EQ-0259,2023-05-18,0
EQ-0028,2023-05-18,0
EQ-0213,2023-05-18,0
EQ-0390,2023-05-18,0
EQ-0105,2023-05-18,0
EQ-0372,2023-05-18,0
EQ-0016,2023-05-18,0
EQ-0280,2023-05-18,0
EQ-0293,2023-05-18,0
EQ-0417,2023-05-18,0
EQ-0304,2023-05-18,0
EQ-0174,2023-05-18,0
EQ-0248,2023-05-18,1
EQ-0104,2023-05-18,0
EQ-0045,2023-05-19,0
EQ-0003,2023-05-19,0
EQ-0022,2023-05-19,0
EQ-0191,2023-05-19,0
EQ-0377,2023-05-19,0
EQ-0075,2023-05-19,1
EQ-0040,2023-05-19,0
EQ-0305,2023-05-19,0
EQ-0109,2023-05-19,0
EQ-0298,2023-05-19,0
EQ-0035,2023-05-19,0
EQ-0130,2023-05-19,0
EQ-0154,2023-05-20,0
EQ-0006,2023-05-20,0
EQ-0163,2023-05-20,0
EQ-0208,2023-05-20,0
EQ-0291,2023-05-20,0
EQ-0394,2023-05-20,0
EQ-0234,2023-05-20,0
EQ-0225,2023-05-20,0
EQ-0266,2023-05-20,0
EQ-0373,2023-05-20,0
EQ-0431,2023-05-20,0
EQ-0384,2023-05-20,0
EQ-0339,2023-05-20,0
EQ-0371,2023-05-20,0
EQ-0374,2023-05-20,0
EQ-0113,2023-05-20,0
EQ-0026,2023-05-20,0
EQ-0319,2023-05-20,0
EQ-0306,2023-05-20,0
EQ-0015,2023-05-21,0
EQ-0429,2023-05-21,0
EQ-0292,2023-05-21,0
EQ-0366,2023-05-21,0
EQ-0379,2023-05-21,0
EQ-0008,2023-05-21,1
EQ-0029,2023-05-21,0
EQ-0005,2023-05-21,0
EQ-0048,2023-05-21,0
EQ-0027,2023-05-21,0
EQ-0235,2023-05-21,0
EQ-0052,2023-05-21,0
EQ-0398,2023-05-21,0
EQ-0310,2023-05-22,0
EQ-0218,2023-05-22,0
EQ-0179,2023-05-22,0
EQ-0135,2023-05-22,0
EQ-0010,2023-05-22,0
EQ-0108,2023-05-22,1
EQ-0151,2023-05-22,0
EQ-0380,2023-05-22,0
EQ-0265,2023-05-22,0
EQ-0410,2023-05-22,0
EQ-0334,2023-05-22,0
EQ-0413,2023-05-22,0
EQ-0014,2023-05-22,0
EQ-0079,2023-05-22,0
EQ-0375,2023-05-22,0
EQ-0085,2023-05-22,0
EQ-0069,2023-05-22,0
EQ-0416,2023-05-22,0
EQ-0091,2023-05-22,0
EQ-0236,2023-05-22,0
EQ-0201,2023-05-22,0
EQ-0424,2023-05-22,0
EQ-0327,2023-05-23,0
EQ-0170,2023-05-23,0
EQ-0013,2023-05-23,0
EQ-0165,2023-05-23,0
EQ-0396,2023-05-23,1
EQ-0002,2023-05-23,0
EQ-0153,2023-05-23,0
EQ-0383,2023-05-23,0
EQ-0150,2023-05-23,0
EQ-0060,2023-05-23,0
EQ-0057,2023-05-23,0
EQ-0156,2023-05-24,0
EQ-0144,2023-05-24,0
EQ-0074,2023-05-24,0
EQ-0148,2023-05-24,0
EQ-0173,2023-05-24,0
EQ-0159,2023-05-24,0
EQ-0137,2023-05-24,0
EQ-0296,2023-05-24,0
EQ-0351,2023-05-24,0
EQ-0421,2023-05-24,0
EQ-0316,2023-05-24,1
EQ-0042,2023-05-24,0
EQ-0002,2023-05-24,0
EQ-0143,2023-05-24,0
EQ-0155,2023-05-25,0
EQ-0157,2023-05-25,0
EQ-0118,2023-05-25,0
EQ-0068,2023-05-25,0
EQ-0001,2023-05-25,0
EQ-0056,2023-05-25,0
EQ-0397,2023-05-25,0
EQ-0254,2023-05-25,0
EQ-0121,2023-05-25,0
EQ-0011,2023-05-25,0
EQ-0021,2023-05-25,0
EQ-0240,2023-05-25,0
EQ-0214,2023-05-25,0
EQ-0393,2023-05-25,0
EQ-0254,2023-05-26,0
EQ-0340,2023-05-26,0
EQ-0049,2023-05-26,0
EQ-0227,2023-05-26,0
EQ-0423,2023-05-26,0
EQ-0261,2023-05-26,0
EQ-0300,2023-05-26,0
EQ-0404,2023-05-26,1
EQ-0181,2023-05-26,0
EQ-0369,2023-05-26,0
EQ-0176,2023-05-26,0
EQ-0338,2023-05-26,0
EQ-0365,2023-05-26,0
EQ-0285,2023-05-26,0
EQ-0027,2023-05-26,0
EQ-0134,2023-05-26,0
EQ-0391,2023-05-26,1
EQ-0262,2023-05-26,0
EQ-0272,2023-05-26,0
EQ-0328,2023-05-26,0
EQ-0053,2023-05-26,0
EQ-0017,2023-05-26,0
EQ-0009,2023-05-26,0
EQ-0102,2023-05-26,0
EQ-0204,2023-05-26,0
EQ-0271,2023-05-26,0
EQ-0041,2023-05-27,0
EQ-0221,2023-05-27,0
EQ-0250,2023-05-27,0
EQ-0251,2023-05-27,0
EQ-0262,2023-05-27,0
EQ-0023,2023-05-27,0
EQ-0287,2023-05-27,0
EQ-0049,2023-05-27,0
EQ-0153,2023-05-27,0
EQ-0365,2023-05-27,0
EQ-0013,2023-05-27,0
EQ-0252,2023-05-27,0
EQ-0012,2023-05-27,0
EQ-0092,2023-05-27,0
EQ-0253,2023-05-27,0
EQ-0163,2023-05-27,0
EQ-0162,2023-05-27,0
EQ-0010,2023-05-27,0
EQ-0072,2023-05-27,1
EQ-0189,2023-05-27,1
EQ-0056,2023-05-27,0
EQ-0159,2023-05-27,0
EQ-0401,2023-05-27,0
EQ-0282,2023-05-27,0
EQ-0390,2023-05-27,0
EQ-0083,2023-05-28,0
EQ-0190,2023-05-28,0
EQ-0437,2023-05-28,0
EQ-0261,2023-05-28,0
EQ-0179,2023-05-28,0
EQ-0289,2023-05-28,0
EQ-0126,2023-05-28,0
EQ-0036,2023-05-28,1
EQ-0219,2023-05-28,0
EQ-0033,2023-05-28,0
EQ-0065,2023-05-28,0
EQ-0238,2023-05-28,0
EQ-0388,2023-05-28,0
EQ-0255,2023-05-28,0
EQ-0381,2023-05-28,1
EQ-0051,2023-05-29,0
EQ-0040,2023-05-29,0
EQ-0257,2023-05-29,0
EQ-0405,2023-05-29,0
EQ-0088,2023-05-29,0
EQ-0167,2023-05-29,0
EQ-0089,2023-05-29,1
EQ-0431,2023-05-29,0
EQ-0434,2023-05-29,0
EQ-0060,2023-05-29,0
EQ-0342,2023-05-29,0
EQ-0247,2023-05-29,0
EQ-0347,2023-05-29,0
EQ-0194,2023-05-29,0
EQ-0290,2023-05-29,0
EQ-0381,2023-05-29,1
EQ-0004,2023-05-30,1
EQ-0045,2023-05-30,0
EQ-0020,2023-05-30,1
EQ-0173,2023-05-30,0
EQ-0387,2023-05-30,0
EQ-0228,2023-05-30,0
EQ-0331,2023-05-30,0
EQ-0299,2023-05-30,0
EQ-0067,2023-05-30,0
EQ-0066,2023-05-30,0
EQ-0359,2023-05-30,0
EQ-0147,2023-05-30,0
EQ-0001,2023-05-30,0
EQ-0270,2023-05-30,1
EQ-0061,2023-05-30,0
EQ-0229,2023-05-30,0
EQ-0172,2023-05-30,0
EQ-0073,2023-05-30,1
EQ-0093,2023-05-31,0
EQ-0286,2023-05-31,0
EQ-0046,2023-05-31,0
EQ-0207,2023-05-31,0
EQ-0164,2023-05-31,0
EQ-0005,2023-05-31,0
EQ-0139,2023-05-31,0
EQ-0044,2023-05-31,0
EQ-0067,2023-05-31,0
EQ-0125,2023-05-31,0
EQ-0329,2023-05-31,1
EQ-0171,2023-05-31,0
EQ-0220,2023-05-31,0
EQ-0314,2023-05-31,0
EQ-0128,2023-05-31,0
EQ-0438,2023-05-31,0
EQ-0316,2023-05-31,1
EQ-0312,2023-05-31,0
EQ-0054,2023-05-31,0
EQ-0278,2023-06-01,0
EQ-0159,2023-06-01,0
EQ-0280,2023-06-01,0
EQ-0079,2023-06-01,0
EQ-0028,2023-06-01,0
EQ-0085,2023-06-01,0
EQ-0193,2023-06-01,0
EQ-0395,2023-06-01,0
EQ-0158,2023-06-01,0
EQ-0329,2023-06-01,1
EQ-0351,2023-06-01,0
EQ-0438,2023-06-01,0
EQ-0191,2023-06-01,0
EQ-0076,2023-06-01,1
EQ-0044,2023-06-01,0
EQ-0202,2023-06-01,0
EQ-0061,2023-06-01,0
EQ-0393,2023-06-01,0
EQ-0294,2023-06-01,0
EQ-0043,2023-06-01,1
EQ-0406,2023-06-01,0
EQ-0137,2023-06-01,0
EQ-0023,2023-06-01,0
EQ-0062,2023-06-02,0
EQ-0049,2023-06-02,0
EQ-0357,2023-06-02,0
EQ-0307,2023-06-02,0
EQ-0221,2023-06-02,0
EQ-0367,2023-06-02,0
EQ-0229,2023-06-02,0
EQ-0314,2023-06-02,0
EQ-0349,2023-06-02,0
EQ-0113,2023-06-02,0
EQ-0067,2023-06-02,0
EQ-0152,2023-06-02,0
EQ-0350,2023-06-02,0
EQ-0030,2023-06-02,0
EQ-0398,2023-06-02,0
EQ-0266,2023-06-02,0
EQ-0168,2023-06-02,0
EQ-0327,2023-06-02,0
EQ-0052,2023-06-02,0
EQ-0162,2023-06-02,0
EQ-0271,2023-06-02,0
EQ-0433,2023-06-02,0
EQ-0105,2023-06-02,0
EQ-0259,2023-06-03,0
EQ-0254,2023-06-03,0
EQ-0268,2023-06-03,0
EQ-0436,2023-06-03,0
EQ-0028,2023-06-03,0
EQ-0341,2023-06-03,0
EQ-0016,2023-06-03,0
EQ-0287,2023-06-03,0
EQ-0391,2023-06-03,1
EQ-0036,2023-06-03,1
EQ-0214,2023-06-03,0
EQ-0278,2023-06-03,0
EQ-0348,2023-06-03,0
EQ-0222,2023-06-03,0
EQ-0034,2023-06-03,0
EQ-0060,2023-06-03,0
EQ-0048,2023-06-03,0
EQ-0397,2023-06-03,0
EQ-0118,2023-06-04,0
EQ-0134,2023-06-04,0
EQ-0059,2023-06-04,0
EQ-0172,2023-06-04,0
EQ-0108,2023-06-04,1
EQ-0250,2023-06-04,0
EQ-0155,2023-06-04,0
EQ-0107,2023-06-04,0
EQ-0323,2023-06-04,0
EQ-0016,2023-06-04,0
EQ-0038,2023-06-04,0
EQ-0187,2023-06-04,1
EQ-0231,2023-06-04,0
EQ-0067,2023-06-04,0
EQ-0002,2023-06-04,0
EQ-0302,2023-06-04,0
EQ-0174,2023-06-05,0
EQ-0249,2023-06-05,0
EQ-0058,2023-06-05,0
EQ-0427,2023-06-05,0
EQ-0109,2023-06-05,0
EQ-0217,2023-06-05,0
EQ-0020,2023-06-05,1
EQ-0316,2023-06-05,1
EQ-0374,2023-06-05,1
EQ-0056,2023-06-05,0
EQ-0184,2023-06-05,0
EQ-0013,2023-06-05,0
EQ-0284,2023-06-06,0
EQ-0427,2023-06-06,0
EQ-0190,2023-06-06,0
EQ-0154,2023-06-06,0
EQ-0236,2023-06-06,0
EQ-0195,2023-06-06,0
EQ-0408,2023-06-06,0
EQ-0171,2023-06-06,0
EQ-0166,2023-06-06,0
EQ-0220,2023-06-06,0
EQ-0019,2023-06-06,0
EQ-0435,2023-06-06,0
EQ-0399,2023-06-06,0
EQ-0247,2023-06-06,0
EQ-0163,2023-06-06,0
EQ-0157,2023-06-06,0
EQ-0275,2023-06-06,0
EQ-0175,2023-06-06,0
EQ-0014,2023-06-06,1
EQ-0027,2023-06-06,0
EQ-0179,2023-06-06,0
EQ-0146,2023-06-07,0
EQ-0331,2023-06-07,0
EQ-0055,2023-06-07,0
EQ-0379,2023-06-07,0
EQ-0280,2023-06-07,0
EQ-0255,2023-06-07,0
EQ-0214,2023-06-07,0
EQ-0387,2023-06-07,0
EQ-0008,2023-06-07,0
EQ-0373,2023-06-07,0
EQ-0092,2023-06-07,0
EQ-0086,2023-06-07,0
EQ-0144,2023-06-07,0
EQ-0339,2023-06-07,0
EQ-0380,2023-06-07,0
EQ-0003,2023-06-07,0
EQ-0316,2023-06-07,1
EQ-0050,2023-06-07,0
EQ-0232,2023-06-07,0
EQ-0367,2023-06-08,0
EQ-0385,2023-06-08,0
EQ-0338,2023-06-08,0
EQ-0065,2023-06-08,0
EQ-0053,2023-06-08,0
EQ-0100,2023-06-08,0
EQ-0088,2023-06-08,0
EQ-0203,2023-06-08,0
EQ-0045,2023-06-08,0
EQ-0366,2023-06-08,0
EQ-0199,2023-06-08,0
EQ-0213,2023-06-08,0
EQ-0024,2023-06-08,0
EQ-0378,2023-06-08,0
EQ-0007,2023-06-08,0
EQ-0309,2023-06-08,0
EQ-0060,2023-06-08,0
EQ-0126,2023-06-08,0
EQ-0037,2023-06-08,0
EQ-0181,2023-06-08,0
EQ-0159,2023-06-09,0
EQ-0223,2023-06-09,0
EQ-0289,2023-06-09,0
EQ-0252,2023-06-09,0
EQ-0227,2023-06-09,0
EQ-0183,2023-06-09,0
EQ-0405,2023-06-09,0
EQ-0212,2023-06-09,0
EQ-0069,2023-06-09,0
EQ-0021,2023-06-09,0
EQ-0170,2023-06-09,0
EQ-0005,2023-06-09,0
EQ-0124,2023-06-09,0
EQ-0139,2023-06-09,0
EQ-0353,2023-06-09,0
EQ-0392,2023-06-09,0
EQ-0150,2023-06-09,0
EQ-0090,2023-06-09,0
EQ-0132,2023-06-09,0
EQ-0422,2023-06-09,0
EQ-0174,2023-06-09,0
EQ-0331,2023-06-09,0
EQ-0134,2023-06-09,0
EQ-0283,2023-06-09,0
EQ-0153,2023-06-10,0
EQ-0396,2023-06-10,0
EQ-0414,2023-06-10,0
EQ-0310,2023-06-10,0
EQ-0012,2023-06-10,0
EQ-0243,2023-06-10,0
EQ-0031,2023-06-10,0
EQ-0125,2023-06-10,0
EQ-0033,2023-06-10,0
EQ-0127,2023-06-10,0
EQ-0218,2023-06-10,0
EQ-0318,2023-06-10,0
EQ-0044,2023-06-10,0
EQ-0215,2023-06-10,0
EQ-0088,2023-06-10,0
EQ-0119,2023-06-10,0
EQ-0003,2023-06-10,0
EQ-0306,2023-06-10,0
EQ-0390,2023-06-10,0
EQ-0161,2023-06-11,0
EQ-0389,2023-06-11,0
EQ-0166,2023-06-11,0
EQ-0410,2023-06-11,0
EQ-0091,2023-06-11,0
EQ-0330,2023-06-11,0
EQ-0149,2023-06-11,0
EQ-0260,2023-06-11,0
EQ-0374,2023-06-11,1
EQ-0228,2023-06-11,0
EQ-0017,2023-06-11,0
EQ-0224,2023-06-11,0
EQ-0263,2023-06-11,0
EQ-0364,2023-06-11,0
EQ-0031,2023-06-11,0
EQ-0185,2023-06-11,0
EQ-0154,2023-06-11,0
EQ-0437,2023-06-12,0
EQ-0049,2023-06-12,0
EQ-0018,2023-06-12,0
EQ-0430,2023-06-12,0
EQ-0264,2023-06-12,0
EQ-0372,2023-06-12,0
EQ-0333,2023-06-12,0
EQ-0394,2023-06-12,0
EQ-0251,2023-06-12,0
EQ-0052,2023-06-12,0
EQ-0219,2023-06-12,0
EQ-0126,2023-06-12,0
EQ-0257,2023-06-12,0
EQ-0407,2023-06-12,0
EQ-0036,2023-06-12,1
EQ-0302,2023-06-13,0
EQ-0072,2023-06-13,1
EQ-0267,2023-06-13,0
EQ-0312,2023-06-13,0
EQ-0169,2023-06-13,1
EQ-0179,2023-06-13,0
EQ-0084,2023-06-13,1
EQ-0437,2023-06-13,0
EQ-0043,2023-06-13,1
EQ-0172,2023-06-13,0
EQ-0404,2023-06-13,0
EQ-0258,2023-06-13,0
EQ-0194,2023-06-13,0
EQ-0383,2023-06-14,0
EQ-0428,2023-06-14,0
EQ-0334,2023-06-14,0
EQ-0129,2023-06-14,0
EQ-0262,2023-06-14,0
EQ-0188,2023-06-14,0
EQ-0064,2023-06-14,0
EQ-0151,2023-06-14,0
EQ-0141,2023-06-14,0
EQ-0335,2023-06-14,0
EQ-0205,2023-06-14,0
EQ-0135,2023-06-14,0
EQ-0208,2023-06-14,0
EQ-0315,2023-06-14,0
EQ-0012,2023-06-14,0
EQ-0068,2023-06-14,0
EQ-0355,2023-06-14,0
EQ-0053,2023-06-14,0
EQ-0001,2023-06-14,0
EQ-0026,2023-06-14,0
EQ-0007,2023-06-14,0
EQ-0115,2023-06-14,0
EQ-0181,2023-06-14,0
EQ-0304,2023-06-15,0
EQ-0253,2023-06-15,0
EQ-0117,2023-06-15,0
EQ-0285,2023-06-15,0
EQ-0011,2023-06-15,0
EQ-0062,2023-06-15,0
EQ-0242,2023-06-15,0
EQ-0256,2023-06-15,0
EQ-0279,2023-06-15,0
EQ-0216,2023-06-15,0
EQ-0269,2023-06-15,0
EQ-0297,2023-06-15,0
EQ-0390,2023-06-15,0
EQ-0138,2023-06-15,0
EQ-0337,2023-06-16,0
EQ-0389,2023-06-16,0
EQ-0413,2023-06-16,0
EQ-0265,2023-06-16,0
EQ-0340,2023-06-16,0
EQ-0013,2023-06-16,0
EQ-0153,2023-06-16,0
EQ-0257,2023-06-16,0
EQ-0131,2023-06-16,0
EQ-0128,2023-06-16,0
EQ-0336,2023-06-16,0
EQ-0078,2023-06-16,0
EQ-0377,2023-06-16,0
EQ-0384,2023-06-16,0
EQ-0163,2023-06-16,0
EQ-0256,2023-06-16,0
EQ-0156,2023-06-16,0
EQ-0197,2023-06-16,0
EQ-0066,2023-06-16,0
EQ-0066,2023-06-17,0
EQ-0173,2023-06-17,0
EQ-0365,2023-06-17,0
EQ-0165,2023-06-17,0
EQ-0198,2023-06-17,0
EQ-0167,2023-06-17,0
EQ-0177,2023-06-17,0
EQ-0286,2023-06-17,0
EQ-0277,2023-06-17,0
EQ-0015,2023-06-17,0
EQ-0432,2023-06-17,0
EQ-0379,2023-06-17,0
EQ-0037,2023-06-17,0
EQ-0048,2023-06-17,0
EQ-0073,2023-06-17,1
EQ-0207,2023-06-17,0
EQ-0241,2023-06-17,0
EQ-0394,2023-06-17,0
EQ-0262,2023-06-17,0
EQ-0001,2023-06-17,0
EQ-0040,2023-06-17,0
EQ-0291,2023-06-17,0
EQ-0102,2023-06-17,0
EQ-0175,2023-06-17,0
EQ-0363,2023-06-17,1
EQ-0245,2023-06-18,0
EQ-0210,2023-06-18,0
EQ-0152,2023-06-18,0
EQ-0104,2023-06-18,0
EQ-0136,2023-06-18,0
EQ-0042,2023-06-18,0
EQ-0421,2023-06-18,0
EQ-0366,2023-06-18,0
EQ-0369,2023-06-18,0
EQ-0061,2023-06-18,0
EQ-0165,2023-06-18,0
EQ-0096,2023-06-18,0
EQ-0155,2023-06-18,0
EQ-0074,2023-06-18,0
EQ-0142,2023-06-18,1
EQ-0386,2023-06-18,0
EQ-0273,2023-06-18,0
EQ-0025,2023-06-19,0
EQ-0162,2023-06-19,0
EQ-0103,2023-06-19,0
EQ-0004,2023-06-19,1
EQ-0359,2023-06-19,1
EQ-0051,2023-06-19,0
EQ-0023,2023-06-19,0
EQ-0111,2023-06-19,0
EQ-0180,2023-06-19,0
EQ-0246,2023-06-19,0
EQ-0045,2023-06-19,0
EQ-0035,2023-06-19,0
EQ-0324,2023-06-19,0
EQ-0433,2023-06-19,0
EQ-0354,2023-06-19,1
EQ-0057,2023-06-19,0
EQ-0322,2023-06-19,0
EQ-0201,2023-06-19,0
EQ-0186,2023-06-20,1
EQ-0151,2023-06-20,0
EQ-0008,2023-06-20,0
EQ-0375,2023-06-20,0
EQ-0293,2023-06-20,0
EQ-0346,2023-06-20,0
EQ-0415,2023-06-20,1
EQ-0388,2023-06-20,0
EQ-0020,2023-06-20,1
EQ-0022,2023-06-20,0
EQ-0416,2023-06-20,0
EQ-0240,2023-06-20,0
EQ-0033,2023-06-20,0
EQ-0320,2023-06-20,0
EQ-0095,2023-06-20,0
EQ-0005,2023-06-20,0
EQ-0128,2023-06-20,0
EQ-0402,2023-06-20,0
EQ-0409,2023-06-20,0
EQ-0150,2023-06-20,0
EQ-0070,2023-06-20,0
EQ-0054,2023-06-20,0
EQ-0417,2023-06-20,0
EQ-0311,2023-06-20,0
EQ-0412,2023-06-20,0
EQ-0393,2023-06-20,0
EQ-0373,2023-06-21,0
EQ-0099,2023-06-21,0
EQ-0192,2023-06-21,0
EQ-0337,2023-06-21,0
EQ-0282,2023-06-21,0
EQ-0358,2023-06-21,0
EQ-0009,2023-06-21,0
EQ-0121,2023-06-21,0
EQ-0317,2023-06-21,0
EQ-0204,2023-06-21,0
EQ-0295,2023-06-21,1
EQ-0093,2023-06-21,0
EQ-0112,2023-06-21,0
EQ-0276,2023-06-21,1
EQ-0378,2023-06-21,0
EQ-0087,2023-06-21,0
EQ-0081,2023-06-21,0
EQ-0356,2023-06-21,0
EQ-0176,2023-06-21,0
EQ-0157,2023-06-21,0
EQ-0392,2023-06-21,0
EQ-0201,2023-06-21,0
EQ-0267,2023-06-21,0
EQ-0164,2023-06-22,0
EQ-0279,2023-06-22,0
EQ-0238,2023-06-22,0
EQ-0094,2023-06-22,0
EQ-0237,2023-06-22,0
EQ-0290,2023-06-22,0
EQ-0308,2023-06-22,0
EQ-0011,2023-06-22,0
EQ-0281,2023-06-22,0
EQ-0029,2023-06-22,0
EQ-0178,2023-06-22,0
EQ-0114,2023-06-23,0
EQ-0148,2023-06-23,0
EQ-0369,2023-06-23,0
EQ-0382,2023-06-23,0
EQ-0145,2023-06-23,0
EQ-0377,2023-06-23,0
EQ-0071,2023-06-23,0
EQ-0211,2023-06-23,0
EQ-0160,2023-06-23,0
EQ-0361,2023-06-23,0
EQ-0236,2023-06-23,0
EQ-0082,2023-06-24,1
EQ-0259,2023-06-24,0
EQ-0065,2023-06-24,0
EQ-0177,2023-06-24,0
EQ-0371,2023-06-24,0
EQ-0038,2023-06-24,0
EQ-0352,2023-06-24,0
EQ-0292,2023-06-24,0
EQ-0426,2023-06-24,0
EQ-0239,2023-06-24,0
EQ-0046,2023-06-24,1
EQ-0200,2023-06-24,0
EQ-0010,2023-06-24,0
EQ-0189,2023-06-24,1
EQ-0395,2023-06-24,0
EQ-0274,2023-06-24,0
EQ-0110,2023-06-24,0
EQ-0055,2023-06-24,0
EQ-0226,2023-06-24,0
EQ-0064,2023-06-24,0
EQ-0101,2023-06-25,0
EQ-0419,2023-06-25,0
EQ-0376,2023-06-25,0
EQ-0051,2023-06-25,0
EQ-0022,2023-06-25,0
EQ-0296,2023-06-25,0
EQ-0362,2023-06-25,0
EQ-0123,2023-06-25,0
EQ-0130,2023-06-25,0
EQ-0325,2023-06-25,0
EQ-0401,2023-06-25,0
EQ-0273,2023-06-25,0
EQ-0063,2023-06-25,0
EQ-0116,2023-06-25,0
EQ-0381,2023-06-25,1
EQ-0027,2023-06-25,0
EQ-0234,2023-06-26,0
EQ-0148,2023-06-26,0
EQ-0143,2023-06-26,0
EQ-0156,2023-06-26,0
EQ-0288,2023-06-26,0
EQ-0388,2023-06-26,0
EQ-0439,2023-06-26,0
EQ-0423,2023-06-26,0
EQ-0077,2023-06-26,0
EQ-0039,2023-06-26,0
EQ-0300,2023-06-26,0
EQ-0196,2023-06-26,0
EQ-0046,2023-06-26,1
EQ-0276,2023-06-26,1
EQ-0063,2023-06-26,0
EQ-0402,2023-06-26,0
EQ-0281,2023-06-26,0
EQ-0424,2023-06-27,0
EQ-0234,2023-06-27,0
EQ-0235,2023-06-27,0
EQ-0047,2023-06-27,0
EQ-0429,2023-06-27,0
EQ-0432,2023-06-27,0
EQ-0328,2023-06-27,0
EQ-0093,2023-06-27,0
EQ-0254,2023-06-27,0
EQ-0227,2023-06-27,0
EQ-0261,2023-06-27,0
EQ-0431,2023-06-27,0
EQ-0265,2023-06-27,0
EQ-0268,2023-06-27,0
EQ-0133,2023-06-27,0
EQ-0191,2023-06-27,0
EQ-0303,2023-06-27,0
EQ-0370,2023-06-27,0
EQ-0332,2023-06-28,0
EQ-0248,2023-06-28,1
EQ-0365,2023-06-28,0
EQ-0083,2023-06-28,0
EQ-0075,2023-06-28,0
EQ-0345,2023-06-28,0
EQ-0382,2023-06-28,0
EQ-0420,2023-06-28,0
EQ-0344,2023-06-28,0
EQ-0431,2023-06-28,0
EQ-0387,2023-06-28,0
EQ-0097,2023-06-28,0
EQ-0009,2023-06-28,0
EQ-0434,2023-06-28,0
EQ-0047,2023-06-28,0
EQ-0182,2023-06-28,0
EQ-0411,2023-06-28,0
EQ-0147,2023-06-28,0
EQ-0244,2023-06-29,0
EQ-0006,2023-06-29,0
EQ-0069,2023-06-29,0
EQ-0080,2023-06-29,0
EQ-0381,2023-06-29,1
EQ-0050,2023-06-29,0
EQ-0039,2023-06-29,0
EQ-0032,2023-06-29,0
EQ-0002,2023-06-29,0
EQ-0015,2023-06-29,0
EQ-0380,2023-06-29,0
EQ-0261,2023-06-29,0
EQ-0110,2023-06-29,0
EQ-0425,2023-06-29,0
EQ-0042,2023-06-29,0
EQ-0347,2023-06-29,0
EQ-0173,2023-06-29,0
EQ-0305,2023-06-29,0
EQ-0233,2023-06-29,0
EQ-0056,2023-06-29,0
EQ-0400,2023-06-30,0
EQ-0266,2023-06-30,0
EQ-0403,2023-06-30,0
EQ-0230,2023-06-30,0
EQ-0244,2023-06-30,0
EQ-0360,2023-06-30,0
EQ-0010,2023-06-30,0
EQ-0319,2023-06-30,0
EQ-0098,2023-06-30,0
EQ-0178,2023-06-30,0
EQ-0326,2023-06-30,1
EQ-0391,2023-06-30,0
EQ-0158,2023-06-30,0
EQ-0274,2023-06-30,0
EQ-0164,2023-06-30,0
EQ-0132,2023-07-01,0
EQ-0317,2023-07-01,0
EQ-0431,2023-07-01,0
EQ-0027,2023-07-01,0
EQ-0254,2023-07-01,0
EQ-0418,2023-07-01,0
EQ-0236,2023-07-01,0
EQ-0068,2023-07-01,0
EQ-0109,2023-07-01,0
EQ-0165,2023-07-01,0
EQ-0324,2023-07-01,0
EQ-0256,2023-07-01,0
EQ-0252,2023-07-02,0
EQ-0416,2023-07-02,0
EQ-0276,2023-07-02,1
EQ-0387,2023-07-02,0
EQ-0039,2023-07-02,0
EQ-0257,2023-07-02,0
EQ-0186,2023-07-02,0
EQ-0215,2023-07-02,0
EQ-0070,2023-07-02,0
EQ-0389,2023-07-02,0
EQ-0426,2023-07-02,1
EQ-0196,2023-07-02,0
EQ-0399,2023-07-02,0
EQ-0270,2023-07-02,1
EQ-0173,2023-07-02,0
EQ-0265,2023-07-02,0
EQ-0371,2023-07-02,0
EQ-0019,2023-07-03,0
EQ-0408,2023-07-03,0
EQ-0037,2023-07-03,0
EQ-0110,2023-07-03,0
EQ-0307,2023-07-03,0
EQ-0331,2023-07-04,0
EQ-0273,2023-07-04,0
EQ-0358,2023-07-04,0
EQ-0150,2023-07-04,0
EQ-0149,2023-07-04,0
EQ-0377,2023-07-04,0
EQ-0261,2023-07-04,0
EQ-0120,2023-07-04,0
EQ-0293,2023-07-04,0
EQ-0153,2023-07-04,0
EQ-0432,2023-07-04,0
EQ-0131,2023-07-04,0
EQ-0178,2023-07-04,0
EQ-0034,2023-07-04,0
EQ-0308,2023-07-04,0
EQ-0212,2023-07-04,0
EQ-0248,2023-07-04,1
EQ-0210,2023-07-04,0
EQ-0205,2023-07-04,0
EQ-0316,2023-07-04,1
EQ-0350,2023-07-04,0
EQ-0424,2023-07-04,0
EQ-0347,2023-07-05,0
EQ-0182,2023-07-05,0
EQ-0148,2023-07-05,0
EQ-0429,2023-07-05,0
EQ-0060,2023-07-05,0
EQ-0255,2023-07-05,0
EQ-0419,2023-07-05,0
EQ-0184,2023-07-05,0
EQ-0393,2023-07-05,0
EQ-0262,2023-07-05,0
EQ-0152,2023-07-05,0
EQ-0400,2023-07-05,0
EQ-0180,2023-07-05,0
EQ-0405,2023-07-05,0
EQ-0106,2023-07-05,0
EQ-0346,2023-07-06,0
EQ-0362,2023-07-06,0
EQ-0128,2023-07-06,0
EQ-0151,2023-07-06,0
EQ-0160,2023-07-06,0
EQ-0040,2023-07-06,0
EQ-0102,2023-07-06,0
EQ-0423,2023-07-06,0
EQ-0386,2023-07-06,0
EQ-0256,2023-07-06,0
EQ-0327,2023-07-06,0
EQ-0038,2023-07-06,0
EQ-0041,2023-07-06,0
EQ-0154,2023-07-06,0
EQ-0391,2023-07-06,0
EQ-0187,2023-07-06,1
EQ-0208,2023-07-06,0
EQ-0035,2023-07-06,0
EQ-0213,2023-07-06,0
EQ-0091,2023-07-06,0
EQ-0211,2023-07-06,0
EQ-0373,2023-07-06,0
EQ-0060,2023-07-06,0
EQ-0379,2023-07-06,0
EQ-0164,2023-07-06,0
EQ-0375,2023-07-07,0
EQ-0267,2023-07-07,1
EQ-0111,2023-07-07,0
EQ-0163,2023-07-07,0
EQ-0018,2023-07-07,0
EQ-0156,2023-07-07,0
EQ-0172,2023-07-07,0
EQ-0154,2023-07-07,0
EQ-0437,2023-07-07,0
EQ-0051,2023-07-07,0
EQ-0385,2023-07-07,0
EQ-0147,2023-07-07,0
EQ-0276,2023-07-07,1
EQ-0387,2023-07-07,0
EQ-0162,2023-07-07,0
EQ-0345,2023-07-07,0
EQ-0048,2023-07-07,0
EQ-0396,2023-07-08,0
EQ-0381,2023-07-08,1
EQ-0012,2023-07-08,0
EQ-0257,2023-07-08,0
EQ-0040,2023-07-08,0
EQ-0152,2023-07-08,0
EQ-0281,2023-07-08,0
EQ-0198,2023-07-08,0
EQ-0217,2023-07-08,0
EQ-0127,2023-07-08,0
EQ-0306,2023-07-08,0
EQ-0252,2023-07-08,0
EQ-0240,2023-07-08,0
EQ-0295,2023-07-08,1
EQ-0158,2023-07-08,0
EQ-0108,2023-07-08,0
EQ-0391,2023-07-08,0
EQ-0053,2023-07-09,0
EQ-0390,2023-07-09,0
EQ-0032,2023-07-09,0
EQ-0274,2023-07-09,0
EQ-0381,2023-07-09,1
EQ-0011,2023-07-09,0
EQ-0061,2023-07-09,0
EQ-0299,2023-07-09,0
EQ-0151,2023-07-09,0
EQ-0433,2023-07-09,0
EQ-0113,2023-07-09,0
EQ-0166,2023-07-09,0
EQ-0098,2023-07-09,0
EQ-0326,2023-07-09,1
EQ-0225,2023-07-09,0
EQ-0224,2023-07-09,0
EQ-0245,2023-07-09,0
EQ-0244,2023-07-09,0
EQ-0088,2023-07-09,0
EQ-0015,2023-07-09,0
EQ-0365,2023-07-10,0
EQ-0311,2023-07-10,0
EQ-0402,2023-07-10,0
EQ-0207,2023-07-10,0
EQ-0023,2023-07-10,0
EQ-0101,2023-07-10,0
EQ-0014,2023-07-10,1
EQ-0435,2023-07-10,0
EQ-0167,2023-07-10,0
EQ-0024,2023-07-10,0
EQ-0254,2023-07-10,1
EQ-0422,2023-07-10,0
EQ-0141,2023-07-10,0
EQ-0031,2023-07-10,0
EQ-0082,2023-07-10,1
EQ-0069,2023-07-10,0
EQ-0319,2023-07-11,0
EQ-0214,2023-07-11,0
EQ-0078,2023-07-11,0
EQ-0241,2023-07-11,0
EQ-0077,2023-07-11,0
EQ-0007,2023-07-11,0
EQ-0300,2023-07-11,0
EQ-0279,2023-07-11,0
EQ-0331,2023-07-11,0
EQ-0260,2023-07-11,0
EQ-0009,2023-07-11,0
EQ-0417,2023-07-11,0
EQ-0100,2023-07-11,0
EQ-0103,2023-07-11,0
EQ-0117,2023-07-11,0
EQ-0072,2023-07-11,0
EQ-0201,2023-07-11,0
EQ-0274,2023-07-11,0
EQ-0227,2023-07-12,0
EQ-0288,2023-07-12,0
EQ-0004,2023-07-12,1
EQ-0366,2023-07-12,0
EQ-0002,2023-07-12,0
EQ-0321,2023-07-12,0
EQ-0337,2023-07-12,0
EQ-0047,2023-07-12,0
EQ-0130,2023-07-12,0
EQ-0202,2023-07-12,0
EQ-0015,2023-07-12,0
EQ-0230,2023-07-12,0
EQ-0430,2023-07-12,0
EQ-0424,2023-07-12,0
EQ-0134,2023-07-12,0
EQ-0298,2023-07-12,0
EQ-0388,2023-07-12,0
EQ-0262,2023-07-12,0
EQ-0179,2023-07-12,0
EQ-0104,2023-07-12,0
EQ-0166,2023-07-12,0
EQ-0394,2023-07-12,0
EQ-0393,2023-07-12,0
EQ-0291,2023-07-12,0
EQ-0094,2023-07-12,0
EQ-0304,2023-07-12,0
EQ-0093,2023-07-12,0
EQ-0290,2023-07-12,0
EQ-0022,2023-07-12,0
EQ-0434,2023-07-12,0
EQ-0377,2023-07-13,0
EQ-0233,2023-07-13,0
EQ-0053,2023-07-13,0
EQ-0360,2023-07-13,0
EQ-0373,2023-07-13,0
EQ-0264,2023-07-13,0
EQ-0394,2023-07-13,0
EQ-0237,2023-07-13,0
EQ-0013,2023-07-13,0
EQ-0194,2023-07-13,0
EQ-0138,2023-07-13,0
EQ-0317,2023-07-13,0
EQ-0026,2023-07-13,0
EQ-0036,2023-07-13,1
EQ-0332,2023-07-13,0
EQ-0001,2023-07-13,0
EQ-0055,2023-07-13,0
EQ-0089,2023-07-13,1
EQ-0003,2023-07-13,0
EQ-0193,2023-07-13,0
EQ-0309,2023-07-14,0
EQ-0428,2023-07-14,0
EQ-0049,2023-07-14,0
EQ-0095,2023-07-14,0
EQ-0067,2023-07-14,0
EQ-0335,2023-07-14,0
EQ-0003,2023-07-14,0
EQ-0045,2023-07-14,0
EQ-0033,2023-07-14,0
EQ-0188,2023-07-14,1
EQ-0014,2023-07-14,1
EQ-0219,2023-07-14,0
EQ-0368,2023-07-14,0
EQ-0382,2023-07-14,0
EQ-0253,2023-07-15,1
EQ-0055,2023-07-15,0
EQ-0203,2023-07-15,0
EQ-0048,2023-07-15,0
EQ-0209,2023-07-15,1
EQ-0199,2023-07-15,0
EQ-0016,2023-07-15,0
EQ-0027,2023-07-15,0
EQ-0292,2023-07-15,0
EQ-0181,2023-07-15,0
EQ-0150,2023-07-15,0
EQ-0406,2023-07-15,0
EQ-0369,2023-07-15,0
EQ-0337,2023-07-15,0
EQ-0105,2023-07-15,0
EQ-0096,2023-07-15,0
EQ-0028,2023-07-15,0
EQ-0370,2023-07-15,0
EQ-0438,2023-07-15,0
EQ-0338,2023-07-15,0
EQ-0143,2023-07-15,0
EQ-0020,2023-07-16,1
EQ-0191,2023-07-16,0
EQ-0065,2023-07-16,0
EQ-0372,2023-07-16,0
EQ-0371,2023-07-16,0
EQ-0145,2023-07-16,0
EQ-0427,2023-07-16,0
EQ-0314,2023-07-16,0
EQ-0146,2023-07-16,0
EQ-0023,2023-07-16,0
EQ-0316,2023-07-16,1
EQ-0050,2023-07-16,0
EQ-0320,2023-07-16,0
EQ-0178,2023-07-16,0
EQ-0367,2023-07-16,0
EQ-0076,2023-07-17,0
EQ-0259,2023-07-17,0
EQ-0258,2023-07-17,0
EQ-0006,2023-07-17,0
EQ-0075,2023-07-17,0
EQ-0382,2023-07-17,0
EQ-0168,2023-07-17,0
EQ-0157,2023-07-17,0
EQ-0062,2023-07-17,0
EQ-0197,2023-07-17,0
EQ-0416,2023-07-17,0
EQ-0017,2023-07-17,0
EQ-0239,2023-07-17,0
EQ-0008,2023-07-17,0
EQ-0052,2023-07-17,0
EQ-0025,2023-07-17,0
EQ-0135,2023-07-17,0
EQ-0037,2023-07-17,0
EQ-0192,2023-07-17,0
EQ-0280,2023-07-17,0
EQ-0344,2023-07-17,0
EQ-0365,2023-07-17,0
EQ-0284,2023-07-18,0
EQ-0059,2023-07-18,0
EQ-0201,2023-07-18,0
EQ-0007,2023-07-18,0
EQ-0042,2023-07-18,0
EQ-0340,2023-07-18,0
EQ-0407,2023-07-18,0
EQ-0079,2023-07-18,0
EQ-0369,2023-07-18,0
EQ-0437,2023-07-18,0
EQ-0232,2023-07-18,0
EQ-0021,2023-07-18,0
EQ-0126,2023-07-18,0
EQ-0349,2023-07-18,0
EQ-0054,2023-07-18,0
EQ-0352,2023-07-18,0
EQ-0357,2023-07-18,0
EQ-0302,2023-07-18,0
EQ-0281,2023-07-19,0
EQ-0379,2023-07-19,0
EQ-0119,2023-07-19,0
EQ-0056,2023-07-19,0
EQ-0303,2023-07-19,0
EQ-0323,2023-07-19,0
EQ-0272,2023-07-19,0
EQ-0142,2023-07-19,0
EQ-0164,2023-07-19,0
EQ-0427,2023-07-19,0
EQ-0403,2023-07-19,0
EQ-0121,2023-07-19,0
EQ-0223,2023-07-19,0
EQ-0133,2023-07-19,0
EQ-0341,2023-07-19,0
EQ-0260,2023-07-19,0
EQ-0259,2023-07-19,0
EQ-0273,2023-07-19,0
EQ-0008,2023-07-19,0
EQ-0410,2023-07-19,0
EQ-0221,2023-07-19,0
EQ-0235,2023-07-19,0
EQ-0353,2023-07-20,0
EQ-0177,2023-07-20,0
EQ-0289,2023-07-20,0
EQ-0125,2023-07-20,0
EQ-0144,2023-07-20,1
EQ-0126,2023-07-20,0
EQ-0283,2023-07-20,0
EQ-0118,2023-07-20,0
EQ-0090,2023-07-20,0
EQ-0067,2023-07-20,0
EQ-0395,2023-07-20,0
EQ-0354,2023-07-20,1
EQ-0001,2023-07-20,0
EQ-0030,2023-07-20,0
EQ-0137,2023-07-20,0
EQ-0305,2023-07-20,0
EQ-0359,2023-07-20,1
EQ-0214,2023-07-20,0
EQ-0351,2023-07-20,0
EQ-0228,2023-07-20,0
EQ-0367,2023-07-20,0
EQ-0136,2023-07-20,0
EQ-0065,2023-07-20,0
EQ-0169,2023-07-20,1
EQ-0043,2023-07-20,1
EQ-0005,2023-07-21,0
EQ-0355,2023-07-21,0
EQ-0231,2023-07-21,0
EQ-0088,2023-07-21,0
EQ-0383,2023-07-21,0
EQ-0069,2023-07-21,0
EQ-0058,2023-07-21,0
EQ-0285,2023-07-21,0
EQ-0161,2023-07-21,0
EQ-0409,2023-07-21,0
EQ-0074,2023-07-21,0
EQ-0157,2023-07-21,0
EQ-0191,2023-07-21,0
EQ-0061,2023-07-21,0
EQ-0206,2023-07-21,0
EQ-0302,2023-07-21,0
EQ-0170,2023-07-21,0
EQ-0084,2023-07-22,0
EQ-0432,2023-07-22,0
EQ-0155,2023-07-22,0
EQ-0066,2023-07-22,0
EQ-0153,2023-07-22,0
EQ-0045,2023-07-22,0
EQ-0404,2023-07-22,0
EQ-0083,2023-07-22,0
EQ-0249,2023-07-22,1
EQ-0266,2023-07-22,0
EQ-0433,2023-07-22,0
EQ-0129,2023-07-22,0
EQ-0251,2023-07-22,0
EQ-0330,2023-07-23,0
EQ-0286,2023-07-23,0
EQ-0159,2023-07-23,0
EQ-0234,2023-07-23,0
EQ-0263,2023-07-23,0
EQ-0227,2023-07-23,0
EQ-0128,2023-07-23,0
EQ-0342,2023-07-23,0
EQ-0071,2023-07-23,0
EQ-0261,2023-07-23,0
EQ-0343,2023-07-23,0
EQ-0066,2023-07-23,0
EQ-0107,2023-07-23,0
EQ-0267,2023-07-24,1
EQ-0044,2023-07-24,0
EQ-0333,2023-07-24,0
EQ-0278,2023-07-24,0
EQ-0315,2023-07-24,0
EQ-0179,2023-07-24,0
EQ-0171,2023-07-24,1
EQ-0155,2023-07-24,0
EQ-0012,2023-07-24,1
EQ-0185,2023-07-24,0
EQ-0392,2023-07-24,0
EQ-0374,2023-07-24,1
EQ-0031,2023-07-24,0
EQ-0401,2023-07-25,0
EQ-0334,2023-07-25,0
EQ-0013,2023-07-25,0
EQ-0431,2023-07-25,0
EQ-0364,2023-07-25,0
EQ-0313,2023-07-25,0
EQ-0390,2023-07-25,0
EQ-0282,2023-07-25,0
EQ-0110,2023-07-25,0
EQ-0269,2023-07-25,0
EQ-0080,2023-07-25,0
EQ-0050,2023-07-25,0
EQ-0038,2023-07-25,0
EQ-0086,2023-07-25,0
EQ-0395,2023-07-25,0
EQ-0156,2023-07-25,0
EQ-0297,2023-07-26,0
EQ-0042,2023-07-26,0
EQ-0329,2023-07-26,0
EQ-0236,2023-07-26,0
EQ-0348,2023-07-26,0
EQ-0296,2023-07-26,0
EQ-0148,2023-07-26,0
EQ-0242,2023-07-26,0
EQ-0200,2023-07-26,0
EQ-0162,2023-07-26,0
EQ-0049,2023-07-26,0
EQ-0216,2023-07-26,0
EQ-0046,2023-07-26,1
EQ-0176,2023-07-26,0
EQ-0139,2023-07-26,0
EQ-0218,2023-07-26,0
EQ-0051,2023-07-26,0
EQ-0122,2023-07-26,0
EQ-0398,2023-07-26,1
EQ-0328,2023-07-26,0
EQ-0124,2023-07-26,0
EQ-0366,2023-07-27,0
EQ-0222,2023-07-27,0
EQ-0363,2023-07-27,1
EQ-0380,2023-07-27,0
EQ-0020,2023-07-27,1
EQ-0266,2023-07-27,0
EQ-0392,2023-07-27,0
EQ-0144,2023-07-27,1
EQ-0063,2023-07-27,0
EQ-0183,2023-07-27,0
EQ-0174,2023-07-27,0
EQ-0173,2023-07-27,0
EQ-0036,2023-07-27,0
EQ-0159,2023-07-27,0
EQ-0022,2023-07-27,0
EQ-0434,2023-07-28,0
EQ-0226,2023-07-28,0
EQ-0425,2023-07-28,0
EQ-0044,2023-07-28,0
EQ-0389,2023-07-28,0
EQ-0374,2023-07-28,1
EQ-0203,2023-07-28,0
EQ-0158,2023-07-28,0
EQ-0246,2023-07-28,0
EQ-0229,2023-07-28,0
EQ-0115,2023-07-28,0
EQ-0277,2023-07-28,0
EQ-0047,2023-07-28,0
EQ-0220,2023-07-28,0
EQ-0005,2023-07-28,0
EQ-0063,2023-07-28,0
EQ-0294,2023-07-28,1
EQ-0163,2023-07-28,0
EQ-0010,2023-07-28,0
EQ-0097,2023-07-28,0
EQ-0140,2023-07-28,0
EQ-0420,2023-07-28,0
EQ-0064,2023-07-29,0
EQ-0087,2023-07-29,0
EQ-0413,2023-07-29,0
EQ-0378,2023-07-29,0
EQ-0028,2023-07-29,0
EQ-0325,2023-07-29,0
EQ-0322,2023-07-29,0
EQ-0114,2023-07-29,0
EQ-0243,2023-07-29,0
EQ-0312,2023-07-29,0
EQ-0043,2023-07-29,1
EQ-0412,2023-07-29,0
EQ-0056,2023-07-29,0
EQ-0174,2023-07-29,0
EQ-0301,2023-07-29,1
EQ-0238,2023-07-30,0
EQ-0310,2023-07-30,0
EQ-0234,2023-07-30,0
EQ-0177,2023-07-30,0
EQ-0165,2023-07-30,0
EQ-0265,2023-07-30,0
EQ-0388,2023-07-30,0
EQ-0339,2023-07-30,0
EQ-0415,2023-07-30,0
EQ-0411,2023-07-30,0
EQ-0116,2023-07-30,0
EQ-0002,2023-07-30,0
EQ-0081,2023-07-30,0
EQ-0361,2023-07-30,0
EQ-0073,2023-07-30,1
EQ-0378,2023-07-30,0
EQ-0268,2023-07-31,0
EQ-0439,2023-07-31,0
EQ-0052,2023-07-31,0
EQ-0011,2023-07-31,0
EQ-0278,2023-07-31,0
EQ-0384,2023-07-31,0
EQ-0010,2023-07-31,0
EQ-0175,2023-07-31,0
EQ-0287,2023-07-31,0
EQ-0062,2023-07-31,0
EQ-0123,2023-07-31,0
EQ-0402,2023-07-31,0
EQ-0093,2023-07-31,0
EQ-0356,2023-07-31,0
EQ-0172,2023-07-31,0
EQ-0039,2023-07-31,0
EQ-0278,2023-08-01,0
EQ-0186,2023-08-01,0
EQ-0095,2023-08-01,0
EQ-0221,2023-08-01,0
EQ-0305,2023-08-01,0
EQ-0316,2023-08-01,1
EQ-0202,2023-08-01,0
EQ-0434,2023-08-01,0
EQ-0323,2023-08-01,0
EQ-0050,2023-08-01,0
EQ-0376,2023-08-01,0
EQ-0230,2023-08-01,0
EQ-0066,2023-08-01,0
EQ-0008,2023-08-01,0
EQ-0326,2023-08-01,1
EQ-0054,2023-08-01,0
EQ-0267,2023-08-01,1
EQ-0340,2023-08-01,0
EQ-0203,2023-08-01,0
EQ-0395,2023-08-01,0
EQ-0026,2023-08-01,0
EQ-0121,2023-08-01,0
EQ-0153,2023-08-01,0
EQ-0234,2023-08-01,0
EQ-0156,2023-08-01,0
EQ-0102,2023-08-02,0
EQ-0401,2023-08-02,0
EQ-0258,2023-08-02,0
EQ-0163,2023-08-02,0
EQ-0009,2023-08-02,0
EQ-0367,2023-08-02,0
EQ-0424,2023-08-02,0
EQ-0176,2023-08-02,0
EQ-0382,2023-08-02,0
EQ-0192,2023-08-02,0
EQ-0279,2023-08-02,0
EQ-0012,2023-08-02,1
EQ-0304,2023-08-02,0
EQ-0290,2023-08-02,0
EQ-0191,2023-08-02,0
EQ-0389,2023-08-02,0
EQ-0013,2023-08-03,0
EQ-0200,2023-08-03,0
EQ-0250,2023-08-03,0
EQ-0352,2023-08-03,0
EQ-0057,2023-08-03,0
EQ-0259,2023-08-03,0
EQ-0016,2023-08-03,0
EQ-0198,2023-08-03,0
EQ-0015,2023-08-03,0
EQ-0370,2023-08-03,0
EQ-0425,2023-08-03,0
EQ-0038,2023-08-03,0
EQ-0099,2023-08-03,0
EQ-0236,2023-08-03,0
EQ-0103,2023-08-03,0
EQ-0337,2023-08-03,0
EQ-0423,2023-08-03,0
EQ-0011,2023-08-04,0
EQ-0068,2023-08-04,0
EQ-0131,2023-08-04,0
EQ-0397,2023-08-04,0
EQ-0076,2023-08-04,0
EQ-0150,2023-08-04,0
EQ-0393,2023-08-04,0
EQ-0016,2023-08-04,0
EQ-0167,2023-08-04,0
EQ-0438,2023-08-04,0
EQ-0220,2023-08-04,0
EQ-0211,2023-08-04,0
EQ-0237,2023-08-04,0
EQ-0090,2023-08-04,0
EQ-0029,2023-08-04,0
EQ-0027,2023-08-04,0
EQ-0235,2023-08-04,0
EQ-0216,2023-08-04,0
EQ-0042,2023-08-04,0
EQ-0416,2023-08-04,0
EQ-0356,2023-08-04,0
EQ-0203,2023-08-04,0
EQ-0052,2023-08-04,0
EQ-0096,2023-08-05,0
EQ-0130,2023-08-05,0
EQ-0055,2023-08-05,0
EQ-0043,2023-08-05,0
EQ-0263,2023-08-05,0
EQ-0083,2023-08-05,0
EQ-0271,2023-08-05,0
EQ-0022,2023-08-05,0
EQ-0379,2023-08-05,0
EQ-0261,2023-08-05,0
EQ-0374,2023-08-05,1
EQ-0012,2023-08-05,1
EQ-0321,2023-08-05,0
EQ-0325,2023-08-05,0
EQ-0293,2023-08-05,0
EQ-0429,2023-08-05,0
EQ-0392,2023-08-05,0
EQ-0086,2023-08-05,0
EQ-0165,2023-08-05,0
EQ-0385,2023-08-05,0
EQ-0404,2023-08-05,0
EQ-0024,2023-08-05,0
EQ-0184,2023-08-05,0
EQ-0249,2023-08-05,1
EQ-0022,2023-08-06,0
EQ-0157,2023-08-06,0
EQ-0145,2023-08-06,0
EQ-0110,2023-08-06,0
EQ-0403,2023-08-06,0
EQ-0161,2023-08-06,0
EQ-0341,2023-08-06,0
EQ-0048,2023-08-06,0
EQ-0437,2023-08-06,0
EQ-0223,2023-08-06,0
EQ-0295,2023-08-06,0
EQ-0317,2023-08-06,0
EQ-0053,2023-08-06,0
EQ-0343,2023-08-06,0
EQ-0128,2023-08-06,0
EQ-0360,2023-08-06,0
EQ-0291,2023-08-06,0
EQ-0014,2023-08-07,1
EQ-0266,2023-08-07,0
EQ-0151,2023-08-07,0
EQ-0402,2023-08-07,0
EQ-0287,2023-08-07,0
EQ-0279,2023-08-07,0
EQ-0100,2023-08-07,0
EQ-0135,2023-08-07,0
EQ-0154,2023-08-07,0
EQ-0357,2023-08-07,0
EQ-0049,2023-08-07,0
EQ-0093,2023-08-07,0
EQ-0003,2023-08-07,0
EQ-0085,2023-08-07,0
EQ-0132,2023-08-08,0
EQ-0165,2023-08-08,0
EQ-0430,2023-08-08,0
EQ-0179,2023-08-08,0
EQ-0154,2023-08-08,0
EQ-0334,2023-08-08,0
EQ-0020,2023-08-08,1
EQ-0289,2023-08-08,0
EQ-0120,2023-08-08,0
EQ-0066,2023-08-08,0
EQ-0046,2023-08-08,1
EQ-0437,2023-08-08,0
EQ-0266,2023-08-08,0
EQ-0426,2023-08-08,1
EQ-0350,2023-08-08,0
EQ-0060,2023-08-08,0
EQ-0273,2023-08-09,0
EQ-0254,2023-08-09,1
EQ-0069,2023-08-09,0
EQ-0153,2023-08-09,0
EQ-0319,2023-08-09,0
EQ-0300,2023-08-09,0
EQ-0112,2023-08-09,0
EQ-0075,2023-08-09,0
EQ-0173,2023-08-09,0
EQ-0014,2023-08-09,1
EQ-0415,2023-08-09,0
EQ-0234,2023-08-09,0
EQ-0079,2023-08-09,0
EQ-0408,2023-08-09,0
EQ-0036,2023-08-09,0
EQ-0163,2023-08-09,0
EQ-0067,2023-08-10,0
EQ-0107,2023-08-10,0
EQ-0277,2023-08-10,0
EQ-0337,2023-08-10,0
EQ-0071,2023-08-10,0
EQ-0274,2023-08-10,0
EQ-0182,2023-08-10,0
EQ-0432,2023-08-10,0
EQ-0064,2023-08-10,0
EQ-0133,2023-08-10,0
EQ-0256,2023-08-10,0
EQ-0156,2023-08-10,0
EQ-0296,2023-08-10,0
EQ-0338,2023-08-11,0
EQ-0060,2023-08-11,0
EQ-0283,2023-08-11,0
EQ-0307,2023-08-11,0
EQ-0390,2023-08-11,0
EQ-0010,2023-08-11,0
EQ-0063,2023-08-11,0
EQ-0092,2023-08-11,0
EQ-0371,2023-08-11,0
EQ-0375,2023-08-11,0
EQ-0136,2023-08-11,0
EQ-0424,2023-08-11,0
EQ-0139,2023-08-11,0
EQ-0412,2023-08-11,0
EQ-0265,2023-08-11,0
EQ-0238,2023-08-11,0
EQ-0273,2023-08-11,0
EQ-0263,2023-08-11,0
EQ-0196,2023-08-11,0
EQ-0272,2023-08-11,0
EQ-0414,2023-08-11,0
EQ-0088,2023-08-11,0
EQ-0269,2023-08-12,0
EQ-0394,2023-08-12,0
EQ-0158,2023-08-12,0
EQ-0373,2023-08-12,0
EQ-0281,2023-08-12,0
EQ-0436,2023-08-12,0
EQ-0020,2023-08-12,1
EQ-0391,2023-08-12,0
EQ-0162,2023-08-12,0
EQ-0218,2023-08-12,0
EQ-0268,2023-08-12,0
EQ-0190,2023-08-12,0
EQ-0082,2023-08-12,1
EQ-0368,2023-08-12,0
EQ-0225,2023-08-13,0
EQ-0433,2023-08-13,0
EQ-0362,2023-08-13,0
EQ-0144,2023-08-13,1
EQ-0051,2023-08-13,0
EQ-0127,2023-08-13,0
EQ-0001,2023-08-13,0
EQ-0261,2023-08-13,0
EQ-0031,2023-08-13,0
EQ-0158,2023-08-13,0
EQ-0011,2023-08-13,0
EQ-0367,2023-08-13,0
EQ-0256,2023-08-13,0
EQ-0115,2023-08-13,0
EQ-0171,2023-08-13,1
EQ-0148,2023-08-13,0
EQ-0396,2023-08-13,0
EQ-0181,2023-08-13,0
EQ-0229,2023-08-13,0
EQ-0374,2023-08-13,1
EQ-0053,2023-08-13,0
EQ-0212,2023-08-13,0
EQ-0138,2023-08-13,0
EQ-0188,2023-08-13,1
EQ-0253,2023-08-14,1
EQ-0335,2023-08-14,0
EQ-0247,2023-08-14,0
EQ-0018,2023-08-14,0
EQ-0347,2023-08-14,0
EQ-0152,2023-08-14,0
EQ-0117,2023-08-14,0
EQ-0169,2023-08-14,1
EQ-0345,2023-08-14,0
EQ-0170,2023-08-14,0
EQ-0191,2023-08-14,0
EQ-0328,2023-08-14,0
EQ-0025,2023-08-14,0
EQ-0359,2023-08-14,1
EQ-0155,2023-08-14,0
EQ-0172,2023-08-14,0
EQ-0407,2023-08-14,0
EQ-0417,2023-08-14,0
EQ-0064,2023-08-14,0
EQ-0346,2023-08-15,0
EQ-0379,2023-08-15,0
EQ-0257,2023-08-15,0
EQ-0409,2023-08-15,0
EQ-0046,2023-08-15,1
EQ-0173,2023-08-15,0
EQ-0382,2023-08-15,0
EQ-0399,2023-08-15,0
EQ-0157,2023-08-15,0
EQ-0174,2023-08-15,0
EQ-0331,2023-08-15,0
EQ-0001,2023-08-15,0
EQ-0128,2023-08-15,0
EQ-0177,2023-08-15,0
EQ-0312,2023-08-15,0
EQ-0373,2023-08-15,0
EQ-0134,2023-08-16,0
EQ-0364,2023-08-16,0
EQ-0274,2023-08-16,0
EQ-0089,2023-08-16,1
EQ-0180,2023-08-16,0
EQ-0007,2023-08-16,0
EQ-0377,2023-08-16,0
EQ-0110,2023-08-16,0
EQ-0040,2023-08-16,0
EQ-0051,2023-08-16,0
EQ-0406,2023-08-16,0
EQ-0378,2023-08-16,0
EQ-0168,2023-08-16,0
EQ-0178,2023-08-16,0
EQ-0427,2023-08-16,0
EQ-0039,2023-08-16,0
EQ-0388,2023-08-16,0
EQ-0262,2023-08-16,0
EQ-0052,2023-08-16,0
EQ-0310,2023-08-16,0
EQ-0252,2023-08-16,0
EQ-0209,2023-08-16,1
EQ-0369,2023-08-16,0
EQ-0048,2023-08-16,0
EQ-0316,2023-08-16,0
EQ-0049,2023-08-16,0
EQ-0244,2023-08-16,0
EQ-0363,2023-08-17,1
EQ-0315,2023-08-17,0
EQ-0428,2023-08-17,0
EQ-0214,2023-08-17,0
EQ-0413,2023-08-17,0
EQ-0175,2023-08-17,0
EQ-0199,2023-08-17,0
EQ-0177,2023-08-17,0
EQ-0355,2023-08-17,0
EQ-0003,2023-08-17,0
EQ-0109,2023-08-17,0
EQ-0213,2023-08-17,0
EQ-0146,2023-08-17,0
EQ-0108,2023-08-17,0
EQ-0244,2023-08-17,0
EQ-0380,2023-08-17,0
EQ-0002,2023-08-17,0
EQ-0005,2023-08-17,0
EQ-0308,2023-08-17,0
EQ-0285,2023-08-17,0
EQ-0044,2023-08-17,1
EQ-0210,2023-08-17,0
EQ-0126,2023-08-18,0
EQ-0137,2023-08-18,0
EQ-0267,2023-08-18,1
EQ-0124,2023-08-18,0
EQ-0179,2023-08-18,0
EQ-0143,2023-08-18,0
EQ-0389,2023-08-18,0
EQ-0019,2023-08-18,0
EQ-0122,2023-08-18,0
EQ-0197,2023-08-18,0
EQ-0306,2023-08-18,1
EQ-0059,2023-08-18,0
EQ-0113,2023-08-18,0
EQ-0061,2023-08-18,0
EQ-0254,2023-08-18,1
EQ-0371,2023-08-18,0
EQ-0314,2023-08-18,0
EQ-0201,2023-08-18,0
EQ-0077,2023-08-18,0
EQ-0062,2023-08-18,0
EQ-0421,2023-08-18,0
EQ-0056,2023-08-18,0
EQ-0393,2023-08-18,0
EQ-0037,2023-08-18,0
EQ-0387,2023-08-19,0
EQ-0205,2023-08-19,0
EQ-0162,2023-08-19,0
EQ-0164,2023-08-19,0
EQ-0151,2023-08-19,0
EQ-0201,2023-08-19,0
EQ-0400,2023-08-19,0
EQ-0411,2023-08-19,0
EQ-0114,2023-08-19,0
EQ-0241,2023-08-19,0
EQ-0427,2023-08-19,0
EQ-0105,2023-08-19,0
EQ-0023,2023-08-19,0
EQ-0297,2023-08-19,0
EQ-0395,2023-08-19,0
EQ-0147,2023-08-19,0
EQ-0043,2023-08-19,0
EQ-0070,2023-08-19,0
EQ-0351,2023-08-20,0
EQ-0410,2023-08-20,0
EQ-0381,2023-08-20,1
EQ-0013,2023-08-20,0
EQ-0159,2023-08-20,0
EQ-0276,2023-08-20,0
EQ-0118,2023-08-20,0
EQ-0074,2023-08-20,0
EQ-0152,2023-08-20,0
EQ-0344,2023-08-20,0
EQ-0388,2023-08-20,0
EQ-0420,2023-08-21,0
EQ-0175,2023-08-21,0
EQ-0208,2023-08-21,0
EQ-0069,2023-08-21,0
EQ-0041,2023-08-21,0
EQ-0383,2023-08-21,0
EQ-0093,2023-08-21,0
EQ-0142,2023-08-21,0
EQ-0021,2023-08-21,0
EQ-0262,2023-08-21,0
EQ-0327,2023-08-21,0
EQ-0392,2023-08-21,0
EQ-0007,2023-08-21,0
EQ-0268,2023-08-21,0
EQ-0036,2023-08-22,0
EQ-0431,2023-08-22,0
EQ-0342,2023-08-22,0
EQ-0065,2023-08-22,0
EQ-0281,2023-08-22,0
EQ-0047,2023-08-22,0
EQ-0045,2023-08-22,0
EQ-0243,2023-08-22,1
EQ-0231,2023-08-22,0
EQ-0398,2023-08-22,1
EQ-0106,2023-08-22,0
EQ-0331,2023-08-22,0
EQ-0336,2023-08-22,0
EQ-0008,2023-08-22,0
EQ-0292,2023-08-22,0
EQ-0248,2023-08-22,0
EQ-0033,2023-08-22,0
EQ-0006,2023-08-22,0
EQ-0073,2023-08-23,0
EQ-0260,2023-08-23,0
EQ-0298,2023-08-23,0
EQ-0394,2023-08-23,0
EQ-0031,2023-08-23,0
EQ-0224,2023-08-23,0
EQ-0040,2023-08-23,0
EQ-0215,2023-08-23,0
EQ-0150,2023-08-23,0
EQ-0302,2023-08-23,0
EQ-0422,2023-08-23,0
EQ-0361,2023-08-23,0
EQ-0067,2023-08-23,0
EQ-0228,2023-08-23,0
EQ-0080,2023-08-24,1
EQ-0288,2023-08-24,0
EQ-0349,2023-08-24,0
EQ-0303,2023-08-24,0
EQ-0386,2023-08-24,0
EQ-0042,2023-08-24,0
EQ-0195,2023-08-24,0
EQ-0433,2023-08-24,0
EQ-0275,2023-08-24,0
EQ-0111,2023-08-24,0
EQ-0324,2023-08-24,0
EQ-0206,2023-08-24,0
EQ-0172,2023-08-24,0
EQ-0251,2023-08-24,0
EQ-0141,2023-08-24,0
EQ-0050,2023-08-25,0
EQ-0377,2023-08-25,0
EQ-0140,2023-08-25,0
EQ-0094,2023-08-25,0
EQ-0005,2023-08-25,0
EQ-0144,2023-08-25,1
EQ-0390,2023-08-25,0
EQ-0065,2023-08-25,0
EQ-0217,2023-08-25,0
EQ-0348,2023-08-25,0
EQ-0431,2023-08-25,0
EQ-0278,2023-08-25,0
EQ-0002,2023-08-25,0
EQ-0402,2023-08-25,0
EQ-0045,2023-08-25,0
EQ-0181,2023-08-26,0
EQ-0166,2023-08-26,0
EQ-0276,2023-08-26,0
EQ-0033,2023-08-26,0
EQ-0038,2023-08-26,0
EQ-0439,2023-08-26,0
EQ-0030,2023-08-26,0
EQ-0245,2023-08-26,0
EQ-0380,2023-08-26,0
EQ-0185,2023-08-26,0
EQ-0260,2023-08-26,0
EQ-0435,2023-08-26,0
EQ-0004,2023-08-26,0
EQ-0010,2023-08-26,0
EQ-0365,2023-08-26,0
EQ-0037,2023-08-26,0
EQ-0189,2023-08-27,1
EQ-0265,2023-08-27,0
EQ-0123,2023-08-27,0
EQ-0032,2023-08-27,0
EQ-0252,2023-08-27,0
EQ-0264,2023-08-27,0
EQ-0148,2023-08-27,0
EQ-0194,2023-08-27,1
EQ-0028,2023-08-27,0
EQ-0072,2023-08-27,0
EQ-0204,2023-08-27,0
EQ-0017,2023-08-28,1
EQ-0087,2023-08-28,0
EQ-0302,2023-08-28,0
EQ-0222,2023-08-28,0
EQ-0366,2023-08-28,0
EQ-0134,2023-08-28,0
EQ-0187,2023-08-28,0
EQ-0280,2023-08-28,0
EQ-0028,2023-08-28,0
EQ-0391,2023-08-28,0
EQ-0063,2023-08-28,0
EQ-0039,2023-08-28,0
EQ-0207,2023-08-28,0
EQ-0286,2023-08-28,0
EQ-0055,2023-08-28,0
EQ-0317,2023-08-29,0
EQ-0174,2023-08-29,0
EQ-0023,2023-08-29,0
EQ-0432,2023-08-29,0
EQ-0027,2023-08-29,0
EQ-0009,2023-08-29,0
EQ-0242,2023-08-29,0
EQ-0084,2023-08-29,1
EQ-0104,2023-08-29,0
EQ-0227,2023-08-29,0
EQ-0232,2023-08-29,0
EQ-0166,2023-08-29,0
EQ-0255,2023-08-29,0
EQ-0155,2023-08-29,0
EQ-0226,2023-08-29,0
EQ-0318,2023-08-29,0
EQ-0358,2023-08-29,0
EQ-0419,2023-08-29,0
EQ-0126,2023-08-29,0
EQ-0257,2023-08-29,0
EQ-0329,2023-08-30,0
EQ-0301,2023-08-30,1
EQ-0193,2023-08-30,0
EQ-0365,2023-08-30,0
EQ-0246,2023-08-30,0
EQ-0239,2023-08-30,1
EQ-0044,2023-08-30,1
EQ-0058,2023-08-30,0
EQ-0270,2023-08-30,0
EQ-0378,2023-08-30,0
EQ-0240,2023-08-30,0
EQ-0097,2023-08-30,0
EQ-0116,2023-08-30,0
EQ-0284,2023-08-30,0
EQ-0236,2023-08-30,0
EQ-0034,2023-08-30,0
EQ-0078,2023-08-30,0
EQ-0062,2023-08-30,0
EQ-0354,2023-08-30,0
EQ-0098,2023-08-31,0
EQ-0149,2023-08-31,0
EQ-0129,2023-08-31,0
EQ-0372,2023-08-31,0
EQ-0313,2023-08-31,0
EQ-0159,2023-08-31,0
EQ-0125,2023-08-31,0
EQ-0320,2023-08-31,0
EQ-0353,2023-08-31,0
EQ-0381,2023-08-31,0
EQ-0294,2023-08-31,1
EQ-0416,2023-08-31,0
EQ-0160,2023-08-31,0
EQ-0418,2023-08-31,0
EQ-0227,2023-08-31,0
EQ-0282,2023-08-31,0
EQ-0332,2023-08-31,0
EQ-0091,2023-08-31,0
EQ-0369,2023-08-31,0
EQ-0164,2023-08-31,0
EQ-0283,2023-09-01,0
EQ-0430,2023-09-01,0
EQ-0056,2023-09-01,0
EQ-0294,2023-09-01,1
EQ-0280,2023-09-01,0
EQ-0181,2023-09-01,0
EQ-0193,2023-09-01,0
EQ-0217,2023-09-01,0
EQ-0234,2023-09-01,0
EQ-0048,2023-09-01,0
EQ-0391,2023-09-01,0
EQ-0433,2023-09-01,0
EQ-0390,2023-09-01,0
EQ-0065,2023-09-01,0
EQ-0118,2023-09-01,0
EQ-0026,2023-09-01,0
EQ-0039,2023-09-01,0
EQ-0378,2023-09-01,0
EQ-0310,2023-09-02,0
EQ-0033,2023-09-02,0
EQ-0152,2023-09-02,0
EQ-0339,2023-09-02,0
EQ-0128,2023-09-02,0
EQ-0115,2023-09-02,0
EQ-0252,2023-09-02,0
EQ-0209,2023-09-02,1
EQ-0180,2023-09-02,0
EQ-0253,2023-09-02,1
EQ-0027,2023-09-02,0
EQ-0164,2023-09-02,0
EQ-0096,2023-09-02,0
EQ-0013,2023-09-02,0
EQ-0052,2023-09-02,0
EQ-0073,2023-09-02,0
EQ-0263,2023-09-02,0
EQ-0393,2023-09-02,0
EQ-0052,2023-09-03,0
EQ-0292,2023-09-03,0
EQ-0267,2023-09-03,1
EQ-0080,2023-09-03,1
EQ-0046,2023-09-03,1
EQ-0377,2023-09-03,0
EQ-0365,2023-09-03,0
EQ-0201,2023-09-03,0
EQ-0373,2023-09-03,0
EQ-0206,2023-09-03,0
EQ-0369,2023-09-03,0
EQ-0416,2023-09-03,0
EQ-0424,2023-09-03,0
EQ-0392,2023-09-03,0
EQ-0371,2023-09-03,0
EQ-0085,2023-09-03,0
EQ-0337,2023-09-03,0
EQ-0239,2023-09-03,1
EQ-0126,2023-09-03,0
EQ-0240,2023-09-03,0
EQ-0044,2023-09-03,1
EQ-0306,2023-09-03,1
EQ-0304,2023-09-03,0
EQ-0122,2023-09-04,0
EQ-0332,2023-09-04,0
EQ-0376,2023-09-04,0
EQ-0425,2023-09-04,0
EQ-0160,2023-09-04,0
EQ-0214,2023-09-04,0
EQ-0258,2023-09-04,0
EQ-0202,2023-09-04,0
EQ-0166,2023-09-04,0
EQ-0139,2023-09-04,0
EQ-0381,2023-09-04,0
EQ-0039,2023-09-04,0
EQ-0409,2023-09-04,0
EQ-0413,2023-09-04,0
EQ-0104,2023-09-04,0
EQ-0156,2023-09-04,0
EQ-0432,2023-09-04,0
EQ-0221,2023-09-04,0
EQ-0309,2023-09-04,0
EQ-0011,2023-09-04,0
EQ-0402,2023-09-04,0
EQ-0388,2023-09-04,0
EQ-0395,2023-09-04,0
EQ-0437,2023-09-04,0
EQ-0421,2023-09-04,0
EQ-0373,2023-09-04,0
EQ-0431,2023-09-04,0
EQ-0050,2023-09-04,0
EQ-0066,2023-09-04,0
EQ-0060,2023-09-04,0
EQ-0047,2023-09-05,0
EQ-0168,2023-09-05,0
EQ-0086,2023-09-05,0
EQ-0187,2023-09-05,0
EQ-0343,2023-09-05,0
EQ-0370,2023-09-05,1
EQ-0377,2023-09-05,0
EQ-0105,2023-09-05,0
EQ-0003,2023-09-05,0
EQ-0263,2023-09-05,0
EQ-0075,2023-09-05,0
EQ-0068,2023-09-05,0
EQ-0110,2023-09-05,0
EQ-0392,2023-09-05,0
EQ-0324,2023-09-05,0
EQ-0269,2023-09-05,0
EQ-0356,2023-09-05,0
EQ-0181,2023-09-05,0
EQ-0316,2023-09-05,0
EQ-0119,2023-09-05,0
EQ-0173,2023-09-05,0
EQ-0311,2023-09-05,0
EQ-0090,2023-09-05,0
EQ-0147,2023-09-05,0
EQ-0329,2023-09-06,0
EQ-0034,2023-09-06,0
EQ-0385,2023-09-06,0
EQ-0312,2023-09-06,0
EQ-0186,2023-09-06,0
EQ-0412,2023-09-06,0
EQ-0067,2023-09-06,0
EQ-0179,2023-09-06,0
EQ-0208,2023-09-06,0
EQ-0199,2023-09-06,0
EQ-0226,2023-09-07,0
EQ-0225,2023-09-07,0
EQ-0395,2023-09-07,0
EQ-0003,2023-09-07,0
EQ-0354,2023-09-07,0
EQ-0012,2023-09-07,1
EQ-0363,2023-09-07,0
EQ-0275,2023-09-07,0
EQ-0351,2023-09-07,0
EQ-0281,2023-09-07,0
EQ-0372,2023-09-07,0
EQ-0067,2023-09-07,0
EQ-0191,2023-09-07,0
EQ-0265,2023-09-07,0
EQ-0291,2023-09-07,0
EQ-0188,2023-09-07,1
EQ-0236,2023-09-07,0
EQ-0396,2023-09-07,0
EQ-0222,2023-09-07,0
EQ-0014,2023-09-08,0
EQ-0348,2023-09-08,0
EQ-0305,2023-09-08,0
EQ-0419,2023-09-08,0
EQ-0152,2023-09-08,0
EQ-0391,2023-09-08,0
EQ-0340,2023-09-08,0
EQ-0058,2023-09-08,0
EQ-0061,2023-09-08,0
EQ-0083,2023-09-08,0
EQ-0301,2023-09-08,1
EQ-0431,2023-09-08,0
EQ-0220,2023-09-08,0
EQ-0337,2023-09-08,0
EQ-0358,2023-09-08,0
EQ-0011,2023-09-08,0
EQ-0250,2023-09-08,0
EQ-0174,2023-09-08,0
EQ-0362,2023-09-09,0
EQ-0318,2023-09-09,0
EQ-0109,2023-09-09,0
EQ-0072,2023-09-09,0
EQ-0281,2023-09-09,0
EQ-0214,2023-09-09,0
EQ-0415,2023-09-09,0
EQ-0174,2023-09-09,0
EQ-0023,2023-09-09,0
EQ-0266,2023-09-09,0
EQ-0394,2023-09-09,0
EQ-0288,2023-09-09,0
EQ-0327,2023-09-09,0
EQ-0177,2023-09-09,0
EQ-0025,2023-09-09,0
EQ-0125,2023-09-09,0
EQ-0192,2023-09-09,0
EQ-0135,2023-09-09,0
EQ-0405,2023-09-09,0
EQ-0167,2023-09-09,0
EQ-0130,2023-09-09,0
EQ-0008,2023-09-09,0
EQ-0146,2023-09-09,0
EQ-0055,2023-09-09,0
EQ-0155,2023-09-09,0
EQ-0031,2023-09-10,0
EQ-0020,2023-09-10,0
EQ-0042,2023-09-10,0
EQ-0320,2023-09-10,0
EQ-0378,2023-09-10,0
EQ-0232,2023-09-10,0
EQ-0382,2023-09-10,0
EQ-0357,2023-09-10,0
EQ-0313,2023-09-10,0
EQ-0411,2023-09-10,0
EQ-0009,2023-09-10,0
EQ-0169,2023-09-10,0
EQ-0219,2023-09-10,0
EQ-0048,2023-09-10,0
EQ-0307,2023-09-10,0
EQ-0317,2023-09-10,0
EQ-0161,2023-09-10,0
EQ-0134,2023-09-10,0
EQ-0278,2023-09-11,0
EQ-0203,2023-09-11,0
EQ-0022,2023-09-11,0
EQ-0429,2023-09-11,0
EQ-0056,2023-09-11,0
EQ-0236,2023-09-11,0
EQ-0087,2023-09-11,0
EQ-0018,2023-09-11,0
EQ-0244,2023-09-11,0
EQ-0380,2023-09-11,0
EQ-0394,2023-09-11,0
EQ-0381,2023-09-11,0
EQ-0427,2023-09-11,0
EQ-0361,2023-09-11,0
EQ-0089,2023-09-11,0
EQ-0133,2023-09-11,0
EQ-0189,2023-09-11,0
EQ-0302,2023-09-11,0
EQ-0013,2023-09-12,0
EQ-0300,2023-09-12,0
EQ-0063,2023-09-12,0
EQ-0076,2023-09-12,0
EQ-0389,2023-09-12,0
EQ-0113,2023-09-12,0
EQ-0190,2023-09-12,0
EQ-0432,2023-09-12,0
EQ-0338,2023-09-12,0
EQ-0215,2023-09-12,0
EQ-0328,2023-09-12,0
EQ-0255,2023-09-12,0
EQ-0159,2023-09-12,0
EQ-0212,2023-09-12,0
EQ-0235,2023-09-12,0
EQ-0326,2023-09-12,0
EQ-0032,2023-09-12,0
EQ-0280,2023-09-12,0
EQ-0330,2023-09-12,0
EQ-0176,2023-09-13,0
EQ-0314,2023-09-13,0
EQ-0142,2023-09-13,0
EQ-0054,2023-09-13,0
EQ-0273,2023-09-13,0
EQ-0334,2023-09-13,0
EQ-0051,2023-09-13,0
EQ-0121,2023-09-13,0
EQ-0158,2023-09-13,0
EQ-0079,2023-09-13,0
EQ-0157,2023-09-13,0
EQ-0224,2023-09-13,0
EQ-0112,2023-09-13,0
EQ-0049,2023-09-13,0
EQ-0098,2023-09-13,0
EQ-0038,2023-09-13,0
EQ-0424,2023-09-13,0
EQ-0267,2023-09-13,1
EQ-0141,2023-09-13,0
EQ-0246,2023-09-14,0
EQ-0084,2023-09-14,1
EQ-0295,2023-09-14,0
EQ-0317,2023-09-14,0
EQ-0371,2023-09-14,0
EQ-0245,2023-09-14,0
EQ-0207,2023-09-14,0
EQ-0233,2023-09-14,0
EQ-0148,2023-09-14,0
EQ-0092,2023-09-14,1
EQ-0178,2023-09-14,0
EQ-0251,2023-09-14,0
EQ-0138,2023-09-14,0
EQ-0093,2023-09-14,0
EQ-0261,2023-09-14,0
EQ-0108,2023-09-14,0
EQ-0063,2023-09-15,0
EQ-0043,2023-09-15,0
EQ-0333,2023-09-15,0
EQ-0027,2023-09-15,0
EQ-0145,2023-09-15,0
EQ-0438,2023-09-15,0
EQ-0070,2023-09-15,0
EQ-0093,2023-09-15,0
EQ-0158,2023-09-15,0
EQ-0227,2023-09-15,0
EQ-0019,2023-09-15,0
EQ-0350,2023-09-15,0
EQ-0257,2023-09-15,0
EQ-0259,2023-09-15,0
EQ-0057,2023-09-15,0
EQ-0157,2023-09-15,0
EQ-0041,2023-09-15,0
EQ-0260,2023-09-15,0
EQ-0241,2023-09-15,0
EQ-0203,2023-09-15,0
EQ-0422,2023-09-15,0
EQ-0037,2023-09-15,0
EQ-0284,2023-09-16,0
EQ-0439,2023-09-16,0
EQ-0243,2023-09-16,1
EQ-0285,2023-09-16,0
EQ-0131,2023-09-16,0
EQ-0416,2023-09-16,0
EQ-0064,2023-09-16,0
EQ-0273,2023-09-16,0
EQ-0024,2023-09-16,0
EQ-0006,2023-09-16,0
EQ-0231,2023-09-16,0
EQ-0154,2023-09-16,0
EQ-0389,2023-09-16,0
EQ-0403,2023-09-16,0
EQ-0164,2023-09-16,0
EQ-0404,2023-09-16,0
EQ-0293,2023-09-16,0
EQ-0274,2023-09-16,0
EQ-0007,2023-09-16,0
EQ-0410,2023-09-16,0
EQ-0099,2023-09-16,0
EQ-0015,2023-09-16,0
EQ-0289,2023-09-16,0
EQ-0163,2023-09-17,0
EQ-0175,2023-09-17,0
EQ-0254,2023-09-17,1
EQ-0427,2023-09-17,0
EQ-0016,2023-09-17,0
EQ-0213,2023-09-17,0
EQ-0028,2023-09-17,0
EQ-0260,2023-09-17,0
EQ-0201,2023-09-17,0
EQ-0170,2023-09-17,0
EQ-0107,2023-09-17,0
EQ-0434,2023-09-17,0
EQ-0030,2023-09-17,0
EQ-0103,2023-09-17,0
EQ-0091,2023-09-17,0
EQ-0077,2023-09-17,0
EQ-0238,2023-09-17,0
EQ-0374,2023-09-17,0
EQ-0290,2023-09-17,0
EQ-0116,2023-09-17,0
EQ-0374,2023-09-18,0
EQ-0346,2023-09-18,0
EQ-0195,2023-09-18,0
EQ-0100,2023-09-18,0
EQ-0062,2023-09-18,0
EQ-0198,2023-09-18,0
EQ-0179,2023-09-18,0
EQ-0017,2023-09-18,1
EQ-0177,2023-09-18,0
EQ-0433,2023-09-18,0
EQ-0033,2023-09-18,0
EQ-0382,2023-09-18,0
EQ-0319,2023-09-18,0
EQ-0278,2023-09-18,0
EQ-0127,2023-09-18,0
EQ-0162,2023-09-18,0
EQ-0271,2023-09-18,0
EQ-0359,2023-09-18,0
EQ-0165,2023-09-18,0
EQ-0156,2023-09-19,0
EQ-0137,2023-09-19,0
EQ-0397,2023-09-19,1
EQ-0230,2023-09-19,0
EQ-0149,2023-09-19,0
EQ-0379,2023-09-19,0
EQ-0111,2023-09-19,0
EQ-0036,2023-09-19,0
EQ-0266,2023-09-19,0
EQ-0336,2023-09-19,0
EQ-0277,2023-09-19,0
EQ-0262,2023-09-19,0
EQ-0148,2023-09-19,0
EQ-0237,2023-09-19,0
EQ-0321,2023-09-19,0
EQ-0268,2023-09-19,0
EQ-0386,2023-09-19,0
EQ-0015,2023-09-20,0
EQ-0047,2023-09-20,0
EQ-0095,2023-09-20,0
EQ-0101,2023-09-20,0
EQ-0151,2023-09-20,1
EQ-0036,2023-09-20,0
EQ-0367,2023-09-20,0
EQ-0035,2023-09-20,0
EQ-0399,2023-09-20,0
EQ-0196,2023-09-20,0
EQ-0366,2023-09-20,0
EQ-0248,2023-09-20,0
EQ-0335,2023-09-20,0
EQ-0144,2023-09-20,1
EQ-0254,2023-09-20,1
EQ-0155,2023-09-20,0
EQ-0383,2023-09-20,0
EQ-0322,2023-09-20,0
EQ-0316,2023-09-21,0
EQ-0302,2023-09-21,0
EQ-0303,2023-09-21,0
EQ-0071,2023-09-21,0
EQ-0126,2023-09-21,0
EQ-0150,2023-09-21,0
EQ-0387,2023-09-21,0
EQ-0005,2023-09-21,0
EQ-0173,2023-09-21,0
EQ-0408,2023-09-21,0
EQ-0279,2023-09-21,0
EQ-0040,2023-09-21,0
EQ-0296,2023-09-21,0
EQ-0205,2023-09-22,0
EQ-0393,2023-09-22,0
EQ-0128,2023-09-22,0
EQ-0021,2023-09-22,0
EQ-0171,2023-09-22,1
EQ-0154,2023-09-22,0
EQ-0165,2023-09-22,0
EQ-0257,2023-09-22,0
EQ-0002,2023-09-22,0
EQ-0262,2023-09-22,0
EQ-0144,2023-09-22,1
EQ-0020,2023-09-23,0
EQ-0001,2023-09-23,0
EQ-0182,2023-09-23,0
EQ-0162,2023-09-23,0
EQ-0270,2023-09-23,0
EQ-0228,2023-09-23,0
EQ-0345,2023-09-23,0
EQ-0279,2023-09-23,0
EQ-0417,2023-09-23,0
EQ-0143,2023-09-23,0
EQ-0276,2023-09-23,0
EQ-0191,2023-09-23,0
EQ-0166,2023-09-23,0
EQ-0159,2023-09-23,0
EQ-0010,2023-09-23,0
EQ-0197,2023-09-23,0
EQ-0347,2023-09-23,0
EQ-0069,2023-09-23,0
EQ-0247,2023-09-24,0
EQ-0406,2023-09-24,0
EQ-0420,2023-09-24,0
EQ-0153,2023-09-24,0
EQ-0134,2023-09-24,0
EQ-0053,2023-09-24,0
EQ-0031,2023-09-24,0
EQ-0259,2023-09-24,0
EQ-0299,2023-09-24,0
EQ-0375,2023-09-24,0
EQ-0150,2023-09-24,0
EQ-0268,2023-09-24,0
EQ-0049,2023-09-24,0
EQ-0298,2023-09-24,0
EQ-0315,2023-09-24,0
EQ-0004,2023-09-24,0
EQ-0276,2023-09-24,0
EQ-0344,2023-09-24,0
EQ-0223,2023-09-24,0
EQ-0287,2023-09-24,0
EQ-0402,2023-09-25,0
EQ-0360,2023-09-25,0
EQ-0435,2023-09-25,0
EQ-0010,2023-09-25,0
EQ-0418,2023-09-25,0
EQ-0426,2023-09-25,1
EQ-0022,2023-09-25,0
EQ-0380,2023-09-25,0
EQ-0088,2023-09-25,0
EQ-0436,2023-09-25,0
EQ-0384,2023-09-25,0
EQ-0364,2023-09-25,0
EQ-0066,2023-09-25,0
EQ-0342,2023-09-25,0
EQ-0043,2023-09-26,0
EQ-0388,2023-09-26,0
EQ-0140,2023-09-26,0
EQ-0009,2023-09-26,0
EQ-0365,2023-09-26,0
EQ-0110,2023-09-26,0
EQ-0261,2023-09-26,0
EQ-0069,2023-09-26,0
EQ-0097,2023-09-26,0
EQ-0053,2023-09-26,0
EQ-0256,2023-09-26,0
EQ-0050,2023-09-26,0
EQ-0200,2023-09-26,0
EQ-0323,2023-09-26,0
EQ-0297,2023-09-27,0
EQ-0400,2023-09-27,0
EQ-0367,2023-09-27,0
EQ-0407,2023-09-27,0
EQ-0002,2023-09-27,0
EQ-0434,2023-09-27,0
EQ-0264,2023-09-27,0
EQ-0194,2023-09-27,1
EQ-0341,2023-09-27,0
EQ-0051,2023-09-28,0
EQ-0064,2023-09-28,0
EQ-0045,2023-09-28,0
EQ-0081,2023-09-28,0
EQ-0234,2023-09-28,0
EQ-0114,2023-09-28,0
EQ-0117,2023-09-28,0
EQ-0252,2023-09-28,0
EQ-0210,2023-09-28,0
EQ-0428,2023-09-28,0
EQ-0037,2023-09-28,0
EQ-0129,2023-09-28,0
EQ-0349,2023-09-28,0
EQ-0227,2023-09-28,0
EQ-0286,2023-09-28,0
EQ-0366,2023-09-29,0
EQ-0038,2023-09-29,0
EQ-0387,2023-09-29,0
EQ-0045,2023-09-29,0
EQ-0132,2023-09-29,1
EQ-0265,2023-09-29,0
EQ-0016,2023-09-29,0
EQ-0211,2023-09-29,1
EQ-0055,2023-09-29,0
EQ-0175,2023-09-29,0
EQ-0282,2023-09-29,0
EQ-0061,2023-09-29,0
EQ-0331,2023-09-29,0
EQ-0423,2023-09-29,0
EQ-0369,2023-09-29,0
EQ-0012,2023-09-29,1
EQ-0308,2023-09-29,0
EQ-0244,2023-09-29,0
EQ-0136,2023-09-29,0
EQ-0088,2023-09-29,0
EQ-0124,2023-09-29,0
EQ-0172,2023-09-29,0
EQ-0218,2023-09-30,0
EQ-0065,2023-09-30,0
EQ-0028,2023-09-30,0
EQ-0184,2023-09-30,0
EQ-0163,2023-09-30,0
EQ-0060,2023-09-30,0
EQ-0183,2023-09-30,0
EQ-0272,2023-09-30,0
EQ-0005,2023-09-30,0
EQ-0172,2023-09-30,0
EQ-0040,2023-09-30,0
EQ-0123,2023-09-30,0
EQ-0216,2023-09-30,0
EQ-0082,2023-09-30,0
EQ-0274,2023-09-30,0
EQ-0153,2023-09-30,0
EQ-0437,2023-09-30,1
EQ-0120,2023-09-30,0
EQ-0074,2023-09-30,0
EQ-0062,2023-09-30,0
EQ-0029,2023-09-30,0
EQ-0113,2023-10-01,0
EQ-0118,2023-10-01,0
EQ-0153,2023-10-01,0
EQ-0188,2023-10-01,0
EQ-0312,2023-10-01,0
EQ-0415,2023-10-01,0
EQ-0200,2023-10-01,0
EQ-0250,2023-10-01,0
EQ-0020,2023-10-01,0
EQ-0310,2023-10-01,0
EQ-0256,2023-10-01,0
EQ-0180,2023-10-01,0
EQ-0119,2023-10-01,0
EQ-0259,2023-10-01,0
EQ-0108,2023-10-01,0
EQ-0329,2023-10-01,0
EQ-0227,2023-10-01,0
EQ-0065,2023-10-01,0
EQ-0276,2023-10-02,0
EQ-0030,2023-10-02,0
EQ-0202,2023-10-02,0
EQ-0244,2023-10-02,0
EQ-0377,2023-10-02,0
EQ-0026,2023-10-02,0
EQ-0196,2023-10-02,0
EQ-0292,2023-10-02,0
EQ-0334,2023-10-02,0
EQ-0407,2023-10-02,0
EQ-0371,2023-10-02,0
EQ-0340,2023-10-02,0
EQ-0014,2023-10-02,0
EQ-0073,2023-10-02,0
EQ-0357,2023-10-02,0
EQ-0154,2023-10-03,0
EQ-0262,2023-10-03,0
EQ-0249,2023-10-03,0
EQ-0318,2023-10-03,0
EQ-0096,2023-10-03,0
EQ-0260,2023-10-03,0
EQ-0296,2023-10-03,0
EQ-0086,2023-10-03,0
EQ-0282,2023-10-03,0
EQ-0317,2023-10-03,0
EQ-0326,2023-10-03,0
EQ-0198,2023-10-03,1
EQ-0203,2023-10-03,0
EQ-0053,2023-10-03,0
EQ-0009,2023-10-03,0
EQ-0434,2023-10-03,0
EQ-0238,2023-10-03,0
EQ-0128,2023-10-03,0
EQ-0273,2023-10-03,0
EQ-0435,2023-10-03,0
EQ-0016,2023-10-03,0
EQ-0149,2023-10-03,0
EQ-0163,2023-10-04,0
EQ-0189,2023-10-04,0
EQ-0178,2023-10-04,0
EQ-0002,2023-10-04,0
EQ-0251,2023-10-04,0
EQ-0261,2023-10-04,0
EQ-0214,2023-10-04,0
EQ-0314,2023-10-04,0
EQ-0347,2023-10-04,0
EQ-0356,2023-10-04,0
EQ-0284,2023-10-04,0
EQ-0277,2023-10-04,0
EQ-0031,2023-10-04,0
EQ-0080,2023-10-05,1
EQ-0263,2023-10-05,0
EQ-0078,2023-10-05,0
EQ-0069,2023-10-05,0
EQ-0306,2023-10-05,1
EQ-0007,2023-10-05,0
EQ-0001,2023-10-05,0
EQ-0438,2023-10-05,0
EQ-0354,2023-10-05,0
EQ-0257,2023-10-05,0
EQ-0388,2023-10-05,0
EQ-0319,2023-10-05,0
EQ-0381,2023-10-05,0
EQ-0079,2023-10-05,0
EQ-0175,2023-10-05,0
EQ-0039,2023-10-05,0
EQ-0225,2023-10-05,0
EQ-0374,2023-10-05,0
EQ-0056,2023-10-05,0
EQ-0048,2023-10-05,0
EQ-0299,2023-10-05,0
EQ-0160,2023-10-05,0
EQ-0157,2023-10-06,0
EQ-0433,2023-10-06,0
EQ-0054,2023-10-06,0
EQ-0057,2023-10-06,0
EQ-0367,2023-10-06,0
EQ-0280,2023-10-06,0
EQ-0371,2023-10-06,0
EQ-0351,2023-10-06,0
EQ-0389,2023-10-06,0
EQ-0417,2023-10-06,0
EQ-0138,2023-10-06,0
EQ-0169,2023-10-06,0
EQ-0335,2023-10-06,0
EQ-0012,2023-10-06,1
EQ-0022,2023-10-06,0
EQ-0434,2023-10-06,0
EQ-0374,2023-10-06,0
EQ-0029,2023-10-06,0
EQ-0373,2023-10-06,0
EQ-0205,2023-10-07,0
EQ-0322,2023-10-07,0
EQ-0041,2023-10-07,0
EQ-0151,2023-10-07,1
EQ-0402,2023-10-07,0
EQ-0252,2023-10-07,0
EQ-0044,2023-10-07,1
EQ-0379,2023-10-07,0
EQ-0092,2023-10-07,1
EQ-0294,2023-10-07,0
EQ-0298,2023-10-07,0
EQ-0081,2023-10-07,0
EQ-0177,2023-10-07,0
EQ-0316,2023-10-07,0
EQ-0093,2023-10-07,0
EQ-0394,2023-10-07,0
EQ-0182,2023-10-08,0
EQ-0221,2023-10-08,0
EQ-0344,2023-10-08,0
EQ-0136,2023-10-08,0
EQ-0216,2023-10-08,0
EQ-0368,2023-10-08,0
EQ-0060,2023-10-08,0
EQ-0226,2023-10-08,0
EQ-0007,2023-10-08,0
EQ-0050,2023-10-08,0
EQ-0066,2023-10-08,0
EQ-0043,2023-10-08,0
EQ-0234,2023-10-08,0
EQ-0150,2023-10-08,0
EQ-0074,2023-10-09,0
EQ-0036,2023-10-09,0
EQ-0132,2023-10-09,1
EQ-0214,2023-10-09,0
EQ-0437,2023-10-09,1
EQ-0037,2023-10-09,0
EQ-0049,2023-10-09,0
EQ-0242,2023-10-09,0
EQ-0142,2023-10-09,0
EQ-0055,2023-10-09,0
EQ-0281,2023-10-09,0
EQ-0052,2023-10-09,0
EQ-0230,2023-10-09,0
EQ-0146,2023-10-09,0
EQ-0363,2023-10-10,0
EQ-0279,2023-10-10,0
EQ-0209,2023-10-10,0
EQ-0408,2023-10-10,0
EQ-0164,2023-10-10,0
EQ-0285,2023-10-10,0
EQ-0102,2023-10-10,0
EQ-0020,2023-10-10,0
EQ-0047,2023-10-10,0
EQ-0143,2023-10-10,0
EQ-0395,2023-10-10,0
EQ-0232,2023-10-10,0
EQ-0245,2023-10-10,0
EQ-0218,2023-10-10,0
EQ-0246,2023-10-10,0
EQ-0172,2023-10-10,0
EQ-0009,2023-10-11,0
EQ-0166,2023-10-11,0
EQ-0111,2023-10-11,0
EQ-0063,2023-10-11,0
EQ-0316,2023-10-11,0
EQ-0302,2023-10-11,0
EQ-0045,2023-10-11,0
EQ-0193,2023-10-11,0
EQ-0401,2023-10-11,0
EQ-0260,2023-10-11,0
EQ-0308,2023-10-11,0
EQ-0405,2023-10-11,0
EQ-0373,2023-10-11,0
EQ-0362,2023-10-11,0
EQ-0244,2023-10-11,0
EQ-0390,2023-10-11,0
EQ-0402,2023-10-11,0
EQ-0379,2023-10-11,0
EQ-0139,2023-10-11,0
EQ-0048,2023-10-11,0
EQ-0064,2023-10-12,0
EQ-0088,2023-10-12,0
EQ-0321,2023-10-12,0
EQ-0266,2023-10-12,0
EQ-0183,2023-10-12,0
EQ-0046,2023-10-12,0
EQ-0056,2023-10-12,0
EQ-0265,2023-10-12,0
EQ-0162,2023-10-12,0
EQ-0343,2023-10-12,0
EQ-0395,2023-10-12,0
EQ-0421,2023-10-12,1
EQ-0072,2023-10-12,0
EQ-0213,2023-10-12,0
EQ-0286,2023-10-12,0
EQ-0295,2023-10-12,1
EQ-0223,2023-10-13,0
EQ-0206,2023-10-13,0
EQ-0257,2023-10-13,0
EQ-0155,2023-10-13,0
EQ-0112,2023-10-13,0
EQ-0008,2023-10-13,0
EQ-0124,2023-10-13,0
EQ-0027,2023-10-13,0
EQ-0002,2023-10-13,0
EQ-0104,2023-10-13,0
EQ-0431,2023-10-13,0
EQ-0195,2023-10-13,0
EQ-0339,2023-10-13,0
EQ-0348,2023-10-13,0
EQ-0256,2023-10-13,0
EQ-0376,2023-10-13,0
EQ-0067,2023-10-13,0
EQ-0394,2023-10-13,0
EQ-0184,2023-10-14,0
EQ-0228,2023-10-14,0
EQ-0436,2023-10-14,0
EQ-0114,2023-10-14,0
EQ-0268,2023-10-14,0
EQ-0372,2023-10-14,0
EQ-0148,2023-10-14,0
EQ-0313,2023-10-14,0
EQ-0062,2023-10-14,0
EQ-0042,2023-10-14,0
EQ-0191,2023-10-14,0
EQ-0099,2023-10-14,0
EQ-0349,2023-10-14,0
EQ-0291,2023-10-14,0
EQ-0355,2023-10-14,0
EQ-0383,2023-10-14,0
EQ-0144,2023-10-14,0
EQ-0439,2023-10-14,1
EQ-0419,2023-10-14,0
EQ-0393,2023-10-14,0
EQ-0263,2023-10-14,0
EQ-0015,2023-10-14,0
EQ-0346,2023-10-14,0
EQ-0110,2023-10-14,0
EQ-0158,2023-10-14,0
EQ-0032,2023-10-15,0
EQ-0013,2023-10-15,0
EQ-0145,2023-10-15,0
EQ-0424,2023-10-15,0
EQ-0337,2023-10-15,0
EQ-0194,2023-10-15,1
EQ-0123,2023-10-15,0
EQ-0122,2023-10-15,0
EQ-0062,2023-10-15,0
EQ-0158,2023-10-15,0
EQ-0297,2023-10-15,0
EQ-0036,2023-10-15,0
EQ-0309,2023-10-15,0
EQ-0290,2023-10-15,0
EQ-0210,2023-10-16,0
EQ-0365,2023-10-16,0
EQ-0397,2023-10-16,1
EQ-0398,2023-10-16,0
EQ-0166,2023-10-16,0
EQ-0381,2023-10-16,0
EQ-0061,2023-10-16,0
EQ-0185,2023-10-16,0
EQ-0429,2023-10-16,0
EQ-0179,2023-10-16,0
EQ-0199,2023-10-16,0
EQ-0391,2023-10-16,0
EQ-0239,2023-10-16,1
EQ-0004,2023-10-16,0
EQ-0049,2023-10-16,0
EQ-0426,2023-10-16,0
EQ-0307,2023-10-16,0
EQ-0117,2023-10-16,0
EQ-0333,2023-10-16,0
EQ-0331,2023-10-16,0
EQ-0121,2023-10-16,0
EQ-0227,2023-10-17,0
EQ-0008,2023-10-17,0
EQ-0302,2023-10-17,0
EQ-0017,2023-10-17,1
EQ-0275,2023-10-17,0
EQ-0224,2023-10-17,0
EQ-0266,2023-10-17,0
EQ-0424,2023-10-17,0
EQ-0051,2023-10-17,0
EQ-0094,2023-10-17,0
EQ-0430,2023-10-17,0
EQ-0253,2023-10-17,0
EQ-0115,2023-10-17,0
EQ-0012,2023-10-17,1
EQ-0077,2023-10-17,0
EQ-0393,2023-10-17,0
EQ-0129,2023-10-17,0
EQ-0338,2023-10-18,0
EQ-0027,2023-10-18,0
EQ-0126,2023-10-18,0
EQ-0406,2023-10-18,0
EQ-0267,2023-10-18,0
EQ-0128,2023-10-18,0
EQ-0332,2023-10-18,0
EQ-0088,2023-10-18,0
EQ-0241,2023-10-18,0
EQ-0364,2023-10-18,0
EQ-0089,2023-10-18,0
EQ-0437,2023-10-18,1
EQ-0369,2023-10-18,0
EQ-0101,2023-10-18,0
EQ-0033,2023-10-18,0
EQ-0432,2023-10-18,0
EQ-0110,2023-10-18,0
EQ-0066,2023-10-18,0
EQ-0165,2023-10-19,0
EQ-0248,2023-10-19,0
EQ-0065,2023-10-19,0
EQ-0100,2023-10-19,0
EQ-0047,2023-10-19,0
EQ-0255,2023-10-19,0
EQ-0141,2023-10-19,0
EQ-0161,2023-10-19,0
EQ-0311,2023-10-19,0
EQ-0177,2023-10-19,0
EQ-0190,2023-10-19,0
EQ-0093,2023-10-19,0
EQ-0388,2023-10-19,0
EQ-0038,2023-10-19,0
EQ-0341,2023-10-19,0
EQ-0039,2023-10-19,0
EQ-0028,2023-10-19,0
EQ-0270,2023-10-19,0
EQ-0157,2023-10-19,0
EQ-0337,2023-10-19,0
EQ-0259,2023-10-19,0
EQ-0174,2023-10-19,0
EQ-0082,2023-10-19,0
EQ-0064,2023-10-19,0
EQ-0137,2023-10-20,0
EQ-0201,2023-10-20,0
EQ-0052,2023-10-20,0
EQ-0359,2023-10-20,0
EQ-0011,2023-10-20,0
EQ-0258,2023-10-20,0
EQ-0126,2023-10-20,0
EQ-0267,2023-10-20,0
EQ-0037,2023-10-20,0
EQ-0300,2023-10-20,0
EQ-0084,2023-10-20,1
EQ-0303,2023-10-20,0
EQ-0428,2023-10-20,0
EQ-0254,2023-10-20,0
EQ-0085,2023-10-20,0
EQ-0156,2023-10-20,0
EQ-0154,2023-10-20,0
EQ-0155,2023-10-20,0
EQ-0087,2023-10-20,0
EQ-0305,2023-10-21,0
EQ-0233,2023-10-21,0
EQ-0236,2023-10-21,0
EQ-0023,2023-10-21,0
EQ-0425,2023-10-21,0
EQ-0098,2023-10-21,0
EQ-0162,2023-10-21,0
EQ-0264,2023-10-21,0
EQ-0090,2023-10-21,0
EQ-0412,2023-10-21,0
EQ-0378,2023-10-21,0
EQ-0207,2023-10-21,0
EQ-0273,2023-10-21,0
EQ-0095,2023-10-21,0
EQ-0274,2023-10-21,0
EQ-0181,2023-10-21,0
EQ-0281,2023-10-21,0
EQ-0279,2023-10-21,0
EQ-0375,2023-10-21,0
EQ-0106,2023-10-21,0
EQ-0328,2023-10-21,0
EQ-0384,2023-10-22,0
EQ-0034,2023-10-22,0
EQ-0038,2023-10-22,0
EQ-0392,2023-10-22,0
EQ-0272,2023-10-22,0
EQ-0276,2023-10-22,0
EQ-0159,2023-10-22,0
EQ-0045,2023-10-22,0
EQ-0389,2023-10-22,0
EQ-0069,2023-10-22,0
EQ-0271,2023-10-22,0
EQ-0433,2023-10-22,0
EQ-0252,2023-10-22,0
EQ-0345,2023-10-22,0
EQ-0203,2023-10-22,0
EQ-0366,2023-10-22,0
EQ-0175,2023-10-22,0
EQ-0416,2023-10-22,0
EQ-0018,2023-10-22,0
EQ-0186,2023-10-22,0
EQ-0315,2023-10-22,0
EQ-0059,2023-10-22,0
EQ-0410,2023-10-23,0
EQ-0181,2023-10-23,0
EQ-0044,2023-10-23,1
EQ-0134,2023-10-23,0
EQ-0237,2023-10-23,0
EQ-0201,2023-10-23,0
EQ-0369,2023-10-23,0
EQ-0010,2023-10-23,0
EQ-0025,2023-10-23,0
EQ-0023,2023-10-23,0
EQ-0105,2023-10-23,0
EQ-0031,2023-10-23,0
EQ-0392,2023-10-23,0
EQ-0404,2023-10-23,0
EQ-0040,2023-10-23,0
EQ-0222,2023-10-23,0
EQ-0075,2023-10-23,0
EQ-0432,2023-10-24,0
EQ-0003,2023-10-24,0
EQ-0006,2023-10-24,1
EQ-0236,2023-10-24,0
EQ-0107,2023-10-24,0
EQ-0116,2023-10-24,0
EQ-0254,2023-10-24,0
EQ-0229,2023-10-24,0
EQ-0068,2023-10-24,0
EQ-0164,2023-10-24,0
EQ-0083,2023-10-24,0
EQ-0005,2023-10-24,0
EQ-0168,2023-10-24,0
EQ-0370,2023-10-24,1
EQ-0055,2023-10-24,0
EQ-0280,2023-10-24,0
EQ-0262,2023-10-25,0
EQ-0431,2023-10-25,0
EQ-0387,2023-10-25,0
EQ-0174,2023-10-25,0
EQ-0274,2023-10-25,0
EQ-0178,2023-10-25,0
EQ-0320,2023-10-25,0
EQ-0187,2023-10-25,0
EQ-0033,2023-10-25,0
EQ-0390,2023-10-25,0
EQ-0197,2023-10-25,0
EQ-0323,2023-10-25,0
EQ-0378,2023-10-25,0
EQ-0165,2023-10-25,0
EQ-0365,2023-10-25,0
EQ-0399,2023-10-25,0
EQ-0391,2023-10-25,0
EQ-0377,2023-10-25,0
EQ-0001,2023-10-25,0
EQ-0130,2023-10-25,0
EQ-0301,2023-10-25,1
EQ-0179,2023-10-26,0
EQ-0153,2023-10-26,0
EQ-0063,2023-10-26,0
EQ-0071,2023-10-26,0
EQ-0053,2023-10-26,0
EQ-0144,2023-10-26,0
EQ-0304,2023-10-26,0
EQ-0288,2023-10-26,0
EQ-0358,2023-10-26,0
EQ-0330,2023-10-26,0
EQ-0382,2023-10-26,0
EQ-0005,2023-10-26,0
EQ-0152,2023-10-26,0
EQ-0192,2023-10-26,0
EQ-0247,2023-10-26,0
EQ-0235,2023-10-27,0
EQ-0325,2023-10-27,0
EQ-0133,2023-10-27,0
EQ-0380,2023-10-27,0
EQ-0382,2023-10-27,0
EQ-0103,2023-10-27,0
EQ-0427,2023-10-27,1
EQ-0173,2023-10-27,0
EQ-0134,2023-10-27,0
EQ-0060,2023-10-27,0
EQ-0043,2023-10-27,0
EQ-0022,2023-10-27,0
EQ-0131,2023-10-27,0
EQ-0191,2023-10-27,0
EQ-0414,2023-10-27,0
EQ-0148,2023-10-27,0
EQ-0035,2023-10-28,0
EQ-0211,2023-10-28,1
EQ-0283,2023-10-28,0
EQ-0287,2023-10-28,0
EQ-0327,2023-10-28,0
EQ-0350,2023-10-28,0
EQ-0050,2023-10-28,0
EQ-0240,2023-10-28,0
EQ-0028,2023-10-28,0
EQ-0386,2023-10-28,0
EQ-0360,2023-10-28,0
EQ-0159,2023-10-28,0
EQ-0011,2023-10-28,0
EQ-0416,2023-10-28,0
EQ-0268,2023-10-28,0
EQ-0289,2023-10-28,0
EQ-0040,2023-10-28,0
EQ-0120,2023-10-29,0
EQ-0317,2023-10-29,0
EQ-0293,2023-10-29,0
EQ-0152,2023-10-29,0
EQ-0140,2023-10-29,0
EQ-0147,2023-10-29,0
EQ-0217,2023-10-29,0
EQ-0051,2023-10-29,0
EQ-0413,2023-10-29,0
EQ-0353,2023-10-29,0
EQ-0366,2023-10-29,0
EQ-0021,2023-10-29,0
EQ-0019,2023-10-29,0
EQ-0014,2023-10-29,0
EQ-0411,2023-10-29,0
EQ-0061,2023-10-29,0
EQ-0156,2023-10-29,0
EQ-0076,2023-10-29,0
EQ-0380,2023-10-29,0
EQ-0171,2023-10-29,0
EQ-0367,2023-10-30,1
EQ-0150,2023-10-30,0
EQ-0135,2023-10-30,0
EQ-0125,2023-10-30,0
EQ-0220,2023-10-30,0
EQ-0278,2023-10-30,0
EQ-0352,2023-10-30,0
EQ-0167,2023-10-30,0
EQ-0163,2023-10-30,0
EQ-0385,2023-10-30,0
EQ-0261,2023-10-30,0
EQ-0265,2023-10-30,0
EQ-0423,2023-10-30,0
EQ-0219,2023-10-30,0
EQ-0170,2023-10-30,0
EQ-0208,2023-10-30,0
EQ-0067,2023-10-30,0
EQ-0003,2023-10-30,0
EQ-0016,2023-10-30,0
EQ-0015,2023-10-30,0
EQ-0127,2023-10-31,0
EQ-0091,2023-10-31,0
EQ-0097,2023-10-31,0
EQ-0070,2023-10-31,0
EQ-0231,2023-10-31,0
EQ-0324,2023-10-31,0
EQ-0387,2023-10-31,0
EQ-0427,2023-10-31,1
EQ-0361,2023-10-31,0
EQ-0172,2023-10-31,0
EQ-0400,2023-10-31,0
EQ-0342,2023-10-31,0
EQ-0336,2023-10-31,0
EQ-0031,2023-11-01,0
EQ-0157,2023-11-01,0
EQ-0076,2023-11-01,0
EQ-0293,2023-11-01,0
EQ-0043,2023-11-01,0
EQ-0037,2023-11-01,0
EQ-0015,2023-11-01,0
EQ-0340,2023-11-01,0
EQ-0390,2023-11-01,0
EQ-0431,2023-11-01,0
EQ-0132,2023-11-01,1
EQ-0009,2023-11-01,0
EQ-0017,2023-11-02,0
EQ-0140,2023-11-02,0
EQ-0266,2023-11-02,0
EQ-0174,2023-11-02,0
EQ-0416,2023-11-02,0
EQ-0389,2023-11-02,0
EQ-0409,2023-11-02,0
EQ-0378,2023-11-02,0
EQ-0427,2023-11-02,1
EQ-0044,2023-11-02,1
EQ-0254,2023-11-02,0
EQ-0399,2023-11-02,0
EQ-0050,2023-11-02,0
EQ-0035,2023-11-02,0
EQ-0115,2023-11-02,0
EQ-0194,2023-11-02,0
EQ-0241,2023-11-02,0
EQ-0203,2023-11-02,0
EQ-0108,2023-11-02,0
EQ-0097,2023-11-02,0
EQ-0201,2023-11-02,0
EQ-0028,2023-11-02,0
EQ-0191,2023-11-02,0
EQ-0335,2023-11-02,0
EQ-0256,2023-11-03,0
EQ-0411,2023-11-03,0
EQ-0227,2023-11-03,0
EQ-0137,2023-11-03,0
EQ-0260,2023-11-03,0
EQ-0367,2023-11-03,1
EQ-0050,2023-11-03,0
EQ-0007,2023-11-03,0
EQ-0222,2023-11-03,0
EQ-0387,2023-11-03,0
EQ-0302,2023-11-03,0
EQ-0301,2023-11-03,1
EQ-0424,2023-11-03,0
EQ-0263,2023-11-03,0
EQ-0435,2023-11-03,0
EQ-0042,2023-11-03,0
EQ-0220,2023-11-03,0
EQ-0402,2023-11-03,0
EQ-0379,2023-11-03,0
EQ-0267,2023-11-03,0
EQ-0093,2023-11-03,0
EQ-0179,2023-11-03,0
EQ-0154,2023-11-03,0
EQ-0175,2023-11-03,0
EQ-0062,2023-11-03,0
EQ-0008,2023-11-03,0
EQ-0385,2023-11-03,0
EQ-0036,2023-11-04,0
EQ-0381,2023-11-04,0
EQ-0299,2023-11-04,0
EQ-0002,2023-11-04,0
EQ-0099,2023-11-04,0
EQ-0380,2023-11-04,0
EQ-0346,2023-11-04,0
EQ-0281,2023-11-04,0
EQ-0010,2023-11-04,0
EQ-0273,2023-11-04,0
EQ-0190,2023-11-04,0
EQ-0255,2023-11-04,0
EQ-0368,2023-11-04,0
EQ-0288,2023-11-04,0
EQ-0275,2023-11-04,0
EQ-0101,2023-11-04,0
EQ-0053,2023-11-04,0
EQ-0104,2023-11-04,0
EQ-0317,2023-11-04,0
EQ-0037,2023-11-05,0
EQ-0438,2023-11-05,0
EQ-0276,2023-11-05,0
EQ-0244,2023-11-05,0
EQ-0362,2023-11-05,0
EQ-0102,2023-11-05,0
EQ-0278,2023-11-05,0
EQ-0159,2023-11-05,0
EQ-0395,2023-11-05,0
EQ-0342,2023-11-05,0
EQ-0164,2023-11-05,0
EQ-0225,2023-11-05,0
EQ-0088,2023-11-05,0
EQ-0200,2023-11-05,0
EQ-0370,2023-11-05,1
EQ-0357,2023-11-05,0
EQ-0210,2023-11-05,0
EQ-0006,2023-11-05,1
EQ-0297,2023-11-05,0
EQ-0141,2023-11-05,0
EQ-0205,2023-11-05,0
EQ-0277,2023-11-05,0
EQ-0371,2023-11-06,1
EQ-0432,2023-11-06,0
EQ-0012,2023-11-06,0
EQ-0226,2023-11-06,0
EQ-0332,2023-11-06,0
EQ-0072,2023-11-06,0
EQ-0257,2023-11-06,0
EQ-0400,2023-11-06,0
EQ-0149,2023-11-06,0
EQ-0347,2023-11-06,0
EQ-0394,2023-11-06,0
EQ-0193,2023-11-06,0
EQ-0390,2023-11-06,0
EQ-0038,2023-11-06,0
EQ-0365,2023-11-06,0
EQ-0262,2023-11-06,0
EQ-0437,2023-11-06,1
EQ-0246,2023-11-06,0
EQ-0051,2023-11-07,0
EQ-0177,2023-11-07,0
EQ-0292,2023-11-07,0
EQ-0207,2023-11-07,0
EQ-0247,2023-11-07,0
EQ-0066,2023-11-07,0
EQ-0027,2023-11-07,0
EQ-0047,2023-11-07,0
EQ-0052,2023-11-07,0
EQ-0249,2023-11-07,0
EQ-0401,2023-11-07,0
EQ-0008,2023-11-07,0
EQ-0307,2023-11-07,0
EQ-0129,2023-11-07,0
EQ-0259,2023-11-08,0
EQ-0228,2023-11-08,0
EQ-0158,2023-11-08,0
EQ-0090,2023-11-08,0
EQ-0176,2023-11-08,0
EQ-0028,2023-11-08,0
EQ-0341,2023-11-08,0
EQ-0186,2023-11-08,0
EQ-0067,2023-11-08,0
EQ-0234,2023-11-08,0
EQ-0164,2023-11-08,0
EQ-0049,2023-11-08,0
EQ-0016,2023-11-08,0
EQ-0139,2023-11-08,0
EQ-0266,2023-11-08,0
EQ-0157,2023-11-08,0
EQ-0121,2023-11-08,1
EQ-0280,2023-11-08,0
EQ-0144,2023-11-08,0
EQ-0215,2023-11-08,0
EQ-0064,2023-11-08,0
EQ-0430,2023-11-09,0
EQ-0136,2023-11-09,0
EQ-0077,2023-11-09,0
EQ-0013,2023-11-09,0
EQ-0057,2023-11-09,0
EQ-0333,2023-11-09,0
EQ-0064,2023-11-09,0
EQ-0272,2023-11-09,0
EQ-0127,2023-11-09,0
EQ-0078,2023-11-09,0
EQ-0308,2023-11-09,0
EQ-0394,2023-11-09,0
EQ-0227,2023-11-09,0
EQ-0273,2023-11-09,0
EQ-0187,2023-11-09,0
EQ-0112,2023-11-09,0
EQ-0120,2023-11-09,0
EQ-0377,2023-11-09,0
EQ-0005,2023-11-09,0
EQ-0095,2023-11-09,0
EQ-0154,2023-11-09,0
EQ-0046,2023-11-09,0
EQ-0167,2023-11-09,0
EQ-0124,2023-11-10,0
EQ-0172,2023-11-10,0
EQ-0418,2023-11-10,0
EQ-0065,2023-11-10,0
EQ-0309,2023-11-10,0
EQ-0382,2023-11-10,0
EQ-0030,2023-11-10,0
EQ-0386,2023-11-10,0
EQ-0388,2023-11-10,0
EQ-0069,2023-11-10,0
EQ-0221,2023-11-10,0
EQ-0254,2023-11-10,0
EQ-0191,2023-11-10,0
EQ-0434,2023-11-10,0
EQ-0181,2023-11-10,0
EQ-0134,2023-11-11,0
EQ-0427,2023-11-11,1
EQ-0352,2023-11-11,0
EQ-0245,2023-11-11,0
EQ-0414,2023-11-11,0
EQ-0080,2023-11-11,0
EQ-0172,2023-11-11,0
EQ-0123,2023-11-11,0
EQ-0208,2023-11-11,0
EQ-0359,2023-11-11,0
EQ-0148,2023-11-11,0
EQ-0281,2023-11-11,0
EQ-0328,2023-11-11,0
EQ-0321,2023-11-11,0
EQ-0059,2023-11-11,0
EQ-0286,2023-11-11,0
EQ-0373,2023-11-11,0
EQ-0302,2023-11-11,0
EQ-0161,2023-11-11,0
EQ-0178,2023-11-11,0
EQ-0133,2023-11-12,0
EQ-0079,2023-11-12,0
EQ-0274,2023-11-12,0
EQ-0022,2023-11-12,0
EQ-0391,2023-11-12,0
EQ-0058,2023-11-12,0
EQ-0063,2023-11-12,0
EQ-0109,2023-11-12,0
EQ-0003,2023-11-12,0
EQ-0237,2023-11-12,0
EQ-0219,2023-11-12,0
EQ-0256,2023-11-12,0
EQ-0306,2023-11-12,0
EQ-0162,2023-11-13,0
EQ-0231,2023-11-13,0
EQ-0098,2023-11-13,0
EQ-0326,2023-11-13,0
EQ-0014,2023-11-13,0
EQ-0211,2023-11-13,1
EQ-0003,2023-11-13,0
EQ-0429,2023-11-13,0
EQ-0261,2023-11-13,0
EQ-0240,2023-11-13,0
EQ-0197,2023-11-13,0
EQ-0374,2023-11-13,1
EQ-0053,2023-11-13,0
EQ-0285,2023-11-13,0
EQ-0093,2023-11-13,0
EQ-0010,2023-11-13,0
EQ-0375,2023-11-13,0
EQ-0284,2023-11-13,0
EQ-0360,2023-11-13,0
EQ-0239,2023-11-13,0
EQ-0185,2023-11-14,0
EQ-0278,2023-11-14,0
EQ-0152,2023-11-14,0
EQ-0343,2023-11-14,0
EQ-0114,2023-11-14,0
EQ-0433,2023-11-14,0
EQ-0431,2023-11-14,0
EQ-0106,2023-11-14,0
EQ-0131,2023-11-14,0
EQ-0397,2023-11-14,1
EQ-0012,2023-11-14,0
EQ-0063,2023-11-14,0
EQ-0236,2023-11-14,0
EQ-0338,2023-11-14,0
EQ-0189,2023-11-14,0
EQ-0269,2023-11-14,0
EQ-0350,2023-11-14,0
EQ-0364,2023-11-14,0
EQ-0428,2023-11-15,0
EQ-0349,2023-11-15,0
EQ-0348,2023-11-15,0
EQ-0013,2023-11-15,0
EQ-0048,2023-11-15,0
EQ-0151,2023-11-15,1
EQ-0071,2023-11-15,0
EQ-0135,2023-11-15,0
EQ-0007,2023-11-15,0
EQ-0331,2023-11-15,0
EQ-0023,2023-11-15,0
EQ-0038,2023-11-15,0
EQ-0034,2023-11-15,0
EQ-0354,2023-11-15,0
EQ-0402,2023-11-15,0
EQ-0170,2023-11-15,0
EQ-0047,2023-11-15,0
EQ-0403,2023-11-16,0
EQ-0421,2023-11-16,1
EQ-0422,2023-11-16,0
EQ-0198,2023-11-16,1
EQ-0122,2023-11-16,0
EQ-0287,2023-11-16,0
EQ-0056,2023-11-16,0
EQ-0304,2023-11-16,0
EQ-0092,2023-11-16,1
EQ-0366,2023-11-16,0
EQ-0417,2023-11-16,0
EQ-0271,2023-11-16,0
EQ-0067,2023-11-16,0
EQ-0426,2023-11-16,0
EQ-0125,2023-11-17,0
EQ-0439,2023-11-17,1
EQ-0065,2023-11-17,0
EQ-0344,2023-11-17,0
EQ-0320,2023-11-17,0
EQ-0289,2023-11-17,0
EQ-0160,2023-11-17,0
EQ-0073,2023-11-17,0
EQ-0128,2023-11-17,0
EQ-0262,2023-11-17,0
EQ-0260,2023-11-17,0
EQ-0166,2023-11-17,0
EQ-0118,2023-11-17,0
EQ-0337,2023-11-18,0
EQ-0353,2023-11-18,0
EQ-0128,2023-11-18,0
EQ-0203,2023-11-18,0
EQ-0298,2023-11-18,0
EQ-0366,2023-11-18,0
EQ-0380,2023-11-18,0
EQ-0116,2023-11-18,0
EQ-0316,2023-11-18,1
EQ-0111,2023-11-18,0
EQ-0283,2023-11-18,0
EQ-0049,2023-11-18,0
EQ-0415,2023-11-18,0
EQ-0086,2023-11-18,0
EQ-0412,2023-11-18,0
EQ-0168,2023-11-18,0
EQ-0052,2023-11-18,0
EQ-0156,2023-11-18,0
EQ-0165,2023-11-19,0
EQ-0096,2023-11-19,0
EQ-0384,2023-11-19,0
EQ-0317,2023-11-19,0
EQ-0060,2023-11-19,0
EQ-0236,2023-11-19,0
EQ-0023,2023-11-19,0
EQ-0213,2023-11-19,0
EQ-0339,2023-11-19,0
EQ-0068,2023-11-19,0
EQ-0234,2023-11-19,0
EQ-0091,2023-11-19,0
EQ-0310,2023-11-19,0
EQ-0039,2023-11-19,0
EQ-0279,2023-11-19,0
EQ-0294,2023-11-19,1
EQ-0048,2023-11-19,0
EQ-0126,2023-11-19,0
EQ-0209,2023-11-19,0
EQ-0046,2023-11-19,0
EQ-0188,2023-11-19,1
EQ-0163,2023-11-19,0
EQ-0371,2023-11-20,1
EQ-0363,2023-11-20,0
EQ-0268,2023-11-20,0
EQ-0074,2023-11-20,0
EQ-0143,2023-11-20,0
EQ-0319,2023-11-20,0
EQ-0146,2023-11-20,0
EQ-0088,2023-11-20,0
EQ-0043,2023-11-20,0
EQ-0144,2023-11-20,0
EQ-0369,2023-11-20,0
EQ-0323,2023-11-20,0
EQ-0374,2023-11-20,1
EQ-0336,2023-11-20,0
EQ-0258,2023-11-20,0
EQ-0044,2023-11-21,0
EQ-0103,2023-11-21,0
EQ-0075,2023-11-21,0
EQ-0389,2023-11-21,0
EQ-0156,2023-11-21,0
EQ-0041,2023-11-21,0
EQ-0159,2023-11-21,0
EQ-0110,2023-11-21,0
EQ-0316,2023-11-21,1
EQ-0105,2023-11-21,0
EQ-0432,2023-11-21,0
EQ-0202,2023-11-21,0
EQ-0235,2023-11-22,0
EQ-0142,2023-11-22,0
EQ-0005,2023-11-22,0
EQ-0373,2023-11-22,0
EQ-0325,2023-11-22,0
EQ-0305,2023-11-22,0
EQ-0395,2023-11-22,0
EQ-0253,2023-11-22,0
EQ-0303,2023-11-22,0
EQ-0178,2023-11-22,0
EQ-0416,2023-11-22,0
EQ-0324,2023-11-22,0
EQ-0212,2023-11-22,0
EQ-0382,2023-11-22,0
EQ-0054,2023-11-22,0
EQ-0378,2023-11-22,0
EQ-0001,2023-11-22,0
EQ-0180,2023-11-22,0
EQ-0244,2023-11-22,0
EQ-0393,2023-11-22,1
EQ-0229,2023-11-23,0
EQ-0061,2023-11-23,0
EQ-0182,2023-11-23,0
EQ-0436,2023-11-23,0
EQ-0056,2023-11-23,0
EQ-0151,2023-11-23,1
EQ-0201,2023-11-23,0
EQ-0329,2023-11-23,0
EQ-0171,2023-11-23,0
EQ-0148,2023-11-23,0
EQ-0004,2023-11-23,0
EQ-0265,2023-11-23,0
EQ-0147,2023-11-23,0
EQ-0383,2023-11-23,0
EQ-0218,2023-11-23,0
EQ-0312,2023-11-23,0
EQ-0195,2023-11-23,0
EQ-0230,2023-11-23,0
EQ-0377,2023-11-23,0
EQ-0169,2023-11-23,0
EQ-0300,2023-11-23,0
EQ-0257,2023-11-23,0
EQ-0001,2023-11-23,0
EQ-0045,2023-11-23,0
EQ-0040,2023-11-23,0
EQ-0152,2023-11-24,0
EQ-0223,2023-11-24,0
EQ-0424,2023-11-24,0
EQ-0410,2023-11-24,0
EQ-0040,2023-11-24,0
EQ-0025,2023-11-24,0
EQ-0204,2023-11-24,0
EQ-0407,2023-11-24,0
EQ-0062,2023-11-24,0
EQ-0248,2023-11-24,0
EQ-0158,2023-11-24,0
EQ-0019,2023-11-24,0
EQ-0216,2023-11-24,0
EQ-0296,2023-11-24,0
EQ-0372,2023-11-24,0
EQ-0177,2023-11-24,0
EQ-0119,2023-11-24,0
EQ-0334,2023-11-24,0
EQ-0279,2023-11-24,0
EQ-0263,2023-11-24,0
EQ-0155,2023-11-24,0
EQ-0280,2023-11-24,0
EQ-0036,2023-11-25,0
EQ-0162,2023-11-25,0
EQ-0322,2023-11-25,0
EQ-0261,2023-11-25,0
EQ-0094,2023-11-25,0
EQ-0376,2023-11-25,0
EQ-0042,2023-11-25,0
EQ-0153,2023-11-25,0
EQ-0388,2023-11-25,0
EQ-0032,2023-11-25,0
EQ-0425,2023-11-25,0
EQ-0267,2023-11-25,0
EQ-0138,2023-11-25,0
EQ-0192,2023-11-26,0
EQ-0039,2023-11-26,0
EQ-0224,2023-11-26,0
EQ-0183,2023-11-26,0
EQ-0268,2023-11-26,0
EQ-0356,2023-11-26,0
EQ-0433,2023-11-26,0
EQ-0055,2023-11-26,0
EQ-0083,2023-11-26,0
EQ-0232,2023-11-26,1
EQ-0031,2023-11-26,0
EQ-0243,2023-11-26,0
EQ-0295,2023-11-27,1
EQ-0021,2023-11-27,1
EQ-0369,2023-11-27,0
EQ-0419,2023-11-27,0
EQ-0020,2023-11-27,0
EQ-0250,2023-11-27,0
EQ-0087,2023-11-27,0
EQ-0206,2023-11-27,0
EQ-0406,2023-11-27,0
EQ-0233,2023-11-27,0
EQ-0060,2023-11-27,0
EQ-0351,2023-11-27,1
EQ-0270,2023-11-27,0
EQ-0365,2023-11-27,0
EQ-0113,2023-11-27,0
EQ-0155,2023-11-27,0
EQ-0318,2023-11-27,1
EQ-0009,2023-11-27,0
EQ-0413,2023-11-27,0
EQ-0173,2023-11-28,0
EQ-0282,2023-11-28,0
EQ-0179,2023-11-28,0
EQ-0214,2023-11-28,0
EQ-0274,2023-11-28,0
EQ-0392,2023-11-28,0
EQ-0217,2023-11-28,1
EQ-0313,2023-11-28,0
EQ-0361,2023-11-28,0
EQ-0166,2023-11-28,0
EQ-0393,2023-11-28,1
EQ-0024,2023-11-28,0
EQ-0033,2023-11-28,0
EQ-0011,2023-11-28,0
EQ-0165,2023-11-28,0
EQ-0391,2023-11-28,0
EQ-0251,2023-11-28,0
EQ-0408,2023-11-28,0
EQ-0181,2023-11-28,0
EQ-0015,2023-11-29,0
EQ-0002,2023-11-29,0
EQ-0398,2023-11-29,0
EQ-0252,2023-11-29,0
EQ-0045,2023-11-29,0
EQ-0420,2023-11-29,0
EQ-0145,2023-11-29,0
EQ-0358,2023-11-29,0
EQ-0337,2023-11-29,0
EQ-0066,2023-11-29,0
EQ-0153,2023-11-29,0
EQ-0150,2023-11-29,0
EQ-0345,2023-11-29,0
EQ-0314,2023-11-29,0
EQ-0291,2023-11-29,0
EQ-0327,2023-11-29,0
EQ-0016,2023-11-29,0
EQ-0081,2023-11-29,0
EQ-0014,2023-11-29,0
EQ-0134,2023-11-29,0
EQ-0107,2023-11-29,0
EQ-0405,2023-11-30,0
EQ-0379,2023-11-30,0
EQ-0252,2023-11-30,0
EQ-0199,2023-11-30,0
EQ-0396,2023-11-30,0
EQ-0367,2023-11-30,1
EQ-0130,2023-11-30,0
EQ-0238,2023-11-30,0
EQ-0022,2023-11-30,0
EQ-0265,2023-11-30,0
EQ-0331,2023-11-30,0
EQ-0018,2023-11-30,0
EQ-0117,2023-11-30,0
EQ-0082,2023-11-30,1
EQ-0173,2023-11-30,0
EQ-0392,2023-11-30,0
EQ-0437,2023-11-30,1
EQ-0259,2023-11-30,0
EQ-0089,2023-11-30,0
EQ-0051,2023-11-30,0
EQ-0100,2023-11-30,0
EQ-0011,2023-11-30,0
EQ-0434,2023-11-30,0
EQ-0033,2023-11-30,0
EQ-0388,2023-12-01,0
EQ-0313,2023-12-01,0
EQ-0344,2023-12-01,0
EQ-0240,2023-12-01,0
EQ-0389,2023-12-01,0
EQ-0281,2023-12-01,1
EQ-0016,2023-12-01,0
EQ-0290,2023-12-01,0
EQ-0017,2023-12-01,0
EQ-0193,2023-12-01,0
EQ-0062,2023-12-01,0
EQ-0317,2023-12-01,0
EQ-0372,2023-12-01,1
EQ-0181,2023-12-01,0
EQ-0128,2023-12-02,0
EQ-0064,2023-12-02,0
EQ-0343,2023-12-02,0
EQ-0097,2023-12-02,0
EQ-0109,2023-12-02,0
EQ-0115,2023-12-02,0
EQ-0107,2023-12-02,0
EQ-0355,2023-12-02,0
EQ-0394,2023-12-02,0
EQ-0012,2023-12-02,0
EQ-0023,2023-12-02,0
EQ-0120,2023-12-02,0
EQ-0168,2023-12-02,0
EQ-0405,2023-12-02,0
EQ-0134,2023-12-02,0
EQ-0256,2023-12-02,0
EQ-0043,2023-12-02,0
EQ-0409,2023-12-02,0
EQ-0065,2023-12-02,0
EQ-0378,2023-12-02,0
EQ-0382,2023-12-02,0
EQ-0212,2023-12-02,0
EQ-0025,2023-12-02,0
EQ-0093,2023-12-02,0
EQ-0173,2023-12-02,0
EQ-0299,2023-12-03,0
EQ-0173,2023-12-03,0
EQ-0013,2023-12-03,0
EQ-0377,2023-12-03,0
EQ-0278,2023-12-03,0
EQ-0093,2023-12-03,0
EQ-0415,2023-12-03,0
EQ-0008,2023-12-03,0
EQ-0042,2023-12-03,0
EQ-0132,2023-12-03,1
EQ-0204,2023-12-03,0
EQ-0152,2023-12-03,0
EQ-0431,2023-12-03,0
EQ-0055,2023-12-03,0
EQ-0179,2023-12-03,0
EQ-0185,2023-12-03,0
EQ-0002,2023-12-03,0
EQ-0379,2023-12-03,0
EQ-0256,2023-12-03,0
EQ-0250,2023-12-04,0
EQ-0265,2023-12-04,0
EQ-0246,2023-12-04,0
EQ-0001,2023-12-04,0
EQ-0437,2023-12-04,1
EQ-0145,2023-12-04,0
EQ-0083,2023-12-04,0
EQ-0169,2023-12-04,0
EQ-0156,2023-12-04,0
EQ-0419,2023-12-04,0
EQ-0028,2023-12-04,0
EQ-0432,2023-12-04,0
EQ-0038,2023-12-04,0
EQ-0379,2023-12-04,0
EQ-0222,2023-12-05,0
EQ-0052,2023-12-05,0
EQ-0201,2023-12-05,0
EQ-0021,2023-12-05,1
EQ-0057,2023-12-05,0
EQ-0148,2023-12-05,0
EQ-0135,2023-12-05,0
EQ-0164,2023-12-05,0
EQ-0267,2023-12-05,0
EQ-0282,2023-12-05,0
EQ-0174,2023-12-05,0
EQ-0241,2023-12-05,0
EQ-0153,2023-12-05,0
EQ-0206,2023-12-05,0
EQ-0090,2023-12-06,0
EQ-0261,2023-12-06,0
EQ-0039,2023-12-06,0
EQ-0011,2023-12-06,0
EQ-0281,2023-12-06,1
EQ-0251,2023-12-06,0
EQ-0118,2023-12-06,0
EQ-0232,2023-12-06,1
EQ-0065,2023-12-06,0
EQ-0389,2023-12-06,0
EQ-0287,2023-12-06,0
EQ-0296,2023-12-06,0
EQ-0010,2023-12-06,0
EQ-0430,2023-12-07,0
EQ-0438,2023-12-07,0
EQ-0318,2023-12-07,1
EQ-0247,2023-12-07,0
EQ-0354,2023-12-07,0
EQ-0387,2023-12-07,0
EQ-0114,2023-12-07,0
EQ-0136,2023-12-07,0
EQ-0367,2023-12-07,1
EQ-0172,2023-12-07,0
EQ-0113,2023-12-07,0
EQ-0126,2023-12-07,0
EQ-0024,2023-12-07,0
EQ-0283,2023-12-07,0
EQ-0364,2023-12-07,0
EQ-0397,2023-12-07,1
EQ-0076,2023-12-07,0
EQ-0140,2023-12-07,0
EQ-0066,2023-12-08,0
EQ-0141,2023-12-08,0
EQ-0176,2023-12-08,0
EQ-0349,2023-12-08,0
EQ-0037,2023-12-08,0
EQ-0134,2023-12-08,0
EQ-0331,2023-12-08,0
EQ-0322,2023-12-08,0
EQ-0028,2023-12-08,0
EQ-0381,2023-12-08,0
EQ-0042,2023-12-08,0
EQ-0127,2023-12-08,0
EQ-0150,2023-12-08,0
EQ-0408,2023-12-08,0
EQ-0421,2023-12-09,1
EQ-0070,2023-12-09,0
EQ-0431,2023-12-09,0
EQ-0259,2023-12-09,0
EQ-0220,2023-12-09,0
EQ-0280,2023-12-09,0
EQ-0347,2023-12-09,0
EQ-0027,2023-12-09,0
EQ-0162,2023-12-09,0
EQ-0202,2023-12-09,0
EQ-0033,2023-12-09,0
EQ-0160,2023-12-09,0
EQ-0036,2023-12-09,0
EQ-0041,2023-12-09,0
EQ-0386,2023-12-09,0
EQ-0374,2023-12-09,1
EQ-0177,2023-12-10,0
EQ-0382,2023-12-10,0
EQ-0271,2023-12-10,0
EQ-0117,2023-12-10,1
EQ-0366,2023-12-10,0
EQ-0082,2023-12-10,1
EQ-0147,2023-12-10,0
EQ-0045,2023-12-10,0
EQ-0292,2023-12-10,0
EQ-0280,2023-12-11,0
EQ-0339,2023-12-11,0
EQ-0284,2023-12-11,0
EQ-0111,2023-12-11,0
EQ-0369,2023-12-11,0
EQ-0380,2023-12-11,0
EQ-0213,2023-12-11,0
EQ-0022,2023-12-11,0
EQ-0201,2023-12-11,0
EQ-0245,2023-12-11,0
EQ-0006,2023-12-11,1
EQ-0049,2023-12-11,0
EQ-0144,2023-12-11,0
EQ-0311,2023-12-11,0
EQ-0413,2023-12-11,0
EQ-0171,2023-12-11,0
EQ-0401,2023-12-11,0
EQ-0138,2023-12-11,0
EQ-0244,2023-12-11,0
EQ-0286,2023-12-11,0
EQ-0040,2023-12-11,0
EQ-0055,2023-12-12,0
EQ-0298,2023-12-12,0
EQ-0365,2023-12-12,0
EQ-0338,2023-12-12,0
EQ-0177,2023-12-12,0
EQ-0105,2023-12-12,0
EQ-0427,2023-12-12,1
EQ-0004,2023-12-12,0
EQ-0435,2023-12-12,0
EQ-0186,2023-12-12,0
EQ-0126,2023-12-12,0
EQ-0302,2023-12-12,0
EQ-0437,2023-12-12,0
EQ-0310,2023-12-12,0
EQ-0181,2023-12-12,0
EQ-0268,2023-12-12,0
EQ-0356,2023-12-12,0
EQ-0285,2023-12-12,0
EQ-0252,2023-12-12,0
EQ-0326,2023-12-12,0
EQ-0406,2023-12-12,0
EQ-0289,2023-12-12,0
EQ-0015,2023-12-12,0
EQ-0404,2023-12-13,0
EQ-0275,2023-12-13,0
EQ-0239,2023-12-13,0
EQ-0334,2023-12-13,0
EQ-0019,2023-12-13,0
EQ-0003,2023-12-13,0
EQ-0357,2023-12-13,0
EQ-0260,2023-12-13,0
EQ-0261,2023-12-13,0
EQ-0229,2023-12-13,0
EQ-0316,2023-12-13,1
EQ-0417,2023-12-13,0
EQ-0288,2023-12-13,0
EQ-0128,2023-12-13,0
EQ-0061,2023-12-13,0
EQ-0210,2023-12-13,0
EQ-0361,2023-12-14,0
EQ-0133,2023-12-14,0
EQ-0199,2023-12-14,0
EQ-0163,2023-12-14,0
EQ-0272,2023-12-14,0
EQ-0203,2023-12-14,0
EQ-0053,2023-12-14,0
EQ-0031,2023-12-14,0
EQ-0162,2023-12-14,0
EQ-0198,2023-12-14,1
EQ-0324,2023-12-14,0
EQ-0047,2023-12-14,0
EQ-0306,2023-12-14,0
EQ-0303,2023-12-14,0
EQ-0049,2023-12-14,0
EQ-0377,2023-12-14,0
EQ-0178,2023-12-14,0
EQ-0385,2023-12-14,0
EQ-0190,2023-12-14,0
EQ-0268,2023-12-14,0
EQ-0056,2023-12-14,0
EQ-0426,2023-12-14,0
EQ-0398,2023-12-14,0
EQ-0257,2023-12-15,0
EQ-0046,2023-12-15,0
EQ-0032,2023-12-15,0
EQ-0224,2023-12-15,0
EQ-0170,2023-12-15,0
EQ-0039,2023-12-15,0
EQ-0101,2023-12-15,0
EQ-0051,2023-12-15,0
EQ-0069,2023-12-15,0
EQ-0062,2023-12-15,0
EQ-0175,2023-12-15,0
EQ-0424,2023-12-15,0
EQ-0429,2023-12-15,0
EQ-0307,2023-12-15,0
EQ-0340,2023-12-15,0
EQ-0433,2023-12-15,0
EQ-0088,2023-12-15,0
EQ-0351,2023-12-15,1
EQ-0407,2023-12-15,0
EQ-0378,2023-12-15,0
EQ-0383,2023-12-15,0
EQ-0423,2023-12-15,0
EQ-0392,2023-12-15,0
EQ-0236,2023-12-15,0
EQ-0384,2023-12-15,0
EQ-0075,2023-12-15,0
EQ-0265,2023-12-15,0
EQ-0323,2023-12-16,0
EQ-0014,2023-12-16,0
EQ-0418,2023-12-16,0
EQ-0175,2023-12-16,0
EQ-0391,2023-12-16,0
EQ-0027,2023-12-16,0
EQ-0214,2023-12-16,0
EQ-0392,2023-12-16,0
EQ-0434,2023-12-16,0
EQ-0036,2023-12-16,0
EQ-0046,2023-12-16,0
EQ-0422,2023-12-16,0
EQ-0362,2023-12-16,0
EQ-0309,2023-12-16,0
EQ-0395,2023-12-17,0
EQ-0363,2023-12-17,0
EQ-0029,2023-12-17,0
EQ-0391,2023-12-17,0
EQ-0166,2023-12-17,0
EQ-0139,2023-12-17,0
EQ-0358,2023-12-17,1
EQ-0371,2023-12-17,1
EQ-0300,2023-12-17,0
EQ-0092,2023-12-17,0
EQ-0278,2023-12-17,0
EQ-0151,2023-12-17,0
EQ-0432,2023-12-17,0
EQ-0078,2023-12-17,0
EQ-0144,2023-12-17,0
EQ-0124,2023-12-17,0
EQ-0434,2023-12-17,0
EQ-0234,2023-12-17,0
EQ-0436,2023-12-17,0
EQ-0376,2023-12-17,0
EQ-0053,2023-12-17,0
EQ-0214,2023-12-18,0
EQ-0194,2023-12-18,0
EQ-0314,2023-12-18,0
EQ-0315,2023-12-18,0
EQ-0237,2023-12-18,0
EQ-0054,2023-12-18,0
EQ-0320,2023-12-18,0
EQ-0249,2023-12-18,0
EQ-0252,2023-12-18,0
EQ-0203,2023-12-18,0
EQ-0416,2023-12-18,0
EQ-0200,2023-12-18,0
EQ-0095,2023-12-18,0
EQ-0197,2023-12-18,0
EQ-0154,2023-12-18,0
EQ-0079,2023-12-18,0
EQ-0262,2023-12-18,0
EQ-0270,2023-12-18,0
EQ-0226,2023-12-18,0
EQ-0103,2023-12-19,0
EQ-0149,2023-12-19,0
EQ-0319,2023-12-19,0
EQ-0031,2023-12-19,0
EQ-0087,2023-12-19,0
EQ-0331,2023-12-19,0
EQ-0228,2023-12-19,0
EQ-0155,2023-12-19,0
EQ-0263,2023-12-19,0
EQ-0050,2023-12-19,0
EQ-0009,2023-12-19,0
EQ-0125,2023-12-19,0
EQ-0411,2023-12-20,0
EQ-0279,2023-12-20,0
EQ-0254,2023-12-20,1
EQ-0164,2023-12-20,0
EQ-0165,2023-12-20,0
EQ-0321,2023-12-20,0
EQ-0295,2023-12-20,1
EQ-0374,2023-12-20,1
EQ-0099,2023-12-20,0
EQ-0146,2023-12-20,0
EQ-0316,2023-12-20,1
EQ-0116,2023-12-20,0
EQ-0395,2023-12-20,0
EQ-0172,2023-12-20,0
EQ-0166,2023-12-20,0
EQ-0305,2023-12-20,0
EQ-0159,2023-12-20,0
EQ-0337,2023-12-20,0
EQ-0015,2023-12-20,0
EQ-0178,2023-12-20,0
EQ-0207,2023-12-21,0
EQ-0259,2023-12-21,0
EQ-0174,2023-12-21,0
EQ-0308,2023-12-21,0
EQ-0073,2023-12-21,0
EQ-0400,2023-12-21,0
EQ-0191,2023-12-21,0
EQ-0050,2023-12-21,0
EQ-0060,2023-12-21,0
EQ-0001,2023-12-21,0
EQ-0143,2023-12-21,0
EQ-0263,2023-12-21,0
EQ-0244,2023-12-21,0
EQ-0380,2023-12-21,0
EQ-0131,2023-12-21,0
EQ-0330,2023-12-21,0
EQ-0345,2023-12-21,0
EQ-0402,2023-12-21,0
EQ-0009,2023-12-21,0
EQ-0007,2023-12-21,0
EQ-0191,2023-12-22,0
EQ-0301,2023-12-22,1
EQ-0067,2023-12-22,0
EQ-0069,2023-12-22,0
EQ-0182,2023-12-22,0
EQ-0018,2023-12-22,0
EQ-0353,2023-12-22,0
EQ-0104,2023-12-22,0
EQ-0196,2023-12-22,0
EQ-0064,2023-12-22,0
EQ-0235,2023-12-22,0
EQ-0262,2023-12-22,0
EQ-0096,2023-12-22,0
EQ-0304,2023-12-22,0
EQ-0274,2023-12-22,0
EQ-0273,2023-12-22,0
EQ-0003,2023-12-22,0
EQ-0033,2023-12-23,0
EQ-0044,2023-12-23,0
EQ-0013,2023-12-23,0
EQ-0236,2023-12-23,0
EQ-0047,2023-12-23,0
EQ-0317,2023-12-23,0
EQ-0091,2023-12-23,0
EQ-0106,2023-12-23,0
EQ-0066,2023-12-23,0
EQ-0328,2023-12-23,0
EQ-0211,2023-12-23,1
EQ-0209,2023-12-23,0
EQ-0327,2023-12-23,0
EQ-0165,2023-12-23,0
EQ-0110,2023-12-23,0
EQ-0373,2023-12-23,1
EQ-0121,2023-12-24,1
EQ-0387,2023-12-24,0
EQ-0152,2023-12-24,0
EQ-0058,2023-12-24,0
EQ-0381,2023-12-24,0
EQ-0112,2023-12-24,0
EQ-0205,2023-12-24,0
EQ-0154,2023-12-24,0
EQ-0188,2023-12-24,1
EQ-0123,2023-12-24,0
EQ-0254,2023-12-25,1
EQ-0257,2023-12-25,0
EQ-0183,2023-12-25,0
EQ-0189,2023-12-25,1
EQ-0184,2023-12-25,0
EQ-0230,2023-12-25,0
EQ-0100,2023-12-25,0
EQ-0243,2023-12-25,0
EQ-0068,2023-12-25,0
EQ-0428,2023-12-25,0
EQ-0390,2023-12-25,0
EQ-0077,2023-12-25,0
EQ-0227,2023-12-25,0
EQ-0089,2023-12-25,0
EQ-0044,2023-12-25,0
EQ-0216,2023-12-25,0
EQ-0371,2023-12-25,1
EQ-0333,2023-12-25,0
EQ-0005,2023-12-25,0
EQ-0016,2023-12-25,0
EQ-0119,2023-12-25,0
EQ-0341,2023-12-26,0
EQ-0218,2023-12-26,0
EQ-0010,2023-12-26,0
EQ-0414,2023-12-26,0
EQ-0337,2023-12-26,0
EQ-0007,2023-12-26,0
EQ-0153,2023-12-26,1
EQ-0094,2023-12-26,0
EQ-0108,2023-12-26,0
EQ-0080,2023-12-26,0
EQ-0159,2023-12-26,0
EQ-0366,2023-12-26,0
EQ-0056,2023-12-26,0
EQ-0297,2023-12-26,0
EQ-0151,2023-12-26,0
EQ-0433,2023-12-26,0
EQ-0040,2023-12-26,0
EQ-0035,2023-12-26,0
EQ-0266,2023-12-26,0
EQ-0267,2023-12-26,0
EQ-0102,2023-12-26,0
EQ-0302,2023-12-26,0
EQ-0332,2023-12-26,0
EQ-0011,2023-12-26,0
EQ-0412,2023-12-26,0
EQ-0264,2023-12-26,0
EQ-0051,2023-12-26,0
EQ-0402,2023-12-26,0
EQ-0195,2023-12-27,0
EQ-0098,2023-12-27,0
EQ-0137,2023-12-27,0
EQ-0394,2023-12-27,0
EQ-0045,2023-12-27,0
EQ-0273,2023-12-27,0
EQ-0161,2023-12-27,0
EQ-0081,2023-12-27,0
EQ-0342,2023-12-27,0
EQ-0122,2023-12-27,0
EQ-0012,2023-12-27,0
EQ-0052,2023-12-27,0
EQ-0150,2023-12-28,0
EQ-0248,2023-12-28,0
EQ-0048,2023-12-28,0
EQ-0084,2023-12-28,0
EQ-0063,2023-12-28,0
EQ-0258,2023-12-28,0
EQ-0393,2023-12-28,1
EQ-0253,2023-12-28,0
EQ-0110,2023-12-28,0
EQ-0072,2023-12-28,0
EQ-0348,2023-12-28,0
EQ-0026,2023-12-28,0
EQ-0425,2023-12-28,0
EQ-0156,2023-12-28,0
EQ-0399,2023-12-28,0
EQ-0221,2023-12-28,0
EQ-0266,2023-12-28,0
EQ-0291,2023-12-28,0
EQ-0023,2023-12-28,0
EQ-0085,2023-12-28,0
EQ-0365,2023-12-28,0
EQ-0030,2023-12-28,0
EQ-0294,2023-12-28,1
EQ-0293,2023-12-28,0
EQ-0368,2023-12-28,0
EQ-0346,2023-12-28,0
EQ-0148,2023-12-28,0
EQ-0158,2023-12-28,0
EQ-0227,2023-12-28,0
EQ-0043,2023-12-29,0
EQ-0163,2023-12-29,0
EQ-0274,2023-12-29,0
EQ-0129,2023-12-29,0
EQ-0276,2023-12-29,0
EQ-0180,2023-12-29,0
EQ-0269,2023-12-29,0
EQ-0179,2023-12-29,0
EQ-0410,2023-12-29,0
EQ-0367,2023-12-29,1
EQ-0157,2023-12-29,0
EQ-0005,2023-12-29,0
EQ-0217,2023-12-29,1
EQ-0233,2023-12-29,0
EQ-0063,2023-12-29,0
EQ-0037,2023-12-29,0
EQ-0048,2023-12-29,0
EQ-0059,2023-12-29,0
EQ-0352,2023-12-29,0
EQ-0020,2023-12-29,0
EQ-0219,2023-12-29,0
EQ-0225,2023-12-30,0
EQ-0223,2023-12-30,0
EQ-0416,2023-12-30,0
EQ-0420,2023-12-30,0
EQ-0088,2023-12-30,0
EQ-0336,2023-12-30,0
EQ-0393,2023-12-30,1
EQ-0008,2023-12-30,0
EQ-0208,2023-12-30,0
EQ-0074,2023-12-30,0
EQ-0388,2023-12-30,0
EQ-0038,2023-12-30,0
EQ-0234,2023-12-30,0
EQ-0020,2023-12-30,0
EQ-0187,2023-12-30,0
EQ-0167,2023-12-30,0
EQ-0157,2023-12-30,0
EQ-0142,2023-12-30,0
EQ-0158,2023-12-30,0
EQ-0086,2023-12-30,0
EQ-0390,2023-12-31,0
EQ-0002,2023-12-31,0
EQ-0279,2023-12-31,0
EQ-0061,2023-12-31,0
EQ-0242,2023-12-31,0
EQ-0192,2023-12-31,0
EQ-0360,2023-12-31,0
EQ-0060,2023-12-31,0
EQ-0359,2023-12-31,0
EQ-0312,2023-12-31,0
EQ-0231,2023-12-31,0
EQ-0396,2023-12-31,0
EQ-0335,2023-12-31,0
EQ-0125,2024-01-01,0
EQ-0128,2024-01-01,0
EQ-0424,2024-01-01,0
EQ-0144,2024-01-01,0
EQ-0015,2024-01-01,0
EQ-0265,2024-01-01,0
EQ-0191,2024-01-01,0
EQ-0224,2024-01-01,0
EQ-0229,2024-01-01,0
EQ-0273,2024-01-01,0
EQ-0181,2024-01-01,0
EQ-0314,2024-01-01,0
EQ-0025,2024-01-01,0
EQ-0008,2024-01-01,0
EQ-0262,2024-01-01,0
EQ-0059,2024-01-01,0
EQ-0020,2024-01-01,0
EQ-0406,2024-01-01,0
EQ-0164,2024-01-01,0
EQ-0351,2024-01-01,1
EQ-0291,2024-01-01,0
EQ-0055,2024-01-01,0
EQ-0244,2024-01-02,0
EQ-0029,2024-01-02,0
EQ-0126,2024-01-02,0
EQ-0317,2024-01-02,0
EQ-0036,2024-01-02,0
EQ-0247,2024-01-02,0
EQ-0007,2024-01-02,0
EQ-0078,2024-01-02,0
EQ-0003,2024-01-02,0
EQ-0422,2024-01-02,0
EQ-0124,2024-01-02,0
EQ-0197,2024-01-02,0
EQ-0088,2024-01-02,0
EQ-0177,2024-01-02,0
EQ-0429,2024-01-02,0
EQ-0210,2024-01-02,0
EQ-0254,2024-01-03,1
EQ-0425,2024-01-03,0
EQ-0263,2024-01-03,0
EQ-0009,2024-01-03,0
EQ-0328,2024-01-03,0
EQ-0432,2024-01-03,0
EQ-0430,2024-01-03,0
EQ-0360,2024-01-03,0
EQ-0408,2024-01-03,0
EQ-0361,2024-01-03,0
EQ-0039,2024-01-03,0
EQ-0012,2024-01-03,0
EQ-0165,2024-01-03,0
EQ-0054,2024-01-03,0
EQ-0088,2024-01-03,0
EQ-0073,2024-01-03,0
EQ-0259,2024-01-03,0
EQ-0414,2024-01-03,0
EQ-0433,2024-01-03,0
EQ-0280,2024-01-04,0
EQ-0049,2024-01-04,0
EQ-0175,2024-01-04,0
EQ-0028,2024-01-04,0
EQ-0160,2024-01-04,0
EQ-0181,2024-01-04,0
EQ-0108,2024-01-04,0
EQ-0163,2024-01-04,0
EQ-0144,2024-01-05,0
EQ-0180,2024-01-05,0
EQ-0403,2024-01-05,0
EQ-0191,2024-01-05,0
EQ-0276,2024-01-05,0
EQ-0407,2024-01-05,0
EQ-0057,2024-01-05,0
EQ-0113,2024-01-05,0
EQ-0222,2024-01-05,0
EQ-0033,2024-01-05,0
EQ-0259,2024-01-05,0
EQ-0068,2024-01-05,0
EQ-0072,2024-01-05,0
EQ-0156,2024-01-05,0
EQ-0267,2024-01-05,0
EQ-0271,2024-01-05,0
EQ-0084,2024-01-05,0
EQ-0354,2024-01-05,0
EQ-0388,2024-01-05,0
EQ-0048,2024-01-05,0
EQ-0064,2024-01-05,0
EQ-0093,2024-01-05,0
EQ-0107,2024-01-05,0
EQ-0401,2024-01-05,0
EQ-0169,2024-01-06,0
EQ-0378,2024-01-06,0
EQ-0149,2024-01-06,0
EQ-0217,2024-01-06,1
EQ-0040,2024-01-06,0
EQ-0337,2024-01-06,0
EQ-0365,2024-01-06,0
EQ-0319,2024-01-06,0
EQ-0331,2024-01-06,0
EQ-0028,2024-01-06,0
EQ-0293,2024-01-06,0
EQ-0116,2024-01-06,0
EQ-0276,2024-01-06,0
EQ-0152,2024-01-06,0
EQ-0316,2024-01-06,1
EQ-0358,2024-01-06,1
EQ-0416,2024-01-06,0
EQ-0085,2024-01-06,0
EQ-0174,2024-01-06,0
EQ-0155,2024-01-06,0
EQ-0410,2024-01-07,0
EQ-0326,2024-01-07,0
EQ-0278,2024-01-07,0
EQ-0237,2024-01-07,0
EQ-0137,2024-01-07,0
EQ-0193,2024-01-07,0
EQ-0046,2024-01-07,0
EQ-0208,2024-01-07,0
EQ-0037,2024-01-07,0
EQ-0231,2024-01-07,0
EQ-0431,2024-01-07,0
EQ-0002,2024-01-07,0
EQ-0432,2024-01-07,0
EQ-0390,2024-01-07,0
EQ-0220,2024-01-07,1
EQ-0399,2024-01-07,0
EQ-0017,2024-01-07,0
EQ-0253,2024-01-07,0
EQ-0093,2024-01-07,0
EQ-0127,2024-01-08,0
EQ-0435,2024-01-08,0
EQ-0381,2024-01-08,0
EQ-0227,2024-01-08,0
EQ-0281,2024-01-08,1
EQ-0061,2024-01-08,0
EQ-0260,2024-01-08,0
EQ-0352,2024-01-08,0
EQ-0207,2024-01-08,0
EQ-0058,2024-01-08,0
EQ-0298,2024-01-08,0
EQ-0013,2024-01-08,0
EQ-0086,2024-01-08,0
EQ-0110,2024-01-08,0
EQ-0377,2024-01-08,0
EQ-0256,2024-01-08,0
EQ-0140,2024-01-08,0
EQ-0431,2024-01-08,0
EQ-0322,2024-01-09,0
EQ-0201,2024-01-09,0
EQ-0003,2024-01-09,0
EQ-0009,2024-01-09,0
EQ-0225,2024-01-09,0
EQ-0023,2024-01-09,0
EQ-0143,2024-01-09,0
EQ-0080,2024-01-09,0
EQ-0363,2024-01-09,0
EQ-0236,2024-01-09,0
EQ-0372,2024-01-09,1
EQ-0223,2024-01-09,0
EQ-0075,2024-01-10,0
EQ-0239,2024-01-10,0
EQ-0241,2024-01-10,0
EQ-0012,2024-01-10,0
EQ-0371,2024-01-10,0
EQ-0173,2024-01-10,0
EQ-0062,2024-01-10,0
EQ-0014,2024-01-10,0
EQ-0172,2024-01-10,0
EQ-0185,2024-01-10,0
EQ-0421,2024-01-10,0
EQ-0340,2024-01-11,0
EQ-0316,2024-01-11,1
EQ-0256,2024-01-11,0
EQ-0104,2024-01-11,0
EQ-0065,2024-01-11,0
EQ-0266,2024-01-11,0
EQ-0032,2024-01-11,0
EQ-0309,2024-01-11,0
EQ-0324,2024-01-11,0
EQ-0312,2024-01-11,0
EQ-0062,2024-01-11,0
EQ-0305,2024-01-11,0
EQ-0301,2024-01-11,1
EQ-0179,2024-01-11,0
EQ-0212,2024-01-11,0
EQ-0338,2024-01-11,0
EQ-0371,2024-01-11,0
EQ-0118,2024-01-11,0
EQ-0337,2024-01-11,0
EQ-0299,2024-01-11,0
EQ-0192,2024-01-11,0
EQ-0393,2024-01-11,1
EQ-0367,2024-01-11,1
EQ-0216,2024-01-11,0
EQ-0330,2024-01-11,0
EQ-0415,2024-01-12,0
EQ-0018,2024-01-12,0
EQ-0001,2024-01-12,0
EQ-0295,2024-01-12,0
EQ-0273,2024-01-12,0
EQ-0036,2024-01-12,0
EQ-0248,2024-01-12,0
EQ-0022,2024-01-12,0
EQ-0437,2024-01-12,0
EQ-0366,2024-01-12,0
EQ-0420,2024-01-12,0
EQ-0157,2024-01-12,0
EQ-0397,2024-01-12,0
EQ-0356,2024-01-12,0
EQ-0004,2024-01-12,0
EQ-0255,2024-01-12,0
EQ-0379,2024-01-12,0
EQ-0148,2024-01-12,0
EQ-0126,2024-01-12,0
EQ-0264,2024-01-12,0
EQ-0146,2024-01-12,0
EQ-0331,2024-01-13,0
EQ-0350,2024-01-13,0
EQ-0066,2024-01-13,0
EQ-0097,2024-01-13,0
EQ-0155,2024-01-13,0
EQ-0115,2024-01-13,0
EQ-0313,2024-01-13,0
EQ-0123,2024-01-13,0
EQ-0011,2024-01-13,0
EQ-0052,2024-01-13,0
EQ-0010,2024-01-13,0
EQ-0178,2024-01-13,0
EQ-0384,2024-01-14,0
EQ-0334,2024-01-14,0
EQ-0218,2024-01-14,0
EQ-0134,2024-01-14,0
EQ-0043,2024-01-14,0
EQ-0190,2024-01-14,0
EQ-0365,2024-01-14,0
EQ-0033,2024-01-14,0
EQ-0049,2024-01-14,0
EQ-0417,2024-01-14,0
EQ-0047,2024-01-14,0
EQ-0024,2024-01-14,0
EQ-0436,2024-01-14,0
EQ-0329,2024-01-14,0
EQ-0265,2024-01-14,0
EQ-0411,2024-01-14,0
EQ-0092,2024-01-14,0
EQ-0391,2024-01-15,0
EQ-0045,2024-01-15,0
EQ-0037,2024-01-15,0
EQ-0067,2024-01-15,0
EQ-0268,2024-01-15,0
EQ-0117,2024-01-15,1
EQ-0021,2024-01-15,1
EQ-0284,2024-01-15,0
EQ-0386,2024-01-15,0
EQ-0311,2024-01-15,0
EQ-0001,2024-01-15,0
EQ-0348,2024-01-15,0
EQ-0394,2024-01-15,0
EQ-0395,2024-01-15,0
EQ-0112,2024-01-15,0
EQ-0048,2024-01-15,0
EQ-0044,2024-01-15,0
EQ-0034,2024-01-15,0
EQ-0016,2024-01-15,0
EQ-0007,2024-01-15,0
EQ-0235,2024-01-15,0
EQ-0392,2024-01-16,1
EQ-0006,2024-01-16,0
EQ-0090,2024-01-16,0
EQ-0277,2024-01-16,0
EQ-0426,2024-01-16,0
EQ-0228,2024-01-16,0
EQ-0189,2024-01-16,1
EQ-0103,2024-01-16,0
EQ-0121,2024-01-16,1
EQ-0150,2024-01-16,0
EQ-0389,2024-01-16,0
EQ-0177,2024-01-16,0
EQ-0110,2024-01-16,0
EQ-0327,2024-01-16,0
EQ-0214,2024-01-16,0
EQ-0005,2024-01-16,0
EQ-0030,2024-01-16,0
EQ-0321,2024-01-16,0
EQ-0056,2024-01-17,0
EQ-0226,2024-01-17,0
EQ-0204,2024-01-17,0
EQ-0335,2024-01-17,0
EQ-0257,2024-01-17,0
EQ-0063,2024-01-17,0
EQ-0145,2024-01-17,0
EQ-0283,2024-01-17,0
EQ-0369,2024-01-17,0
EQ-0172,2024-01-17,0
EQ-0413,2024-01-17,0
EQ-0166,2024-01-17,0
EQ-0152,2024-01-17,0
EQ-0015,2024-01-18,0
EQ-0142,2024-01-18,0
EQ-0076,2024-01-18,0
EQ-0002,2024-01-18,0
EQ-0288,2024-01-18,0
EQ-0437,2024-01-18,0
EQ-0388,2024-01-18,0
EQ-0240,2024-01-18,0
EQ-0175,2024-01-18,0
EQ-0367,2024-01-18,0
EQ-0053,2024-01-18,0
EQ-0280,2024-01-18,0
EQ-0234,2024-01-18,0
EQ-0304,2024-01-18,0
EQ-0051,2024-01-18,0
EQ-0318,2024-01-18,0
EQ-0383,2024-01-18,0
EQ-0063,2024-01-18,0
EQ-0362,2024-01-18,0
EQ-0419,2024-01-18,0
EQ-0174,2024-01-19,0
EQ-0274,2024-01-19,0
EQ-0128,2024-01-19,0
EQ-0153,2024-01-19,1
EQ-0342,2024-01-19,0
EQ-0424,2024-01-19,0
EQ-0393,2024-01-19,1
EQ-0428,2024-01-19,0
EQ-0336,2024-01-19,0
EQ-0138,2024-01-19,0
EQ-0302,2024-01-19,0
EQ-0306,2024-01-19,0
EQ-0102,2024-01-19,0
EQ-0394,2024-01-19,0
EQ-0416,2024-01-19,0
EQ-0027,2024-01-19,0
EQ-0214,2024-01-19,0
EQ-0205,2024-01-19,0
EQ-0385,2024-01-19,0
EQ-0279,2024-01-19,0
EQ-0132,2024-01-19,0
EQ-0202,2024-01-19,0
EQ-0045,2024-01-19,0
EQ-0381,2024-01-20,0
EQ-0244,2024-01-20,0
EQ-0194,2024-01-20,0
EQ-0163,2024-01-20,0
EQ-0252,2024-01-20,0
EQ-0151,2024-01-20,0
EQ-0019,2024-01-20,0
EQ-0061,2024-01-20,0
EQ-0373,2024-01-20,1
EQ-0041,2024-01-20,0
EQ-0377,2024-01-20,0
EQ-0374,2024-01-20,1
EQ-0069,2024-01-20,0
EQ-0423,2024-01-20,0
EQ-0165,2024-01-20,0
EQ-0031,2024-01-20,0
EQ-0178,2024-01-20,0
EQ-0008,2024-01-20,0
EQ-0083,2024-01-20,0
EQ-0089,2024-01-20,0
EQ-0269,2024-01-21,0
EQ-0398,2024-01-21,0
EQ-0188,2024-01-21,0
EQ-0064,2024-01-21,0
EQ-0106,2024-01-21,0
EQ-0014,2024-01-21,0
EQ-0382,2024-01-21,0
EQ-0016,2024-01-21,0
EQ-0215,2024-01-21,0
EQ-0023,2024-01-21,0
EQ-0082,2024-01-22,1
EQ-0056,2024-01-22,0
EQ-0154,2024-01-22,0
EQ-0159,2024-01-22,0
EQ-0100,2024-01-22,0
EQ-0164,2024-01-22,0
EQ-0035,2024-01-22,0
EQ-0042,2024-01-22,0
EQ-0201,2024-01-22,0
EQ-0098,2024-01-22,0
EQ-0065,2024-01-22,0
EQ-0151,2024-01-22,0
EQ-0308,2024-01-22,0
EQ-0303,2024-01-22,0
EQ-0315,2024-01-22,0
EQ-0173,2024-01-22,0
EQ-0114,2024-01-22,0
EQ-0079,2024-01-22,0
EQ-0254,2024-01-22,1
EQ-0221,2024-01-22,0
EQ-0391,2024-01-23,0
EQ-0053,2024-01-23,0
EQ-0418,2024-01-23,0
EQ-0373,2024-01-23,1
EQ-0249,2024-01-23,0
EQ-0099,2024-01-23,0
EQ-0292,2024-01-23,0
EQ-0159,2024-01-23,0
EQ-0120,2024-01-23,0
EQ-0105,2024-01-23,0
EQ-0434,2024-01-23,0
EQ-0243,2024-01-23,0
EQ-0230,2024-01-23,0
EQ-0275,2024-01-23,0
EQ-0186,2024-01-23,0
EQ-0136,2024-01-23,0
EQ-0219,2024-01-23,0
EQ-0392,2024-01-23,1
EQ-0232,2024-01-23,0
EQ-0364,2024-01-23,0
EQ-0368,2024-01-23,0
EQ-0184,2024-01-23,0
EQ-0427,2024-01-24,0
EQ-0374,2024-01-24,1
EQ-0135,2024-01-24,0
EQ-0060,2024-01-24,0
EQ-0176,2024-01-24,0
EQ-0359,2024-01-24,0
EQ-0158,2024-01-24,0
EQ-0227,2024-01-24,0
EQ-0262,2024-01-24,0
EQ-0438,2024-01-24,0
EQ-0129,2024-01-24,0
EQ-0044,2024-01-24,0
EQ-0213,2024-01-24,0
EQ-0031,2024-01-24,0
EQ-0074,2024-01-24,0
EQ-0047,2024-01-24,0
EQ-0251,2024-01-24,0
EQ-0395,2024-01-24,0
EQ-0182,2024-01-25,0
EQ-0200,2024-01-25,0
EQ-0294,2024-01-25,1
EQ-0027,2024-01-25,0
EQ-0042,2024-01-25,0
EQ-0109,2024-01-25,0
EQ-0211,2024-01-25,1
EQ-0343,2024-01-25,0
EQ-0261,2024-01-25,0
EQ-0263,2024-01-25,0
EQ-0087,2024-01-25,0
EQ-0341,2024-01-26,0
EQ-0171,2024-01-26,0
EQ-0038,2024-01-26,0
EQ-0119,2024-01-26,0
EQ-0366,2024-01-26,0
EQ-0375,2024-01-26,0
EQ-0040,2024-01-26,0
EQ-0020,2024-01-26,0
EQ-0013,2024-01-26,0
EQ-0203,2024-01-27,0
EQ-0286,2024-01-27,0
EQ-0162,2024-01-27,0
EQ-0300,2024-01-27,0
EQ-0400,2024-01-27,0
EQ-0370,2024-01-27,0
EQ-0101,2024-01-27,0
EQ-0439,2024-01-27,0
EQ-0238,2024-01-27,0
EQ-0382,2024-01-27,0
EQ-0347,2024-01-27,0
EQ-0095,2024-01-27,0
EQ-0131,2024-01-27,0
EQ-0266,2024-01-27,0
EQ-0060,2024-01-27,0
EQ-0346,2024-01-27,0
EQ-0355,2024-01-27,0
EQ-0069,2024-01-27,0
EQ-0260,2024-01-27,0
EQ-0039,2024-01-27,0
EQ-0091,2024-01-27,0
EQ-0281,2024-01-28,1
EQ-0011,2024-01-28,0
EQ-0195,2024-01-28,0
EQ-0380,2024-01-28,0
EQ-0043,2024-01-28,0
EQ-0179,2024-01-28,0
EQ-0134,2024-01-28,0
EQ-0323,2024-01-28,0
EQ-0349,2024-01-28,0
EQ-0379,2024-01-28,0
EQ-0267,2024-01-28,0
EQ-0203,2024-01-28,0
EQ-0278,2024-01-28,0
EQ-0325,2024-01-28,0
EQ-0161,2024-01-28,0
EQ-0187,2024-01-28,0
EQ-0094,2024-01-28,0
EQ-0010,2024-01-28,0
EQ-0162,2024-01-28,0
EQ-0050,2024-01-28,0
EQ-0402,2024-01-29,0
EQ-0246,2024-01-29,0
EQ-0198,2024-01-29,0
EQ-0096,2024-01-29,0
EQ-0196,2024-01-29,1
EQ-0150,2024-01-29,0
EQ-0282,2024-01-29,0
EQ-0139,2024-01-29,0
EQ-0022,2024-01-29,0
EQ-0287,2024-01-29,0
EQ-0154,2024-01-29,0
EQ-0038,2024-01-29,0
EQ-0427,2024-01-29,0
EQ-0332,2024-01-29,0
EQ-0272,2024-01-29,0
EQ-0389,2024-01-29,0
EQ-0122,2024-01-29,0
EQ-0344,2024-01-29,0
EQ-0209,2024-01-29,0
EQ-0234,2024-01-29,0
EQ-0378,2024-01-29,0
EQ-0285,2024-01-29,0
EQ-0387,2024-01-30,0
EQ-0147,2024-01-30,0
EQ-0376,2024-01-30,0
EQ-0050,2024-01-30,0
EQ-0404,2024-01-30,0
EQ-0353,2024-01-30,0
EQ-0158,2024-01-30,0
EQ-0199,2024-01-30,0
EQ-0433,2024-01-30,0
EQ-0070,2024-01-30,0
EQ-0289,2024-01-30,0
EQ-0357,2024-01-30,0
EQ-0157,2024-01-30,0
EQ-0296,2024-01-30,0
EQ-0071,2024-01-30,0
EQ-0310,2024-01-30,0
EQ-0390,2024-01-30,0
EQ-0297,2024-01-30,0
EQ-0183,2024-01-30,0
EQ-0051,2024-01-30,0
EQ-0412,2024-01-30,0
EQ-0369,2024-01-30,0
EQ-0236,2024-01-31,0
EQ-0261,2024-01-31,0
EQ-0130,2024-01-31,0
EQ-0257,2024-01-31,0
EQ-0258,2024-01-31,0
EQ-0409,2024-01-31,0
EQ-0387,2024-01-31,0
EQ-0166,2024-01-31,0
EQ-0156,2024-01-31,0
EQ-0153,2024-01-31,1
EQ-0396,2024-01-31,0
EQ-0148,2024-01-31,0
EQ-0268,2024-01-31,0
EQ-0391,2024-02-01,0
EQ-0074,2024-02-01,0
EQ-0284,2024-02-01,0
EQ-0309,2024-02-01,0
EQ-0352,2024-02-01,0
EQ-0263,2024-02-01,0
EQ-0316,2024-02-01,0
EQ-0252,2024-02-01,0
EQ-0253,2024-02-01,0
EQ-0037,2024-02-01,0
EQ-0133,2024-02-01,0
EQ-0123,2024-02-01,0
EQ-0020,2024-02-01,0
EQ-0051,2024-02-01,0
EQ-0148,2024-02-01,0
EQ-0305,2024-02-01,0
EQ-0287,2024-02-01,0
EQ-0153,2024-02-01,1
EQ-0147,2024-02-01,0
EQ-0265,2024-02-01,0
EQ-0365,2024-02-01,0
EQ-0056,2024-02-01,0
EQ-0131,2024-02-01,0
EQ-0327,2024-02-01,0
EQ-0025,2024-02-01,0
EQ-0407,2024-02-01,0
EQ-0154,2024-02-02,0
EQ-0229,2024-02-02,0
EQ-0113,2024-02-02,0
EQ-0126,2024-02-02,0
EQ-0257,2024-02-02,0
EQ-0395,2024-02-02,0
EQ-0149,2024-02-02,0
EQ-0275,2024-02-02,0
EQ-0023,2024-02-02,0
EQ-0381,2024-02-02,0
EQ-0414,2024-02-02,0
EQ-0129,2024-02-03,0
EQ-0216,2024-02-03,0
EQ-0296,2024-02-03,0
EQ-0418,2024-02-03,0
EQ-0077,2024-02-03,0
EQ-0236,2024-02-03,0
EQ-0166,2024-02-03,0
EQ-0001,2024-02-03,0
EQ-0093,2024-02-03,0
EQ-0244,2024-02-03,0
EQ-0105,2024-02-03,0
EQ-0261,2024-02-03,0
EQ-0381,2024-02-04,0
EQ-0316,2024-02-04,0
EQ-0042,2024-02-04,0
EQ-0125,2024-02-04,0
EQ-0066,2024-02-04,0
EQ-0061,2024-02-04,0
EQ-0137,2024-02-04,0
EQ-0354,2024-02-04,0
EQ-0347,2024-02-04,0
EQ-0336,2024-02-04,0
EQ-0372,2024-02-04,1
EQ-0364,2024-02-04,0
EQ-0377,2024-02-04,0
EQ-0024,2024-02-04,1
EQ-0158,2024-02-04,0
EQ-0058,2024-02-04,0
EQ-0197,2024-02-04,0
EQ-0285,2024-02-04,0
EQ-0266,2024-02-04,0
EQ-0178,2024-02-04,0
EQ-0283,2024-02-05,0
EQ-0435,2024-02-05,0
EQ-0092,2024-02-05,0
EQ-0036,2024-02-05,0
EQ-0089,2024-02-05,0
EQ-0044,2024-02-05,0
EQ-0213,2024-02-05,0
EQ-0426,2024-02-05,0
EQ-0031,2024-02-05,0
EQ-0110,2024-02-05,0
EQ-0122,2024-02-05,0
EQ-0324,2024-02-06,0
EQ-0260,2024-02-06,0
EQ-0373,2024-02-06,1
EQ-0184,2024-02-06,0
EQ-0265,2024-02-06,0
EQ-0210,2024-02-06,0
EQ-0365,2024-02-06,0
EQ-0404,2024-02-06,0
EQ-0379,2024-02-06,0
EQ-0269,2024-02-06,0
EQ-0217,2024-02-06,1
EQ-0420,2024-02-06,0
EQ-0385,2024-02-06,0
EQ-0262,2024-02-06,0
EQ-0259,2024-02-06,0
EQ-0384,2024-02-06,0
EQ-0160,2024-02-06,0
EQ-0280,2024-02-06,0
EQ-0326,2024-02-07,0
EQ-0227,2024-02-07,0
EQ-0382,2024-02-07,0
EQ-0399,2024-02-07,0
EQ-0099,2024-02-07,0
EQ-0424,2024-02-07,0
EQ-0003,2024-02-07,0
EQ-0023,2024-02-07,0
EQ-0335,2024-02-07,0
EQ-0018,2024-02-07,0
EQ-0094,2024-02-07,0
EQ-0028,2024-02-07,1
EQ-0048,2024-02-07,1
EQ-0175,2024-02-07,0
EQ-0168,2024-02-07,0
EQ-0254,2024-02-07,1
EQ-0340,2024-02-07,0
EQ-0343,2024-02-08,0
EQ-0406,2024-02-08,0
EQ-0078,2024-02-08,1
EQ-0262,2024-02-08,0
EQ-0038,2024-02-08,0
EQ-0333,2024-02-08,0
EQ-0393,2024-02-08,0
EQ-0062,2024-02-08,0
EQ-0104,2024-02-08,0
EQ-0206,2024-02-08,0
EQ-0367,2024-02-08,0
EQ-0177,2024-02-08,0
EQ-0088,2024-02-08,0
EQ-0292,2024-02-08,0
EQ-0242,2024-02-08,0
EQ-0060,2024-02-08,0
EQ-0224,2024-02-08,0
EQ-0181,2024-02-08,0
EQ-0013,2024-02-08,0
EQ-0004,2024-02-09,0
EQ-0016,2024-02-09,0
EQ-0021,2024-02-09,0
EQ-0405,2024-02-09,0
EQ-0248,2024-02-09,0
EQ-0103,2024-02-09,0
EQ-0067,2024-02-09,0
EQ-0303,2024-02-09,0
EQ-0362,2024-02-09,0
EQ-0034,2024-02-09,0
EQ-0029,2024-02-09,0
EQ-0002,2024-02-09,0
EQ-0419,2024-02-09,0
EQ-0174,2024-02-09,0
EQ-0429,2024-02-09,0
EQ-0408,2024-02-09,0
EQ-0331,2024-02-09,0
EQ-0218,2024-02-09,0
EQ-0134,2024-02-09,0
EQ-0114,2024-02-09,0
EQ-0045,2024-02-10,0
EQ-0012,2024-02-10,0
EQ-0220,2024-02-10,1
EQ-0027,2024-02-10,0
EQ-0236,2024-02-10,0
EQ-0081,2024-02-10,0
EQ-0053,2024-02-10,0
EQ-0214,2024-02-10,0
EQ-0321,2024-02-10,0
EQ-0291,2024-02-10,0
EQ-0373,2024-02-10,1
EQ-0409,2024-02-10,0
EQ-0358,2024-02-10,1
EQ-0048,2024-02-10,1
EQ-0063,2024-02-10,0
EQ-0005,2024-02-10,0
EQ-0350,2024-02-10,0
EQ-0235,2024-02-10,0
EQ-0431,2024-02-10,0
EQ-0128,2024-02-11,0
EQ-0156,2024-02-11,0
EQ-0047,2024-02-11,0
EQ-0201,2024-02-11,0
EQ-0237,2024-02-11,0
EQ-0293,2024-02-11,0
EQ-0174,2024-02-11,0
EQ-0413,2024-02-11,0
EQ-0394,2024-02-11,0
EQ-0328,2024-02-11,0
EQ-0219,2024-02-11,0
EQ-0072,2024-02-11,0
EQ-0434,2024-02-11,0
EQ-0093,2024-02-11,0
EQ-0120,2024-02-11,1
EQ-0178,2024-02-11,0
EQ-0200,2024-02-11,0
EQ-0230,2024-02-11,0
EQ-0065,2024-02-12,0
EQ-0395,2024-02-12,0
EQ-0139,2024-02-12,0
EQ-0432,2024-02-12,0
EQ-0009,2024-02-12,0
EQ-0191,2024-02-12,0
EQ-0106,2024-02-12,0
EQ-0331,2024-02-12,0
EQ-0400,2024-02-12,0
EQ-0437,2024-02-12,0
EQ-0294,2024-02-12,0
EQ-0226,2024-02-12,0
EQ-0193,2024-02-12,0
EQ-0398,2024-02-12,0
EQ-0227,2024-02-12,0
EQ-0026,2024-02-12,0
EQ-0434,2024-02-12,0
EQ-0179,2024-02-12,0
EQ-0007,2024-02-12,0
EQ-0388,2024-02-13,0
EQ-0015,2024-02-13,0
EQ-0173,2024-02-13,0
EQ-0375,2024-02-13,0
EQ-0412,2024-02-13,0
EQ-0274,2024-02-13,0
EQ-0044,2024-02-13,0
EQ-0196,2024-02-13,1
EQ-0038,2024-02-13,0
EQ-0108,2024-02-13,0
EQ-0392,2024-02-13,1
EQ-0234,2024-02-13,0
EQ-0179,2024-02-13,0
EQ-0280,2024-02-13,0
EQ-0380,2024-02-13,0
EQ-0069,2024-02-13,0
EQ-0360,2024-02-13,0
EQ-0047,2024-02-13,0
EQ-0124,2024-02-13,0
EQ-0415,2024-02-13,0
EQ-0164,2024-02-13,0
EQ-0159,2024-02-13,0
EQ-0189,2024-02-14,1
EQ-0297,2024-02-14,0
EQ-0342,2024-02-14,0
EQ-0214,2024-02-14,0
EQ-0043,2024-02-14,0
EQ-0329,2024-02-14,0
EQ-0064,2024-02-14,0
EQ-0225,2024-02-14,0
EQ-0055,2024-02-14,0
EQ-0152,2024-02-14,0
EQ-0001,2024-02-14,0
EQ-0359,2024-02-14,0
EQ-0315,2024-02-14,0
EQ-0144,2024-02-14,0
EQ-0150,2024-02-14,0
EQ-0250,2024-02-14,0
EQ-0279,2024-02-14,0
EQ-0040,2024-02-14,0
EQ-0215,2024-02-14,0
EQ-0427,2024-02-14,0
EQ-0317,2024-02-14,0
EQ-0014,2024-02-14,0
EQ-0177,2024-02-15,0
EQ-0430,2024-02-15,0
EQ-0143,2024-02-15,0
EQ-0088,2024-02-15,0
EQ-0195,2024-02-15,0
EQ-0003,2024-02-15,0
EQ-0070,2024-02-15,0
EQ-0100,2024-02-15,0
EQ-0427,2024-02-15,0
EQ-0028,2024-02-15,1
EQ-0279,2024-02-15,0
EQ-0416,2024-02-15,0
EQ-0304,2024-02-15,0
EQ-0015,2024-02-15,0
EQ-0401,2024-02-15,0
EQ-0157,2024-02-15,0
EQ-0013,2024-02-15,0
EQ-0245,2024-02-15,0
EQ-0290,2024-02-15,0
EQ-0261,2024-02-15,0
EQ-0203,2024-02-15,0
EQ-0387,2024-02-16,0
EQ-0127,2024-02-16,0
EQ-0118,2024-02-16,0
EQ-0142,2024-02-16,0
EQ-0135,2024-02-16,0
EQ-0181,2024-02-16,0
EQ-0264,2024-02-16,0
EQ-0281,2024-02-16,1
EQ-0403,2024-02-16,0
EQ-0086,2024-02-16,0
EQ-0348,2024-02-16,0
EQ-0247,2024-02-16,0
EQ-0397,2024-02-16,0
EQ-0288,2024-02-16,0
EQ-0079,2024-02-16,0
EQ-0064,2024-02-16,0
EQ-0027,2024-02-17,0
EQ-0172,2024-02-17,0
EQ-0271,2024-02-17,0
EQ-0067,2024-02-17,0
EQ-0154,2024-02-17,0
EQ-0437,2024-02-17,0
EQ-0190,2024-02-17,0
EQ-0299,2024-02-17,0
EQ-0390,2024-02-17,0
EQ-0060,2024-02-17,0
EQ-0208,2024-02-17,0
EQ-0243,2024-02-17,0
EQ-0289,2024-02-17,0
EQ-0255,2024-02-17,0
EQ-0157,2024-02-17,0
EQ-0209,2024-02-17,0
EQ-0312,2024-02-17,0
EQ-0424,2024-02-17,0
EQ-0278,2024-02-17,0
EQ-0069,2024-02-17,0
EQ-0083,2024-02-17,0
EQ-0152,2024-02-17,0
EQ-0295,2024-02-17,0
EQ-0268,2024-02-17,0
EQ-0383,2024-02-18,0
EQ-0240,2024-02-18,0
EQ-0056,2024-02-18,0
EQ-0087,2024-02-18,0
EQ-0278,2024-02-18,0
EQ-0039,2024-02-18,0
EQ-0337,2024-02-18,0
EQ-0007,2024-02-18,0
EQ-0256,2024-02-18,0
EQ-0393,2024-02-18,0
EQ-0252,2024-02-18,0
EQ-0080,2024-02-18,0
EQ-0150,2024-02-18,0
EQ-0011,2024-02-18,0
EQ-0201,2024-02-18,0
EQ-0202,2024-02-18,0
EQ-0370,2024-02-18,0
EQ-0032,2024-02-18,0
EQ-0132,2024-02-18,0
EQ-0306,2024-02-18,0
EQ-0421,2024-02-18,0
EQ-0267,2024-02-18,0
EQ-0020,2024-02-18,0
EQ-0173,2024-02-18,0
EQ-0231,2024-02-18,0
EQ-0353,2024-02-18,0
EQ-0022,2024-02-18,0
EQ-0112,2024-02-18,0
EQ-0043,2024-02-18,0
EQ-0111,2024-02-18,0
EQ-0042,2024-02-18,0
EQ-0126,2024-02-19,0
EQ-0396,2024-02-19,0
EQ-0096,2024-02-19,0
EQ-0183,2024-02-19,0
EQ-0428,2024-02-19,0
EQ-0068,2024-02-19,0
EQ-0356,2024-02-19,0
EQ-0061,2024-02-19,0
EQ-0121,2024-02-19,0
EQ-0374,2024-02-19,0
EQ-0363,2024-02-19,0
EQ-0228,2024-02-19,0
EQ-0010,2024-02-19,0
EQ-0110,2024-02-19,0
EQ-0238,2024-02-19,0
EQ-0425,2024-02-19,1
EQ-0049,2024-02-19,0
EQ-0076,2024-02-19,0
EQ-0388,2024-02-19,0
EQ-0259,2024-02-19,0
EQ-0151,2024-02-19,0
EQ-0417,2024-02-19,0
EQ-0164,2024-02-20,0
EQ-0298,2024-02-20,0
EQ-0394,2024-02-20,0
EQ-0016,2024-02-20,0
EQ-0035,2024-02-20,0
EQ-0257,2024-02-20,0
EQ-0207,2024-02-20,0
EQ-0199,2024-02-20,0
EQ-0033,2024-02-20,0
EQ-0082,2024-02-20,1
EQ-0130,2024-02-20,0
EQ-0165,2024-02-20,0
EQ-0187,2024-02-20,0
EQ-0005,2024-02-20,0
EQ-0378,2024-02-21,0
EQ-0357,2024-02-21,0
EQ-0191,2024-02-21,0
EQ-0389,2024-02-21,0
EQ-0211,2024-02-21,0
EQ-0051,2024-02-21,0
EQ-0030,2024-02-21,0
EQ-0045,2024-02-21,0
EQ-0065,2024-02-21,0
EQ-0355,2024-02-21,0
EQ-0057,2024-02-21,0
EQ-0317,2024-02-21,0
EQ-0188,2024-02-21,0
EQ-0369,2024-02-21,0
EQ-0063,2024-02-21,0
EQ-0410,2024-02-21,0
EQ-0002,2024-02-21,0
EQ-0066,2024-02-21,0
EQ-0158,2024-02-21,0
EQ-0085,2024-02-21,0
EQ-0431,2024-02-21,0
EQ-0380,2024-02-21,0
EQ-0423,2024-02-22,0
EQ-0102,2024-02-22,0
EQ-0180,2024-02-22,0
EQ-0307,2024-02-22,0
EQ-0169,2024-02-22,0
EQ-0192,2024-02-22,0
EQ-0101,2024-02-22,0
EQ-0392,2024-02-22,1
EQ-0337,2024-02-22,0
EQ-0371,2024-02-22,0
EQ-0162,2024-02-22,0
EQ-0031,2024-02-22,0
EQ-0439,2024-02-22,0
EQ-0320,2024-02-22,0
EQ-0258,2024-02-22,0
EQ-0390,2024-02-22,0
EQ-0119,2024-02-22,0
EQ-0172,2024-02-22,0
EQ-0272,2024-02-22,0
EQ-0433,2024-02-23,0
EQ-0050,2024-02-23,0
EQ-0241,2024-02-23,0
EQ-0090,2024-02-23,0
EQ-0233,2024-02-23,0
EQ-0346,2024-02-23,0
EQ-0286,2024-02-23,0
EQ-0276,2024-02-23,0
EQ-0128,2024-02-23,0
EQ-0163,2024-02-23,0
EQ-0361,2024-02-23,0
EQ-0366,2024-02-23,0
EQ-0115,2024-02-23,0
EQ-0008,2024-02-23,0
EQ-0351,2024-02-23,1
EQ-0334,2024-02-24,0
EQ-0167,2024-02-24,0
EQ-0175,2024-02-24,0
EQ-0176,2024-02-24,0
EQ-0053,2024-02-24,0
EQ-0438,2024-02-24,0
EQ-0153,2024-02-24,1
EQ-0155,2024-02-24,0
EQ-0059,2024-02-24,0
EQ-0148,2024-02-24,0
EQ-0039,2024-02-24,0
EQ-0273,2024-02-24,0
EQ-0161,2024-02-24,0
EQ-0136,2024-02-24,0
EQ-0040,2024-02-24,0
EQ-0084,2024-02-24,0
EQ-0117,2024-02-24,1
EQ-0203,2024-02-24,0
EQ-0374,2024-02-25,0
EQ-0308,2024-02-25,0
EQ-0411,2024-02-25,0
EQ-0052,2024-02-25,0
EQ-0302,2024-02-25,0
EQ-0046,2024-02-25,0
EQ-0186,2024-02-25,0
EQ-0323,2024-02-25,0
EQ-0260,2024-02-25,0
EQ-0091,2024-02-25,0
EQ-0277,2024-02-25,1
EQ-0050,2024-02-25,0
EQ-0144,2024-02-25,0
EQ-0036,2024-02-25,0
EQ-0416,2024-02-25,0
EQ-0170,2024-02-25,0
EQ-0311,2024-02-25,0
EQ-0339,2024-02-25,0
EQ-0155,2024-02-25,0
EQ-0054,2024-02-25,0
EQ-0432,2024-02-25,0
EQ-0073,2024-02-26,0
EQ-0194,2024-02-26,0
EQ-0182,2024-02-26,0
EQ-0367,2024-02-26,0
EQ-0033,2024-02-26,0
EQ-0379,2024-02-26,0
EQ-0011,2024-02-26,0
EQ-0436,2024-02-26,1
EQ-0263,2024-02-26,0
EQ-0251,2024-02-26,0
EQ-0165,2024-02-26,0
EQ-0097,2024-02-26,0
EQ-0163,2024-02-26,0
EQ-0282,2024-02-26,0
EQ-0098,2024-02-26,0
EQ-0325,2024-02-26,0
EQ-0368,2024-02-26,0
EQ-0366,2024-02-26,0
EQ-0145,2024-02-26,0
EQ-0014,2024-02-26,0
EQ-0232,2024-02-26,0
EQ-0402,2024-02-26,0
EQ-0341,2024-02-27,0
EQ-0378,2024-02-27,0
EQ-0389,2024-02-27,0
EQ-0273,2024-02-27,0
EQ-0204,2024-02-27,0
EQ-0198,2024-02-27,0
EQ-0270,2024-02-27,0
EQ-0159,2024-02-27,0
EQ-0344,2024-02-27,0
EQ-0301,2024-02-27,0
EQ-0006,2024-02-27,0
EQ-0382,2024-02-27,0
EQ-0249,2024-02-27,0
EQ-0095,2024-02-27,1
EQ-0171,2024-02-27,0
EQ-0010,2024-02-27,0
EQ-0318,2024-02-27,0
EQ-0162,2024-02-27,0
EQ-0244,2024-02-27,0
EQ-0330,2024-02-27,1
EQ-0146,2024-02-27,0
EQ-0071,2024-02-28,0
EQ-0138,2024-02-28,0
EQ-0012,2024-02-28,0
EQ-0313,2024-02-28,0
EQ-0391,2024-02-28,0
EQ-0037,2024-02-28,0
EQ-0166,2024-02-28,0
EQ-0376,2024-02-28,0
EQ-0314,2024-02-28,0
EQ-0266,2024-02-28,0
EQ-0371,2024-02-28,0
EQ-0369,2024-02-28,0
EQ-0274,2024-02-28,0
EQ-0212,2024-02-28,0
EQ-0046,2024-02-28,0
EQ-0267,2024-02-28,0
EQ-0140,2024-02-28,0
EQ-0223,2024-02-28,0
EQ-0141,2024-02-28,0
EQ-0322,2024-02-28,0
EQ-0377,2024-02-28,0
EQ-0062,2024-02-28,0
EQ-0319,2024-02-29,0
EQ-0345,2024-02-29,0
EQ-0185,2024-02-29,0
EQ-0281,2024-02-29,0
EQ-0402,2024-02-29,0
EQ-0349,2024-02-29,0
EQ-0256,2024-02-29,0
EQ-0234,2024-02-29,0
EQ-0041,2024-02-29,0
EQ-0254,2024-02-29,0
EQ-0156,2024-02-29,0
EQ-0386,2024-02-29,0
EQ-0075,2024-02-29,0
EQ-0107,2024-02-29,0
EQ-0049,2024-02-29,0
EQ-0022,2024-02-29,0
EQ-0017,2024-02-29,0
EQ-0134,2024-02-29,0
EQ-0268,2024-02-29,0
EQ-0019,2024-02-29,0
EQ-0052,2024-02-29,0
EQ-0332,2024-02-29,0
EQ-0387,2024-02-29,0
EQ-0263,2024-03-01,0
EQ-0158,2024-03-01,0
EQ-0378,2024-03-01,0
EQ-0010,2024-03-01,0
EQ-0097,2024-03-01,0
EQ-0191,2024-03-01,0
EQ-0314,2024-03-01,0
EQ-0028,2024-03-01,1
EQ-0297,2024-03-01,0
EQ-0241,2024-03-01,0
EQ-0208,2024-03-01,0
EQ-0151,2024-03-01,0
EQ-0147,2024-03-01,0
EQ-0039,2024-03-01,0
EQ-0419,2024-03-01,0
EQ-0265,2024-03-01,0
EQ-0006,2024-03-01,0
EQ-0331,2024-03-01,0
EQ-0174,2024-03-01,0
EQ-0159,2024-03-02,0
EQ-0398,2024-03-02,0
EQ-0399,2024-03-02,0
EQ-0113,2024-03-02,0
EQ-0014,2024-03-02,0
EQ-0325,2024-03-02,0
EQ-0278,2024-03-02,0
EQ-0243,2024-03-02,0
EQ-0223,2024-03-02,0
EQ-0268,2024-03-02,0
EQ-0293,2024-03-02,0
EQ-0108,2024-03-02,0
EQ-0412,2024-03-02,0
EQ-0217,2024-03-02,0
EQ-0175,2024-03-02,0
EQ-0002,2024-03-02,0
EQ-0235,2024-03-02,0
EQ-0236,2024-03-02,0
EQ-0393,2024-03-02,0
EQ-0344,2024-03-02,0
EQ-0177,2024-03-02,0
EQ-0326,2024-03-02,0
EQ-0120,2024-03-02,1
EQ-0055,2024-03-03,0
EQ-0415,2024-03-03,0
EQ-0188,2024-03-03,0
EQ-0067,2024-03-03,0
EQ-0423,2024-03-03,0
EQ-0226,2024-03-03,0
EQ-0321,2024-03-03,0
EQ-0365,2024-03-03,0
EQ-0279,2024-03-03,0
EQ-0007,2024-03-03,0
EQ-0410,2024-03-03,0
EQ-0046,2024-03-03,0
EQ-0008,2024-03-03,0
EQ-0081,2024-03-03,0
EQ-0372,2024-03-03,1
EQ-0109,2024-03-03,0
EQ-0045,2024-03-03,0
EQ-0244,2024-03-03,0
EQ-0058,2024-03-03,0
EQ-0116,2024-03-04,0
EQ-0205,2024-03-04,0
EQ-0063,2024-03-04,0
EQ-0038,2024-03-04,0
EQ-0253,2024-03-04,0
EQ-0087,2024-03-04,0
EQ-0245,2024-03-04,0
EQ-0377,2024-03-04,0
EQ-0201,2024-03-04,0
EQ-0117,2024-03-04,1
EQ-0156,2024-03-04,0
EQ-0252,2024-03-04,0
EQ-0162,2024-03-04,0
EQ-0264,2024-03-04,0
EQ-0263,2024-03-04,0
EQ-0012,2024-03-04,0
EQ-0003,2024-03-04,0
EQ-0141,2024-03-04,0
EQ-0275,2024-03-04,0
EQ-0166,2024-03-05,0
EQ-0437,2024-03-05,0
EQ-0417,2024-03-05,0
EQ-0164,2024-03-05,0
EQ-0152,2024-03-05,0
EQ-0011,2024-03-05,0
EQ-0418,2024-03-05,0
EQ-0001,2024-03-05,0
EQ-0370,2024-03-05,0
EQ-0390,2024-03-05,0
EQ-0382,2024-03-05,0
EQ-0013,2024-03-05,0
EQ-0130,2024-03-05,0
EQ-0091,2024-03-05,0
EQ-0183,2024-03-05,0
EQ-0140,2024-03-05,0
EQ-0077,2024-03-05,0
EQ-0106,2024-03-06,0
EQ-0257,2024-03-06,0
EQ-0296,2024-03-06,0
EQ-0179,2024-03-06,0
EQ-0371,2024-03-06,0
EQ-0015,2024-03-06,0
EQ-0262,2024-03-06,0
EQ-0203,2024-03-06,0
EQ-0056,2024-03-06,0
EQ-0320,2024-03-06,0
EQ-0413,2024-03-06,0
EQ-0268,2024-03-07,0
EQ-0173,2024-03-07,0
EQ-0031,2024-03-07,0
EQ-0391,2024-03-07,0
EQ-0366,2024-03-07,0
EQ-0126,2024-03-07,0
EQ-0438,2024-03-07,0
EQ-0382,2024-03-07,0
EQ-0204,2024-03-07,0
EQ-0365,2024-03-07,0
EQ-0392,2024-03-07,1
EQ-0358,2024-03-07,0
EQ-0350,2024-03-07,0
EQ-0062,2024-03-07,0
EQ-0400,2024-03-07,0
EQ-0125,2024-03-07,0
EQ-0154,2024-03-07,0
EQ-0052,2024-03-07,0
EQ-0039,2024-03-07,0
EQ-0256,2024-03-08,0
EQ-0156,2024-03-08,0
EQ-0083,2024-03-08,0
EQ-0103,2024-03-08,0
EQ-0227,2024-03-08,0
EQ-0075,2024-03-08,0
EQ-0312,2024-03-08,0
EQ-0073,2024-03-08,0
EQ-0128,2024-03-08,0
EQ-0214,2024-03-08,0
EQ-0082,2024-03-08,0
EQ-0029,2024-03-08,0
EQ-0165,2024-03-08,0
EQ-0285,2024-03-08,0
EQ-0093,2024-03-08,0
EQ-0129,2024-03-08,1
EQ-0143,2024-03-08,0
EQ-0023,2024-03-09,0
EQ-0420,2024-03-09,0
EQ-0052,2024-03-09,0
EQ-0323,2024-03-09,0
EQ-0405,2024-03-09,0
EQ-0239,2024-03-09,0
EQ-0036,2024-03-09,0
EQ-0067,2024-03-09,0
EQ-0407,2024-03-09,0
EQ-0213,2024-03-09,0
EQ-0181,2024-03-09,0
EQ-0001,2024-03-09,0
EQ-0066,2024-03-09,0
EQ-0041,2024-03-09,0
EQ-0031,2024-03-09,0
EQ-0283,2024-03-09,0
EQ-0265,2024-03-10,0
EQ-0028,2024-03-10,1
EQ-0273,2024-03-10,0
EQ-0178,2024-03-10,0
EQ-0146,2024-03-10,0
EQ-0292,2024-03-10,1
EQ-0051,2024-03-10,0
EQ-0376,2024-03-10,0
EQ-0278,2024-03-10,0
EQ-0352,2024-03-10,0
EQ-0381,2024-03-10,0
EQ-0133,2024-03-10,0
EQ-0316,2024-03-10,1
EQ-0044,2024-03-10,0
EQ-0074,2024-03-10,0
EQ-0256,2024-03-11,0
EQ-0282,2024-03-11,0
EQ-0159,2024-03-11,0
EQ-0262,2024-03-11,0
EQ-0040,2024-03-11,0
EQ-0090,2024-03-11,0
EQ-0369,2024-03-11,0
EQ-0244,2024-03-11,0
EQ-0409,2024-03-11,0
EQ-0348,2024-03-11,0
EQ-0017,2024-03-11,0
EQ-0313,2024-03-11,0
EQ-0071,2024-03-11,0
EQ-0076,2024-03-11,0
EQ-0328,2024-03-11,0
EQ-0050,2024-03-11,0
EQ-0157,2024-03-11,0
EQ-0279,2024-03-11,0
EQ-0023,2024-03-11,0
EQ-0393,2024-03-11,0
EQ-0166,2024-03-11,0
EQ-0203,2024-03-11,0
EQ-0046,2024-03-11,0
EQ-0051,2024-03-11,0
EQ-0254,2024-03-11,0
EQ-0300,2024-03-11,0
EQ-0190,2024-03-11,0
EQ-0432,2024-03-11,0
EQ-0196,2024-03-11,1
EQ-0195,2024-03-11,0
EQ-0379,2024-03-11,0
EQ-0432,2024-03-12,0
EQ-0019,2024-03-12,0
EQ-0347,2024-03-12,0
EQ-0212,2024-03-12,0
EQ-0215,2024-03-12,0
EQ-0150,2024-03-12,0
EQ-0066,2024-03-12,0
EQ-0274,2024-03-12,0
EQ-0238,2024-03-12,0
EQ-0144,2024-03-12,0
EQ-0214,2024-03-12,0
EQ-0414,2024-03-13,0
EQ-0394,2024-03-13,0
EQ-0388,2024-03-13,0
EQ-0201,2024-03-13,0
EQ-0390,2024-03-13,0
EQ-0301,2024-03-13,0
EQ-0020,2024-03-13,0
EQ-0284,2024-03-13,0
EQ-0062,2024-03-13,0
EQ-0047,2024-03-13,0
EQ-0377,2024-03-13,0
EQ-0119,2024-03-13,0
EQ-0373,2024-03-13,1
EQ-0389,2024-03-13,0
EQ-0384,2024-03-13,0
EQ-0273,2024-03-13,0
EQ-0428,2024-03-13,0
EQ-0088,2024-03-13,0
EQ-0364,2024-03-13,0
EQ-0416,2024-03-13,0
EQ-0402,2024-03-14,0
EQ-0078,2024-03-14,1
EQ-0276,2024-03-14,0
EQ-0281,2024-03-14,0
EQ-0105,2024-03-14,0
EQ-0100,2024-03-14,0
EQ-0287,2024-03-14,0
EQ-0110,2024-03-14,0
EQ-0246,2024-03-14,0
EQ-0230,2024-03-14,0
EQ-0375,2024-03-14,0
EQ-0424,2024-03-14,0
EQ-0184,2024-03-15,0
EQ-0064,2024-03-15,0
EQ-0258,2024-03-15,0
EQ-0060,2024-03-15,0
EQ-0392,2024-03-15,1
EQ-0172,2024-03-15,0
EQ-0104,2024-03-15,0
EQ-0032,2024-03-15,0
EQ-0210,2024-03-15,0
EQ-0202,2024-03-15,0
EQ-0197,2024-03-15,0
EQ-0219,2024-03-15,0
EQ-0033,2024-03-15,0
EQ-0049,2024-03-15,0
EQ-0127,2024-03-15,0
EQ-0337,2024-03-15,0
EQ-0182,2024-03-15,0
EQ-0209,2024-03-15,0
EQ-0003,2024-03-15,0
EQ-0395,2024-03-15,0
EQ-0094,2024-03-15,0
EQ-0101,2024-03-15,0
EQ-0274,2024-03-15,0
EQ-0429,2024-03-15,0
EQ-0340,2024-03-16,0
EQ-0189,2024-03-16,0
EQ-0044,2024-03-16,0
EQ-0354,2024-03-16,0
EQ-0255,2024-03-16,0
EQ-0144,2024-03-16,0
EQ-0022,2024-03-16,0
EQ-0063,2024-03-16,0
EQ-0137,2024-03-16,0
EQ-0136,2024-03-16,0
EQ-0111,2024-03-16,0
EQ-0335,2024-03-16,0
EQ-0139,2024-03-16,0
EQ-0434,2024-03-16,0
EQ-0240,2024-03-16,1
EQ-0093,2024-03-16,0
EQ-0055,2024-03-16,0
EQ-0277,2024-03-16,1
EQ-0371,2024-03-16,0
EQ-0286,2024-03-16,0
EQ-0037,2024-03-16,0
EQ-0363,2024-03-16,0
EQ-0261,2024-03-16,0
EQ-0099,2024-03-17,0
EQ-0018,2024-03-17,0
EQ-0333,2024-03-17,0
EQ-0043,2024-03-17,0
EQ-0266,2024-03-17,0
EQ-0065,2024-03-17,0
EQ-0327,2024-03-17,0
EQ-0115,2024-03-17,0
EQ-0016,2024-03-17,0
EQ-0294,2024-03-17,0
EQ-0118,2024-03-17,0
EQ-0236,2024-03-17,0
EQ-0168,2024-03-17,0
EQ-0234,2024-03-17,0
EQ-0022,2024-03-17,0
EQ-0162,2024-03-17,0
EQ-0153,2024-03-17,0
EQ-0416,2024-03-17,0
EQ-0322,2024-03-17,0
EQ-0427,2024-03-18,0
EQ-0250,2024-03-18,0
EQ-0254,2024-03-18,0
EQ-0175,2024-03-18,0
EQ-0394,2024-03-18,0
EQ-0231,2024-03-18,0
EQ-0396,2024-03-18,0
EQ-0171,2024-03-18,0
EQ-0304,2024-03-18,0
EQ-0007,2024-03-18,0
EQ-0047,2024-03-18,0
EQ-0342,2024-03-18,0
EQ-0280,2024-03-18,0
EQ-0009,2024-03-18,0
EQ-0060,2024-03-18,0
EQ-0332,2024-03-18,0
EQ-0437,2024-03-18,0
EQ-0056,2024-03-18,0
EQ-0014,2024-03-18,0
EQ-0267,2024-03-19,0
EQ-0367,2024-03-19,0
EQ-0173,2024-03-19,0
EQ-0157,2024-03-19,0
EQ-0368,2024-03-19,0
EQ-0341,2024-03-19,0
EQ-0247,2024-03-19,0
EQ-0306,2024-03-19,0
EQ-0048,2024-03-19,1
EQ-0025,2024-03-19,0
EQ-0421,2024-03-19,0
EQ-0112,2024-03-19,0
EQ-0381,2024-03-19,0
EQ-0167,2024-03-19,0
EQ-0315,2024-03-19,0
EQ-0154,2024-03-19,0
EQ-0317,2024-03-19,0
EQ-0128,2024-03-19,0
EQ-0005,2024-03-19,0
EQ-0107,2024-03-19,0
EQ-0302,2024-03-19,0
EQ-0026,2024-03-19,0
EQ-0270,2024-03-19,0
EQ-0339,2024-03-20,0
EQ-0010,2024-03-20,0
EQ-0086,2024-03-20,0
EQ-0004,2024-03-20,0
EQ-0194,2024-03-20,0
EQ-0021,2024-03-20,0
EQ-0057,2024-03-20,0
EQ-0302,2024-03-20,0
EQ-0084,2024-03-20,0
EQ-0200,2024-03-20,0
EQ-0319,2024-03-20,0
EQ-0151,2024-03-20,0
EQ-0072,2024-03-20,0
EQ-0187,2024-03-20,0
EQ-0269,2024-03-20,0
EQ-0070,2024-03-20,0
EQ-0160,2024-03-20,0
EQ-0002,2024-03-20,0
EQ-0288,2024-03-20,0
EQ-0009,2024-03-21,0
EQ-0224,2024-03-21,0
EQ-0191,2024-03-21,0
EQ-0206,2024-03-21,0
EQ-0251,2024-03-21,0
EQ-0259,2024-03-21,0
EQ-0192,2024-03-21,0
EQ-0424,2024-03-21,0
EQ-0193,2024-03-21,0
EQ-0163,2024-03-21,0
EQ-0439,2024-03-21,0
EQ-0148,2024-03-21,0
EQ-0216,2024-03-21,0
EQ-0079,2024-03-22,0
EQ-0369,2024-03-22,0
EQ-0388,2024-03-22,0
EQ-0098,2024-03-22,0
EQ-0374,2024-03-22,0
EQ-0155,2024-03-22,0
EQ-0378,2024-03-22,0
EQ-0121,2024-03-22,0
EQ-0178,2024-03-22,0
EQ-0198,2024-03-22,0
EQ-0065,2024-03-22,0
EQ-0310,2024-03-22,0
EQ-0034,2024-03-22,0
EQ-0431,2024-03-22,0
EQ-0307,2024-03-22,0
EQ-0110,2024-03-22,0
EQ-0334,2024-03-22,0
EQ-0080,2024-03-22,0
EQ-0337,2024-03-22,0
EQ-0050,2024-03-22,0
EQ-0148,2024-03-23,0
EQ-0054,2024-03-23,0
EQ-0435,2024-03-23,1
EQ-0220,2024-03-23,1
EQ-0033,2024-03-23,0
EQ-0155,2024-03-23,0
EQ-0085,2024-03-23,0
EQ-0385,2024-03-23,0
EQ-0122,2024-03-23,0
EQ-0123,2024-03-23,0
EQ-0038,2024-03-23,0
EQ-0134,2024-03-23,0
EQ-0259,2024-03-23,0
EQ-0040,2024-03-23,0
EQ-0095,2024-03-23,1
EQ-0030,2024-03-23,0
EQ-0061,2024-03-23,0
EQ-0027,2024-03-23,0
EQ-0228,2024-03-24,0
EQ-0042,2024-03-24,0
EQ-0379,2024-03-24,0
EQ-0149,2024-03-24,0
EQ-0150,2024-03-24,0
EQ-0252,2024-03-24,0
EQ-0088,2024-03-24,0
EQ-0272,2024-03-24,0
EQ-0180,2024-03-24,0
EQ-0096,2024-03-24,0
EQ-0366,2024-03-24,0
EQ-0361,2024-03-25,0
EQ-0387,2024-03-25,0
EQ-0271,2024-03-25,0
EQ-0016,2024-03-25,0
EQ-0305,2024-03-25,0
EQ-0404,2024-03-25,0
EQ-0403,2024-03-25,0
EQ-0232,2024-03-25,0
EQ-0402,2024-03-25,0
EQ-0427,2024-03-25,0
EQ-0233,2024-03-25,0
EQ-0380,2024-03-25,0
EQ-0218,2024-03-25,0
EQ-0267,2024-03-25,0
EQ-0164,2024-03-25,0
EQ-0049,2024-03-25,0
EQ-0134,2024-03-26,0
EQ-0276,2024-03-26,0
EQ-0036,2024-03-26,0
EQ-0037,2024-03-26,0
EQ-0290,2024-03-26,0
EQ-0048,2024-03-26,1
EQ-0015,2024-03-26,0
EQ-0042,2024-03-26,0
EQ-0013,2024-03-26,0
EQ-0008,2024-03-26,0
EQ-0011,2024-03-26,0
EQ-0351,2024-03-26,0
EQ-0234,2024-03-26,0
EQ-0169,2024-03-26,0
EQ-0174,2024-03-26,0
EQ-0124,2024-03-26,0
EQ-0367,2024-03-26,0
EQ-0053,2024-03-27,0
EQ-0207,2024-03-27,0
EQ-0012,2024-03-27,0
EQ-0422,2024-03-27,0
EQ-0316,2024-03-27,1
EQ-0227,2024-03-27,0
EQ-0430,2024-03-27,0
EQ-0248,2024-03-27,1
EQ-0383,2024-03-27,0
EQ-0221,2024-03-27,0
EQ-0177,2024-03-27,0
EQ-0317,2024-03-28,0
EQ-0281,2024-03-28,0
EQ-0069,2024-03-28,0
EQ-0298,2024-03-28,0
EQ-0061,2024-03-28,0
EQ-0397,2024-03-28,0
EQ-0426,2024-03-28,0
EQ-0126,2024-03-28,0
EQ-0299,2024-03-28,0
EQ-0362,2024-03-28,0
EQ-0401,2024-03-28,0
EQ-0145,2024-03-28,0
EQ-0161,2024-03-29,0
EQ-0114,2024-03-29,0
EQ-0020,2024-03-29,0
EQ-0280,2024-03-29,0
EQ-0172,2024-03-29,0
EQ-0165,2024-03-29,0
EQ-0135,2024-03-29,0
EQ-0324,2024-03-29,0
EQ-0153,2024-03-29,1
EQ-0389,2024-03-29,0
EQ-0064,2024-03-29,0
EQ-0179,2024-03-29,0
EQ-0406,2024-03-29,0
EQ-0261,2024-03-29,0
EQ-0374,2024-03-29,0
EQ-0222,2024-03-29,0
EQ-0359,2024-03-29,0
EQ-0343,2024-03-29,0
EQ-0303,2024-03-29,0
EQ-0330,2024-03-29,1
EQ-0152,2024-03-30,0
EQ-0242,2024-03-30,0
EQ-0249,2024-03-30,0
EQ-0260,2024-03-30,0
EQ-0338,2024-03-30,0
EQ-0357,2024-03-30,0
EQ-0163,2024-03-30,0
EQ-0425,2024-03-30,1
EQ-0395,2024-03-30,0
EQ-0170,2024-03-30,0
EQ-0142,2024-03-30,0
EQ-0266,2024-03-30,0
EQ-0211,2024-03-30,0
EQ-0089,2024-03-30,0
EQ-0433,2024-03-30,0
EQ-0431,2024-03-30,0
EQ-0059,2024-03-30,0
EQ-0092,2024-03-30,0
EQ-0295,2024-03-30,0
EQ-0043,2024-03-30,0
EQ-0308,2024-03-30,0
EQ-0345,2024-03-31,0
EQ-0433,2024-03-31,0
EQ-0336,2024-03-31,0
EQ-0132,2024-03-31,0
EQ-0289,2024-03-31,0
EQ-0434,2024-03-31,0
EQ-0068,2024-03-31,0
EQ-0181,2024-03-31,0
EQ-0185,2024-03-31,0
EQ-0355,2024-03-31,0
EQ-0005,2024-03-31,0
EQ-0131,2024-03-31,0
EQ-0411,2024-03-31,0
EQ-0318,2024-03-31,0
EQ-0257,2024-03-31,0
EQ-0311,2024-03-31,0
EQ-0386,2024-03-31,0
EQ-0199,2024-03-31,0
EQ-0158,2024-03-31,0
EQ-0360,2024-03-31,0
EQ-0329,2024-03-31,0
EQ-0309,2024-03-31,0
EQ-0128,2024-04-01,0
EQ-0347,2024-04-01,0
EQ-0016,2024-04-01,0
EQ-0237,2024-04-01,0
EQ-0042,2024-04-01,0
EQ-0112,2024-04-01,0
EQ-0424,2024-04-01,0
EQ-0321,2024-04-01,0
EQ-0006,2024-04-01,0
EQ-0281,2024-04-01,0
EQ-0425,2024-04-01,1
EQ-0175,2024-04-01,0
EQ-0299,2024-04-01,0
EQ-0242,2024-04-01,0
EQ-0271,2024-04-01,0
EQ-0211,2024-04-01,0
EQ-0396,2024-04-01,0
EQ-0046,2024-04-02,0
EQ-0126,2024-04-02,0
EQ-0081,2024-04-02,0
EQ-0255,2024-04-02,0
EQ-0363,2024-04-02,0
EQ-0093,2024-04-02,0
EQ-0034,2024-04-02,0
EQ-0027,2024-04-02,0
EQ-0031,2024-04-02,0
EQ-0022,2024-04-02,0
EQ-0265,2024-04-02,0
EQ-0431,2024-04-02,0
EQ-0001,2024-04-02,0
EQ-0341,2024-04-02,0
EQ-0188,2024-04-02,0
EQ-0392,2024-04-02,0
EQ-0059,2024-04-02,0
EQ-0172,2024-04-02,0
EQ-0214,2024-04-02,0
EQ-0152,2024-04-02,0
EQ-0352,2024-04-02,0
EQ-0348,2024-04-02,0
EQ-0261,2024-04-03,0
EQ-0013,2024-04-03,0
EQ-0379,2024-04-03,0
EQ-0108,2024-04-03,0
EQ-0388,2024-04-03,0
EQ-0122,2024-04-03,0
EQ-0203,2024-04-03,0
EQ-0109,2024-04-03,0
EQ-0038,2024-04-03,0
EQ-0364,2024-04-03,0
EQ-0236,2024-04-03,0
EQ-0313,2024-04-03,0
EQ-0420,2024-04-03,1
EQ-0344,2024-04-04,0
EQ-0064,2024-04-04,0
EQ-0166,2024-04-04,0
EQ-0157,2024-04-04,0
EQ-0437,2024-04-04,0
EQ-0137,2024-04-04,0
EQ-0214,2024-04-04,0
EQ-0231,2024-04-04,0
EQ-0002,2024-04-04,0
EQ-0197,2024-04-04,0
EQ-0213,2024-04-04,0
EQ-0066,2024-04-04,0
EQ-0435,2024-04-04,1
EQ-0256,2024-04-04,0
EQ-0282,2024-04-04,0
EQ-0405,2024-04-04,0
EQ-0097,2024-04-04,0
EQ-0367,2024-04-04,0
EQ-0005,2024-04-04,0
EQ-0433,2024-04-04,0
EQ-0153,2024-04-04,1
EQ-0014,2024-04-04,0
EQ-0234,2024-04-04,0
EQ-0163,2024-04-04,0
EQ-0044,2024-04-04,0
EQ-0279,2024-04-05,0
EQ-0331,2024-04-05,0
EQ-0369,2024-04-05,0
EQ-0085,2024-04-05,0
EQ-0387,2024-04-05,0
EQ-0025,2024-04-05,0
EQ-0260,2024-04-05,0
EQ-0354,2024-04-05,0
EQ-0187,2024-04-05,0
EQ-0201,2024-04-05,0
EQ-0206,2024-04-05,0
EQ-0144,2024-04-05,0
EQ-0427,2024-04-05,0
EQ-0274,2024-04-05,0
EQ-0356,2024-04-05,0
EQ-0070,2024-04-05,0
EQ-0199,2024-04-05,0
EQ-0057,2024-04-05,0
EQ-0292,2024-04-05,1
EQ-0011,2024-04-06,0
EQ-0114,2024-04-06,0
EQ-0406,2024-04-06,0
EQ-0008,2024-04-06,0
EQ-0088,2024-04-06,0
EQ-0319,2024-04-06,0
EQ-0290,2024-04-06,0
EQ-0153,2024-04-06,1
EQ-0437,2024-04-06,0
EQ-0026,2024-04-06,0
EQ-0417,2024-04-06,0
EQ-0399,2024-04-06,0
EQ-0384,2024-04-06,0
EQ-0268,2024-04-06,0
EQ-0247,2024-04-06,0
EQ-0259,2024-04-06,0
EQ-0103,2024-04-07,0
EQ-0035,2024-04-07,0
EQ-0379,2024-04-07,0
EQ-0415,2024-04-07,0
EQ-0019,2024-04-07,0
EQ-0346,2024-04-07,0
EQ-0036,2024-04-07,0
EQ-0263,2024-04-07,0
EQ-0373,2024-04-07,1
EQ-0200,2024-04-07,0
EQ-0127,2024-04-07,0
EQ-0002,2024-04-07,0
EQ-0207,2024-04-07,0
EQ-0388,2024-04-07,0
EQ-0064,2024-04-07,0
EQ-0004,2024-04-07,0
EQ-0366,2024-04-07,0
EQ-0330,2024-04-07,1
EQ-0370,2024-04-07,0
EQ-0177,2024-04-07,0
EQ-0268,2024-04-07,0
EQ-0232,2024-04-07,0
EQ-0264,2024-04-07,0
EQ-0113,2024-04-07,0
EQ-0294,2024-04-08,0
EQ-0414,2024-04-08,0
EQ-0155,2024-04-08,0
EQ-0316,2024-04-08,1
EQ-0227,2024-04-08,0
EQ-0343,2024-04-08,0
EQ-0048,2024-04-08,1
EQ-0273,2024-04-08,0
EQ-0400,2024-04-08,0
EQ-0162,2024-04-08,0
EQ-0161,2024-04-08,0
EQ-0381,2024-04-08,0
EQ-0291,2024-04-08,0
EQ-0215,2024-04-09,0
EQ-0307,2024-04-09,0
EQ-0245,2024-04-09,0
EQ-0302,2024-04-09,0
EQ-0182,2024-04-09,0
EQ-0062,2024-04-09,0
EQ-0165,2024-04-09,0
EQ-0116,2024-04-09,0
EQ-0328,2024-04-09,0
EQ-0337,2024-04-09,0
EQ-0394,2024-04-09,0
EQ-0039,2024-04-09,0
EQ-0157,2024-04-09,0
EQ-0126,2024-04-09,0
EQ-0149,2024-04-09,0
EQ-0003,2024-04-09,0
EQ-0267,2024-04-09,0
EQ-0060,2024-04-09,0
EQ-0243,2024-04-09,0
EQ-0036,2024-04-09,0
EQ-0257,2024-04-10,0
EQ-0423,2024-04-10,0
EQ-0402,2024-04-10,0
EQ-0433,2024-04-10,0
EQ-0159,2024-04-10,1
EQ-0301,2024-04-10,0
EQ-0069,2024-04-10,0
EQ-0180,2024-04-10,0
EQ-0040,2024-04-10,0
EQ-0365,2024-04-10,0
EQ-0380,2024-04-10,0
EQ-0090,2024-04-10,0
EQ-0422,2024-04-10,0
EQ-0395,2024-04-10,0
EQ-0194,2024-04-11,0
EQ-0106,2024-04-11,0
EQ-0236,2024-04-11,0
EQ-0223,2024-04-11,0
EQ-0102,2024-04-11,0
EQ-0309,2024-04-11,0
EQ-0147,2024-04-11,0
EQ-0439,2024-04-11,0
EQ-0390,2024-04-11,0
EQ-0063,2024-04-11,0
EQ-0318,2024-04-11,0
EQ-0154,2024-04-11,0
EQ-0075,2024-04-11,0
EQ-0098,2024-04-11,0
EQ-0145,2024-04-11,0
EQ-0208,2024-04-11,0
EQ-0190,2024-04-11,0
EQ-0337,2024-04-11,0
EQ-0408,2024-04-11,0
EQ-0402,2024-04-12,0
EQ-0135,2024-04-12,0
EQ-0412,2024-04-12,0
EQ-0040,2024-04-12,0
EQ-0005,2024-04-12,0
EQ-0022,2024-04-12,0
EQ-0039,2024-04-12,0
EQ-0246,2024-04-12,0
EQ-0082,2024-04-12,0
EQ-0230,2024-04-12,0
EQ-0015,2024-04-12,0
EQ-0438,2024-04-12,0
EQ-0226,2024-04-12,0
EQ-0092,2024-04-12,0
EQ-0383,2024-04-12,0
EQ-0120,2024-04-12,1
EQ-0067,2024-04-12,0
EQ-0008,2024-04-12,0
EQ-0302,2024-04-12,0
EQ-0193,2024-04-12,0
EQ-0359,2024-04-12,0
EQ-0244,2024-04-13,0
EQ-0170,2024-04-13,0
EQ-0164,2024-04-13,0
EQ-0028,2024-04-13,1
EQ-0374,2024-04-13,0
EQ-0198,2024-04-13,0
EQ-0053,2024-04-13,0
EQ-0381,2024-04-13,0
EQ-0210,2024-04-13,0
EQ-0167,2024-04-13,0
EQ-0015,2024-04-13,0
EQ-0212,2024-04-13,0
EQ-0009,2024-04-13,0
EQ-0158,2024-04-13,0
EQ-0088,2024-04-13,0
EQ-0276,2024-04-13,0
EQ-0257,2024-04-13,0
EQ-0024,2024-04-13,1
EQ-0178,2024-04-13,0
EQ-0038,2024-04-13,0
EQ-0118,2024-04-14,0
EQ-0258,2024-04-14,0
EQ-0066,2024-04-14,0
EQ-0119,2024-04-14,0
EQ-0366,2024-04-14,0
EQ-0076,2024-04-14,0
EQ-0104,2024-04-14,0
EQ-0060,2024-04-14,0
EQ-0028,2024-04-14,0
EQ-0164,2024-04-14,0
EQ-0018,2024-04-14,0
EQ-0398,2024-04-14,0
EQ-0216,2024-04-14,0
EQ-0278,2024-04-14,0
EQ-0362,2024-04-14,0
EQ-0131,2024-04-15,0
EQ-0056,2024-04-15,0
EQ-0083,2024-04-15,0
EQ-0183,2024-04-15,0
EQ-0044,2024-04-15,0
EQ-0055,2024-04-15,0
EQ-0421,2024-04-15,0
EQ-0303,2024-04-15,0
EQ-0046,2024-04-15,0
EQ-0298,2024-04-15,0
EQ-0010,2024-04-15,0
EQ-0201,2024-04-15,0
EQ-0411,2024-04-15,0
EQ-0217,2024-04-15,0
EQ-0329,2024-04-15,0
EQ-0192,2024-04-15,0
EQ-0335,2024-04-15,1
EQ-0067,2024-04-15,0
EQ-0391,2024-04-15,0
EQ-0357,2024-04-15,0
EQ-0095,2024-04-15,1
EQ-0404,2024-04-15,0
EQ-0227,2024-04-15,0
EQ-0134,2024-04-15,0
EQ-0325,2024-04-15,0
EQ-0140,2024-04-15,0
EQ-0254,2024-04-15,0
EQ-0285,2024-04-15,0
EQ-0091,2024-04-15,0
EQ-0224,2024-04-15,0
EQ-0072,2024-04-15,0
EQ-0054,2024-04-16,0
EQ-0132,2024-04-16,0
EQ-0173,2024-04-16,0
EQ-0314,2024-04-16,0
EQ-0179,2024-04-16,0
EQ-0296,2024-04-16,0
EQ-0432,2024-04-16,0
EQ-0401,2024-04-16,0
EQ-0007,2024-04-16,0
EQ-0151,2024-04-16,0
EQ-0189,2024-04-16,0
EQ-0270,2024-04-16,0
EQ-0283,2024-04-16,0
EQ-0124,2024-04-16,0
EQ-0260,2024-04-16,0
EQ-0150,2024-04-16,0
EQ-0058,2024-04-16,0
EQ-0121,2024-04-16,0
EQ-0310,2024-04-17,0
EQ-0051,2024-04-17,0
EQ-0338,2024-04-17,0
EQ-0403,2024-04-17,0
EQ-0410,2024-04-17,0
EQ-0225,2024-04-17,0
EQ-0240,2024-04-17,1
EQ-0284,2024-04-17,0
EQ-0074,2024-04-17,0
EQ-0061,2024-04-17,0
EQ-0055,2024-04-17,0
EQ-0165,2024-04-17,0
EQ-0436,2024-04-17,1
EQ-0163,2024-04-17,0
EQ-0390,2024-04-17,0
EQ-0139,2024-04-17,0
EQ-0117,2024-04-17,0
EQ-0033,2024-04-17,0
EQ-0178,2024-04-17,0
EQ-0150,2024-04-17,0
EQ-0428,2024-04-17,0
EQ-0274,2024-04-17,0
EQ-0016,2024-04-17,0
EQ-0107,2024-04-17,0
EQ-0434,2024-04-17,0
EQ-0311,2024-04-18,0
EQ-0191,2024-04-18,0
EQ-0030,2024-04-18,0
EQ-0394,2024-04-18,0
EQ-0259,2024-04-18,0
EQ-0144,2024-04-18,0
EQ-0266,2024-04-18,0
EQ-0416,2024-04-18,0
EQ-0251,2024-04-18,0
EQ-0360,2024-04-18,0
EQ-0096,2024-04-18,0
EQ-0261,2024-04-18,0
EQ-0387,2024-04-18,0
EQ-0407,2024-04-18,0
EQ-0093,2024-04-18,0
EQ-0177,2024-04-18,0
EQ-0049,2024-04-18,0
EQ-0275,2024-04-18,0
EQ-0278,2024-04-18,0
EQ-0305,2024-04-18,0
EQ-0229,2024-04-19,0
EQ-0254,2024-04-19,0
EQ-0056,2024-04-19,0
EQ-0160,2024-04-19,0
EQ-0228,2024-04-19,0
EQ-0345,2024-04-19,0
EQ-0168,2024-04-19,0
EQ-0339,2024-04-19,0
EQ-0250,2024-04-19,0
EQ-0061,2024-04-19,0
EQ-0156,2024-04-19,0
EQ-0416,2024-04-19,0
EQ-0010,2024-04-19,0
EQ-0003,2024-04-19,0
EQ-0179,2024-04-19,0
EQ-0100,2024-04-19,0
EQ-0162,2024-04-20,0
EQ-0052,2024-04-20,0
EQ-0014,2024-04-20,0
EQ-0263,2024-04-20,0
EQ-0349,2024-04-20,0
EQ-0340,2024-04-20,0
EQ-0385,2024-04-20,0
EQ-0174,2024-04-20,0
EQ-0203,2024-04-20,0
EQ-0393,2024-04-20,0
EQ-0196,2024-04-20,0
EQ-0045,2024-04-20,0
EQ-0049,2024-04-20,0
EQ-0353,2024-04-20,0
EQ-0204,2024-04-20,0
EQ-0342,2024-04-20,0
EQ-0020,2024-04-20,0
EQ-0220,2024-04-21,0
EQ-0262,2024-04-21,0
EQ-0289,2024-04-21,0
EQ-0265,2024-04-21,0
EQ-0191,2024-04-21,0
EQ-0253,2024-04-21,0
EQ-0169,2024-04-21,0
EQ-0219,2024-04-21,0
EQ-0111,2024-04-21,0
EQ-0419,2024-04-21,0
EQ-0043,2024-04-21,0
EQ-0371,2024-04-21,0
EQ-0037,2024-04-21,0
EQ-0172,2024-04-21,0
EQ-0382,2024-04-21,0
EQ-0012,2024-04-21,0
EQ-0372,2024-04-21,1
EQ-0252,2024-04-21,0
EQ-0143,2024-04-21,0
EQ-0051,2024-04-22,0
EQ-0397,2024-04-22,0
EQ-0358,2024-04-22,0
EQ-0413,2024-04-22,0
EQ-0151,2024-04-22,0
EQ-0315,2024-04-22,0
EQ-0377,2024-04-22,0
EQ-0288,2024-04-22,0
EQ-0099,2024-04-22,0
EQ-0105,2024-04-22,0
EQ-0031,2024-04-22,0
EQ-0078,2024-04-22,1
EQ-0094,2024-04-22,0
EQ-0317,2024-04-23,0
EQ-0176,2024-04-23,1
EQ-0287,2024-04-23,0
EQ-0378,2024-04-23,0
EQ-0427,2024-04-23,0
EQ-0134,2024-04-23,0
EQ-0001,2024-04-23,0
EQ-0256,2024-04-23,0
EQ-0276,2024-04-23,0
EQ-0297,2024-04-23,0
EQ-0350,2024-04-23,0
EQ-0029,2024-04-23,0
EQ-0205,2024-04-23,0
EQ-0369,2024-04-23,0
EQ-0184,2024-04-23,0
EQ-0174,2024-04-23,0
EQ-0133,2024-04-23,0
EQ-0432,2024-04-23,0
EQ-0376,2024-04-23,0
EQ-0065,2024-04-23,0
EQ-0181,2024-04-23,0
EQ-0431,2024-04-23,0
EQ-0077,2024-04-23,0
EQ-0146,2024-04-23,0
EQ-0065,2024-04-24,0
EQ-0233,2024-04-24,0
EQ-0154,2024-04-24,0
EQ-0424,2024-04-24,0
EQ-0043,2024-04-24,0
EQ-0045,2024-04-24,0
EQ-0380,2024-04-24,0
EQ-0222,2024-04-24,0
EQ-0023,2024-04-24,0
EQ-0195,2024-04-24,0
EQ-0333,2024-04-24,0
EQ-0327,2024-04-24,0
EQ-0209,2024-04-24,0
EQ-0375,2024-04-25,1
EQ-0086,2024-04-25,0
EQ-0033,2024-04-25,0
EQ-0110,2024-04-25,0
EQ-0331,2024-04-25,0
EQ-0326,2024-04-25,0
EQ-0087,2024-04-25,0
EQ-0053,2024-04-25,0
EQ-0238,2024-04-25,0
EQ-0374,2024-04-25,0
EQ-0332,2024-04-25,0
EQ-0063,2024-04-25,0
EQ-0068,2024-04-25,0
EQ-0244,2024-04-25,0
EQ-0148,2024-04-25,0
EQ-0234,2024-04-25,0
EQ-0391,2024-04-25,0
EQ-0426,2024-04-26,0
EQ-0317,2024-04-26,0
EQ-0267,2024-04-26,0
EQ-0089,2024-04-26,1
EQ-0273,2024-04-26,0
EQ-0050,2024-04-26,0
EQ-0336,2024-04-26,0
EQ-0171,2024-04-26,0
EQ-0136,2024-04-26,0
EQ-0286,2024-04-26,0
EQ-0047,2024-04-26,0
EQ-0079,2024-04-26,0
EQ-0159,2024-04-26,1
EQ-0351,2024-04-26,0
EQ-0281,2024-04-26,0
EQ-0166,2024-04-26,0
EQ-0041,2024-04-26,0
EQ-0221,2024-04-26,0
EQ-0308,2024-04-26,0
EQ-0130,2024-04-26,0
EQ-0148,2024-04-26,0
EQ-0047,2024-04-27,0
EQ-0316,2024-04-27,1
EQ-0218,2024-04-27,0
EQ-0324,2024-04-27,0
EQ-0042,2024-04-27,0
EQ-0012,2024-04-27,0
EQ-0393,2024-04-27,0
EQ-0262,2024-04-27,0
EQ-0020,2024-04-27,0
EQ-0386,2024-04-27,0
EQ-0023,2024-04-27,0
EQ-0279,2024-04-28,0
EQ-0173,2024-04-28,0
EQ-0050,2024-04-28,0
EQ-0152,2024-04-28,0
EQ-0365,2024-04-28,0
EQ-0409,2024-04-28,0
EQ-0434,2024-04-28,0
EQ-0320,2024-04-28,0
EQ-0084,2024-04-28,0
EQ-0277,2024-04-28,1
EQ-0280,2024-04-28,0
EQ-0304,2024-04-28,0
EQ-0101,2024-04-28,0
EQ-0027,2024-04-28,0
EQ-0073,2024-04-28,0
EQ-0249,2024-04-29,0
EQ-0155,2024-04-29,0
EQ-0141,2024-04-29,0
EQ-0048,2024-04-29,1
EQ-0017,2024-04-29,0
EQ-0377,2024-04-29,0
EQ-0185,2024-04-29,0
EQ-0368,2024-04-29,0
EQ-0355,2024-04-29,0
EQ-0430,2024-04-29,0
EQ-0032,2024-04-29,0
EQ-0378,2024-04-29,0
EQ-0280,2024-04-29,0
EQ-0235,2024-04-29,0
EQ-0389,2024-04-29,0
EQ-0128,2024-04-29,0
EQ-0269,2024-04-29,0
EQ-0062,2024-04-29,0
EQ-0110,2024-04-29,0
EQ-0266,2024-04-29,0
EQ-0052,2024-04-29,0
EQ-0013,2024-04-29,0
EQ-0115,2024-04-30,0
EQ-0186,2024-04-30,0
EQ-0306,2024-04-30,0
EQ-0239,2024-04-30,0
EQ-0361,2024-04-30,0
EQ-0142,2024-04-30,0
EQ-0367,2024-04-30,1
EQ-0071,2024-04-30,0
EQ-0009,2024-04-30,0
EQ-0295,2024-04-30,0
EQ-0248,2024-04-30,1
EQ-0125,2024-04-30,0
EQ-0007,2024-04-30,0
EQ-0322,2024-04-30,0
EQ-0429,2024-04-30,0
EQ-0202,2024-04-30,1
EQ-0371,2024-04-30,0
EQ-0253,2024-05-01,0
EQ-0379,2024-05-01,0
EQ-0399,2024-05-01,0
EQ-0070,2024-05-01,0
EQ-0371,2024-05-01,0
EQ-0025,2024-05-01,0
EQ-0395,2024-05-01,0
EQ-0437,2024-05-01,1
EQ-0281,2024-05-01,0
EQ-0381,2024-05-01,0
EQ-0250,2024-05-01,0
EQ-0102,2024-05-01,0
EQ-0286,2024-05-02,0
EQ-0194,2024-05-02,0
EQ-0192,2024-05-02,0
EQ-0009,2024-05-02,0
EQ-0393,2024-05-02,0
EQ-0373,2024-05-02,0
EQ-0095,2024-05-02,1
EQ-0317,2024-05-02,0
EQ-0431,2024-05-02,0
EQ-0132,2024-05-02,0
EQ-0344,2024-05-02,0
EQ-0429,2024-05-02,0
EQ-0059,2024-05-02,0
EQ-0027,2024-05-02,0
EQ-0038,2024-05-03,0
EQ-0341,2024-05-03,0
EQ-0423,2024-05-03,0
EQ-0298,2024-05-03,0
EQ-0062,2024-05-03,0
EQ-0381,2024-05-03,0
EQ-0261,2024-05-03,0
EQ-0304,2024-05-03,0
EQ-0389,2024-05-03,0
EQ-0201,2024-05-03,0
EQ-0054,2024-05-03,0
EQ-0048,2024-05-03,1
EQ-0164,2024-05-03,0
EQ-0030,2024-05-03,0
EQ-0266,2024-05-03,0
EQ-0049,2024-05-03,0
EQ-0408,2024-05-04,0
EQ-0062,2024-05-04,0
EQ-0150,2024-05-04,0
EQ-0413,2024-05-04,0
EQ-0048,2024-05-04,1
EQ-0280,2024-05-04,0
EQ-0437,2024-05-04,1
EQ-0218,2024-05-04,0
EQ-0248,2024-05-04,1
EQ-0394,2024-05-04,0
EQ-0258,2024-05-04,0
EQ-0011,2024-05-04,0
EQ-0382,2024-05-04,0
EQ-0233,2024-05-04,0
EQ-0371,2024-05-05,0
EQ-0144,2024-05-05,0
EQ-0037,2024-05-05,0
EQ-0294,2024-05-05,0
EQ-0134,2024-05-05,0
EQ-0148,2024-05-05,0
EQ-0346,2024-05-05,0
EQ-0117,2024-05-05,0
EQ-0392,2024-05-05,0
EQ-0327,2024-05-05,0
EQ-0097,2024-05-05,0
EQ-0081,2024-05-05,0
EQ-0175,2024-05-05,0
EQ-0257,2024-05-05,0
EQ-0004,2024-05-05,0
EQ-0012,2024-05-05,0
EQ-0191,2024-05-05,0
EQ-0039,2024-05-05,0
EQ-0088,2024-05-05,0
EQ-0335,2024-05-06,1
EQ-0034,2024-05-06,0
EQ-0009,2024-05-06,0
EQ-0411,2024-05-06,0
EQ-0150,2024-05-06,0
EQ-0032,2024-05-06,0
EQ-0366,2024-05-06,0
EQ-0169,2024-05-06,0
EQ-0305,2024-05-06,1
EQ-0068,2024-05-06,0
EQ-0186,2024-05-06,0
EQ-0348,2024-05-06,0
EQ-0053,2024-05-06,0
EQ-0245,2024-05-06,0
EQ-0244,2024-05-07,0
EQ-0065,2024-05-07,0
EQ-0020,2024-05-07,0
EQ-0152,2024-05-07,0
EQ-0220,2024-05-07,0
EQ-0271,2024-05-07,0
EQ-0143,2024-05-07,0
EQ-0361,2024-05-07,0
EQ-0146,2024-05-07,0
EQ-0123,2024-05-07,0
EQ-0007,2024-05-07,0
EQ-0340,2024-05-07,0
EQ-0090,2024-05-07,0
EQ-0235,2024-05-07,0
EQ-0385,2024-05-07,0
EQ-0114,2024-05-07,0
EQ-0188,2024-05-07,0
EQ-0374,2024-05-08,0
EQ-0115,2024-05-08,0
EQ-0053,2024-05-08,0
EQ-0155,2024-05-08,0
EQ-0089,2024-05-08,1
EQ-0100,2024-05-08,0
EQ-0050,2024-05-08,0
EQ-0276,2024-05-08,0
EQ-0334,2024-05-08,0
EQ-0151,2024-05-08,0
EQ-0063,2024-05-08,0
EQ-0433,2024-05-08,0
EQ-0082,2024-05-08,0
EQ-0320,2024-05-08,0
EQ-0384,2024-05-08,0
EQ-0056,2024-05-08,0
EQ-0314,2024-05-08,0
EQ-0074,2024-05-08,0
EQ-0040,2024-05-08,0
EQ-0080,2024-05-09,0
EQ-0391,2024-05-09,0
EQ-0014,2024-05-09,0
EQ-0301,2024-05-09,0
EQ-0318,2024-05-09,0
EQ-0163,2024-05-09,0
EQ-0052,2024-05-09,0
EQ-0422,2024-05-09,0
EQ-0045,2024-05-09,0
EQ-0315,2024-05-09,0
EQ-0247,2024-05-09,0
EQ-0028,2024-05-09,0
EQ-0179,2024-05-09,0
EQ-0036,2024-05-09,0
EQ-0358,2024-05-09,0
EQ-0072,2024-05-09,0
EQ-0092,2024-05-09,0
EQ-0262,2024-05-09,0
EQ-0058,2024-05-09,0
EQ-0383,2024-05-09,0
EQ-0282,2024-05-10,0
EQ-0177,2024-05-10,0
EQ-0027,2024-05-10,0
EQ-0022,2024-05-10,0
EQ-0416,2024-05-10,0
EQ-0290,2024-05-10,1
EQ-0110,2024-05-10,0
EQ-0254,2024-05-10,0
EQ-0181,2024-05-10,0
EQ-0190,2024-05-10,0
EQ-0161,2024-05-10,1
EQ-0342,2024-05-10,0
EQ-0350,2024-05-10,0
EQ-0108,2024-05-10,0
EQ-0173,2024-05-10,0
EQ-0256,2024-05-10,0
EQ-0397,2024-05-10,0
EQ-0353,2024-05-10,0
EQ-0046,2024-05-10,0
EQ-0219,2024-05-10,0
EQ-0302,2024-05-10,0
EQ-0044,2024-05-10,0
EQ-0084,2024-05-11,0
EQ-0019,2024-05-11,0
EQ-0013,2024-05-11,1
EQ-0402,2024-05-11,0
EQ-0011,2024-05-11,0
EQ-0377,2024-05-11,0
EQ-0278,2024-05-11,0
EQ-0209,2024-05-11,0
EQ-0208,2024-05-11,0
EQ-0355,2024-05-11,0
EQ-0436,2024-05-11,1
EQ-0392,2024-05-11,0
EQ-0156,2024-05-11,0
EQ-0104,2024-05-11,0
EQ-0036,2024-05-11,0
EQ-0333,2024-05-11,0
EQ-0382,2024-05-11,0
EQ-0324,2024-05-11,0
EQ-0107,2024-05-11,0
EQ-0231,2024-05-11,0
EQ-0106,2024-05-11,0
EQ-0158,2024-05-11,0
EQ-0122,2024-05-11,0
EQ-0255,2024-05-12,0
EQ-0389,2024-05-12,0
EQ-0359,2024-05-12,0
EQ-0047,2024-05-12,0
EQ-0124,2024-05-12,0
EQ-0073,2024-05-12,0
EQ-0216,2024-05-12,0
EQ-0260,2024-05-12,0
EQ-0309,2024-05-12,0
EQ-0023,2024-05-12,0
EQ-0212,2024-05-12,0
EQ-0083,2024-05-12,0
EQ-0252,2024-05-12,0
EQ-0356,2024-05-12,0
EQ-0119,2024-05-12,0
EQ-0022,2024-05-12,0
EQ-0368,2024-05-12,0
EQ-0203,2024-05-12,0
EQ-0039,2024-05-12,0
EQ-0365,2024-05-12,0
EQ-0390,2024-05-13,0
EQ-0003,2024-05-13,0
EQ-0421,2024-05-13,0
EQ-0005,2024-05-13,0
EQ-0151,2024-05-13,0
EQ-0157,2024-05-13,0
EQ-0006,2024-05-13,0
EQ-0185,2024-05-13,0
EQ-0367,2024-05-13,1
EQ-0319,2024-05-13,0
EQ-0262,2024-05-13,0
EQ-0112,2024-05-13,0
EQ-0002,2024-05-13,0
EQ-0343,2024-05-13,0
EQ-0279,2024-05-13,0
EQ-0394,2024-05-13,0
EQ-0033,2024-05-13,0
EQ-0133,2024-05-14,0
EQ-0374,2024-05-14,0
EQ-0278,2024-05-14,0
EQ-0181,2024-05-14,0
EQ-0332,2024-05-14,0
EQ-0337,2024-05-14,0
EQ-0234,2024-05-14,0
EQ-0357,2024-05-14,0
EQ-0153,2024-05-14,1
EQ-0310,2024-05-14,0
EQ-0285,2024-05-14,0
EQ-0172,2024-05-14,0
EQ-0026,2024-05-14,0
EQ-0069,2024-05-14,0
EQ-0403,2024-05-14,0
EQ-0292,2024-05-14,1
EQ-0432,2024-05-14,0
EQ-0008,2024-05-14,0
EQ-0281,2024-05-14,0
EQ-0096,2024-05-14,0
EQ-0377,2024-05-14,0
EQ-0023,2024-05-14,0
EQ-0347,2024-05-15,0
EQ-0360,2024-05-15,0
EQ-0056,2024-05-15,0
EQ-0121,2024-05-15,0
EQ-0064,2024-05-15,0
EQ-0147,2024-05-15,0
EQ-0228,2024-05-15,0
EQ-0051,2024-05-15,0
EQ-0075,2024-05-15,0
EQ-0002,2024-05-15,0
EQ-0263,2024-05-15,0
EQ-0276,2024-05-15,0
EQ-0284,2024-05-15,0
EQ-0162,2024-05-15,0
EQ-0388,2024-05-15,0
EQ-0249,2024-05-16,0
EQ-0430,2024-05-16,0
EQ-0061,2024-05-16,0
EQ-0366,2024-05-16,0
EQ-0380,2024-05-16,0
EQ-0045,2024-05-16,0
EQ-0240,2024-05-16,1
EQ-0213,2024-05-16,0
EQ-0010,2024-05-16,0
EQ-0251,2024-05-16,0
EQ-0174,2024-05-16,0
EQ-0265,2024-05-16,0
EQ-0259,2024-05-16,0
EQ-0373,2024-05-16,0
EQ-0067,2024-05-16,0
EQ-0312,2024-05-16,0
EQ-0159,2024-05-16,1
EQ-0439,2024-05-17,0
EQ-0438,2024-05-17,0
EQ-0362,2024-05-17,0
EQ-0415,2024-05-17,0
EQ-0066,2024-05-17,0
EQ-0055,2024-05-17,0
EQ-0316,2024-05-17,1
EQ-0029,2024-05-17,0
EQ-0180,2024-05-17,0
EQ-0237,2024-05-17,0
EQ-0177,2024-05-17,0
EQ-0307,2024-05-17,0
EQ-0261,2024-05-17,0
EQ-0210,2024-05-17,0
EQ-0071,2024-05-17,0
EQ-0201,2024-05-17,1
EQ-0434,2024-05-17,0
EQ-0015,2024-05-17,0
EQ-0241,2024-05-17,0
EQ-0412,2024-05-17,0
EQ-0140,2024-05-17,0
EQ-0270,2024-05-17,0
EQ-0406,2024-05-17,0
EQ-0205,2024-05-17,0
EQ-0156,2024-05-18,0
EQ-0047,2024-05-18,0
EQ-0391,2024-05-18,0
EQ-0349,2024-05-18,0
EQ-0154,2024-05-18,0
EQ-0242,2024-05-18,0
EQ-0322,2024-05-18,0
EQ-0014,2024-05-18,0
EQ-0246,2024-05-18,0
EQ-0331,2024-05-18,0
EQ-0127,2024-05-18,0
EQ-0302,2024-05-18,0
EQ-0272,2024-05-18,0
EQ-0229,2024-05-18,0
EQ-0003,2024-05-19,0
EQ-0155,2024-05-19,0
EQ-0168,2024-05-19,0
EQ-0317,2024-05-19,0
EQ-0375,2024-05-19,1
EQ-0419,2024-05-19,0
EQ-0148,2024-05-19,0
EQ-0099,2024-05-19,0
EQ-0352,2024-05-19,0
EQ-0224,2024-05-19,0
EQ-0193,2024-05-19,0
EQ-0046,2024-05-19,0
EQ-0364,2024-05-19,0
EQ-0407,2024-05-19,0
EQ-0236,2024-05-20,0
EQ-0424,2024-05-20,0
EQ-0326,2024-05-20,0
EQ-0293,2024-05-20,0
EQ-0130,2024-05-20,0
EQ-0042,2024-05-20,0
EQ-0239,2024-05-20,0
EQ-0279,2024-05-20,0
EQ-0017,2024-05-20,0
EQ-0170,2024-05-20,0
EQ-0061,2024-05-20,0
EQ-0187,2024-05-20,0
EQ-0152,2024-05-20,0
EQ-0174,2024-05-20,0
EQ-0129,2024-05-20,0
EQ-0067,2024-05-20,0
EQ-0116,2024-05-20,0
EQ-0337,2024-05-20,0
EQ-0316,2024-05-20,1
EQ-0160,2024-05-20,1
EQ-0013,2024-05-20,1
EQ-0227,2024-05-20,0
EQ-0328,2024-05-20,0
EQ-0273,2024-05-20,0
EQ-0162,2024-05-21,0
EQ-0266,2024-05-21,0
EQ-0144,2024-05-21,0
EQ-0369,2024-05-21,0
EQ-0325,2024-05-21,0
EQ-0303,2024-05-21,0
EQ-0420,2024-05-21,1
EQ-0433,2024-05-21,0
EQ-0223,2024-05-21,0
EQ-0020,2024-05-21,0
EQ-0254,2024-05-21,0
EQ-0217,2024-05-21,0
EQ-0167,2024-05-21,0
EQ-0288,2024-05-21,0
EQ-0033,2024-05-21,0
EQ-0040,2024-05-21,0
EQ-0153,2024-05-21,1
EQ-0158,2024-05-21,0
EQ-0207,2024-05-21,0
EQ-0166,2024-05-21,0
EQ-0330,2024-05-21,1
EQ-0372,2024-05-21,1
EQ-0267,2024-05-21,0
EQ-0065,2024-05-22,0
EQ-0427,2024-05-22,0
EQ-0404,2024-05-22,0
EQ-0345,2024-05-22,0
EQ-0204,2024-05-22,0
EQ-0378,2024-05-22,0
EQ-0052,2024-05-22,0
EQ-0139,2024-05-22,0
EQ-0103,2024-05-22,0
EQ-0173,2024-05-22,0
EQ-0306,2024-05-22,0
EQ-0311,2024-05-22,0
EQ-0184,2024-05-22,0
EQ-0098,2024-05-22,0
EQ-0431,2024-05-22,0
EQ-0157,2024-05-22,0
EQ-0313,2024-05-22,0
EQ-0176,2024-05-22,1
EQ-0410,2024-05-22,0
EQ-0409,2024-05-22,0
EQ-0339,2024-05-22,0
EQ-0164,2024-05-23,0
EQ-0386,2024-05-23,0
EQ-0211,2024-05-23,0
EQ-0051,2024-05-23,0
EQ-0008,2024-05-23,0
EQ-0387,2024-05-23,0
EQ-0043,2024-05-23,0
EQ-0088,2024-05-23,0
EQ-0214,2024-05-23,0
EQ-0031,2024-05-23,0
EQ-0280,2024-05-23,0
EQ-0300,2024-05-23,0
EQ-0028,2024-05-23,0
EQ-0060,2024-05-23,0
EQ-0296,2024-05-23,0
EQ-0400,2024-05-23,0
EQ-0379,2024-05-23,0
EQ-0138,2024-05-23,0
EQ-0016,2024-05-24,1
EQ-0321,2024-05-24,0
EQ-0367,2024-05-24,1
EQ-0195,2024-05-24,1
EQ-0063,2024-05-24,0
EQ-0291,2024-05-24,0
EQ-0227,2024-05-24,0
EQ-0159,2024-05-24,1
EQ-0126,2024-05-24,0
EQ-0376,2024-05-24,0
EQ-0043,2024-05-24,0
EQ-0267,2024-05-24,0
EQ-0049,2024-05-24,0
EQ-0226,2024-05-24,0
EQ-0128,2024-05-24,0
EQ-0149,2024-05-24,0
EQ-0275,2024-05-25,0
EQ-0037,2024-05-25,0
EQ-0196,2024-05-25,0
EQ-0434,2024-05-25,0
EQ-0093,2024-05-25,0
EQ-0101,2024-05-25,0
EQ-0172,2024-05-25,0
EQ-0417,2024-05-25,0
EQ-0387,2024-05-25,0
EQ-0038,2024-05-25,0
EQ-0398,2024-05-25,0
EQ-0287,2024-05-25,0
EQ-0427,2024-05-25,0
EQ-0137,2024-05-25,0
EQ-0079,2024-05-25,0
EQ-0179,2024-05-25,0
EQ-0236,2024-05-25,0
EQ-0077,2024-05-25,0
EQ-0274,2024-05-25,0
EQ-0365,2024-05-26,0
EQ-0189,2024-05-26,0
EQ-0125,2024-05-26,0
EQ-0268,2024-05-26,0
EQ-0016,2024-05-26,1
EQ-0200,2024-05-26,0
EQ-0086,2024-05-26,0
EQ-0145,2024-05-26,0
EQ-0057,2024-05-26,0
EQ-0066,2024-05-26,0
EQ-0001,2024-05-26,0
EQ-0426,2024-05-26,0
EQ-0221,2024-05-26,0
EQ-0105,2024-05-26,0
EQ-0091,2024-05-26,0
EQ-0274,2024-05-26,0
EQ-0182,2024-05-26,0
EQ-0135,2024-05-26,0
EQ-0087,2024-05-26,0
EQ-0206,2024-05-26,0
EQ-0018,2024-05-27,0
EQ-0042,2024-05-27,0
EQ-0225,2024-05-27,0
EQ-0268,2024-05-27,0
EQ-0165,2024-05-27,0
EQ-0093,2024-05-27,0
EQ-0273,2024-05-27,0
EQ-0128,2024-05-27,0
EQ-0005,2024-05-27,0
EQ-0269,2024-05-27,0
EQ-0414,2024-05-27,0
EQ-0136,2024-05-27,0
EQ-0295,2024-05-27,0
EQ-0380,2024-05-27,0
EQ-0329,2024-05-27,0
EQ-0113,2024-05-28,1
EQ-0418,2024-05-28,0
EQ-0283,2024-05-28,0
EQ-0230,2024-05-28,0
EQ-0109,2024-05-28,0
EQ-0252,2024-05-28,0
EQ-0031,2024-05-28,0
EQ-0402,2024-05-28,0
EQ-0336,2024-05-28,0
EQ-0064,2024-05-28,0
EQ-0338,2024-05-28,0
EQ-0024,2024-05-28,0
EQ-0378,2024-05-28,0
EQ-0134,2024-05-28,0
EQ-0401,2024-05-29,0
EQ-0369,2024-05-29,0
EQ-0393,2024-05-29,0
EQ-0015,2024-05-29,0
EQ-0308,2024-05-29,0
EQ-0395,2024-05-29,0
EQ-0050,2024-05-29,0
EQ-0131,2024-05-29,0
EQ-0215,2024-05-29,0
EQ-0297,2024-05-29,0
EQ-0243,2024-05-29,0
EQ-0163,2024-05-29,0
EQ-0234,2024-05-29,0
EQ-0277,2024-05-29,0
EQ-0060,2024-05-29,0
EQ-0175,2024-05-29,0
EQ-0142,2024-05-29,0
EQ-0078,2024-05-29,1
EQ-0265,2024-05-29,0
EQ-0203,2024-05-29,0
EQ-0178,2024-05-30,0
EQ-0351,2024-05-30,0
EQ-0257,2024-05-30,0
EQ-0214,2024-05-30,0
EQ-0044,2024-05-30,0
EQ-0370,2024-05-30,0
EQ-0299,2024-05-30,0
EQ-0094,2024-05-30,0
EQ-0323,2024-05-30,0
EQ-0428,2024-05-30,0
EQ-0202,2024-05-31,1
EQ-0154,2024-05-31,0
EQ-0110,2024-05-31,0
EQ-0126,2024-05-31,0
EQ-0191,2024-05-31,0
EQ-0264,2024-05-31,0
EQ-0178,2024-05-31,0
EQ-0263,2024-05-31,0
EQ-0238,2024-05-31,1
EQ-0424,2024-05-31,0
EQ-0085,2024-05-31,0
EQ-0396,2024-05-31,1
EQ-0331,2024-05-31,0
EQ-0244,2024-05-31,0
EQ-0197,2024-05-31,0
EQ-0001,2024-05-31,0
EQ-0041,2024-05-31,0
EQ-0076,2024-05-31,1
EQ-0183,2024-05-31,0
EQ-0171,2024-05-31,1
EQ-0256,2024-05-31,1
EQ-0060,2024-06-01,0
EQ-0351,2024-06-01,0
EQ-0390,2024-06-01,0
EQ-0182,2024-06-01,0
EQ-0410,2024-06-01,0
EQ-0343,2024-06-01,0
EQ-0326,2024-06-01,0
EQ-0419,2024-06-01,0
EQ-0319,2024-06-01,0
EQ-0086,2024-06-01,0
EQ-0361,2024-06-01,0
EQ-0271,2024-06-01,0
EQ-0145,2024-06-01,0
EQ-0370,2024-06-01,0
EQ-0386,2024-06-01,0
EQ-0093,2024-06-01,0
EQ-0382,2024-06-01,0
EQ-0120,2024-06-01,0
EQ-0006,2024-06-01,0
EQ-0037,2024-06-01,0
EQ-0010,2024-06-01,0
EQ-0289,2024-06-01,0
EQ-0376,2024-06-01,0
EQ-0031,2024-06-02,0
EQ-0174,2024-06-02,0
EQ-0148,2024-06-02,0
EQ-0068,2024-06-02,0
EQ-0363,2024-06-02,0
EQ-0061,2024-06-02,0
EQ-0002,2024-06-02,0
EQ-0272,2024-06-02,0
EQ-0416,2024-06-02,0
EQ-0379,2024-06-02,0
EQ-0113,2024-06-02,1
EQ-0315,2024-06-02,0
EQ-0043,2024-06-02,0
EQ-0171,2024-06-02,1
EQ-0374,2024-06-02,0
EQ-0022,2024-06-02,0
EQ-0364,2024-06-03,0
EQ-0011,2024-06-03,0
EQ-0327,2024-06-03,0
EQ-0260,2024-06-03,0
EQ-0089,2024-06-03,1
EQ-0042,2024-06-03,0
EQ-0375,2024-06-03,1
EQ-0178,2024-06-03,0
EQ-0069,2024-06-03,0
EQ-0184,2024-06-03,0
EQ-0019,2024-06-03,0
EQ-0240,2024-06-03,0
EQ-0031,2024-06-03,0
EQ-0317,2024-06-03,0
EQ-0248,2024-06-03,1
EQ-0273,2024-06-04,0
EQ-0226,2024-06-04,0
EQ-0158,2024-06-04,0
EQ-0178,2024-06-04,0
EQ-0279,2024-06-04,0
EQ-0110,2024-06-04,0
EQ-0402,2024-06-04,0
EQ-0062,2024-06-04,0
EQ-0382,2024-06-04,0
EQ-0244,2024-06-04,0
EQ-0069,2024-06-04,0
EQ-0155,2024-06-04,0
EQ-0028,2024-06-04,0
EQ-0373,2024-06-04,0
EQ-0162,2024-06-04,0
EQ-0109,2024-06-04,0
EQ-0054,2024-06-04,0
EQ-0252,2024-06-05,0
EQ-0046,2024-06-05,0
EQ-0360,2024-06-05,0
EQ-0294,2024-06-05,0
EQ-0425,2024-06-05,0
EQ-0379,2024-06-05,0
EQ-0047,2024-06-05,0
EQ-0088,2024-06-05,0
EQ-0144,2024-06-05,0
EQ-0297,2024-06-05,0
EQ-0426,2024-06-05,0
EQ-0070,2024-06-05,0
EQ-0030,2024-06-05,0
EQ-0152,2024-06-05,0
EQ-0308,2024-06-05,0
EQ-0439,2024-06-05,0
EQ-0409,2024-06-05,0
EQ-0291,2024-06-05,0
EQ-0067,2024-06-05,0
EQ-0167,2024-06-05,0
EQ-0210,2024-06-06,1
EQ-0177,2024-06-06,0
EQ-0316,2024-06-06,0
EQ-0096,2024-06-06,0
EQ-0275,2024-06-06,0
EQ-0424,2024-06-06,0
EQ-0066,2024-06-06,0
EQ-0262,2024-06-06,0
EQ-0037,2024-06-06,0
EQ-0056,2024-06-06,0
EQ-0214,2024-06-06,0
EQ-0153,2024-06-06,1
EQ-0104,2024-06-06,0
EQ-0377,2024-06-06,0
EQ-0134,2024-06-06,0
EQ-0244,2024-06-06,0
EQ-0288,2024-06-06,0
EQ-0150,2024-06-06,0
EQ-0152,2024-06-06,0
EQ-0005,2024-06-07,0
EQ-0003,2024-06-07,0
EQ-0114,2024-06-07,0
EQ-0201,2024-06-07,1
EQ-0001,2024-06-07,0
EQ-0027,2024-06-07,0
EQ-0047,2024-06-07,0
EQ-0359,2024-06-07,0
EQ-0166,2024-06-07,0
EQ-0357,2024-06-07,0
EQ-0101,2024-06-07,0
EQ-0341,2024-06-07,0
EQ-0077,2024-06-07,0
EQ-0007,2024-06-07,0
EQ-0075,2024-06-07,0
EQ-0366,2024-06-07,0
EQ-0033,2024-06-07,0
EQ-0092,2024-06-07,0
EQ-0142,2024-06-07,0
EQ-0279,2024-06-07,0
EQ-0249,2024-06-07,0
EQ-0346,2024-06-07,0
EQ-0164,2024-06-07,0
EQ-0040,2024-06-07,1
EQ-0111,2024-06-08,0
EQ-0154,2024-06-08,0
EQ-0065,2024-06-08,0
EQ-0157,2024-06-08,0
EQ-0215,2024-06-08,0
EQ-0322,2024-06-08,0
EQ-0165,2024-06-08,0
EQ-0224,2024-06-08,0
EQ-0304,2024-06-08,0
EQ-0099,2024-06-08,0
EQ-0148,2024-06-08,0
EQ-0045,2024-06-08,0
EQ-0060,2024-06-08,0
EQ-0404,2024-06-08,0
EQ-0318,2024-06-08,0
EQ-0055,2024-06-08,0
EQ-0187,2024-06-08,0
EQ-0028,2024-06-08,0
EQ-0287,2024-06-09,0
EQ-0385,2024-06-09,0
EQ-0128,2024-06-09,0
EQ-0309,2024-06-09,0
EQ-0073,2024-06-09,0
EQ-0369,2024-06-09,0
EQ-0256,2024-06-09,1
EQ-0427,2024-06-09,0
EQ-0263,2024-06-09,0
EQ-0397,2024-06-09,1
EQ-0245,2024-06-09,0
EQ-0432,2024-06-09,0
EQ-0421,2024-06-09,0
EQ-0406,2024-06-09,0
EQ-0013,2024-06-09,1
EQ-0062,2024-06-10,0
EQ-0256,2024-06-10,1
EQ-0023,2024-06-10,0
EQ-0281,2024-06-10,0
EQ-0413,2024-06-10,0
EQ-0209,2024-06-10,0
EQ-0223,2024-06-10,0
EQ-0204,2024-06-10,0
EQ-0198,2024-06-10,0
EQ-0018,2024-06-10,0
EQ-0206,2024-06-10,0
EQ-0252,2024-06-10,0
EQ-0320,2024-06-10,0
EQ-0417,2024-06-10,0
EQ-0380,2024-06-10,0
EQ-0201,2024-06-10,1
EQ-0127,2024-06-10,0
EQ-0130,2024-06-10,0
EQ-0185,2024-06-11,0
EQ-0189,2024-06-11,0
EQ-0267,2024-06-11,0
EQ-0107,2024-06-11,0
EQ-0437,2024-06-11,1
EQ-0314,2024-06-11,0
EQ-0374,2024-06-11,0
EQ-0435,2024-06-11,0
EQ-0049,2024-06-11,0
EQ-0393,2024-06-11,0
EQ-0159,2024-06-11,1
EQ-0270,2024-06-11,0
EQ-0242,2024-06-11,0
EQ-0395,2024-06-12,0
EQ-0042,2024-06-12,0
EQ-0229,2024-06-12,0
EQ-0212,2024-06-12,0
EQ-0192,2024-06-12,0
EQ-0389,2024-06-12,0
EQ-0168,2024-06-12,0
EQ-0128,2024-06-12,0
EQ-0081,2024-06-12,0
EQ-0188,2024-06-12,0
EQ-0174,2024-06-12,0
EQ-0300,2024-06-12,0
EQ-0301,2024-06-12,0
EQ-0033,2024-06-12,0
EQ-0305,2024-06-12,1
EQ-0232,2024-06-12,0
EQ-0160,2024-06-12,1
EQ-0261,2024-06-12,0
EQ-0344,2024-06-12,0
EQ-0203,2024-06-12,0
EQ-0380,2024-06-12,0
EQ-0048,2024-06-12,0
EQ-0262,2024-06-12,0
EQ-0337,2024-06-12,0
EQ-0052,2024-06-13,0
EQ-0274,2024-06-13,0
EQ-0366,2024-06-13,0
EQ-0170,2024-06-13,0
EQ-0098,2024-06-13,0
EQ-0257,2024-06-13,0
EQ-0292,2024-06-13,0
EQ-0020,2024-06-13,0
EQ-0005,2024-06-13,0
EQ-0414,2024-06-13,0
EQ-0269,2024-06-13,0
EQ-0135,2024-06-13,0
EQ-0266,2024-06-13,0
EQ-0066,2024-06-13,0
EQ-0392,2024-06-13,0
EQ-0261,2024-06-13,0
EQ-0281,2024-06-14,1
EQ-0368,2024-06-14,0
EQ-0399,2024-06-14,0
EQ-0063,2024-06-14,0
EQ-0205,2024-06-14,0
EQ-0220,2024-06-14,0
EQ-0369,2024-06-14,0
EQ-0267,2024-06-14,0
EQ-0207,2024-06-14,0
EQ-0190,2024-06-14,0
EQ-0230,2024-06-14,0
EQ-0146,2024-06-14,0
EQ-0058,2024-06-14,0
EQ-0179,2024-06-14,0
EQ-0156,2024-06-14,0
EQ-0105,2024-06-14,0
EQ-0009,2024-06-14,0
EQ-0405,2024-06-14,0
EQ-0072,2024-06-14,0
EQ-0067,2024-06-15,0
EQ-0429,2024-06-15,0
EQ-0254,2024-06-15,0
EQ-0100,2024-06-15,0
EQ-0290,2024-06-15,1
EQ-0106,2024-06-15,0
EQ-0273,2024-06-15,0
EQ-0365,2024-06-15,0
EQ-0391,2024-06-15,0
EQ-0003,2024-06-15,0
EQ-0196,2024-06-15,0
EQ-0008,2024-06-15,0
EQ-0265,2024-06-15,0
EQ-0424,2024-06-15,0
EQ-0434,2024-06-15,0
EQ-0387,2024-06-15,0
EQ-0437,2024-06-15,1
EQ-0144,2024-06-15,0
EQ-0193,2024-06-15,0
EQ-0139,2024-06-15,0
EQ-0373,2024-06-16,0
EQ-0012,2024-06-16,0
EQ-0088,2024-06-16,0
EQ-0431,2024-06-16,0
EQ-0436,2024-06-16,0
EQ-0200,2024-06-16,0
EQ-0310,2024-06-16,1
EQ-0258,2024-06-16,0
EQ-0402,2024-06-16,0
EQ-0371,2024-06-16,0
EQ-0298,2024-06-16,0
EQ-0052,2024-06-16,0
EQ-0423,2024-06-16,0
EQ-0173,2024-06-16,0
EQ-0176,2024-06-16,1
EQ-0415,2024-06-16,0
EQ-0312,2024-06-16,0
EQ-0014,2024-06-16,0
EQ-0121,2024-06-16,0
EQ-0296,2024-06-16,0
EQ-0283,2024-06-16,0
EQ-0334,2024-06-17,1
EQ-0040,2024-06-17,1
EQ-0418,2024-06-17,0
EQ-0173,2024-06-17,0
EQ-0411,2024-06-17,0
EQ-0342,2024-06-17,0
EQ-0055,2024-06-17,0
EQ-0191,2024-06-17,0
EQ-0278,2024-06-17,0
EQ-0014,2024-06-17,0
EQ-0016,2024-06-17,1
EQ-0038,2024-06-17,0
EQ-0339,2024-06-17,0
EQ-0384,2024-06-17,0
EQ-0007,2024-06-17,0
EQ-0048,2024-06-18,0
EQ-0161,2024-06-18,1
EQ-0324,2024-06-18,0
EQ-0260,2024-06-18,0
EQ-0422,2024-06-18,0
EQ-0401,2024-06-18,0
EQ-0147,2024-06-18,0
EQ-0181,2024-06-18,0
EQ-0095,2024-06-18,0
EQ-0282,2024-06-18,0
EQ-0064,2024-06-18,0
EQ-0259,2024-06-18,0
EQ-0163,2024-06-18,0
EQ-0117,2024-06-18,0
EQ-0349,2024-06-18,0
EQ-0051,2024-06-18,0
EQ-0151,2024-06-18,0
EQ-0254,2024-06-18,0
EQ-0091,2024-06-18,0
EQ-0350,2024-06-18,0
EQ-0430,2024-06-18,0
EQ-0134,2024-06-18,0
EQ-0264,2024-06-18,0
EQ-0172,2024-06-19,0
EQ-0227,2024-06-19,0
EQ-0214,2024-06-19,0
EQ-0378,2024-06-19,0
EQ-0276,2024-06-19,0
EQ-0157,2024-06-19,0
EQ-0143,2024-06-19,0
EQ-0362,2024-06-19,0
EQ-0367,2024-06-19,1
EQ-0438,2024-06-19,0
EQ-0313,2024-06-19,0
EQ-0015,2024-06-19,0
EQ-0280,2024-06-19,0
EQ-0253,2024-06-19,0
EQ-0381,2024-06-19,0
EQ-0331,2024-06-19,0
EQ-0268,2024-06-19,0
EQ-0217,2024-06-19,0
EQ-0140,2024-06-19,0
EQ-0186,2024-06-19,0
EQ-0199,2024-06-19,0
EQ-0036,2024-06-20,0
EQ-0257,2024-06-20,0
EQ-0302,2024-06-20,0
EQ-0149,2024-06-20,0
EQ-0338,2024-06-20,0
EQ-0015,2024-06-20,0
EQ-0041,2024-06-20,0
EQ-0024,2024-06-20,0
EQ-0159,2024-06-20,1
EQ-0103,2024-06-20,0
EQ-0225,2024-06-20,0
EQ-0293,2024-06-20,0
EQ-0400,2024-06-20,0
EQ-0268,2024-06-20,0
EQ-0039,2024-06-20,0
EQ-0211,2024-06-20,0
EQ-0150,2024-06-20,0
EQ-0025,2024-06-20,1
EQ-0010,2024-06-20,0
EQ-0337,2024-06-20,0
EQ-0222,2024-06-21,0
EQ-0124,2024-06-21,0
EQ-0336,2024-06-21,0
EQ-0302,2024-06-21,0
EQ-0087,2024-06-21,0
EQ-0233,2024-06-21,0
EQ-0023,2024-06-21,0
EQ-0277,2024-06-21,0
EQ-0345,2024-06-21,0
EQ-0044,2024-06-21,0
EQ-0316,2024-06-21,0
EQ-0381,2024-06-21,0
EQ-0306,2024-06-21,0
EQ-0266,2024-06-22,0
EQ-0027,2024-06-22,0
EQ-0263,2024-06-22,0
EQ-0162,2024-06-22,0
EQ-0154,2024-06-22,0
EQ-0434,2024-06-22,0
EQ-0013,2024-06-22,1
EQ-0108,2024-06-22,0
EQ-0251,2024-06-22,0
EQ-0241,2024-06-22,0
EQ-0329,2024-06-22,0
EQ-0132,2024-06-22,0
EQ-0057,2024-06-22,0
EQ-0090,2024-06-22,0
EQ-0046,2024-06-22,0
EQ-0004,2024-06-22,0
EQ-0001,2024-06-22,0
EQ-0153,2024-06-22,1
EQ-0203,2024-06-22,0
EQ-0398,2024-06-22,0
EQ-0321,2024-06-22,0
EQ-0378,2024-06-22,0
EQ-0247,2024-06-22,0
EQ-0110,2024-06-23,0
EQ-0295,2024-06-23,0
EQ-0156,2024-06-23,0
EQ-0236,2024-06-23,0
EQ-0136,2024-06-23,0
EQ-0307,2024-06-23,0
EQ-0035,2024-06-23,0
EQ-0353,2024-06-23,0
EQ-0393,2024-06-23,0
EQ-0377,2024-06-23,0
EQ-0158,2024-06-23,0
EQ-0155,2024-06-23,0
EQ-0029,2024-06-23,0
EQ-0303,2024-06-23,0
EQ-0372,2024-06-23,1
EQ-0009,2024-06-23,0
EQ-0392,2024-06-23,0
EQ-0299,2024-06-24,0
EQ-0238,2024-06-24,1
EQ-0274,2024-06-24,0
EQ-0021,2024-06-24,0
EQ-0286,2024-06-24,0
EQ-0396,2024-06-24,1
EQ-0053,2024-06-24,0
EQ-0102,2024-06-24,0
EQ-0403,2024-06-24,0
EQ-0250,2024-06-25,0
EQ-0008,2024-06-25,0
EQ-0420,2024-06-25,1
EQ-0138,2024-06-25,0
EQ-0243,2024-06-25,0
EQ-0387,2024-06-25,0
EQ-0317,2024-06-25,0
EQ-0116,2024-06-25,0
EQ-0016,2024-06-25,1
EQ-0115,2024-06-25,0
EQ-0237,2024-06-25,0
EQ-0354,2024-06-25,1
EQ-0197,2024-06-25,0
EQ-0416,2024-06-25,0
EQ-0133,2024-06-25,1
EQ-0234,2024-06-25,0
EQ-0050,2024-06-25,0
EQ-0056,2024-06-25,0
EQ-0017,2024-06-26,0
EQ-0131,2024-06-26,0
EQ-0388,2024-06-26,0
EQ-0235,2024-06-26,0
EQ-0059,2024-06-26,0
EQ-0175,2024-06-26,0
EQ-0278,2024-06-26,0
EQ-0356,2024-06-26,0
EQ-0246,2024-06-26,0
EQ-0061,2024-06-26,0
EQ-0166,2024-06-26,0
EQ-0180,2024-06-26,0
EQ-0183,2024-06-26,0
EQ-0177,2024-06-27,0
EQ-0065,2024-06-27,0
EQ-0239,2024-06-27,0
EQ-0074,2024-06-27,0
EQ-0039,2024-06-27,0
EQ-0194,2024-06-27,0
EQ-0022,2024-06-27,0
EQ-0084,2024-06-27,0
EQ-0011,2024-06-27,0
EQ-0236,2024-06-27,0
EQ-0311,2024-06-27,0
EQ-0002,2024-06-27,0
EQ-0122,2024-06-27,0
EQ-0094,2024-06-27,0
EQ-0335,2024-06-27,0
EQ-0036,2024-06-27,0
EQ-0332,2024-06-27,0
EQ-0169,2024-06-27,0
EQ-0433,2024-06-27,0
EQ-0231,2024-06-27,0
EQ-0333,2024-06-27,0
EQ-0053,2024-06-27,0
EQ-0043,2024-06-28,0
EQ-0331,2024-06-28,0
EQ-0218,2024-06-28,0
EQ-0391,2024-06-28,0
EQ-0191,2024-06-28,0
EQ-0049,2024-06-28,0
EQ-0151,2024-06-28,0
EQ-0355,2024-06-28,0
EQ-0216,2024-06-28,0
EQ-0137,2024-06-28,0
EQ-0340,2024-06-28,0
EQ-0330,2024-06-28,0
EQ-0367,2024-06-28,1
EQ-0012,2024-06-28,0
EQ-0063,2024-06-28,0
EQ-0123,2024-06-28,0
EQ-0163,2024-06-28,0
EQ-0141,2024-06-29,0
EQ-0394,2024-06-29,0
EQ-0083,2024-06-29,0
EQ-0082,2024-06-29,0
EQ-0097,2024-06-29,0
EQ-0371,2024-06-29,0
EQ-0432,2024-06-29,0
EQ-0347,2024-06-29,0
EQ-0164,2024-06-29,0
EQ-0064,2024-06-29,0
EQ-0126,2024-06-29,0
EQ-0038,2024-06-29,0
EQ-0172,2024-06-29,0
EQ-0323,2024-06-29,0
EQ-0179,2024-06-29,0
EQ-0234,2024-06-29,0
EQ-0352,2024-06-29,1
EQ-0034,2024-06-29,0
EQ-0280,2024-06-29,0
EQ-0119,2024-06-29,0
EQ-0259,2024-06-29,0
EQ-0284,2024-06-29,0
EQ-0433,2024-06-30,0
EQ-0219,2024-06-30,0
EQ-0181,2024-06-30,0
EQ-0032,2024-06-30,0
EQ-0227,2024-06-30,0
EQ-0389,2024-06-30,0
EQ-0213,2024-06-30,0
EQ-0358,2024-06-30,0
EQ-0026,2024-06-30,0
EQ-0044,2024-06-30,0
EQ-0071,2024-06-30,0
EQ-0051,2024-06-30,0
EQ-0408,2024-06-30,0
EQ-0175,2024-06-30,0
EQ-0221,2024-06-30,0
EQ-0285,2024-06-30,0
EQ-0202,2024-06-30,1
EQ-0126,2024-06-30,0
EQ-0078,2024-06-30,1
EQ-0412,2024-07-01,0
EQ-0055,2024-07-01,0
EQ-0420,2024-07-01,1
EQ-0356,2024-07-01,0
EQ-0072,2024-07-01,0
EQ-0147,2024-07-01,0
EQ-0331,2024-07-01,0
EQ-0027,2024-07-01,0
EQ-0259,2024-07-01,0
EQ-0184,2024-07-01,0
EQ-0128,2024-07-01,0
EQ-0097,2024-07-01,0
EQ-0008,2024-07-01,0
EQ-0096,2024-07-01,0
EQ-0262,2024-07-01,0
EQ-0110,2024-07-01,0
EQ-0328,2024-07-01,0
EQ-0015,2024-07-01,0
EQ-0010,2024-07-01,0
EQ-0005,2024-07-01,0
EQ-0153,2024-07-02,0
EQ-0401,2024-07-02,0
EQ-0052,2024-07-02,0
EQ-0274,2024-07-02,0
EQ-0416,2024-07-02,0
EQ-0250,2024-07-02,0
EQ-0065,2024-07-02,0
EQ-0404,2024-07-02,0
EQ-0292,2024-07-02,1
EQ-0260,2024-07-02,0
EQ-0286,2024-07-02,0
EQ-0410,2024-07-02,0
EQ-0283,2024-07-02,0
EQ-0047,2024-07-02,0
EQ-0122,2024-07-03,0
EQ-0038,2024-07-03,0
EQ-0013,2024-07-03,1
EQ-0427,2024-07-03,0
EQ-0241,2024-07-03,0
EQ-0037,2024-07-03,0
EQ-0414,2024-07-03,0
EQ-0317,2024-07-03,0
EQ-0131,2024-07-03,0
EQ-0221,2024-07-03,0
EQ-0019,2024-07-03,0
EQ-0157,2024-07-03,0
EQ-0240,2024-07-03,0
EQ-0280,2024-07-03,0
EQ-0353,2024-07-03,0
EQ-0334,2024-07-04,1
EQ-0150,2024-07-04,0
EQ-0062,2024-07-04,0
EQ-0395,2024-07-04,0
EQ-0040,2024-07-04,1
EQ-0174,2024-07-04,0
EQ-0415,2024-07-04,0
EQ-0302,2024-07-04,0
EQ-0424,2024-07-04,0
EQ-0437,2024-07-04,1
EQ-0305,2024-07-04,1
EQ-0038,2024-07-05,0
EQ-0438,2024-07-05,0
EQ-0004,2024-07-05,0
EQ-0385,2024-07-05,0
EQ-0291,2024-07-05,0
EQ-0177,2024-07-05,0
EQ-0158,2024-07-05,0
EQ-0201,2024-07-05,1
EQ-0265,2024-07-05,0
EQ-0378,2024-07-05,0
EQ-0268,2024-07-05,0
EQ-0308,2024-07-05,0
EQ-0256,2024-07-05,1
EQ-0434,2024-07-05,0
EQ-0398,2024-07-05,0
EQ-0146,2024-07-05,0
EQ-0329,2024-07-05,0
EQ-0266,2024-07-05,0
EQ-0069,2024-07-05,0
EQ-0273,2024-07-05,0
EQ-0181,2024-07-05,0
EQ-0148,2024-07-06,0
EQ-0044,2024-07-06,0
EQ-0325,2024-07-06,0
EQ-0162,2024-07-06,0
EQ-0361,2024-07-06,0
EQ-0314,2024-07-06,0
EQ-0098,2024-07-06,0
EQ-0081,2024-07-06,1
EQ-0227,2024-07-06,0
EQ-0271,2024-07-06,0
EQ-0030,2024-07-06,0
EQ-0037,2024-07-06,0
EQ-0061,2024-07-06,0
EQ-0277,2024-07-07,0
EQ-0310,2024-07-07,1
EQ-0123,2024-07-07,0
EQ-0167,2024-07-07,0
EQ-0229,2024-07-07,0
EQ-0111,2024-07-07,0
EQ-0257,2024-07-07,0
EQ-0055,2024-07-07,0
EQ-0028,2024-07-07,0
EQ-0303,2024-07-07,0
EQ-0316,2024-07-07,0
EQ-0429,2024-07-07,0
EQ-0393,2024-07-07,0
EQ-0103,2024-07-07,0
EQ-0383,2024-07-07,0
EQ-0148,2024-07-08,0
EQ-0416,2024-07-08,0
EQ-0010,2024-07-08,0
EQ-0371,2024-07-08,0
EQ-0150,2024-07-08,0
EQ-0294,2024-07-08,0
EQ-0178,2024-07-08,0
EQ-0392,2024-07-08,0
EQ-0205,2024-07-08,0
EQ-0048,2024-07-08,0
EQ-0376,2024-07-08,0
EQ-0224,2024-07-08,0
EQ-0211,2024-07-08,0
EQ-0071,2024-07-08,0
EQ-0309,2024-07-08,0
EQ-0152,2024-07-08,0
EQ-0279,2024-07-08,0
EQ-0279,2024-07-09,0
EQ-0105,2024-07-09,0
EQ-0145,2024-07-09,0
EQ-0196,2024-07-09,0
EQ-0272,2024-07-09,0
EQ-0206,2024-07-09,0
EQ-0200,2024-07-09,0
EQ-0394,2024-07-09,0
EQ-0405,2024-07-09,0
EQ-0036,2024-07-09,0
EQ-0282,2024-07-09,0
EQ-0179,2024-07-09,0
EQ-0290,2024-07-09,0
EQ-0144,2024-07-09,0
EQ-0261,2024-07-09,0
EQ-0389,2024-07-09,0
EQ-0108,2024-07-09,0
EQ-0044,2024-07-09,0
EQ-0029,2024-07-09,0
EQ-0315,2024-07-10,0
EQ-0295,2024-07-10,0
EQ-0411,2024-07-10,0
EQ-0377,2024-07-10,0
EQ-0432,2024-07-10,0
EQ-0067,2024-07-10,0
EQ-0191,2024-07-10,0
EQ-0235,2024-07-10,0
EQ-0339,2024-07-10,0
EQ-0164,2024-07-10,0
EQ-0437,2024-07-10,0
EQ-0274,2024-07-10,0
EQ-0263,2024-07-10,0
EQ-0327,2024-07-10,0
EQ-0156,2024-07-10,0
EQ-0424,2024-07-10,0
EQ-0095,2024-07-10,0
EQ-0384,2024-07-10,0
EQ-0417,2024-07-10,0
EQ-0101,2024-07-11,0
EQ-0351,2024-07-11,0
EQ-0046,2024-07-11,0
EQ-0093,2024-07-11,0
EQ-0080,2024-07-11,0
EQ-0381,2024-07-11,0
EQ-0137,2024-07-11,0
EQ-0066,2024-07-11,0
EQ-0212,2024-07-11,0
EQ-0244,2024-07-11,0
EQ-0386,2024-07-11,0
EQ-0003,2024-07-11,0
EQ-0324,2024-07-11,0
EQ-0180,2024-07-11,0
EQ-0288,2024-07-11,0
EQ-0203,2024-07-12,0
EQ-0125,2024-07-12,0
EQ-0254,2024-07-12,0
EQ-0357,2024-07-12,0
EQ-0158,2024-07-12,0
EQ-0026,2024-07-12,0
EQ-0049,2024-07-12,0
EQ-0435,2024-07-12,0
EQ-0155,2024-07-12,0
EQ-0349,2024-07-12,0
EQ-0304,2024-07-12,0
EQ-0204,2024-07-12,0
EQ-0197,2024-07-12,0
EQ-0076,2024-07-12,1
EQ-0039,2024-07-12,0
EQ-0043,2024-07-12,0
EQ-0195,2024-07-12,1
EQ-0144,2024-07-13,0
EQ-0285,2024-07-13,0
EQ-0008,2024-07-13,0
EQ-0075,2024-07-13,0
EQ-0380,2024-07-13,1
EQ-0025,2024-07-13,1
EQ-0395,2024-07-13,0
EQ-0192,2024-07-13,0
EQ-0374,2024-07-13,0
EQ-0077,2024-07-13,0
EQ-0297,2024-07-13,0
EQ-0031,2024-07-13,0
EQ-0173,2024-07-13,0
EQ-0369,2024-07-13,0
EQ-0373,2024-07-13,0
EQ-0391,2024-07-13,0
EQ-0388,2024-07-13,0
EQ-0140,2024-07-13,0
EQ-0298,2024-07-13,0
EQ-0265,2024-07-13,0
EQ-0048,2024-07-14,0
EQ-0402,2024-07-14,0
EQ-0379,2024-07-14,0
EQ-0313,2024-07-14,0
EQ-0028,2024-07-14,0
EQ-0259,2024-07-14,0
EQ-0390,2024-07-14,0
EQ-0121,2024-07-14,0
EQ-0199,2024-07-14,0
EQ-0119,2024-07-14,0
EQ-0020,2024-07-14,0
EQ-0377,2024-07-14,0
EQ-0275,2024-07-14,0
EQ-0331,2024-07-14,0
EQ-0161,2024-07-14,1
EQ-0066,2024-07-14,0
EQ-0060,2024-07-14,0
EQ-0183,2024-07-14,0
EQ-0133,2024-07-14,1
EQ-0419,2024-07-14,0
EQ-0051,2024-07-14,0
EQ-0002,2024-07-14,0
EQ-0369,2024-07-14,0
EQ-0226,2024-07-14,0
EQ-0155,2024-07-15,0
EQ-0431,2024-07-15,0
EQ-0238,2024-07-15,1
EQ-0242,2024-07-15,1
EQ-0047,2024-07-15,0
EQ-0350,2024-07-15,0
EQ-0172,2024-07-15,0
EQ-0079,2024-07-15,0
EQ-0112,2024-07-15,0
EQ-0057,2024-07-15,0
EQ-0189,2024-07-15,0
EQ-0335,2024-07-15,0
EQ-0390,2024-07-15,0
EQ-0360,2024-07-15,0
EQ-0316,2024-07-15,0
EQ-0347,2024-07-15,0
EQ-0421,2024-07-16,0
EQ-0042,2024-07-16,0
EQ-0336,2024-07-16,0
EQ-0050,2024-07-16,0
EQ-0198,2024-07-16,0
EQ-0266,2024-07-16,0
EQ-0083,2024-07-16,0
EQ-0063,2024-07-16,0
EQ-0157,2024-07-16,0
EQ-0341,2024-07-16,0
EQ-0059,2024-07-17,0
EQ-0039,2024-07-17,0
EQ-0177,2024-07-17,0
EQ-0232,2024-07-17,0
EQ-0406,2024-07-17,0
EQ-0252,2024-07-17,0
EQ-0389,2024-07-17,0
EQ-0352,2024-07-17,1
EQ-0126,2024-07-17,0
EQ-0191,2024-07-17,0
EQ-0159,2024-07-17,0
EQ-0427,2024-07-17,0
EQ-0099,2024-07-17,0
EQ-0154,2024-07-17,0
EQ-0223,2024-07-17,0
EQ-0332,2024-07-17,0
EQ-0365,2024-07-18,0
EQ-0210,2024-07-18,1
EQ-0102,2024-07-18,0
EQ-0300,2024-07-18,0
EQ-0230,2024-07-18,0
EQ-0371,2024-07-18,0
EQ-0236,2024-07-18,0
EQ-0216,2024-07-18,0
EQ-0135,2024-07-18,0
EQ-0439,2024-07-18,0
EQ-0244,2024-07-18,0
EQ-0023,2024-07-18,0
EQ-0345,2024-07-18,0
EQ-0149,2024-07-18,0
EQ-0217,2024-07-18,0
EQ-0042,2024-07-18,0
EQ-0397,2024-07-18,1
EQ-0115,2024-07-18,0
EQ-0387,2024-07-18,0
EQ-0434,2024-07-18,0
EQ-0166,2024-07-18,0
EQ-0382,2024-07-18,0
EQ-0264,2024-07-18,0
EQ-0261,2024-07-18,0
EQ-0270,2024-07-19,0
EQ-0173,2024-07-19,0
EQ-0056,2024-07-19,0
EQ-0367,2024-07-19,1
EQ-0169,2024-07-19,0
EQ-0040,2024-07-19,1
EQ-0143,2024-07-19,0
EQ-0203,2024-07-19,0
EQ-0129,2024-07-19,0
EQ-0388,2024-07-19,0
EQ-0181,2024-07-19,0
EQ-0213,2024-07-19,0
EQ-0033,2024-07-19,0
EQ-0179,2024-07-19,0
EQ-0400,2024-07-19,0
EQ-0051,2024-07-19,0
EQ-0100,2024-07-20,0
EQ-0402,2024-07-20,0
EQ-0139,2024-07-20,0
EQ-0392,2024-07-20,0
EQ-0202,2024-07-20,0
EQ-0041,2024-07-20,0
EQ-0175,2024-07-20,0
EQ-0170,2024-07-20,0
EQ-0070,2024-07-20,0
EQ-0380,2024-07-20,1
EQ-0053,2024-07-20,0
EQ-0293,2024-07-20,0
EQ-0014,2024-07-20,0
EQ-0120,2024-07-21,1
EQ-0319,2024-07-21,0
EQ-0003,2024-07-21,0
EQ-0151,2024-07-21,0
EQ-0225,2024-07-21,0
EQ-0436,2024-07-21,0
EQ-0182,2024-07-21,0
EQ-0355,2024-07-21,0
EQ-0409,2024-07-21,0
EQ-0190,2024-07-21,0
EQ-0166,2024-07-21,0
EQ-0317,2024-07-21,0
EQ-0159,2024-07-21,0
EQ-0193,2024-07-21,0
EQ-0231,2024-07-21,0
EQ-0323,2024-07-21,0
EQ-0124,2024-07-21,0
EQ-0007,2024-07-21,0
EQ-0022,2024-07-22,0
EQ-0021,2024-07-22,0
EQ-0104,2024-07-22,0
EQ-0306,2024-07-22,0
EQ-0433,2024-07-22,0
EQ-0296,2024-07-22,0
EQ-0243,2024-07-22,0
EQ-0287,2024-07-22,0
EQ-0043,2024-07-22,0
EQ-0011,2024-07-22,0
EQ-0017,2024-07-22,0
EQ-0015,2024-07-22,0
EQ-0186,2024-07-22,0
EQ-0321,2024-07-22,0
EQ-0358,2024-07-22,0
EQ-0087,2024-07-22,0
EQ-0113,2024-07-22,1
EQ-0431,2024-07-22,0
EQ-0362,2024-07-22,0
EQ-0064,2024-07-22,0
EQ-0053,2024-07-22,0
EQ-0227,2024-07-22,0
EQ-0134,2024-07-22,0
EQ-0393,2024-07-22,0
EQ-0187,2024-07-22,0
EQ-0009,2024-07-22,0
EQ-0036,2024-07-22,0
EQ-0052,2024-07-23,0
EQ-0273,2024-07-23,0
EQ-0014,2024-07-23,0
EQ-0046,2024-07-23,0
EQ-0163,2024-07-23,0
EQ-0363,2024-07-23,0
EQ-0333,2024-07-23,0
EQ-0127,2024-07-23,0
EQ-0236,2024-07-23,0
EQ-0237,2024-07-23,0
EQ-0422,2024-07-23,0
EQ-0034,2024-07-23,0
EQ-0065,2024-07-23,0
EQ-0009,2024-07-23,0
EQ-0045,2024-07-23,0
EQ-0174,2024-07-23,0
EQ-0178,2024-07-23,0
EQ-0257,2024-07-23,0
EQ-0132,2024-07-23,0
EQ-0006,2024-07-23,0
EQ-0067,2024-07-23,0
EQ-0267,2024-07-23,0
EQ-0425,2024-07-24,0
EQ-0407,2024-07-24,0
EQ-0233,2024-07-24,0
EQ-0168,2024-07-24,0
EQ-0092,2024-07-24,0
EQ-0163,2024-07-24,0
EQ-0365,2024-07-24,0
EQ-0085,2024-07-24,0
EQ-0433,2024-07-24,0
EQ-0428,2024-07-24,0
EQ-0252,2024-07-24,0
EQ-0107,2024-07-24,0
EQ-0378,2024-07-24,0
EQ-0219,2024-07-24,0
EQ-0373,2024-07-25,0
EQ-0164,2024-07-25,0
EQ-0152,2024-07-25,0
EQ-0110,2024-07-25,0
EQ-0064,2024-07-25,0
EQ-0263,2024-07-25,0
EQ-0312,2024-07-25,0
EQ-0258,2024-07-25,0
EQ-0284,2024-07-25,0
EQ-0253,2024-07-25,0
EQ-0280,2024-07-25,0
EQ-0218,2024-07-25,0
EQ-0176,2024-07-25,0
EQ-0262,2024-07-25,0
EQ-0281,2024-07-25,1
EQ-0342,2024-07-25,0
EQ-0426,2024-07-26,0
EQ-0001,2024-07-26,0
EQ-0138,2024-07-26,0
EQ-0391,2024-07-26,0
EQ-0082,2024-07-26,0
EQ-0382,2024-07-26,0
EQ-0307,2024-07-26,0
EQ-0049,2024-07-26,0
EQ-0162,2024-07-26,0
EQ-0165,2024-07-26,0
EQ-0134,2024-07-26,0
EQ-0359,2024-07-26,0
EQ-0114,2024-07-26,0
EQ-0348,2024-07-26,0
EQ-0061,2024-07-26,0
EQ-0154,2024-07-26,0
EQ-0379,2024-07-26,0
EQ-0289,2024-07-26,0
EQ-0116,2024-07-26,0
EQ-0084,2024-07-26,0
EQ-0281,2024-07-26,1
EQ-0074,2024-07-26,0
EQ-0033,2024-07-26,0
EQ-0374,2024-07-26,0
EQ-0035,2024-07-27,0
EQ-0022,2024-07-27,0
EQ-0160,2024-07-27,0
EQ-0117,2024-07-27,0
EQ-0234,2024-07-27,0
EQ-0020,2024-07-27,0
EQ-0011,2024-07-27,1
EQ-0381,2024-07-27,0
EQ-0012,2024-07-27,0
EQ-0432,2024-07-27,0
EQ-0188,2024-07-27,0
EQ-0337,2024-07-27,0
EQ-0031,2024-07-27,0
EQ-0093,2024-07-27,0
EQ-0060,2024-07-27,0
EQ-0058,2024-07-27,0
EQ-0346,2024-07-27,0
EQ-0354,2024-07-27,1
EQ-0276,2024-07-27,0
EQ-0228,2024-07-27,0
EQ-0318,2024-07-27,0
EQ-0063,2024-07-27,0
EQ-0175,2024-07-27,0
EQ-0165,2024-07-28,0
EQ-0091,2024-07-28,0
EQ-0338,2024-07-28,0
EQ-0172,2024-07-28,0
EQ-0056,2024-07-28,0
EQ-0396,2024-07-28,0
EQ-0090,2024-07-28,0
EQ-0394,2024-07-28,0
EQ-0276,2024-07-28,0
EQ-0234,2024-07-28,0
EQ-0387,2024-07-28,0
EQ-0024,2024-07-28,0
EQ-0002,2024-07-28,0
EQ-0215,2024-07-28,0
EQ-0142,2024-07-28,1
EQ-0068,2024-07-28,0
EQ-0278,2024-07-28,0
EQ-0267,2024-07-28,0
EQ-0260,2024-07-28,0
EQ-0136,2024-07-29,0
EQ-0418,2024-07-29,0
EQ-0368,2024-07-29,0
EQ-0027,2024-07-29,0
EQ-0032,2024-07-29,0
EQ-0073,2024-07-29,0
EQ-0128,2024-07-29,0
EQ-0255,2024-07-29,0
EQ-0088,2024-07-29,0
EQ-0209,2024-07-29,0
EQ-0430,2024-07-29,0
EQ-0156,2024-07-29,0
EQ-0366,2024-07-29,0
EQ-0302,2024-07-29,1
EQ-0185,2024-07-29,0
EQ-0214,2024-07-29,0
EQ-0269,2024-07-29,0
EQ-0086,2024-07-29,0
EQ-0007,2024-07-29,0
EQ-0299,2024-07-29,0
EQ-0248,2024-07-29,0
EQ-0130,2024-07-30,0
EQ-0320,2024-07-30,0
EQ-0278,2024-07-30,0
EQ-0201,2024-07-30,1
EQ-0220,2024-07-30,0
EQ-0054,2024-07-30,0
EQ-0194,2024-07-30,0
EQ-0364,2024-07-30,0
EQ-0413,2024-07-30,0
EQ-0366,2024-07-30,0
EQ-0118,2024-07-30,0
EQ-0247,2024-07-30,0
EQ-0016,2024-07-30,1
EQ-0222,2024-07-30,0
EQ-0069,2024-07-31,0
EQ-0344,2024-07-31,0
EQ-0078,2024-07-31,0
EQ-0207,2024-07-31,0
EQ-0254,2024-07-31,0
EQ-0251,2024-07-31,0
EQ-0151,2024-07-31,0
EQ-0245,2024-07-31,0
EQ-0408,2024-07-31,0
EQ-0246,2024-07-31,0
EQ-0239,2024-07-31,0
EQ-0088,2024-07-31,0
EQ-0023,2024-07-31,0
EQ-0403,2024-07-31,0
EQ-0311,2024-07-31,0
EQ-0330,2024-07-31,0
EQ-0367,2024-07-31,0
EQ-0106,2024-07-31,0
EQ-0399,2024-07-31,0
EQ-0001,2024-07-31,0
EQ-0326,2024-07-31,0
EQ-0005,2024-08-01,0
EQ-0371,2024-08-01,0
EQ-0129,2024-08-01,0
EQ-0258,2024-08-01,0
EQ-0004,2024-08-01,0
EQ-0046,2024-08-01,0
EQ-0030,2024-08-01,0
EQ-0377,2024-08-01,0
EQ-0209,2024-08-01,0
EQ-0392,2024-08-01,0
EQ-0050,2024-08-01,0
EQ-0276,2024-08-01,0
EQ-0055,2024-08-01,0
EQ-0368,2024-08-01,0
EQ-0324,2024-08-01,0
EQ-0374,2024-08-01,0
EQ-0286,2024-08-01,0
EQ-0142,2024-08-01,1
EQ-0128,2024-08-01,0
EQ-0319,2024-08-01,0
EQ-0015,2024-08-01,0
EQ-0247,2024-08-01,0
EQ-0249,2024-08-02,0
EQ-0225,2024-08-02,0
EQ-0027,2024-08-02,0
EQ-0437,2024-08-02,0
EQ-0375,2024-08-02,0
EQ-0066,2024-08-02,0
EQ-0360,2024-08-02,0
EQ-0008,2024-08-02,0
EQ-0124,2024-08-02,0
EQ-0354,2024-08-02,1
EQ-0033,2024-08-02,0
EQ-0345,2024-08-03,0
EQ-0075,2024-08-03,0
EQ-0034,2024-08-03,0
EQ-0057,2024-08-03,0
EQ-0273,2024-08-03,0
EQ-0094,2024-08-03,0
EQ-0396,2024-08-03,0
EQ-0117,2024-08-03,0
EQ-0438,2024-08-03,0
EQ-0291,2024-08-03,0
EQ-0290,2024-08-03,0
EQ-0391,2024-08-03,0
EQ-0020,2024-08-04,0
EQ-0242,2024-08-04,1
EQ-0433,2024-08-04,0
EQ-0062,2024-08-04,0
EQ-0266,2024-08-04,0
EQ-0214,2024-08-04,0
EQ-0384,2024-08-04,0
EQ-0263,2024-08-04,0
EQ-0383,2024-08-04,0
EQ-0150,2024-08-04,0
EQ-0437,2024-08-05,0
EQ-0306,2024-08-05,0
EQ-0189,2024-08-05,0
EQ-0428,2024-08-05,0
EQ-0022,2024-08-05,0
EQ-0261,2024-08-05,0
EQ-0439,2024-08-05,0
EQ-0053,2024-08-05,0
EQ-0289,2024-08-05,0
EQ-0050,2024-08-05,0
EQ-0202,2024-08-05,0
EQ-0165,2024-08-05,0
EQ-0229,2024-08-05,0
EQ-0173,2024-08-05,0
EQ-0121,2024-08-05,0
EQ-0100,2024-08-05,0
EQ-0381,2024-08-05,0
EQ-0095,2024-08-05,0
EQ-0087,2024-08-05,0
EQ-0044,2024-08-05,0
EQ-0074,2024-08-05,0
EQ-0015,2024-08-05,0
EQ-0003,2024-08-05,0
EQ-0116,2024-08-05,0
EQ-0315,2024-08-06,0
EQ-0231,2024-08-06,0
EQ-0367,2024-08-06,0
EQ-0406,2024-08-06,0
EQ-0266,2024-08-06,0
EQ-0155,2024-08-06,0
EQ-0280,2024-08-06,0
EQ-0417,2024-08-06,0
EQ-0244,2024-08-06,0
EQ-0147,2024-08-06,0
EQ-0135,2024-08-06,0
EQ-0001,2024-08-06,0
EQ-0060,2024-08-06,0
EQ-0086,2024-08-06,0
EQ-0352,2024-08-06,1
EQ-0134,2024-08-06,0
EQ-0181,2024-08-06,0
EQ-0063,2024-08-06,0
EQ-0061,2024-08-06,0
EQ-0353,2024-08-07,0
EQ-0268,2024-08-07,0
EQ-0154,2024-08-07,0
EQ-0237,2024-08-07,0
EQ-0176,2024-08-07,0
EQ-0432,2024-08-07,0
EQ-0333,2024-08-07,0
EQ-0377,2024-08-07,0
EQ-0426,2024-08-07,0
EQ-0155,2024-08-07,0
EQ-0014,2024-08-07,0
EQ-0040,2024-08-07,1
EQ-0234,2024-08-07,0
EQ-0061,2024-08-07,0
EQ-0083,2024-08-07,0
EQ-0236,2024-08-07,0
EQ-0130,2024-08-07,0
EQ-0045,2024-08-07,0
EQ-0363,2024-08-08,0
EQ-0257,2024-08-08,0
EQ-0260,2024-08-08,0
EQ-0255,2024-08-08,0
EQ-0115,2024-08-08,0
EQ-0204,2024-08-08,0
EQ-0391,2024-08-08,0
EQ-0089,2024-08-08,0
EQ-0056,2024-08-08,0
EQ-0045,2024-08-08,0
EQ-0119,2024-08-08,0
EQ-0434,2024-08-08,0
EQ-0190,2024-08-08,0
EQ-0140,2024-08-08,0
EQ-0330,2024-08-08,0
EQ-0305,2024-08-09,0
EQ-0012,2024-08-09,0
EQ-0292,2024-08-09,1
EQ-0002,2024-08-09,0
EQ-0284,2024-08-09,0
EQ-0139,2024-08-09,0
EQ-0244,2024-08-09,0
EQ-0388,2024-08-09,0
EQ-0402,2024-08-09,0
EQ-0144,2024-08-09,0
EQ-0064,2024-08-09,0
EQ-0252,2024-08-09,0
EQ-0067,2024-08-09,0
EQ-0326,2024-08-09,0
EQ-0238,2024-08-10,1
EQ-0067,2024-08-10,0
EQ-0036,2024-08-10,0
EQ-0420,2024-08-10,0
EQ-0254,2024-08-10,0
EQ-0252,2024-08-10,0
EQ-0143,2024-08-10,0
EQ-0101,2024-08-10,0
EQ-0288,2024-08-10,0
EQ-0230,2024-08-10,0
EQ-0127,2024-08-10,0
EQ-0347,2024-08-10,0
EQ-0431,2024-08-10,0
EQ-0024,2024-08-10,0
EQ-0409,2024-08-10,0
EQ-0153,2024-08-10,0
EQ-0241,2024-08-10,0
EQ-0106,2024-08-10,0
EQ-0112,2024-08-10,0
EQ-0427,2024-08-10,1
EQ-0110,2024-08-10,0
EQ-0068,2024-08-11,0
EQ-0058,2024-08-11,0
EQ-0259,2024-08-11,0
EQ-0257,2024-08-11,0
EQ-0346,2024-08-11,0
EQ-0009,2024-08-11,0
EQ-0200,2024-08-11,0
EQ-0046,2024-08-11,0
EQ-0218,2024-08-11,0
EQ-0151,2024-08-11,0
EQ-0203,2024-08-11,0
EQ-0184,2024-08-11,0
EQ-0427,2024-08-11,1
EQ-0084,2024-08-11,0
EQ-0090,2024-08-11,0
EQ-0079,2024-08-11,0
EQ-0277,2024-08-11,0
EQ-0339,2024-08-11,0
EQ-0411,2024-08-11,0
EQ-0256,2024-08-11,0
EQ-0386,2024-08-11,0
EQ-0054,2024-08-12,0
EQ-0065,2024-08-12,0
EQ-0335,2024-08-12,0
EQ-0393,2024-08-12,0
EQ-0077,2024-08-12,0
EQ-0348,2024-08-12,0
EQ-0145,2024-08-12,0
EQ-0005,2024-08-12,0
EQ-0056,2024-08-12,0
EQ-0097,2024-08-12,0
EQ-0378,2024-08-12,0
EQ-0298,2024-08-12,0
EQ-0399,2024-08-12,0
EQ-0133,2024-08-12,1
EQ-0297,2024-08-12,0
EQ-0328,2024-08-12,0
EQ-0179,2024-08-13,0
EQ-0276,2024-08-13,0
EQ-0114,2024-08-13,0
EQ-0157,2024-08-13,0
EQ-0007,2024-08-13,0
EQ-0141,2024-08-13,0
EQ-0088,2024-08-13,0
EQ-0424,2024-08-13,0
EQ-0128,2024-08-13,0
EQ-0178,2024-08-13,0
EQ-0236,2024-08-13,0
EQ-0049,2024-08-13,0
EQ-0274,2024-08-13,0
EQ-0137,2024-08-13,0
EQ-0279,2024-08-13,0
EQ-0069,2024-08-13,0
EQ-0037,2024-08-13,0
EQ-0414,2024-08-13,0
EQ-0035,2024-08-13,0
EQ-0251,2024-08-13,0
EQ-0113,2024-08-13,0
EQ-0208,2024-08-13,0
EQ-0227,2024-08-13,0
EQ-0436,2024-08-13,0
EQ-0234,2024-08-13,0
EQ-0201,2024-08-14,0
EQ-0093,2024-08-14,0
EQ-0273,2024-08-14,0
EQ-0038,2024-08-14,0
EQ-0421,2024-08-14,0
EQ-0392,2024-08-14,0
EQ-0275,2024-08-14,0
EQ-0388,2024-08-14,0
EQ-0011,2024-08-14,1
EQ-0215,2024-08-14,0
EQ-0177,2024-08-14,0
EQ-0380,2024-08-14,1
EQ-0395,2024-08-14,0
EQ-0156,2024-08-14,1
EQ-0287,2024-08-14,0
EQ-0341,2024-08-14,0
EQ-0174,2024-08-14,0
EQ-0037,2024-08-14,0
EQ-0373,2024-08-14,0
EQ-0337,2024-08-14,0
EQ-0158,2024-08-14,0
EQ-0369,2024-08-14,0
EQ-0088,2024-08-15,0
EQ-0246,2024-08-15,0
EQ-0434,2024-08-15,0
EQ-0260,2024-08-15,0
EQ-0039,2024-08-15,0
EQ-0361,2024-08-15,0
EQ-0317,2024-08-15,0
EQ-0010,2024-08-15,0
EQ-0371,2024-08-15,0
EQ-0393,2024-08-15,0
EQ-0370,2024-08-15,0
EQ-0191,2024-08-15,0
EQ-0309,2024-08-15,0
EQ-0243,2024-08-15,0
EQ-0374,2024-08-15,0
EQ-0063,2024-08-15,0
EQ-0245,2024-08-15,0
EQ-0007,2024-08-15,0
EQ-0196,2024-08-15,0
EQ-0366,2024-08-15,0
EQ-0108,2024-08-15,0
EQ-0096,2024-08-16,0
EQ-0080,2024-08-16,0
EQ-0163,2024-08-16,0
EQ-0131,2024-08-16,1
EQ-0316,2024-08-16,1
EQ-0296,2024-08-16,0
EQ-0232,2024-08-16,0
EQ-0104,2024-08-16,0
EQ-0156,2024-08-16,1
EQ-0092,2024-08-16,0
EQ-0278,2024-08-16,0
EQ-0271,2024-08-16,0
EQ-0071,2024-08-16,0
EQ-0042,2024-08-16,0
EQ-0069,2024-08-16,0
EQ-0011,2024-08-17,1
EQ-0126,2024-08-17,0
EQ-0162,2024-08-17,0
EQ-0387,2024-08-17,0
EQ-0390,2024-08-17,0
EQ-0235,2024-08-17,0
EQ-0164,2024-08-17,0
EQ-0051,2024-08-17,1
EQ-0032,2024-08-17,0
EQ-0047,2024-08-17,0
EQ-0378,2024-08-17,0
EQ-0295,2024-08-17,0
EQ-0158,2024-08-17,0
EQ-0210,2024-08-17,1
EQ-0009,2024-08-17,0
EQ-0003,2024-08-17,0
EQ-0138,2024-08-18,0
EQ-0186,2024-08-18,0
EQ-0171,2024-08-18,1
EQ-0410,2024-08-18,0
EQ-0265,2024-08-18,0
EQ-0188,2024-08-18,0
EQ-0205,2024-08-18,0
EQ-0031,2024-08-18,0
EQ-0065,2024-08-18,0
EQ-0159,2024-08-18,0
EQ-0380,2024-08-18,1
EQ-0226,2024-08-18,0
EQ-0191,2024-08-18,0
EQ-0365,2024-08-18,0
EQ-0123,2024-08-18,0
EQ-0048,2024-08-18,0
EQ-0073,2024-08-19,0
EQ-0351,2024-08-19,0
EQ-0152,2024-08-19,0
EQ-0404,2024-08-19,0
EQ-0102,2024-08-19,0
EQ-0162,2024-08-19,0
EQ-0013,2024-08-19,0
EQ-0254,2024-08-19,0
EQ-0385,2024-08-19,0
EQ-0281,2024-08-19,1
EQ-0019,2024-08-19,0
EQ-0151,2024-08-19,0
EQ-0178,2024-08-19,0
EQ-0314,2024-08-19,0
EQ-0407,2024-08-19,0
EQ-0125,2024-08-19,0
EQ-0021,2024-08-19,0
EQ-0149,2024-08-19,0
EQ-0001,2024-08-19,0
EQ-0379,2024-08-19,0
EQ-0055,2024-08-20,0
EQ-0134,2024-08-20,0
EQ-0038,2024-08-20,0
EQ-0022,2024-08-20,0
EQ-0172,2024-08-20,0
EQ-0312,2024-08-20,0
EQ-0400,2024-08-20,0
EQ-0014,2024-08-20,0
EQ-0337,2024-08-20,0
EQ-0301,2024-08-20,0
EQ-0182,2024-08-20,0
EQ-0157,2024-08-20,0
EQ-0336,2024-08-20,0
EQ-0413,2024-08-20,0
EQ-0026,2024-08-20,0
EQ-0066,2024-08-20,0
EQ-0107,2024-08-20,0
EQ-0028,2024-08-20,0
EQ-0098,2024-08-20,0
EQ-0110,2024-08-20,0
EQ-0132,2024-08-21,0
EQ-0357,2024-08-21,0
EQ-0415,2024-08-21,0
EQ-0262,2024-08-21,0
EQ-0224,2024-08-21,0
EQ-0423,2024-08-21,1
EQ-0359,2024-08-21,0
EQ-0261,2024-08-21,0
EQ-0160,2024-08-21,0
EQ-0272,2024-08-21,0
EQ-0027,2024-08-21,0
EQ-0152,2024-08-21,0
EQ-0283,2024-08-21,0
EQ-0403,2024-08-21,0
EQ-0120,2024-08-21,1
EQ-0317,2024-08-21,0
EQ-0175,2024-08-21,0
EQ-0168,2024-08-21,0
EQ-0008,2024-08-22,0
EQ-0029,2024-08-22,0
EQ-0233,2024-08-22,0
EQ-0248,2024-08-22,0
EQ-0216,2024-08-22,0
EQ-0031,2024-08-22,0
EQ-0408,2024-08-22,0
EQ-0193,2024-08-22,0
EQ-0397,2024-08-22,1
EQ-0118,2024-08-22,0
EQ-0159,2024-08-22,0
EQ-0367,2024-08-22,0
EQ-0398,2024-08-22,0
EQ-0122,2024-08-22,0
EQ-0059,2024-08-22,0
EQ-0016,2024-08-22,0
EQ-0018,2024-08-22,0
EQ-0311,2024-08-23,0
EQ-0373,2024-08-23,0
EQ-0153,2024-08-23,0
EQ-0372,2024-08-23,0
EQ-0321,2024-08-23,0
EQ-0175,2024-08-23,0
EQ-0220,2024-08-23,0
EQ-0170,2024-08-23,0
EQ-0390,2024-08-23,0
EQ-0185,2024-08-23,0
EQ-0206,2024-08-23,0
EQ-0350,2024-08-23,0
EQ-0212,2024-08-23,0
EQ-0318,2024-08-23,0
EQ-0281,2024-08-24,1
EQ-0183,2024-08-24,0
EQ-0366,2024-08-24,0
EQ-0331,2024-08-24,0
EQ-0126,2024-08-24,0
EQ-0302,2024-08-24,1
EQ-0267,2024-08-24,0
EQ-0263,2024-08-24,0
EQ-0303,2024-08-24,0
EQ-0051,2024-08-24,1
EQ-0270,2024-08-24,0
EQ-0412,2024-08-24,0
EQ-0174,2024-08-24,0
EQ-0165,2024-08-24,0
EQ-0164,2024-08-24,0
EQ-0109,2024-08-24,0
EQ-0332,2024-08-24,0
EQ-0072,2024-08-24,0
EQ-0148,2024-08-24,0
EQ-0299,2024-08-25,1
EQ-0163,2024-08-25,0
EQ-0432,2024-08-25,0
EQ-0144,2024-08-25,0
EQ-0052,2024-08-25,0
EQ-0405,2024-08-25,0
EQ-0082,2024-08-25,0
EQ-0064,2024-08-25,0
EQ-0379,2024-08-25,0
EQ-0053,2024-08-25,0
EQ-0166,2024-08-25,0
EQ-0167,2024-08-25,0
EQ-0025,2024-08-25,1
EQ-0429,2024-08-25,0
EQ-0013,2024-08-25,0
EQ-0278,2024-08-26,0
EQ-0214,2024-08-26,1
EQ-0012,2024-08-26,0
EQ-0169,2024-08-26,0
EQ-0166,2024-08-26,0
EQ-0308,2024-08-26,0
EQ-0280,2024-08-26,0
EQ-0136,2024-08-26,0
EQ-0217,2024-08-26,0
EQ-0316,2024-08-26,1
EQ-0219,2024-08-26,0
EQ-0325,2024-08-26,0
EQ-0043,2024-08-26,0
EQ-0211,2024-08-26,0
EQ-0395,2024-08-26,0
EQ-0269,2024-08-26,0
EQ-0062,2024-08-26,0
EQ-0253,2024-08-26,0
EQ-0194,2024-08-26,0
EQ-0173,2024-08-27,0
EQ-0179,2024-08-27,0
EQ-0103,2024-08-27,0
EQ-0172,2024-08-27,0
EQ-0416,2024-08-27,0
EQ-0192,2024-08-27,0
EQ-0154,2024-08-27,0
EQ-0033,2024-08-27,0
EQ-0343,2024-08-27,0
EQ-0078,2024-08-27,0
EQ-0047,2024-08-27,0
EQ-0221,2024-08-27,0
EQ-0227,2024-08-27,0
EQ-0049,2024-08-27,0
EQ-0093,2024-08-27,0
EQ-0187,2024-08-27,0
EQ-0002,2024-08-27,0
EQ-0264,2024-08-27,0
EQ-0240,2024-08-27,0
EQ-0016,2024-08-27,0
EQ-0394,2024-08-28,0
EQ-0282,2024-08-28,0
EQ-0402,2024-08-28,0
EQ-0207,2024-08-28,0
EQ-0040,2024-08-28,1
EQ-0044,2024-08-28,0
EQ-0048,2024-08-28,0
EQ-0180,2024-08-28,0
EQ-0181,2024-08-28,0
EQ-0285,2024-08-28,0
EQ-0369,2024-08-28,0
EQ-0041,2024-08-29,0
EQ-0105,2024-08-29,0
EQ-0250,2024-08-29,0
EQ-0213,2024-08-29,0
EQ-0387,2024-08-29,0
EQ-0381,2024-08-29,0
EQ-0307,2024-08-29,0
EQ-0198,2024-08-29,0
EQ-0085,2024-08-29,0
EQ-0042,2024-08-29,0
EQ-0279,2024-08-29,0
EQ-0334,2024-08-29,0
EQ-0382,2024-08-29,0
EQ-0320,2024-08-29,0
EQ-0070,2024-08-29,0
EQ-0256,2024-08-29,0
EQ-0020,2024-08-29,0
EQ-0222,2024-08-29,0
EQ-0313,2024-08-29,0
EQ-0302,2024-08-29,1
EQ-0081,2024-08-29,1
EQ-0382,2024-08-30,0
EQ-0076,2024-08-30,0
EQ-0267,2024-08-30,0
EQ-0268,2024-08-30,0
EQ-0265,2024-08-30,0
EQ-0259,2024-08-30,0
EQ-0228,2024-08-30,0
EQ-0293,2024-08-30,0
EQ-0435,2024-08-30,1
EQ-0376,2024-08-30,0
EQ-0422,2024-08-30,0
EQ-0327,2024-08-30,0
EQ-0338,2024-08-30,0
EQ-0364,2024-08-30,0
EQ-0389,2024-08-30,0
EQ-0322,2024-08-30,0
EQ-0262,2024-08-30,0
EQ-0161,2024-08-30,0
EQ-0418,2024-08-31,0
EQ-0060,2024-08-31,0
EQ-0052,2024-08-31,0
EQ-0197,2024-08-31,0
EQ-0331,2024-08-31,0
EQ-0150,2024-08-31,0
EQ-0010,2024-08-31,0
EQ-0148,2024-08-31,0
EQ-0091,2024-08-31,0
EQ-0431,2024-08-31,0
EQ-0419,2024-08-31,0
EQ-0099,2024-08-31,0
EQ-0344,2024-08-31,0
EQ-0043,2024-08-31,0
EQ-0433,2024-08-31,0
EQ-0394,2024-08-31,0
EQ-0146,2024-08-31,0
EQ-0323,2024-08-31,0
EQ-0389,2024-08-31,0
EQ-0201,2024-08-31,0
EQ-0401,2024-08-31,0
EQ-0017,2024-08-31,0
EQ-0203,2024-08-31,0
EQ-0023,2024-08-31,0
EQ-0387,2024-09-01,0
EQ-0389,2024-09-01,0
EQ-0292,2024-09-01,1
EQ-0171,2024-09-01,0
EQ-0316,2024-09-01,1
EQ-0058,2024-09-01,0
EQ-0406,2024-09-01,0
EQ-0163,2024-09-01,0
EQ-0065,2024-09-01,0
EQ-0302,2024-09-01,1
EQ-0170,2024-09-01,0
EQ-0374,2024-09-01,0
EQ-0388,2024-09-01,0
EQ-0382,2024-09-01,0
EQ-0156,2024-09-01,1
EQ-0419,2024-09-02,0
EQ-0274,2024-09-02,0
EQ-0345,2024-09-02,0
EQ-0188,2024-09-02,0
EQ-0352,2024-09-02,0
EQ-0110,2024-09-02,0
EQ-0013,2024-09-02,0
EQ-0433,2024-09-02,0
EQ-0183,2024-09-02,0
EQ-0305,2024-09-02,0
EQ-0312,2024-09-02,0
EQ-0093,2024-09-02,0
EQ-0054,2024-09-02,0
EQ-0297,2024-09-02,0
EQ-0181,2024-09-03,0
EQ-0252,2024-09-03,0
EQ-0267,2024-09-03,0
EQ-0066,2024-09-03,0
EQ-0404,2024-09-03,0
EQ-0156,2024-09-03,1
EQ-0081,2024-09-03,1
EQ-0116,2024-09-03,0
EQ-0191,2024-09-03,0
EQ-0257,2024-09-03,0
EQ-0096,2024-09-03,0
EQ-0259,2024-09-03,0
EQ-0371,2024-09-03,0
EQ-0238,2024-09-03,0
EQ-0050,2024-09-03,0
EQ-0262,2024-09-03,0
EQ-0367,2024-09-03,0
EQ-0210,2024-09-03,0
EQ-0024,2024-09-03,0
EQ-0144,2024-09-03,0
EQ-0009,2024-09-03,0
EQ-0089,2024-09-04,0
EQ-0412,2024-09-04,0
EQ-0243,2024-09-04,0
EQ-0439,2024-09-04,0
EQ-0304,2024-09-04,0
EQ-0010,2024-09-04,0
EQ-0155,2024-09-04,0
EQ-0417,2024-09-04,0
EQ-0163,2024-09-04,0
EQ-0042,2024-09-04,0
EQ-0359,2024-09-04,0
EQ-0374,2024-09-04,0
EQ-0033,2024-09-04,0
EQ-0390,2024-09-04,0
EQ-0152,2024-09-04,0
EQ-0380,2024-09-04,1
EQ-0175,2024-09-04,0
EQ-0252,2024-09-04,0
EQ-0340,2024-09-04,0
EQ-0017,2024-09-04,0
EQ-0360,2024-09-04,0
EQ-0213,2024-09-05,0
EQ-0045,2024-09-05,0
EQ-0397,2024-09-05,0
EQ-0009,2024-09-05,0
EQ-0004,2024-09-05,0
EQ-0002,2024-09-05,0
EQ-0227,2024-09-05,0
EQ-0255,2024-09-05,0
EQ-0381,2024-09-05,0
EQ-0388,2024-09-05,0
EQ-0422,2024-09-05,0
EQ-0186,2024-09-05,0
EQ-0266,2024-09-05,0
EQ-0005,2024-09-05,0
EQ-0391,2024-09-05,0
EQ-0011,2024-09-05,1
EQ-0157,2024-09-05,0
EQ-0394,2024-09-06,0
EQ-0121,2024-09-06,0
EQ-0209,2024-09-06,0
EQ-0334,2024-09-06,0
EQ-0246,2024-09-06,0
EQ-0291,2024-09-06,1
EQ-0049,2024-09-06,0
EQ-0051,2024-09-06,1
EQ-0350,2024-09-06,0
EQ-0320,2024-09-06,0
EQ-0012,2024-09-06,0
EQ-0138,2024-09-06,0
EQ-0141,2024-09-06,0
EQ-0025,2024-09-06,1
EQ-0023,2024-09-06,0
EQ-0095,2024-09-06,0
EQ-0146,2024-09-06,0
EQ-0261,2024-09-06,0
EQ-0395,2024-09-06,0
EQ-0343,2024-09-06,0
EQ-0117,2024-09-06,0
EQ-0061,2024-09-07,0
EQ-0040,2024-09-07,0
EQ-0408,2024-09-07,0
EQ-0212,2024-09-07,0
EQ-0357,2024-09-07,0
EQ-0245,2024-09-07,0
EQ-0383,2024-09-07,0
EQ-0046,2024-09-07,0
EQ-0010,2024-09-07,0
EQ-0300,2024-09-07,0
EQ-0364,2024-09-07,0
EQ-0067,2024-09-07,0
EQ-0288,2024-09-07,0
EQ-0006,2024-09-07,0
EQ-0016,2024-09-07,0
EQ-0379,2024-09-08,0
EQ-0244,2024-09-08,0
EQ-0355,2024-09-08,0
EQ-0194,2024-09-08,0
EQ-0109,2024-09-08,1
EQ-0115,2024-09-08,0
EQ-0204,2024-09-08,0
EQ-0206,2024-09-08,0
EQ-0392,2024-09-08,0
EQ-0008,2024-09-08,0
EQ-0118,2024-09-08,0
EQ-0112,2024-09-08,0
EQ-0018,2024-09-08,0
EQ-0159,2024-09-08,0
EQ-0145,2024-09-08,0
EQ-0122,2024-09-09,0
EQ-0208,2024-09-09,0
EQ-0233,2024-09-09,0
EQ-0166,2024-09-09,0
EQ-0120,2024-09-09,1
EQ-0201,2024-09-09,0
EQ-0038,2024-09-09,0
EQ-0154,2024-09-09,0
EQ-0401,2024-09-09,0
EQ-0394,2024-09-09,0
EQ-0111,2024-09-09,0
EQ-0282,2024-09-09,0
EQ-0402,2024-09-09,0
EQ-0150,2024-09-09,0
EQ-0234,2024-09-09,0
EQ-0134,2024-09-09,0
EQ-0035,2024-09-09,0
EQ-0203,2024-09-09,0
EQ-0265,2024-09-09,0
EQ-0311,2024-09-09,0
EQ-0384,2024-09-09,0
EQ-0085,2024-09-09,0
EQ-0324,2024-09-09,0
EQ-0351,2024-09-09,0
EQ-0217,2024-09-09,0
EQ-0269,2024-09-10,0
EQ-0069,2024-09-10,0
EQ-0164,2024-09-10,0
EQ-0128,2024-09-10,0
EQ-0034,2024-09-10,0
EQ-0414,2024-09-10,0
EQ-0278,2024-09-10,0
EQ-0060,2024-09-10,0
EQ-0396,2024-09-10,0
EQ-0131,2024-09-10,1
EQ-0137,2024-09-10,0
EQ-0139,2024-09-10,0
EQ-0052,2024-09-10,0
EQ-0152,2024-09-10,0
EQ-0014,2024-09-10,0
EQ-0337,2024-09-10,0
EQ-0354,2024-09-10,0
EQ-0216,2024-09-10,0
EQ-0023,2024-09-10,0
EQ-0402,2024-09-10,0
EQ-0055,2024-09-10,0
EQ-0362,2024-09-10,0
EQ-0260,2024-09-10,0
EQ-0395,2024-09-10,0
EQ-0301,2024-09-11,0
EQ-0277,2024-09-11,0
EQ-0104,2024-09-11,0
EQ-0124,2024-09-11,0
EQ-0363,2024-09-11,0
EQ-0281,2024-09-11,0
EQ-0244,2024-09-11,0
EQ-0103,2024-09-11,0
EQ-0151,2024-09-11,0
EQ-0166,2024-09-11,0
EQ-0076,2024-09-11,0
EQ-0319,2024-09-11,0
EQ-0376,2024-09-11,0
EQ-0289,2024-09-11,0
EQ-0033,2024-09-11,0
EQ-0168,2024-09-11,0
EQ-0377,2024-09-11,0
EQ-0088,2024-09-11,0
EQ-0332,2024-09-11,0
EQ-0177,2024-09-11,1
EQ-0330,2024-09-11,0
EQ-0133,2024-09-11,0
EQ-0327,2024-09-11,0
EQ-0405,2024-09-11,0
EQ-0090,2024-09-12,1
EQ-0248,2024-09-12,0
EQ-0431,2024-09-12,0
EQ-0191,2024-09-12,0
EQ-0254,2024-09-12,0
EQ-0020,2024-09-12,0
EQ-0261,2024-09-12,0
EQ-0265,2024-09-12,0
EQ-0048,2024-09-12,0
EQ-0227,2024-09-12,0
EQ-0393,2024-09-12,0
EQ-0079,2024-09-12,0
EQ-0086,2024-09-12,0
EQ-0381,2024-09-12,0
EQ-0164,2024-09-12,0
EQ-0328,2024-09-12,0
EQ-0293,2024-09-12,0
EQ-0028,2024-09-12,0
EQ-0039,2024-09-12,0
EQ-0051,2024-09-12,1
EQ-0424,2024-09-12,0
EQ-0433,2024-09-13,0
EQ-0069,2024-09-13,0
EQ-0214,2024-09-13,1
EQ-0161,2024-09-13,0
EQ-0205,2024-09-13,0
EQ-0173,2024-09-13,0
EQ-0202,2024-09-13,0
EQ-0181,2024-09-13,0
EQ-0179,2024-09-13,0
EQ-0172,2024-09-13,0
EQ-0285,2024-09-13,0
EQ-0276,2024-09-13,0
EQ-0082,2024-09-13,0
EQ-0050,2024-09-13,0
EQ-0055,2024-09-13,0
EQ-0426,2024-09-13,0
EQ-0153,2024-09-13,0
EQ-0286,2024-09-13,0
EQ-0250,2024-09-13,0
EQ-0280,2024-09-13,0
EQ-0091,2024-09-13,0
EQ-0380,2024-09-14,1
EQ-0039,2024-09-14,0
EQ-0235,2024-09-14,0
EQ-0379,2024-09-14,0
EQ-0155,2024-09-14,0
EQ-0119,2024-09-14,0
EQ-0221,2024-09-14,0
EQ-0077,2024-09-14,0
EQ-0036,2024-09-14,0
EQ-0268,2024-09-14,0
EQ-0114,2024-09-15,0
EQ-0398,2024-09-15,0
EQ-0062,2024-09-15,0
EQ-0073,2024-09-15,0
EQ-0098,2024-09-15,0
EQ-0029,2024-09-15,0
EQ-0432,2024-09-15,0
EQ-0415,2024-09-15,0
EQ-0427,2024-09-15,1
EQ-0377,2024-09-15,0
EQ-0071,2024-09-15,0
EQ-0031,2024-09-15,0
EQ-0273,2024-09-15,0
EQ-0044,2024-09-16,0
EQ-0299,2024-09-16,1
EQ-0011,2024-09-16,1
EQ-0284,2024-09-16,0
EQ-0331,2024-09-16,0
EQ-0149,2024-09-16,0
EQ-0361,2024-09-16,0
EQ-0126,2024-09-16,0
EQ-0322,2024-09-16,0
EQ-0307,2024-09-16,0
EQ-0144,2024-09-16,0
EQ-0001,2024-09-16,0
EQ-0014,2024-09-16,0
EQ-0303,2024-09-16,0
EQ-0378,2024-09-16,0
EQ-0196,2024-09-16,0
EQ-0067,2024-09-16,0
EQ-0387,2024-09-16,0
EQ-0365,2024-09-16,0
EQ-0108,2024-09-16,0
EQ-0057,2024-09-16,0
EQ-0346,2024-09-16,0
EQ-0275,2024-09-16,0
EQ-0074,2024-09-16,0
EQ-0390,2024-09-17,0
EQ-0249,2024-09-17,0
EQ-0022,2024-09-17,0
EQ-0223,2024-09-17,0
EQ-0040,2024-09-17,0
EQ-0254,2024-09-17,0
EQ-0423,2024-09-17,1
EQ-0173,2024-09-17,0
EQ-0215,2024-09-17,0
EQ-0019,2024-09-17,0
EQ-0053,2024-09-17,0
EQ-0037,2024-09-17,0
EQ-0211,2024-09-17,0
EQ-0184,2024-09-17,0
EQ-0349,2024-09-17,1
EQ-0399,2024-09-17,0
EQ-0002,2024-09-17,0
EQ-0093,2024-09-17,0
EQ-0263,2024-09-18,0
EQ-0219,2024-09-18,0
EQ-0059,2024-09-18,0
EQ-0393,2024-09-18,0
EQ-0315,2024-09-18,0
EQ-0335,2024-09-18,0
EQ-0230,2024-09-18,0
EQ-0136,2024-09-18,0
EQ-0007,2024-09-18,0
EQ-0172,2024-09-18,0
EQ-0078,2024-09-18,0
EQ-0375,2024-09-18,0
EQ-0338,2024-09-18,0
EQ-0134,2024-09-18,0
EQ-0347,2024-09-18,0
EQ-0003,2024-09-18,0
EQ-0016,2024-09-18,0
EQ-0436,2024-09-18,0
EQ-0044,2024-09-18,0
EQ-0143,2024-09-18,0
EQ-0174,2024-09-18,0
EQ-0368,2024-09-18,0
EQ-0065,2024-09-18,0
EQ-0032,2024-09-18,0
EQ-0099,2024-09-19,0
EQ-0198,2024-09-19,0
EQ-0192,2024-09-19,0
EQ-0385,2024-09-19,0
EQ-0431,2024-09-19,0
EQ-0053,2024-09-19,0
EQ-0102,2024-09-19,0
EQ-0430,2024-09-19,0
EQ-0237,2024-09-19,0
EQ-0203,2024-09-19,0
EQ-0225,2024-09-19,0
EQ-0257,2024-09-19,0
EQ-0094,2024-09-19,0
EQ-0296,2024-09-19,0
EQ-0234,2024-09-19,0
EQ-0272,2024-09-19,0
EQ-0276,2024-09-19,0
EQ-0135,2024-09-19,0
EQ-0001,2024-09-19,0
EQ-0043,2024-09-19,0
EQ-0224,2024-09-19,0
EQ-0097,2024-09-19,0
EQ-0148,2024-09-20,0
EQ-0020,2024-09-20,0
EQ-0142,2024-09-20,1
EQ-0113,2024-09-20,0
EQ-0037,2024-09-20,0
EQ-0310,2024-09-20,0
EQ-0290,2024-09-20,0
EQ-0392,2024-09-20,0
EQ-0271,2024-09-20,0
EQ-0174,2024-09-20,0
EQ-0165,2024-09-20,0
EQ-0008,2024-09-20,0
EQ-0278,2024-09-20,0
EQ-0022,2024-09-20,0
EQ-0162,2024-09-20,0
EQ-0407,2024-09-20,0
EQ-0056,2024-09-20,0
EQ-0015,2024-09-20,0
EQ-0100,2024-09-21,0
EQ-0326,2024-09-21,0
EQ-0151,2024-09-21,0
EQ-0348,2024-09-21,0
EQ-0438,2024-09-21,0
EQ-0369,2024-09-21,0
EQ-0158,2024-09-21,0
EQ-0434,2024-09-21,0
EQ-0339,2024-09-21,0
EQ-0333,2024-09-21,0
EQ-0409,2024-09-21,0
EQ-0281,2024-09-21,0
EQ-0391,2024-09-21,0
EQ-0259,2024-09-21,0
EQ-0012,2024-09-21,0
EQ-0325,2024-09-21,0
EQ-0101,2024-09-21,0
EQ-0418,2024-09-21,0
EQ-0413,2024-09-22,0
EQ-0437,2024-09-22,0
EQ-0045,2024-09-22,0
EQ-0060,2024-09-22,0
EQ-0042,2024-09-22,0
EQ-0066,2024-09-22,0
EQ-0313,2024-09-22,0
EQ-0003,2024-09-22,0
EQ-0253,2024-09-22,0
EQ-0182,2024-09-22,0
EQ-0232,2024-09-22,0
EQ-0200,2024-09-22,0
EQ-0064,2024-09-22,0
EQ-0030,2024-09-22,0
EQ-0242,2024-09-22,1
EQ-0435,2024-09-23,1
EQ-0043,2024-09-23,0
EQ-0256,2024-09-23,0
EQ-0047,2024-09-23,0
EQ-0403,2024-09-23,0
EQ-0123,2024-09-23,0
EQ-0153,2024-09-23,0
EQ-0342,2024-09-23,0
EQ-0273,2024-09-23,0
EQ-0080,2024-09-23,0
EQ-0366,2024-09-23,0
EQ-0229,2024-09-23,0
EQ-0176,2024-09-23,0
EQ-0341,2024-09-23,0
EQ-0197,2024-09-23,0
EQ-0063,2024-09-23,0
EQ-0247,2024-09-23,0
EQ-0240,2024-09-24,0
EQ-0015,2024-09-24,0
EQ-0437,2024-09-24,0
EQ-0270,2024-09-24,0
EQ-0331,2024-09-24,0
EQ-0279,2024-09-24,0
EQ-0356,2024-09-24,0
EQ-0147,2024-09-24,0
EQ-0231,2024-09-24,0
EQ-0372,2024-09-24,0
EQ-0416,2024-09-24,0
EQ-0256,2024-09-24,0
EQ-0309,2024-09-24,0
EQ-0378,2024-09-24,0
EQ-0167,2024-09-24,0
EQ-0323,2024-09-24,0
EQ-0061,2024-09-24,0
EQ-0421,2024-09-24,0
EQ-0070,2024-09-25,0
EQ-0353,2024-09-25,0
EQ-0267,2024-09-25,0
EQ-0434,2024-09-25,0
EQ-0251,2024-09-25,0
EQ-0432,2024-09-25,0
EQ-0201,2024-09-25,0
EQ-0150,2024-09-25,0
EQ-0365,2024-09-25,0
EQ-0092,2024-09-25,0
EQ-0162,2024-09-25,0
EQ-0110,2024-09-25,0
EQ-0130,2024-09-25,0
EQ-0386,2024-09-25,0
EQ-0083,2024-09-25,0
EQ-0178,2024-09-25,0
EQ-0189,2024-09-25,0
EQ-0169,2024-09-25,0
EQ-0125,2024-09-25,0
EQ-0260,2024-09-25,0
EQ-0132,2024-09-25,0
EQ-0302,2024-09-25,1
EQ-0027,2024-09-25,0
EQ-0064,2024-09-26,0
EQ-0370,2024-09-26,0
EQ-0279,2024-09-26,0
EQ-0199,2024-09-26,1
EQ-0088,2024-09-26,0
EQ-0195,2024-09-26,0
EQ-0416,2024-09-26,0
EQ-0222,2024-09-26,0
EQ-0308,2024-09-26,0
EQ-0190,2024-09-26,0
EQ-0072,2024-09-26,0
EQ-0263,2024-09-27,0
EQ-0129,2024-09-27,0
EQ-0126,2024-09-27,0
EQ-0048,2024-09-27,0
EQ-0178,2024-09-27,0
EQ-0317,2024-09-27,0
EQ-0337,2024-09-27,0
EQ-0268,2024-09-27,0
EQ-0366,2024-09-27,0
EQ-0314,2024-09-27,0
EQ-0087,2024-09-27,0
EQ-0157,2024-09-27,0
EQ-0283,2024-09-27,0
EQ-0005,2024-09-27,1
EQ-0140,2024-09-27,0
EQ-0052,2024-09-27,0
EQ-0241,2024-09-27,0
EQ-0358,2024-09-27,0
EQ-0295,2024-09-27,0
EQ-0236,2024-09-28,0
EQ-0165,2024-09-28,0
EQ-0021,2024-09-28,0
EQ-0056,2024-09-28,0
EQ-0127,2024-09-28,0
EQ-0046,2024-09-28,0
EQ-0258,2024-09-28,0
EQ-0266,2024-09-28,0
EQ-0318,2024-09-28,0
EQ-0262,2024-09-28,0
EQ-0031,2024-09-28,0
EQ-0027,2024-09-28,0
EQ-0400,2024-09-28,0
EQ-0321,2024-09-28,0
EQ-0007,2024-09-28,0
EQ-0175,2024-09-28,0
EQ-0075,2024-09-28,0
EQ-0382,2024-09-29,0
EQ-0062,2024-09-29,0
EQ-0179,2024-09-29,0
EQ-0317,2024-09-29,0
EQ-0105,2024-09-29,0
EQ-0218,2024-09-29,0
EQ-0036,2024-09-29,0
EQ-0026,2024-09-29,0
EQ-0128,2024-09-29,0
EQ-0028,2024-09-29,0
EQ-0185,2024-09-29,0
EQ-0411,2024-09-29,0
EQ-0369,2024-09-29,0
EQ-0106,2024-09-29,0
EQ-0041,2024-09-29,0
EQ-0220,2024-09-29,0
EQ-0425,2024-09-29,0
EQ-0239,2024-09-29,0
EQ-0207,2024-09-30,0
EQ-0371,2024-09-30,0
EQ-0180,2024-09-30,0
EQ-0193,2024-09-30,0
EQ-0424,2024-09-30,0
EQ-0373,2024-09-30,0
EQ-0158,2024-09-30,0
EQ-0068,2024-09-30,0
EQ-0226,2024-09-30,0
EQ-0336,2024-09-30,0
EQ-0084,2024-09-30,0
EQ-0298,2024-09-30,0
EQ-0154,2024-09-30,0
EQ-0264,2024-09-30,0
EQ-0429,2024-09-30,0
EQ-0280,2024-09-30,0
EQ-0160,2024-09-30,0
EQ-0428,2024-09-30,0
EQ-0316,2024-09-30,1
EQ-0410,2024-09-30,0
EQ-0049,2024-09-30,0
EQ-0111,2024-10-01,0
EQ-0388,2024-10-01,0
EQ-0146,2024-10-01,0
EQ-0008,2024-10-01,0
EQ-0049,2024-10-01,0
EQ-0072,2024-10-01,0
EQ-0394,2024-10-01,0
EQ-0389,2024-10-01,0
EQ-0283,2024-10-01,0
EQ-0191,2024-10-01,0
EQ-0431,2024-10-01,0
EQ-0056,2024-10-01,0
EQ-0013,2024-10-01,0
EQ-0201,2024-10-01,0
EQ-0039,2024-10-01,0
EQ-0293,2024-10-01,0
EQ-0224,2024-10-01,0
EQ-0170,2024-10-02,0
EQ-0394,2024-10-02,0
EQ-0069,2024-10-02,0
EQ-0437,2024-10-02,0
EQ-0312,2024-10-02,0
EQ-0407,2024-10-02,0
EQ-0396,2024-10-02,0
EQ-0158,2024-10-02,0
EQ-0357,2024-10-02,0
EQ-0296,2024-10-02,0
EQ-0265,2024-10-02,0
EQ-0340,2024-10-02,0
EQ-0060,2024-10-02,0
EQ-0004,2024-10-02,0
EQ-0028,2024-10-03,0
EQ-0277,2024-10-03,0
EQ-0166,2024-10-03,0
EQ-0058,2024-10-03,0
EQ-0430,2024-10-03,0
EQ-0118,2024-10-03,0
EQ-0234,2024-10-03,0
EQ-0116,2024-10-03,0
EQ-0052,2024-10-03,0
EQ-0424,2024-10-03,0
EQ-0402,2024-10-03,0
EQ-0225,2024-10-03,0
EQ-0436,2024-10-03,0
EQ-0375,2024-10-03,0
EQ-0267,2024-10-03,0
EQ-0053,2024-10-03,0
EQ-0331,2024-10-03,0
EQ-0155,2024-10-03,0
EQ-0434,2024-10-04,0
EQ-0351,2024-10-04,0
EQ-0073,2024-10-04,0
EQ-0264,2024-10-04,0
EQ-0070,2024-10-04,0
EQ-0273,2024-10-04,0
EQ-0128,2024-10-04,0
EQ-0368,2024-10-04,0
EQ-0294,2024-10-04,0
EQ-0182,2024-10-04,0
EQ-0162,2024-10-04,0
EQ-0318,2024-10-04,0
EQ-0086,2024-10-04,0
EQ-0076,2024-10-04,0
EQ-0064,2024-10-04,0
EQ-0315,2024-10-05,0
EQ-0279,2024-10-05,0
EQ-0135,2024-10-05,0
EQ-0392,2024-10-05,0
EQ-0272,2024-10-05,0
EQ-0069,2024-10-05,0
EQ-0041,2024-10-05,0
EQ-0002,2024-10-05,0
EQ-0130,2024-10-05,0
EQ-0380,2024-10-05,0
EQ-0014,2024-10-05,0
EQ-0403,2024-10-05,0
EQ-0274,2024-10-05,0
EQ-0127,2024-10-05,0
EQ-0142,2024-10-05,0
EQ-0159,2024-10-05,0
EQ-0231,2024-10-05,0
EQ-0100,2024-10-06,0
EQ-0266,2024-10-06,0
EQ-0387,2024-10-06,0
EQ-0256,2024-10-06,0
EQ-0063,2024-10-06,0
EQ-0248,2024-10-06,0
EQ-0081,2024-10-06,0
EQ-0197,2024-10-06,0
EQ-0153,2024-10-06,0
EQ-0356,2024-10-06,0
EQ-0235,2024-10-06,0
EQ-0151,2024-10-06,0
EQ-0385,2024-10-06,0
EQ-0062,2024-10-06,0
EQ-0226,2024-10-06,0
EQ-0050,2024-10-06,0
EQ-0338,2024-10-06,0
EQ-0245,2024-10-06,0
EQ-0413,2024-10-06,0
EQ-0217,2024-10-07,0
EQ-0110,2024-10-07,0
EQ-0046,2024-10-07,0
EQ-0039,2024-10-07,0
EQ-0139,2024-10-07,0
EQ-0379,2024-10-07,0
EQ-0395,2024-10-07,0
EQ-0126,2024-10-07,0
EQ-0400,2024-10-07,0
EQ-0276,2024-10-07,0
EQ-0158,2024-10-07,0
EQ-0330,2024-10-07,0
EQ-0219,2024-10-07,0
EQ-0099,2024-10-07,0
EQ-0011,2024-10-07,1
EQ-0149,2024-10-07,0
EQ-0328,2024-10-07,0
EQ-0025,2024-10-07,0
EQ-0147,2024-10-07,0
EQ-0242,2024-10-07,1
EQ-0157,2024-10-07,0
EQ-0036,2024-10-07,0
EQ-0148,2024-10-08,0
EQ-0106,2024-10-08,0
EQ-0018,2024-10-08,0
EQ-0377,2024-10-08,0
EQ-0317,2024-10-08,0
EQ-0237,2024-10-08,0
EQ-0404,2024-10-08,0
EQ-0285,2024-10-08,0
EQ-0421,2024-10-08,0
EQ-0027,2024-10-08,0
EQ-0420,2024-10-08,0
EQ-0215,2024-10-08,0
EQ-0031,2024-10-08,0
EQ-0260,2024-10-08,0
EQ-0180,2024-10-08,0
EQ-0367,2024-10-09,0
EQ-0390,2024-10-09,0
EQ-0402,2024-10-09,0
EQ-0218,2024-10-09,0
EQ-0249,2024-10-09,0
EQ-0227,2024-10-09,0
EQ-0299,2024-10-09,1
EQ-0014,2024-10-09,0
EQ-0022,2024-10-09,0
EQ-0175,2024-10-09,0
EQ-0083,2024-10-09,0
EQ-0128,2024-10-09,0
EQ-0358,2024-10-09,0
EQ-0154,2024-10-09,0
EQ-0355,2024-10-09,0
EQ-0040,2024-10-09,0
EQ-0344,2024-10-09,0
EQ-0429,2024-10-09,0
EQ-0168,2024-10-10,0
EQ-0203,2024-10-10,0
EQ-0060,2024-10-10,0
EQ-0154,2024-10-10,0
EQ-0236,2024-10-10,0
EQ-0437,2024-10-10,0
EQ-0256,2024-10-10,0
EQ-0079,2024-10-10,0
EQ-0260,2024-10-10,0
EQ-0144,2024-10-10,0
EQ-0129,2024-10-10,0
EQ-0365,2024-10-10,0
EQ-0372,2024-10-10,0
EQ-0433,2024-10-10,0
EQ-0066,2024-10-10,0
EQ-0042,2024-10-10,0
EQ-0172,2024-10-10,0
EQ-0035,2024-10-10,0
EQ-0005,2024-10-10,1
EQ-0184,2024-10-10,0
EQ-0246,2024-10-10,0
EQ-0406,2024-10-11,0
EQ-0391,2024-10-11,0
EQ-0015,2024-10-11,0
EQ-0252,2024-10-11,0
EQ-0097,2024-10-11,0
EQ-0114,2024-10-11,0
EQ-0434,2024-10-11,0
EQ-0034,2024-10-11,0
EQ-0302,2024-10-11,1
EQ-0337,2024-10-11,0
EQ-0055,2024-10-11,0
EQ-0349,2024-10-11,1
EQ-0043,2024-10-11,0
EQ-0141,2024-10-11,0
EQ-0181,2024-10-11,0
EQ-0192,2024-10-11,0
EQ-0415,2024-10-11,0
EQ-0371,2024-10-11,0
EQ-0255,2024-10-12,0
EQ-0131,2024-10-12,0
EQ-0281,2024-10-12,0
EQ-0426,2024-10-12,0
EQ-0151,2024-10-12,0
EQ-0275,2024-10-12,0
EQ-0179,2024-10-12,1
EQ-0432,2024-10-12,0
EQ-0166,2024-10-12,0
EQ-0410,2024-10-12,0
EQ-0363,2024-10-12,0
EQ-0370,2024-10-12,0
EQ-0209,2024-10-12,0
EQ-0109,2024-10-12,1
EQ-0252,2024-10-12,0
EQ-0138,2024-10-12,1
EQ-0107,2024-10-12,0
EQ-0202,2024-10-12,0
EQ-0095,2024-10-12,1
EQ-0290,2024-10-12,0
EQ-0230,2024-10-12,0
EQ-0052,2024-10-12,0
EQ-0181,2024-10-12,0
EQ-0098,2024-10-12,0
EQ-0177,2024-10-12,1
EQ-0382,2024-10-12,0
EQ-0195,2024-10-12,0
EQ-0297,2024-10-12,0
EQ-0120,2024-10-12,0
EQ-0162,2024-10-13,0
EQ-0250,2024-10-13,0
EQ-0254,2024-10-13,0
EQ-0393,2024-10-13,0
EQ-0075,2024-10-13,0
EQ-0013,2024-10-13,0
EQ-0196,2024-10-13,0
EQ-0369,2024-10-13,0
EQ-0092,2024-10-13,0
EQ-0071,2024-10-13,0
EQ-0362,2024-10-13,0
EQ-0044,2024-10-13,0
EQ-0273,2024-10-13,0
EQ-0134,2024-10-13,0
EQ-0020,2024-10-13,0
EQ-0089,2024-10-13,0
EQ-0121,2024-10-13,0
EQ-0042,2024-10-13,0
EQ-0179,2024-10-13,1
EQ-0155,2024-10-13,0
EQ-0335,2024-10-14,0
EQ-0408,2024-10-14,0
EQ-0334,2024-10-14,0
EQ-0093,2024-10-14,0
EQ-0043,2024-10-14,0
EQ-0210,2024-10-14,1
EQ-0038,2024-10-14,0
EQ-0310,2024-10-14,0
EQ-0422,2024-10-14,0
EQ-0433,2024-10-14,0
EQ-0341,2024-10-14,0
EQ-0156,2024-10-14,1
EQ-0346,2024-10-14,0
EQ-0145,2024-10-14,0
EQ-0216,2024-10-15,0
EQ-0234,2024-10-15,0
EQ-0232,2024-10-15,0
EQ-0016,2024-10-15,0
EQ-0023,2024-10-15,0
EQ-0360,2024-10-15,0
EQ-0038,2024-10-15,0
EQ-0282,2024-10-15,0
EQ-0085,2024-10-15,0
EQ-0212,2024-10-15,0
EQ-0271,2024-10-15,1
EQ-0124,2024-10-15,0
EQ-0278,2024-10-15,0
EQ-0051,2024-10-15,1
EQ-0321,2024-10-15,0
EQ-0007,2024-10-15,0
EQ-0263,2024-10-15,0
EQ-0033,2024-10-15,0
EQ-0207,2024-10-15,0
EQ-0417,2024-10-15,0
EQ-0015,2024-10-16,0
EQ-0160,2024-10-16,0
EQ-0096,2024-10-16,0
EQ-0174,2024-10-16,0
EQ-0122,2024-10-16,0
EQ-0427,2024-10-16,1
EQ-0367,2024-10-16,0
EQ-0259,2024-10-16,0
EQ-0140,2024-10-16,0
EQ-0094,2024-10-16,0
EQ-0084,2024-10-16,0
EQ-0017,2024-10-16,0
EQ-0381,2024-10-16,0
EQ-0316,2024-10-16,0
EQ-0077,2024-10-16,0
EQ-0036,2024-10-16,0
EQ-0053,2024-10-16,0
EQ-0266,2024-10-16,0
EQ-0348,2024-10-17,0
EQ-0222,2024-10-17,0
EQ-0416,2024-10-17,0
EQ-0439,2024-10-17,0
EQ-0223,2024-10-17,0
EQ-0051,2024-10-17,1
EQ-0067,2024-10-17,0
EQ-0044,2024-10-17,0
EQ-0265,2024-10-17,0
EQ-0307,2024-10-17,0
EQ-0104,2024-10-17,0
EQ-0206,2024-10-17,0
EQ-0153,2024-10-17,0
EQ-0339,2024-10-17,0
EQ-0352,2024-10-17,0
EQ-0302,2024-10-17,1
EQ-0322,2024-10-17,0
EQ-0087,2024-10-18,0
EQ-0379,2024-10-18,0
EQ-0108,2024-10-18,0
EQ-0397,2024-10-18,0
EQ-0021,2024-10-18,0
EQ-0289,2024-10-18,0
EQ-0428,2024-10-18,0
EQ-0393,2024-10-18,0
EQ-0152,2024-10-18,0
EQ-0201,2024-10-18,0
EQ-0082,2024-10-18,0
EQ-0019,2024-10-19,0
EQ-0361,2024-10-19,0
EQ-0354,2024-10-19,0
EQ-0280,2024-10-19,0
EQ-0010,2024-10-19,0
EQ-0384,2024-10-19,0
EQ-0165,2024-10-19,0
EQ-0208,2024-10-19,0
EQ-0244,2024-10-19,0
EQ-0088,2024-10-19,0
EQ-0331,2024-10-19,0
EQ-0011,2024-10-19,1
EQ-0238,2024-10-19,0
EQ-0414,2024-10-19,0
EQ-0119,2024-10-19,0
EQ-0064,2024-10-19,0
EQ-0185,2024-10-19,0
EQ-0214,2024-10-19,1
EQ-0031,2024-10-19,0
EQ-0353,2024-10-20,0
EQ-0311,2024-10-20,0
EQ-0401,2024-10-20,0
EQ-0062,2024-10-20,0
EQ-0364,2024-10-20,0
EQ-0102,2024-10-20,0
EQ-0063,2024-10-20,0
EQ-0274,2024-10-20,0
EQ-0050,2024-10-20,0
EQ-0373,2024-10-20,0
EQ-0205,2024-10-20,0
EQ-0026,2024-10-20,0
EQ-0178,2024-10-20,0
EQ-0199,2024-10-20,1
EQ-0291,2024-10-20,1
EQ-0326,2024-10-20,0
EQ-0093,2024-10-20,0
EQ-0333,2024-10-20,0
EQ-0047,2024-10-20,0
EQ-0389,2024-10-20,0
EQ-0200,2024-10-20,0
EQ-0204,2024-10-20,0
EQ-0157,2024-10-20,0
EQ-0365,2024-10-21,0
EQ-0163,2024-10-21,0
EQ-0243,2024-10-21,0
EQ-0175,2024-10-21,0
EQ-0045,2024-10-21,0
EQ-0173,2024-10-21,0
EQ-0221,2024-10-21,0
EQ-0027,2024-10-21,0
EQ-0425,2024-10-22,0
EQ-0020,2024-10-22,0
EQ-0286,2024-10-22,1
EQ-0125,2024-10-22,0
EQ-0115,2024-10-22,0
EQ-0159,2024-10-22,0
EQ-0030,2024-10-22,0
EQ-0392,2024-10-22,0
EQ-0136,2024-10-22,0
EQ-0055,2024-10-22,0
EQ-0324,2024-10-22,0
EQ-0190,2024-10-22,0
EQ-0388,2024-10-22,0
EQ-0012,2024-10-22,0
EQ-0304,2024-10-22,0
EQ-0374,2024-10-22,0
EQ-0342,2024-10-22,0
EQ-0254,2024-10-22,0
EQ-0258,2024-10-22,0
EQ-0016,2024-10-22,0
EQ-0074,2024-10-22,0
EQ-0045,2024-10-22,0
EQ-0409,2024-10-22,0
EQ-0418,2024-10-22,0
EQ-0090,2024-10-23,1
EQ-0186,2024-10-23,0
EQ-0022,2024-10-23,0
EQ-0317,2024-10-23,0
EQ-0048,2024-10-23,0
EQ-0300,2024-10-23,0
EQ-0003,2024-10-23,0
EQ-0398,2024-10-23,0
EQ-0156,2024-10-23,1
EQ-0028,2024-10-23,0
EQ-0007,2024-10-23,0
EQ-0194,2024-10-23,0
EQ-0327,2024-10-23,0
EQ-0347,2024-10-23,0
EQ-0319,2024-10-23,0
EQ-0211,2024-10-24,0
EQ-0371,2024-10-24,0
EQ-0281,2024-10-24,0
EQ-0276,2024-10-24,0
EQ-0229,2024-10-24,0
EQ-0167,2024-10-24,0
EQ-0261,2024-10-24,0
EQ-0029,2024-10-24,0
EQ-0247,2024-10-24,0
EQ-0198,2024-10-24,0
EQ-0164,2024-10-24,0
EQ-0033,2024-10-24,0
EQ-0366,2024-10-25,0
EQ-0257,2024-10-25,0
EQ-0057,2024-10-25,0
EQ-0359,2024-10-25,0
EQ-0117,2024-10-25,0
EQ-0251,2024-10-25,0
EQ-0269,2024-10-25,0
EQ-0337,2024-10-25,0
EQ-0427,2024-10-25,1
EQ-0381,2024-10-25,0
EQ-0236,2024-10-25,0
EQ-0010,2024-10-25,0
EQ-0171,2024-10-25,0
EQ-0009,2024-10-25,0
EQ-0380,2024-10-25,0
EQ-0088,2024-10-26,0
EQ-0268,2024-10-26,0
EQ-0228,2024-10-26,0
EQ-0133,2024-10-26,0
EQ-0301,2024-10-26,0
EQ-0336,2024-10-26,0
EQ-0350,2024-10-26,0
EQ-0399,2024-10-26,0
EQ-0267,2024-10-26,0
EQ-0395,2024-10-26,0
EQ-0343,2024-10-26,0
EQ-0240,2024-10-26,0
EQ-0411,2024-10-26,0
EQ-0220,2024-10-26,0
EQ-0378,2024-10-26,0
EQ-0376,2024-10-26,0
EQ-0262,2024-10-26,0
EQ-0137,2024-10-26,0
EQ-0003,2024-10-26,0
EQ-0001,2024-10-26,0
EQ-0037,2024-10-26,0
EQ-0112,2024-10-26,0
EQ-0306,2024-10-27,0
EQ-0262,2024-10-27,0
EQ-0386,2024-10-27,0
EQ-0165,2024-10-27,0
EQ-0387,2024-10-27,0
EQ-0303,2024-10-27,0
EQ-0048,2024-10-27,0
EQ-0110,2024-10-27,0
EQ-0373,2024-10-27,0
EQ-0078,2024-10-27,0
EQ-0150,2024-10-27,0
EQ-0103,2024-10-28,0
EQ-0101,2024-10-28,0
EQ-0345,2024-10-28,0
EQ-0037,2024-10-28,0
EQ-0172,2024-10-28,0
EQ-0177,2024-10-28,1
EQ-0279,2024-10-28,0
EQ-0056,2024-10-28,0
EQ-0046,2024-10-28,0
EQ-0065,2024-10-28,0
EQ-0263,2024-10-28,0
EQ-0320,2024-10-28,0
EQ-0061,2024-10-28,0
EQ-0270,2024-10-28,0
EQ-0391,2024-10-29,0
EQ-0126,2024-10-29,0
EQ-0268,2024-10-29,0
EQ-0239,2024-10-29,0
EQ-0227,2024-10-29,0
EQ-0047,2024-10-29,0
EQ-0091,2024-10-29,0
EQ-0009,2024-10-29,0
EQ-0435,2024-10-29,1
EQ-0405,2024-10-29,0
EQ-0187,2024-10-29,0
EQ-0049,2024-10-29,0
EQ-0189,2024-10-29,0
EQ-0023,2024-10-29,0
EQ-0257,2024-10-29,0
EQ-0431,2024-10-29,0
EQ-0278,2024-10-29,0
EQ-0287,2024-10-29,1
EQ-0061,2024-10-29,0
EQ-0067,2024-10-29,0
EQ-0259,2024-10-29,0
EQ-0143,2024-10-29,0
EQ-0002,2024-10-30,0
EQ-0176,2024-10-30,0
EQ-0183,2024-10-30,0
EQ-0132,2024-10-30,0
EQ-0244,2024-10-30,0
EQ-0080,2024-10-30,0
EQ-0188,2024-10-30,0
EQ-0164,2024-10-30,0
EQ-0059,2024-10-30,0
EQ-0284,2024-10-30,0
EQ-0152,2024-10-30,0
EQ-0253,2024-10-30,0
EQ-0169,2024-10-30,0
EQ-0374,2024-10-30,0
EQ-0298,2024-10-30,0
EQ-0432,2024-10-30,0
EQ-0005,2024-10-30,1
EQ-0316,2024-10-30,0
EQ-0369,2024-10-30,0
EQ-0416,2024-10-31,0
EQ-0424,2024-10-31,0
EQ-0163,2024-10-31,0
EQ-0305,2024-10-31,0
EQ-0280,2024-10-31,0
EQ-0123,2024-10-31,0
EQ-0295,2024-10-31,0
EQ-0329,2024-10-31,0
EQ-0412,2024-10-31,0
EQ-0161,2024-10-31,0
EQ-0173,2024-10-31,0
EQ-0233,2024-10-31,0
EQ-0366,2024-10-31,0
EQ-0214,2024-10-31,1
EQ-0054,2024-10-31,0
EQ-0203,2024-10-31,0
EQ-0006,2024-10-31,0
EQ-0323,2024-10-31,0
EQ-0066,2024-10-31,0
EQ-0434,2024-11-01,0
EQ-0275,2024-11-01,0
EQ-0366,2024-11-01,0
EQ-0052,2024-11-01,0
EQ-0036,2024-11-01,0
EQ-0112,2024-11-01,0
EQ-0075,2024-11-01,0
EQ-0063,2024-11-01,1
EQ-0371,2024-11-01,0
EQ-0273,2024-11-01,0
EQ-0085,2024-11-01,0
EQ-0303,2024-11-01,0
EQ-0231,2024-11-01,0
EQ-0074,2024-11-01,0
EQ-0281,2024-11-01,0
EQ-0415,2024-11-01,0
EQ-0015,2024-11-01,0
EQ-0188,2024-11-01,0
EQ-0375,2024-11-01,0
EQ-0416,2024-11-01,0
EQ-0323,2024-11-01,0
EQ-0154,2024-11-02,0
EQ-0081,2024-11-02,0
EQ-0219,2024-11-02,0
EQ-0019,2024-11-02,0
EQ-0050,2024-11-02,0
EQ-0121,2024-11-02,0
EQ-0422,2024-11-02,0
EQ-0021,2024-11-02,0
EQ-0273,2024-11-02,0
EQ-0174,2024-11-02,0
EQ-0266,2024-11-02,0
EQ-0018,2024-11-02,0
EQ-0367,2024-11-02,0
EQ-0062,2024-11-02,0
EQ-0247,2024-11-02,0
EQ-0394,2024-11-02,0
EQ-0096,2024-11-03,0
EQ-0004,2024-11-03,0
EQ-0369,2024-11-03,0
EQ-0055,2024-11-03,0
EQ-0302,2024-11-03,0
EQ-0331,2024-11-03,0
EQ-0434,2024-11-03,0
EQ-0381,2024-11-03,0
EQ-0134,2024-11-03,0
EQ-0169,2024-11-03,0
EQ-0126,2024-11-03,0
EQ-0001,2024-11-03,0
EQ-0370,2024-11-03,0
EQ-0100,2024-11-03,0
EQ-0379,2024-11-03,0
EQ-0168,2024-11-04,0
EQ-0020,2024-11-04,0
EQ-0026,2024-11-04,0
EQ-0313,2024-11-04,0
EQ-0333,2024-11-04,0
EQ-0046,2024-11-04,0
EQ-0286,2024-11-04,1
EQ-0417,2024-11-04,0
EQ-0296,2024-11-04,0
EQ-0050,2024-11-04,0
EQ-0330,2024-11-05,0
EQ-0392,2024-11-05,0
EQ-0316,2024-11-05,0
EQ-0255,2024-11-05,0
EQ-0186,2024-11-05,0
EQ-0418,2024-11-05,0
EQ-0005,2024-11-05,1
EQ-0181,2024-11-05,0
EQ-0263,2024-11-05,0
EQ-0201,2024-11-05,0
EQ-0209,2024-11-05,0
EQ-0429,2024-11-05,0
EQ-0204,2024-11-05,0
EQ-0160,2024-11-05,0
EQ-0343,2024-11-05,0
EQ-0065,2024-11-05,0
EQ-0172,2024-11-05,0
EQ-0234,2024-11-05,0
EQ-0029,2024-11-05,0
EQ-0332,2024-11-06,0
EQ-0420,2024-11-06,0
EQ-0078,2024-11-06,0
EQ-0214,2024-11-06,1
EQ-0192,2024-11-06,0
EQ-0257,2024-11-06,0
EQ-0073,2024-11-06,0
EQ-0098,2024-11-06,0
EQ-0114,2024-11-06,0
EQ-0079,2024-11-06,0
EQ-0281,2024-11-06,0
EQ-0011,2024-11-06,0
EQ-0406,2024-11-06,0
EQ-0134,2024-11-07,0
EQ-0254,2024-11-07,0
EQ-0066,2024-11-07,0
EQ-0412,2024-11-07,0
EQ-0309,2024-11-07,0
EQ-0373,2024-11-07,0
EQ-0208,2024-11-07,0
EQ-0033,2024-11-07,0
EQ-0300,2024-11-07,0
EQ-0386,2024-11-07,0
EQ-0059,2024-11-07,0
EQ-0128,2024-11-07,0
EQ-0023,2024-11-07,0
EQ-0176,2024-11-07,0
EQ-0207,2024-11-07,0
EQ-0377,2024-11-07,0
EQ-0119,2024-11-07,0
EQ-0117,2024-11-07,0
EQ-0014,2024-11-07,0
EQ-0269,2024-11-07,0
EQ-0437,2024-11-07,0
EQ-0428,2024-11-07,0
EQ-0310,2024-11-08,0
EQ-0155,2024-11-08,0
EQ-0012,2024-11-08,0
EQ-0099,2024-11-08,0
EQ-0396,2024-11-08,0
EQ-0264,2024-11-08,0
EQ-0353,2024-11-08,0
EQ-0141,2024-11-08,0
EQ-0431,2024-11-08,0
EQ-0063,2024-11-08,1
EQ-0229,2024-11-08,0
EQ-0362,2024-11-08,0
EQ-0178,2024-11-08,0
EQ-0272,2024-11-08,0
EQ-0062,2024-11-08,0
EQ-0130,2024-11-08,0
EQ-0295,2024-11-08,0
EQ-0181,2024-11-08,0
EQ-0265,2024-11-08,0
EQ-0425,2024-11-08,0
EQ-0030,2024-11-08,0
EQ-0329,2024-11-08,0
EQ-0057,2024-11-08,0
EQ-0369,2024-11-09,0
EQ-0289,2024-11-09,0
EQ-0297,2024-11-09,0
EQ-0043,2024-11-09,0
EQ-0361,2024-11-09,0
EQ-0088,2024-11-09,0
EQ-0003,2024-11-09,0
EQ-0348,2024-11-09,0
EQ-0327,2024-11-09,0
EQ-0111,2024-11-09,0
EQ-0347,2024-11-09,0
EQ-0132,2024-11-09,0
EQ-0439,2024-11-09,0
EQ-0012,2024-11-09,0
EQ-0261,2024-11-09,0
EQ-0077,2024-11-09,0
EQ-0230,2024-11-09,0
EQ-0288,2024-11-09,0
EQ-0191,2024-11-09,0
EQ-0142,2024-11-10,0
EQ-0153,2024-11-10,0
EQ-0054,2024-11-10,0
EQ-0104,2024-11-10,0
EQ-0177,2024-11-10,1
EQ-0195,2024-11-10,0
EQ-0421,2024-11-10,0
EQ-0227,2024-11-10,0
EQ-0165,2024-11-10,0
EQ-0097,2024-11-10,0
EQ-0360,2024-11-10,0
EQ-0190,2024-11-10,0
EQ-0158,2024-11-10,0
EQ-0011,2024-11-10,0
EQ-0241,2024-11-10,0
EQ-0344,2024-11-10,0
EQ-0156,2024-11-11,1
EQ-0365,2024-11-11,0
EQ-0262,2024-11-11,0
EQ-0335,2024-11-11,0
EQ-0171,2024-11-11,0
EQ-0038,2024-11-11,0
EQ-0041,2024-11-11,0
EQ-0113,2024-11-11,0
EQ-0161,2024-11-11,0
EQ-0051,2024-11-11,1
EQ-0346,2024-11-11,0
EQ-0382,2024-11-11,0
EQ-0108,2024-11-11,0
EQ-0389,2024-11-11,0
EQ-0090,2024-11-11,1
EQ-0266,2024-11-11,0
EQ-0010,2024-11-12,0
EQ-0359,2024-11-12,0
EQ-0268,2024-11-12,0
EQ-0131,2024-11-12,0
EQ-0043,2024-11-12,0
EQ-0261,2024-11-12,0
EQ-0349,2024-11-12,0
EQ-0126,2024-11-12,0
EQ-0138,2024-11-12,1
EQ-0162,2024-11-12,0
EQ-0424,2024-11-12,0
EQ-0319,2024-11-12,0
EQ-0095,2024-11-12,1
EQ-0152,2024-11-12,0
EQ-0270,2024-11-12,0
EQ-0260,2024-11-12,0
EQ-0122,2024-11-12,0
EQ-0380,2024-11-12,0
EQ-0102,2024-11-12,0
EQ-0220,2024-11-12,0
EQ-0028,2024-11-13,0
EQ-0031,2024-11-13,0
EQ-0164,2024-11-13,0
EQ-0213,2024-11-13,0
EQ-0148,2024-11-13,0
EQ-0048,2024-11-13,0
EQ-0083,2024-11-13,0
EQ-0158,2024-11-13,0
EQ-0430,2024-11-13,0
EQ-0199,2024-11-13,1
EQ-0185,2024-11-13,0
EQ-0392,2024-11-13,0
EQ-0411,2024-11-13,0
EQ-0206,2024-11-13,0
EQ-0109,2024-11-13,1
EQ-0394,2024-11-13,0
EQ-0271,2024-11-13,1
EQ-0287,2024-11-13,1
EQ-0025,2024-11-13,0
EQ-0196,2024-11-14,0
EQ-0080,2024-11-14,0
EQ-0413,2024-11-14,0
EQ-0398,2024-11-14,0
EQ-0065,2024-11-14,0
EQ-0374,2024-11-14,0
EQ-0144,2024-11-14,0
EQ-0037,2024-11-14,0
EQ-0259,2024-11-14,0
EQ-0363,2024-11-14,0
EQ-0419,2024-11-14,0
EQ-0149,2024-11-14,0
EQ-0339,2024-11-14,0
EQ-0157,2024-11-14,0
EQ-0225,2024-11-14,0
EQ-0107,2024-11-14,0
EQ-0242,2024-11-15,0
EQ-0384,2024-11-15,0
EQ-0014,2024-11-15,0
EQ-0089,2024-11-15,0
EQ-0395,2024-11-15,0
EQ-0382,2024-11-15,0
EQ-0179,2024-11-15,1
EQ-0116,2024-11-15,0
EQ-0409,2024-11-15,0
EQ-0337,2024-11-15,0
EQ-0228,2024-11-15,0
EQ-0040,2024-11-15,0
EQ-0290,2024-11-15,0
EQ-0166,2024-11-15,0
EQ-0387,2024-11-15,0
EQ-0055,2024-11-15,0
EQ-0115,2024-11-15,0
EQ-0093,2024-11-16,0
EQ-0151,2024-11-16,0
EQ-0183,2024-11-16,0
EQ-0049,2024-11-16,0
EQ-0390,2024-11-16,0
EQ-0399,2024-11-16,0
EQ-0082,2024-11-16,0
EQ-0016,2024-11-16,0
EQ-0284,2024-11-16,0
EQ-0357,2024-11-16,0
EQ-0173,2024-11-16,0
EQ-0045,2024-11-16,0
EQ-0293,2024-11-16,0
EQ-0013,2024-11-16,0
EQ-0243,2024-11-16,0
EQ-0153,2024-11-17,0
EQ-0274,2024-11-17,0
EQ-0070,2024-11-17,0
EQ-0067,2024-11-17,0
EQ-0279,2024-11-17,0
EQ-0393,2024-11-17,0
EQ-0403,2024-11-17,0
EQ-0263,2024-11-17,0
EQ-0236,2024-11-17,0
EQ-0299,2024-11-17,0
EQ-0215,2024-11-17,0
EQ-0042,2024-11-17,0
EQ-0103,2024-11-17,0
EQ-0127,2024-11-17,0
EQ-0056,2024-11-17,0
EQ-0250,2024-11-17,0
EQ-0267,2024-11-17,0
EQ-0402,2024-11-17,0
EQ-0244,2024-11-18,0
EQ-0316,2024-11-18,0
EQ-0366,2024-11-18,0
EQ-0217,2024-11-18,0
EQ-0056,2024-11-18,0
EQ-0045,2024-11-18,0
EQ-0164,2024-11-18,0
EQ-0280,2024-11-18,0
EQ-0179,2024-11-18,1
EQ-0340,2024-11-18,0
EQ-0432,2024-11-18,0
EQ-0408,2024-11-18,0
EQ-0308,2024-11-18,0
EQ-0378,2024-11-18,0
EQ-0124,2024-11-18,0
EQ-0009,2024-11-18,0
EQ-0395,2024-11-19,0
EQ-0252,2024-11-19,0
EQ-0211,2024-11-19,0
EQ-0033,2024-11-19,0
EQ-0387,2024-11-19,0
EQ-0326,2024-11-19,0
EQ-0305,2024-11-19,0
EQ-0167,2024-11-19,0
EQ-0047,2024-11-19,0
EQ-0226,2024-11-19,0
EQ-0034,2024-11-19,0
EQ-0148,2024-11-19,0
EQ-0156,2024-11-19,0
EQ-0140,2024-11-19,0
EQ-0258,2024-11-19,0
EQ-0174,2024-11-19,0
EQ-0150,2024-11-19,0
EQ-0328,2024-11-19,0
EQ-0379,2024-11-19,0
EQ-0254,2024-11-19,0
EQ-0105,2024-11-19,0
EQ-0239,2024-11-20,0
EQ-0317,2024-11-20,0
EQ-0259,2024-11-20,0
EQ-0350,2024-11-20,0
EQ-0067,2024-11-20,0
EQ-0390,2024-11-20,0
EQ-0020,2024-11-20,0
EQ-0210,2024-11-20,1
EQ-0237,2024-11-20,0
EQ-0042,2024-11-20,0
EQ-0433,2024-11-20,0
EQ-0414,2024-11-20,0
EQ-0154,2024-11-20,0
EQ-0358,2024-11-20,0
EQ-0223,2024-11-20,0
EQ-0038,2024-11-20,0
EQ-0165,2024-11-20,0
EQ-0101,2024-11-20,0
EQ-0227,2024-11-20,0
EQ-0251,2024-11-20,0
EQ-0381,2024-11-20,0
EQ-0175,2024-11-20,0
EQ-0436,2024-11-20,0
EQ-0015,2024-11-20,0
EQ-0423,2024-11-20,0
EQ-0427,2024-11-20,0
EQ-0292,2024-11-21,0
EQ-0035,2024-11-21,0
EQ-0028,2024-11-21,0
EQ-0373,2024-11-21,0
EQ-0163,2024-11-21,0
EQ-0047,2024-11-21,0
EQ-0391,2024-11-21,0
EQ-0007,2024-11-21,0
EQ-0036,2024-11-21,0
EQ-0031,2024-11-21,0
EQ-0178,2024-11-21,0
EQ-0110,2024-11-21,0
EQ-0380,2024-11-21,0
EQ-0009,2024-11-21,0
EQ-0022,2024-11-21,0
EQ-0016,2024-11-22,0
EQ-0367,2024-11-22,0
EQ-0032,2024-11-22,0
EQ-0365,2024-11-22,0
EQ-0404,2024-11-22,1
EQ-0125,2024-11-22,0
EQ-0351,2024-11-22,0
EQ-0006,2024-11-22,0
EQ-0146,2024-11-22,0
EQ-0064,2024-11-22,0
EQ-0252,2024-11-22,0
EQ-0276,2024-11-22,0
EQ-0202,2024-11-22,0
EQ-0084,2024-11-22,0
EQ-0377,2024-11-22,0
EQ-0432,2024-11-22,0
EQ-0051,2024-11-22,0
EQ-0091,2024-11-22,0
EQ-0005,2024-11-22,1
EQ-0352,2024-11-22,0
EQ-0307,2024-11-22,0
EQ-0008,2024-11-22,0
EQ-0110,2024-11-22,0
EQ-0040,2024-11-22,0
EQ-0094,2024-11-22,0
EQ-0372,2024-11-22,0
EQ-0314,2024-11-22,0
EQ-0193,2024-11-22,0
EQ-0383,2024-11-23,0
EQ-0388,2024-11-23,0
EQ-0276,2024-11-23,0
EQ-0248,2024-11-23,0
EQ-0267,2024-11-23,0
EQ-0194,2024-11-23,0
EQ-0198,2024-11-23,0
EQ-0407,2024-11-23,0
EQ-0306,2024-11-23,0
EQ-0088,2024-11-23,0
EQ-0144,2024-11-23,0
EQ-0336,2024-11-23,0
EQ-0256,2024-11-23,0
EQ-0003,2024-11-23,0
EQ-0118,2024-11-23,0
EQ-0092,2024-11-24,0
EQ-0282,2024-11-24,0
EQ-0159,2024-11-24,0
EQ-0013,2024-11-24,0
EQ-0151,2024-11-24,0
EQ-0427,2024-11-24,0
EQ-0260,2024-11-24,1
EQ-0037,2024-11-24,0
EQ-0044,2024-11-24,0
EQ-0061,2024-11-24,0
EQ-0058,2024-11-24,0
EQ-0203,2024-11-24,0
EQ-0378,2024-11-24,0
EQ-0175,2024-11-24,0
EQ-0086,2024-11-24,1
EQ-0053,2024-11-24,0
EQ-0315,2024-11-24,0
EQ-0389,2024-11-24,0
EQ-0135,2024-11-25,1
EQ-0010,2024-11-25,0
EQ-0324,2024-11-25,0
EQ-0320,2024-11-25,0
EQ-0027,2024-11-25,0
EQ-0253,2024-11-25,0
EQ-0200,2024-11-25,0
EQ-0155,2024-11-25,0
EQ-0184,2024-11-25,0
EQ-0002,2024-11-25,0
EQ-0338,2024-11-25,0
EQ-0262,2024-11-25,1
EQ-0257,2024-11-25,0
EQ-0039,2024-11-25,0
EQ-0301,2024-11-25,0
EQ-0143,2024-11-25,0
EQ-0007,2024-11-25,0
EQ-0236,2024-11-25,0
EQ-0331,2024-11-25,0
EQ-0071,2024-11-25,0
EQ-0355,2024-11-25,0
EQ-0221,2024-11-25,0
EQ-0416,2024-11-26,0
EQ-0145,2024-11-26,0
EQ-0318,2024-11-26,0
EQ-0017,2024-11-26,0
EQ-0008,2024-11-26,0
EQ-0076,2024-11-26,0
EQ-0136,2024-11-26,0
EQ-0106,2024-11-26,0
EQ-0278,2024-11-26,0
EQ-0147,2024-11-26,0
EQ-0128,2024-11-26,0
EQ-0024,2024-11-26,0
EQ-0027,2024-11-26,0
EQ-0437,2024-11-26,0
EQ-0060,2024-11-26,0
EQ-0087,2024-11-26,0
EQ-0163,2024-11-26,0
EQ-0334,2024-11-26,0
EQ-0212,2024-11-26,0
EQ-0400,2024-11-26,0
EQ-0159,2024-11-26,0
EQ-0150,2024-11-26,0
EQ-0435,2024-11-27,0
EQ-0234,2024-11-27,0
EQ-0022,2024-11-27,0
EQ-0322,2024-11-27,0
EQ-0268,2024-11-27,0
EQ-0431,2024-11-27,0
EQ-0426,2024-11-27,0
EQ-0279,2024-11-27,0
EQ-0240,2024-11-27,0
EQ-0337,2024-11-27,0
EQ-0053,2024-11-27,0
EQ-0170,2024-11-27,0
EQ-0123,2024-11-27,0
EQ-0280,2024-11-27,0
EQ-0317,2024-11-27,0
EQ-0274,2024-11-27,0
EQ-0152,2024-11-27,0
EQ-0120,2024-11-27,0
EQ-0438,2024-11-27,0
EQ-0265,2024-11-27,0
EQ-0245,2024-11-27,0
EQ-0197,2024-11-27,0
EQ-0166,2024-11-28,0
EQ-0182,2024-11-28,0
EQ-0177,2024-11-28,0
EQ-0291,2024-11-28,0
EQ-0172,2024-11-28,0
EQ-0173,2024-11-28,0
EQ-0424,2024-11-28,0
EQ-0066,2024-11-28,0
EQ-0325,2024-11-28,0
EQ-0191,2024-11-28,0
EQ-0364,2024-11-28,0
EQ-0218,2024-11-28,0
EQ-0069,2024-11-28,0
EQ-0371,2024-11-28,0
EQ-0068,2024-11-28,0
EQ-0061,2024-11-28,0
EQ-0368,2024-11-28,0
EQ-0385,2024-11-28,0
EQ-0312,2024-11-28,0
EQ-0342,2024-11-28,0
EQ-0433,2024-11-28,0
EQ-0304,2024-11-28,0
EQ-0137,2024-11-29,0
EQ-0222,2024-11-29,0
EQ-0294,2024-11-29,0
EQ-0374,2024-11-29,0
EQ-0321,2024-11-29,0
EQ-0157,2024-11-29,0
EQ-0069,2024-11-29,0
EQ-0002,2024-11-29,0
EQ-0235,2024-11-29,0
EQ-0397,2024-11-29,0
EQ-0139,2024-11-29,0
EQ-0341,2024-11-29,0
EQ-0205,2024-11-29,0
EQ-0001,2024-11-29,0
EQ-0052,2024-11-29,0
EQ-0402,2024-11-29,0
EQ-0256,2024-11-29,0
EQ-0023,2024-11-29,0
EQ-0072,2024-11-29,0
EQ-0201,2024-11-29,0
EQ-0388,2024-11-30,0
EQ-0391,2024-11-30,0
EQ-0285,2024-11-30,0
EQ-0278,2024-11-30,0
EQ-0046,2024-11-30,1
EQ-0048,2024-11-30,0
EQ-0162,2024-11-30,0
EQ-0187,2024-11-30,0
EQ-0214,2024-11-30,0
EQ-0233,2024-11-30,0
EQ-0410,2024-11-30,0
EQ-0203,2024-11-30,0
EQ-0180,2024-11-30,0
EQ-0311,2024-11-30,0
EQ-0189,2024-11-30,0
EQ-0405,2024-11-30,0
EQ-0328,2024-12-01,0
EQ-0312,2024-12-01,0
EQ-0194,2024-12-01,0
EQ-0319,2024-12-01,0
EQ-0395,2024-12-01,0
EQ-0018,2024-12-01,0
EQ-0254,2024-12-01,0
EQ-0150,2024-12-01,0
EQ-0393,2024-12-01,0
EQ-0104,2024-12-01,0
EQ-0415,2024-12-01,0
EQ-0422,2024-12-01,0
EQ-0273,2024-12-01,0
EQ-0397,2024-12-01,0
EQ-0131,2024-12-01,0
EQ-0175,2024-12-01,0
EQ-0320,2024-12-02,0
EQ-0113,2024-12-02,0
EQ-0019,2024-12-02,0
EQ-0271,2024-12-02,1
EQ-0355,2024-12-02,0
EQ-0163,2024-12-02,0
EQ-0377,2024-12-02,0
EQ-0437,2024-12-02,0
EQ-0394,2024-12-02,0
EQ-0192,2024-12-02,0
EQ-0266,2024-12-02,0
EQ-0252,2024-12-02,0
EQ-0367,2024-12-02,0
EQ-0134,2024-12-02,0
EQ-0381,2024-12-02,0
EQ-0067,2024-12-02,0
EQ-0432,2024-12-02,0
EQ-0177,2024-12-02,0
EQ-0247,2024-12-02,0
EQ-0255,2024-12-02,0
EQ-0331,2024-12-02,0
EQ-0120,2024-12-02,0
EQ-0423,2024-12-03,0
EQ-0079,2024-12-03,1
EQ-0115,2024-12-03,0
EQ-0369,2024-12-03,0
EQ-0150,2024-12-03,0
EQ-0112,2024-12-03,0
EQ-0317,2024-12-03,0
EQ-0399,2024-12-03,0
EQ-0288,2024-12-03,0
EQ-0063,2024-12-03,1
EQ-0361,2024-12-03,0
EQ-0056,2024-12-03,0
EQ-0010,2024-12-03,0
EQ-0439,2024-12-03,0
EQ-0064,2024-12-03,0
EQ-0225,2024-12-03,0
EQ-0091,2024-12-03,0
EQ-0182,2024-12-03,0
EQ-0339,2024-12-03,0
EQ-0022,2024-12-03,0
EQ-0321,2024-12-03,0
EQ-0053,2024-12-03,0
EQ-0248,2024-12-03,0
EQ-0260,2024-12-04,1
EQ-0206,2024-12-04,0
EQ-0365,2024-12-04,0
EQ-0402,2024-12-04,0
EQ-0338,2024-12-04,0
EQ-0431,2024-12-04,0
EQ-0364,2024-12-04,0
EQ-0015,2024-12-04,0
EQ-0372,2024-12-04,0
EQ-0148,2024-12-04,0
EQ-0047,2024-12-04,0
EQ-0383,2024-12-04,0
EQ-0098,2024-12-04,0
EQ-0417,2024-12-04,0
EQ-0061,2024-12-04,0
EQ-0037,2024-12-04,0
EQ-0085,2024-12-04,0
EQ-0222,2024-12-04,0
EQ-0334,2024-12-04,0
EQ-0153,2024-12-04,0
EQ-0051,2024-12-05,0
EQ-0392,2024-12-05,0
EQ-0295,2024-12-05,0
EQ-0237,2024-12-05,0
EQ-0234,2024-12-05,0
EQ-0157,2024-12-05,0
EQ-0274,2024-12-05,0
EQ-0270,2024-12-05,0
EQ-0371,2024-12-05,0
EQ-0199,2024-12-05,0
EQ-0055,2024-12-05,0
EQ-0306,2024-12-05,0
EQ-0195,2024-12-05,0
EQ-0256,2024-12-05,0
EQ-0096,2024-12-05,0
EQ-0068,2024-12-05,0
EQ-0117,2024-12-05,0
EQ-0261,2024-12-05,0
EQ-0404,2024-12-06,1
EQ-0076,2024-12-06,0
EQ-0385,2024-12-06,0
EQ-0228,2024-12-06,0
EQ-0063,2024-12-06,1
EQ-0094,2024-12-06,0
EQ-0147,2024-12-06,0
EQ-0266,2024-12-06,0
EQ-0042,2024-12-06,0
EQ-0377,2024-12-06,0
EQ-0378,2024-12-06,0
EQ-0395,2024-12-06,0
EQ-0278,2024-12-06,0
EQ-0060,2024-12-06,0
EQ-0405,2024-12-06,0
EQ-0005,2024-12-06,1
EQ-0265,2024-12-07,0
EQ-0168,2024-12-07,0
EQ-0427,2024-12-07,0
EQ-0388,2024-12-07,0
EQ-0191,2024-12-07,0
EQ-0162,2024-12-07,0
EQ-0151,2024-12-07,0
EQ-0012,2024-12-07,0
EQ-0092,2024-12-07,0
EQ-0045,2024-12-07,0
EQ-0046,2024-12-07,1
EQ-0342,2024-12-07,0
EQ-0384,2024-12-07,0
EQ-0390,2024-12-07,0
EQ-0008,2024-12-07,0
EQ-0410,2024-12-07,0
EQ-0269,2024-12-07,0
EQ-0379,2024-12-08,0
EQ-0263,2024-12-08,0
EQ-0200,2024-12-08,0
EQ-0010,2024-12-08,0
EQ-0373,2024-12-08,0
EQ-0058,2024-12-08,0
EQ-0322,2024-12-08,0
EQ-0353,2024-12-08,0
EQ-0214,2024-12-08,0
EQ-0174,2024-12-08,0
EQ-0433,2024-12-08,0
EQ-0155,2024-12-08,0
EQ-0326,2024-12-08,0
EQ-0017,2024-12-08,0
EQ-0396,2024-12-08,0
EQ-0201,2024-12-08,0
EQ-0413,2024-12-08,0
EQ-0278,2024-12-08,0
EQ-0276,2024-12-08,0
EQ-0351,2024-12-08,0
EQ-0142,2024-12-08,0
EQ-0082,2024-12-08,0
EQ-0333,2024-12-09,0
EQ-0257,2024-12-09,0
EQ-0362,2024-12-09,0
EQ-0378,2024-12-09,0
EQ-0260,2024-12-09,1
EQ-0438,2024-12-09,0
EQ-0095,2024-12-09,1
EQ-0262,2024-12-09,1
EQ-0158,2024-12-09,0
EQ-0337,2024-12-09,0
EQ-0020,2024-12-09,0
EQ-0171,2024-12-09,0
EQ-0157,2024-12-09,0
EQ-0053,2024-12-09,0
EQ-0363,2024-12-09,0
EQ-0276,2024-12-09,0
EQ-0156,2024-12-09,0
EQ-0064,2024-12-09,0
EQ-0086,2024-12-09,1
EQ-0427,2024-12-09,0
EQ-0305,2024-12-09,0
EQ-0151,2024-12-09,0
EQ-0213,2024-12-09,0
EQ-0097,2024-12-10,0
EQ-0007,2024-12-10,0
EQ-0044,2024-12-10,0
EQ-0188,2024-12-10,0
EQ-0072,2024-12-10,0
EQ-0234,2024-12-10,0
EQ-0101,2024-12-10,0
EQ-0245,2024-12-10,0
EQ-0409,2024-12-10,0
EQ-0180,2024-12-10,0
EQ-0250,2024-12-10,0
EQ-0227,2024-12-10,0
EQ-0030,2024-12-10,0
EQ-0381,2024-12-10,0
EQ-0296,2024-12-10,0
EQ-0203,2024-12-10,0
EQ-0436,2024-12-10,0
EQ-0011,2024-12-10,0
EQ-0360,2024-12-11,0
EQ-0011,2024-12-11,0
EQ-0175,2024-12-11,0
EQ-0077,2024-12-11,0
EQ-0065,2024-12-11,0
EQ-0264,2024-12-11,0
EQ-0280,2024-12-11,0
EQ-0348,2024-12-11,0
EQ-0263,2024-12-11,0
EQ-0148,2024-12-11,0
EQ-0437,2024-12-11,0
EQ-0029,2024-12-11,0
EQ-0138,2024-12-11,1
EQ-0038,2024-12-11,0
EQ-0178,2024-12-11,0
EQ-0254,2024-12-11,0
EQ-0230,2024-12-12,0
EQ-0022,2024-12-12,0
EQ-0318,2024-12-12,0
EQ-0081,2024-12-12,0
EQ-0401,2024-12-12,0
EQ-0061,2024-12-12,0
EQ-0162,2024-12-12,0
EQ-0331,2024-12-12,0
EQ-0012,2024-12-12,0
EQ-0316,2024-12-12,0
EQ-0374,2024-12-12,0
EQ-0034,2024-12-12,0
EQ-0310,2024-12-12,0
EQ-0336,2024-12-12,0
EQ-0190,2024-12-13,0
EQ-0215,2024-12-13,0
EQ-0093,2024-12-13,0
EQ-0026,2024-12-13,0
EQ-0300,2024-12-13,0
EQ-0037,2024-12-13,0
EQ-0317,2024-12-13,0
EQ-0105,2024-12-13,0
EQ-0016,2024-12-13,0
EQ-0231,2024-12-13,0
EQ-0389,2024-12-13,0
EQ-0302,2024-12-13,0
EQ-0244,2024-12-13,0
EQ-0044,2024-12-13,0
EQ-0159,2024-12-13,0
EQ-0177,2024-12-13,0
EQ-0170,2024-12-13,0
EQ-0004,2024-12-13,0
EQ-0137,2024-12-13,0
EQ-0155,2024-12-13,0
EQ-0024,2024-12-13,0
EQ-0198,2024-12-13,0
EQ-0021,2024-12-13,1
EQ-0332,2024-12-14,0
EQ-0343,2024-12-14,0
EQ-0272,2024-12-14,0
EQ-0324,2024-12-14,0
EQ-0078,2024-12-14,0
EQ-0406,2024-12-14,0
EQ-0356,2024-12-14,0
EQ-0240,2024-12-14,0
EQ-0032,2024-12-14,0
EQ-0354,2024-12-14,0
EQ-0144,2024-12-14,0
EQ-0127,2024-12-14,0
EQ-0051,2024-12-14,0
EQ-0330,2024-12-14,0
EQ-0335,2024-12-14,0
EQ-0060,2024-12-14,0
EQ-0130,2024-12-14,0
EQ-0380,2024-12-14,0
EQ-0268,2024-12-15,0
EQ-0132,2024-12-15,0
EQ-0259,2024-12-15,0
EQ-0408,2024-12-15,0
EQ-0106,2024-12-15,0
EQ-0065,2024-12-15,0
EQ-0186,2024-12-15,1
EQ-0428,2024-12-15,0
EQ-0221,2024-12-15,0
EQ-0054,2024-12-15,0
EQ-0045,2024-12-15,0
EQ-0013,2024-12-15,0
EQ-0002,2024-12-15,0
EQ-0071,2024-12-16,0
EQ-0087,2024-12-16,0
EQ-0121,2024-12-16,1
EQ-0340,2024-12-16,0
EQ-0047,2024-12-16,0
EQ-0307,2024-12-16,0
EQ-0223,2024-12-16,0
EQ-0059,2024-12-16,0
EQ-0050,2024-12-16,0
EQ-0302,2024-12-16,0
EQ-0062,2024-12-16,0
EQ-0001,2024-12-16,0
EQ-0267,2024-12-16,0
EQ-0066,2024-12-16,0
EQ-0073,2024-12-17,0
EQ-0152,2024-12-17,0
EQ-0208,2024-12-17,0
EQ-0178,2024-12-17,0
EQ-0232,2024-12-17,0
EQ-0126,2024-12-17,0
EQ-0252,2024-12-17,0
EQ-0224,2024-12-17,0
EQ-0080,2024-12-17,0
EQ-0009,2024-12-17,0
EQ-0183,2024-12-17,0
EQ-0135,2024-12-17,1
EQ-0282,2024-12-17,0
EQ-0088,2024-12-17,0
EQ-0369,2024-12-17,0
EQ-0033,2024-12-17,0
EQ-0027,2024-12-17,0
EQ-0167,2024-12-17,0
EQ-0262,2024-12-17,1
EQ-0196,2024-12-17,0
EQ-0387,2024-12-18,0
EQ-0226,2024-12-18,0
EQ-0424,2024-12-18,0
EQ-0346,2024-12-18,0
EQ-0259,2024-12-18,0
EQ-0126,2024-12-18,0
EQ-0070,2024-12-18,0
EQ-0088,2024-12-18,0
EQ-0181,2024-12-18,0
EQ-0052,2024-12-18,0
EQ-0416,2024-12-18,0
EQ-0308,2024-12-18,0
EQ-0267,2024-12-18,0
EQ-0292,2024-12-18,0
EQ-0039,2024-12-18,0
EQ-0233,2024-12-18,0
EQ-0043,2024-12-18,0
EQ-0184,2024-12-18,0
EQ-0003,2024-12-18,0
EQ-0140,2024-12-19,0
EQ-0309,2024-12-19,1
EQ-0212,2024-12-19,0
EQ-0102,2024-12-19,0
EQ-0046,2024-12-19,1
EQ-0431,2024-12-19,0
EQ-0160,2024-12-19,0
EQ-0244,2024-12-19,0
EQ-0283,2024-12-19,0
EQ-0067,2024-12-19,0
EQ-0173,2024-12-19,0
EQ-0166,2024-12-19,0
EQ-0209,2024-12-20,0
EQ-0291,2024-12-20,0
EQ-0110,2024-12-20,0
EQ-0075,2024-12-20,0
EQ-0373,2024-12-20,0
EQ-0119,2024-12-20,0
EQ-0164,2024-12-20,0
EQ-0124,2024-12-20,0
EQ-0202,2024-12-20,0
EQ-0382,2024-12-20,0
EQ-0371,2024-12-20,0
EQ-0242,2024-12-20,0
EQ-0163,2024-12-20,0
EQ-0129,2024-12-20,1
EQ-0159,2024-12-20,0
EQ-0008,2024-12-20,0
EQ-0109,2024-12-20,0
EQ-0128,2024-12-20,1
EQ-0197,2024-12-20,0
EQ-0100,2024-12-20,0
EQ-0303,2024-12-20,0
EQ-0043,2024-12-20,0
EQ-0166,2024-12-20,0
EQ-0275,2024-12-20,0
EQ-0375,2024-12-20,0
EQ-0125,2024-12-21,0
EQ-0301,2024-12-21,0
EQ-0028,2024-12-21,0
EQ-0041,2024-12-21,0
EQ-0057,2024-12-21,0
EQ-0279,2024-12-21,0
EQ-0205,2024-12-21,0
EQ-0161,2024-12-21,0
EQ-0418,2024-12-21,0
EQ-0036,2024-12-21,0
EQ-0173,2024-12-21,0
EQ-0154,2024-12-21,0
EQ-0407,2024-12-22,0
EQ-0345,2024-12-22,0
EQ-0204,2024-12-22,0
EQ-0380,2024-12-22,0
EQ-0056,2024-12-22,0
EQ-0187,2024-12-22,0
EQ-0366,2024-12-22,0
EQ-0141,2024-12-22,0
EQ-0001,2024-12-22,0
EQ-0039,2024-12-22,0
EQ-0400,2024-12-22,0
EQ-0169,2024-12-22,0
EQ-0179,2024-12-22,1
EQ-0103,2024-12-22,0
EQ-0207,2024-12-22,0
EQ-0412,2024-12-22,0
EQ-0216,2024-12-23,0
EQ-0152,2024-12-23,0
EQ-0391,2024-12-23,0
EQ-0350,2024-12-23,0
EQ-0329,2024-12-23,0
EQ-0341,2024-12-23,0
EQ-0055,2024-12-23,0
EQ-0314,2024-12-23,0
EQ-0368,2024-12-23,0
EQ-0243,2024-12-23,0
EQ-0214,2024-12-23,0
EQ-0203,2024-12-23,0
EQ-0033,2024-12-23,0
EQ-0434,2024-12-23,0
EQ-0366,2024-12-23,0
EQ-0258,2024-12-23,0
EQ-0025,2024-12-23,0
EQ-0379,2024-12-23,0
EQ-0031,2024-12-23,0
EQ-0123,2024-12-23,0
EQ-0387,2024-12-23,0
EQ-0036,2024-12-24,0
EQ-0285,2024-12-24,0
EQ-0367,2024-12-24,0
EQ-0349,2024-12-24,0
EQ-0227,2024-12-24,0
EQ-0311,2024-12-24,0
EQ-0365,2024-12-24,0
EQ-0299,2024-12-24,0
EQ-0042,2024-12-24,0
EQ-0027,2024-12-24,0
EQ-0165,2024-12-24,0
EQ-0193,2024-12-24,0
EQ-0376,2024-12-24,1
EQ-0172,2024-12-24,0
EQ-0023,2024-12-24,0
EQ-0257,2024-12-24,0
EQ-0313,2024-12-24,0
EQ-0287,2024-12-24,1
EQ-0281,2024-12-24,0
EQ-0144,2024-12-25,0
EQ-0099,2024-12-25,0
EQ-0429,2024-12-25,0
EQ-0391,2024-12-25,0
EQ-0139,2024-12-25,0
EQ-0145,2024-12-25,0
EQ-0049,2024-12-25,1
EQ-0411,2024-12-25,0
EQ-0357,2024-12-25,0
EQ-0281,2024-12-25,0
EQ-0003,2024-12-25,0
EQ-0143,2024-12-25,0
EQ-0174,2024-12-26,0
EQ-0370,2024-12-26,0
EQ-0217,2024-12-26,0
EQ-0038,2024-12-26,0
EQ-0014,2024-12-26,0
EQ-0074,2024-12-26,0
EQ-0251,2024-12-26,0
EQ-0201,2024-12-26,0
EQ-0015,2024-12-26,0
EQ-0158,2024-12-26,0
EQ-0359,2024-12-26,0
EQ-0253,2024-12-26,0
EQ-0122,2024-12-26,0
EQ-0352,2024-12-26,0
EQ-0358,2024-12-26,0
EQ-0246,2024-12-26,0
EQ-0273,2024-12-26,0
EQ-0111,2024-12-26,0
EQ-0154,2024-12-26,0
EQ-0005,2024-12-27,0
EQ-0136,2024-12-27,0
EQ-0386,2024-12-27,0
EQ-0014,2024-12-27,0
EQ-0394,2024-12-27,0
EQ-0062,2024-12-27,0
EQ-0293,2024-12-27,0
EQ-0393,2024-12-27,0
EQ-0020,2024-12-27,0
EQ-0290,2024-12-27,0
EQ-0153,2024-12-27,0
EQ-0035,2024-12-27,0
EQ-0040,2024-12-27,0
EQ-0181,2024-12-27,0
EQ-0090,2024-12-28,0
EQ-0156,2024-12-28,0
EQ-0432,2024-12-28,0
EQ-0382,2024-12-28,0
EQ-0048,2024-12-28,0
EQ-0347,2024-12-28,0
EQ-0116,2024-12-28,0
EQ-0236,2024-12-28,0
EQ-0414,2024-12-28,0
EQ-0390,2024-12-28,0
EQ-0211,2024-12-28,0
EQ-0420,2024-12-28,0
EQ-0009,2024-12-28,0
EQ-0435,2024-12-28,0
EQ-0398,2024-12-28,0
EQ-0028,2024-12-28,0
EQ-0114,2024-12-28,0
EQ-0337,2024-12-28,0
EQ-0256,2024-12-28,0
EQ-0110,2024-12-28,0
EQ-0416,2024-12-29,0
EQ-0146,2024-12-29,0
EQ-0172,2024-12-29,0
EQ-0218,2024-12-29,0
EQ-0052,2024-12-29,0
EQ-0297,2024-12-29,0
EQ-0048,2024-12-29,0
EQ-0007,2024-12-29,0
EQ-0388,2024-12-29,0
EQ-0323,2024-12-29,0
EQ-0389,2024-12-29,0
EQ-0274,2024-12-29,0
EQ-0189,2024-12-29,0
EQ-0134,2024-12-29,0
EQ-0107,2024-12-29,0
EQ-0016,2024-12-29,0
EQ-0191,2024-12-29,0
EQ-0425,2024-12-29,0
EQ-0128,2024-12-29,1
EQ-0239,2024-12-29,0
EQ-0066,2024-12-29,0
EQ-0392,2024-12-29,0
EQ-0089,2024-12-29,1
EQ-0185,2024-12-30,0
EQ-0284,2024-12-30,0
EQ-0118,2024-12-30,0
EQ-0298,2024-12-30,0
EQ-0093,2024-12-30,0
EQ-0236,2024-12-30,0
EQ-0374,2024-12-30,0
EQ-0083,2024-12-30,0
EQ-0108,2024-12-30,0
EQ-0277,2024-12-30,0
EQ-0165,2024-12-30,0
EQ-0265,2024-12-30,0
EQ-0403,2024-12-30,0
EQ-0176,2024-12-30,0
EQ-0289,2024-12-30,0
EQ-0402,2024-12-30,0
EQ-0229,2024-12-31,0
EQ-0426,2024-12-31,0
EQ-0261,2024-12-31,0
EQ-0421,2024-12-31,0
EQ-0327,2024-12-31,0
EQ-0069,2024-12-31,0
EQ-0424,2024-12-31,0
EQ-0013,2024-12-31,0
EQ-0430,2024-12-31,0
EQ-0344,2024-12-31,0
EQ-0217,2025-01-01,0
EQ-0043,2025-01-01,0
EQ-0226,2025-01-01,0
EQ-0305,2025-01-01,0
EQ-0323,2025-01-01,0
EQ-0171,2025-01-01,0
EQ-0391,2025-01-01,0
EQ-0275,2025-01-01,0
EQ-0011,2025-01-01,0
EQ-0080,2025-01-01,0
EQ-0291,2025-01-01,0
EQ-0108,2025-01-01,0
EQ-0151,2025-01-01,0
EQ-0261,2025-01-01,0
EQ-0306,2025-01-01,0
EQ-0402,2025-01-01,0
EQ-0166,2025-01-01,0
EQ-0064,2025-01-02,0
EQ-0424,2025-01-02,0
EQ-0227,2025-01-02,0
EQ-0253,2025-01-02,0
EQ-0099,2025-01-02,0
EQ-0175,2025-01-02,0
EQ-0054,2025-01-02,0
EQ-0015,2025-01-02,0
EQ-0164,2025-01-02,0
EQ-0063,2025-01-02,1
EQ-0214,2025-01-02,0
EQ-0281,2025-01-02,0
EQ-0230,2025-01-02,0
EQ-0016,2025-01-03,0
EQ-0311,2025-01-03,0
EQ-0042,2025-01-03,0
EQ-0018,2025-01-03,0
EQ-0017,2025-01-03,0
EQ-0162,2025-01-03,0
EQ-0424,2025-01-03,0
EQ-0427,2025-01-03,0
EQ-0256,2025-01-03,0
EQ-0280,2025-01-03,0
EQ-0077,2025-01-03,0
EQ-0331,2025-01-03,0
EQ-0373,2025-01-03,0
EQ-0394,2025-01-03,0
EQ-0213,2025-01-03,0
EQ-0045,2025-01-03,0
EQ-0211,2025-01-03,0
EQ-0287,2025-01-03,0
EQ-0015,2025-01-03,0
EQ-0044,2025-01-03,0
EQ-0065,2025-01-03,0
EQ-0166,2025-01-03,0
EQ-0181,2025-01-03,0
EQ-0034,2025-01-03,0
EQ-0248,2025-01-04,0
EQ-0179,2025-01-04,1
EQ-0416,2025-01-04,0
EQ-0185,2025-01-04,0
EQ-0121,2025-01-04,1
EQ-0006,2025-01-04,0
EQ-0371,2025-01-04,0
EQ-0169,2025-01-04,0
EQ-0307,2025-01-04,0
EQ-0415,2025-01-04,0
EQ-0235,2025-01-04,0
EQ-0069,2025-01-04,0
EQ-0159,2025-01-04,0
EQ-0118,2025-01-04,0
EQ-0024,2025-01-04,0
EQ-0299,2025-01-04,0
EQ-0400,2025-01-04,0
EQ-0312,2025-01-05,0
EQ-0155,2025-01-05,0
EQ-0172,2025-01-05,0
EQ-0381,2025-01-05,0
EQ-0100,2025-01-05,0
EQ-0238,2025-01-05,0
EQ-0272,2025-01-05,0
EQ-0378,2025-01-05,0
EQ-0433,2025-01-05,0
EQ-0177,2025-01-05,0
EQ-0282,2025-01-05,0
EQ-0382,2025-01-05,0
EQ-0427,2025-01-05,0
EQ-0254,2025-01-05,0
EQ-0141,2025-01-05,0
EQ-0189,2025-01-05,0
EQ-0431,2025-01-05,0
EQ-0111,2025-01-05,0
EQ-0347,2025-01-05,0
EQ-0336,2025-01-05,0
EQ-0242,2025-01-05,0
EQ-0351,2025-01-05,0
EQ-0266,2025-01-05,0
EQ-0258,2025-01-06,0
EQ-0052,2025-01-06,0
EQ-0088,2025-01-06,0
EQ-0033,2025-01-06,0
EQ-0053,2025-01-06,0
EQ-0048,2025-01-06,0
EQ-0315,2025-01-06,0
EQ-0273,2025-01-06,0
EQ-0366,2025-01-06,0
EQ-0325,2025-01-06,0
EQ-0124,2025-01-06,0
EQ-0389,2025-01-06,0
EQ-0365,2025-01-06,0
EQ-0043,2025-01-06,0
EQ-0027,2025-01-06,0
EQ-0197,2025-01-06,0
EQ-0302,2025-01-07,0
EQ-0135,2025-01-07,1
EQ-0062,2025-01-07,0
EQ-0202,2025-01-07,0
EQ-0391,2025-01-07,0
EQ-0020,2025-01-07,0
EQ-0145,2025-01-07,0
EQ-0371,2025-01-07,0
EQ-0328,2025-01-07,0
EQ-0274,2025-01-07,0
EQ-0007,2025-01-07,0
EQ-0434,2025-01-07,0
EQ-0078,2025-01-07,0
EQ-0431,2025-01-07,0
EQ-0009,2025-01-07,0
EQ-0281,2025-01-08,0
EQ-0326,2025-01-08,0
EQ-0295,2025-01-08,0
EQ-0363,2025-01-08,0
EQ-0154,2025-01-08,0
EQ-0397,2025-01-08,0
EQ-0206,2025-01-08,0
EQ-0259,2025-01-08,0
EQ-0385,2025-01-08,0
EQ-0072,2025-01-08,0
EQ-0219,2025-01-08,1
EQ-0144,2025-01-08,0
EQ-0098,2025-01-08,0
EQ-0087,2025-01-08,0
EQ-0437,2025-01-08,0
EQ-0354,2025-01-08,0
EQ-0221,2025-01-09,0
EQ-0344,2025-01-09,0
EQ-0418,2025-01-09,0
EQ-0198,2025-01-09,0
EQ-0132,2025-01-09,0
EQ-0297,2025-01-09,0
EQ-0027,2025-01-09,0
EQ-0060,2025-01-09,0
EQ-0203,2025-01-09,0
EQ-0199,2025-01-09,0
EQ-0010,2025-01-09,0
EQ-0040,2025-01-09,0
EQ-0123,2025-01-09,0
EQ-0153,2025-01-09,0
EQ-0097,2025-01-09,0
EQ-0117,2025-01-09,0
EQ-0037,2025-01-09,0
EQ-0341,2025-01-10,0
EQ-0247,2025-01-10,0
EQ-0289,2025-01-10,0
EQ-0050,2025-01-10,0
EQ-0392,2025-01-10,0
EQ-0316,2025-01-10,0
EQ-0231,2025-01-10,0
EQ-0314,2025-01-10,0
EQ-0192,2025-01-10,0
EQ-0093,2025-01-10,0
EQ-0384,2025-01-10,0
EQ-0332,2025-01-10,1
EQ-0387,2025-01-10,0
EQ-0031,2025-01-10,0
EQ-0334,2025-01-10,0
EQ-0345,2025-01-10,0
EQ-0365,2025-01-11,0
EQ-0288,2025-01-11,0
EQ-0224,2025-01-11,0
EQ-0174,2025-01-11,0
EQ-0359,2025-01-11,0
EQ-0254,2025-01-11,0
EQ-0101,2025-01-11,0
EQ-0204,2025-01-11,0
EQ-0013,2025-01-11,0
EQ-0160,2025-01-11,0
EQ-0144,2025-01-11,0
EQ-0259,2025-01-11,0
EQ-0408,2025-01-11,0
EQ-0374,2025-01-11,0
EQ-0049,2025-01-11,1
EQ-0276,2025-01-11,1
EQ-0095,2025-01-11,0
EQ-0381,2025-01-12,0
EQ-0107,2025-01-12,0
EQ-0059,2025-01-12,0
EQ-0126,2025-01-12,0
EQ-0005,2025-01-12,0
EQ-0337,2025-01-12,0
EQ-0128,2025-01-12,1
EQ-0007,2025-01-12,0
EQ-0390,2025-01-12,0
EQ-0432,2025-01-12,0
EQ-0425,2025-01-12,0
EQ-0085,2025-01-12,0
EQ-0404,2025-01-12,0
EQ-0067,2025-01-12,0
EQ-0292,2025-01-12,0
EQ-0269,2025-01-12,0
EQ-0429,2025-01-12,0
EQ-0267,2025-01-12,0
EQ-0152,2025-01-12,0
EQ-0227,2025-01-12,0
EQ-0416,2025-01-12,0
EQ-0419,2025-01-12,0
EQ-0164,2025-01-12,0
EQ-0263,2025-01-13,0
EQ-0152,2025-01-13,0
EQ-0163,2025-01-13,0
EQ-0322,2025-01-13,0
EQ-0249,2025-01-13,0
EQ-0157,2025-01-13,0
EQ-0178,2025-01-13,0
EQ-0154,2025-01-13,0
EQ-0173,2025-01-13,0
EQ-0262,2025-01-13,1
EQ-0364,2025-01-13,0
EQ-0153,2025-01-13,0
EQ-0047,2025-01-13,0
EQ-0370,2025-01-13,0
EQ-0355,2025-01-13,0
EQ-0133,2025-01-13,0
EQ-0352,2025-01-13,1
EQ-0136,2025-01-13,0
EQ-0367,2025-01-14,0
EQ-0428,2025-01-14,0
EQ-0216,2025-01-14,0
EQ-0303,2025-01-14,0
EQ-0200,2025-01-14,0
EQ-0048,2025-01-14,0
EQ-0318,2025-01-14,0
EQ-0283,2025-01-14,0
EQ-0284,2025-01-14,0
EQ-0176,2025-01-14,0
EQ-0361,2025-01-14,0
EQ-0280,2025-01-14,0
EQ-0263,2025-01-14,0
EQ-0207,2025-01-14,0
EQ-0146,2025-01-14,0
EQ-0267,2025-01-14,0
EQ-0001,2025-01-14,0
EQ-0103,2025-01-14,0
EQ-0110,2025-01-14,0
EQ-0268,2025-01-14,0
EQ-0261,2025-01-14,0
EQ-0044,2025-01-14,0
EQ-0032,2025-01-14,0
EQ-0273,2025-01-15,0
EQ-0349,2025-01-15,0
EQ-0126,2025-01-15,0
EQ-0316,2025-01-15,0
EQ-0112,2025-01-15,0
EQ-0170,2025-01-15,0
EQ-0223,2025-01-15,0
EQ-0033,2025-01-15,0
EQ-0215,2025-01-15,0
EQ-0296,2025-01-15,0
EQ-0002,2025-01-15,0
EQ-0188,2025-01-15,0
EQ-0407,2025-01-15,0
EQ-0268,2025-01-15,0
EQ-0062,2025-01-15,0
EQ-0168,2025-01-15,0
EQ-0026,2025-01-15,0
EQ-0279,2025-01-15,0
EQ-0338,2025-01-15,0
EQ-0165,2025-01-15,0
EQ-0212,2025-01-16,0
EQ-0420,2025-01-16,0
EQ-0402,2025-01-16,0
EQ-0435,2025-01-16,0
EQ-0244,2025-01-16,0
EQ-0022,2025-01-16,1
EQ-0203,2025-01-16,0
EQ-0056,2025-01-16,0
EQ-0038,2025-01-16,0
EQ-0422,2025-01-16,0
EQ-0358,2025-01-16,0
EQ-0163,2025-01-16,0
EQ-0255,2025-01-16,0
EQ-0073,2025-01-16,0
EQ-0003,2025-01-16,0
EQ-0050,2025-01-16,0
EQ-0331,2025-01-16,0
EQ-0233,2025-01-16,0
EQ-0065,2025-01-16,0
EQ-0052,2025-01-16,0
EQ-0138,2025-01-16,0
EQ-0265,2025-01-16,0
EQ-0091,2025-01-16,0
EQ-0194,2025-01-16,0
EQ-0406,2025-01-17,0
EQ-0270,2025-01-17,0
EQ-0410,2025-01-17,0
EQ-0061,2025-01-17,0
EQ-0081,2025-01-17,0
EQ-0240,2025-01-17,0
EQ-0201,2025-01-17,0
EQ-0301,2025-01-17,0
EQ-0304,2025-01-17,0
EQ-0016,2025-01-17,0
EQ-0417,2025-01-17,0
EQ-0320,2025-01-17,0
EQ-0379,2025-01-17,0
EQ-0368,2025-01-17,0
EQ-0134,2025-01-17,0
EQ-0399,2025-01-17,1
EQ-0252,2025-01-17,0
EQ-0025,2025-01-17,0
EQ-0079,2025-01-17,1
EQ-0010,2025-01-17,0
EQ-0225,2025-01-18,0
EQ-0064,2025-01-18,0
EQ-0036,2025-01-18,0
EQ-0278,2025-01-18,0
EQ-0357,2025-01-18,0
EQ-0165,2025-01-18,0
EQ-0340,2025-01-18,0
EQ-0405,2025-01-18,0
EQ-0337,2025-01-18,0
EQ-0372,2025-01-18,1
EQ-0096,2025-01-18,0
EQ-0090,2025-01-18,0
EQ-0092,2025-01-18,0
EQ-0150,2025-01-18,0
EQ-0321,2025-01-18,0
EQ-0333,2025-01-19,0
EQ-0003,2025-01-19,0
EQ-0116,2025-01-19,0
EQ-0008,2025-01-19,0
EQ-0150,2025-01-19,0
EQ-0377,2025-01-19,0
EQ-0393,2025-01-19,0
EQ-0290,2025-01-19,0
EQ-0134,2025-01-19,0
EQ-0106,2025-01-19,0
EQ-0084,2025-01-19,0
EQ-0140,2025-01-19,0
EQ-0055,2025-01-19,0
EQ-0412,2025-01-19,0
EQ-0423,2025-01-19,0
EQ-0237,2025-01-19,0
EQ-0256,2025-01-19,0
EQ-0045,2025-01-20,0
EQ-0047,2025-01-20,0
EQ-0236,2025-01-20,0
EQ-0330,2025-01-20,0
EQ-0274,2025-01-20,0
EQ-0367,2025-01-20,0
EQ-0155,2025-01-20,0
EQ-0434,2025-01-20,0
EQ-0398,2025-01-20,0
EQ-0053,2025-01-20,0
EQ-0348,2025-01-20,0
EQ-0191,2025-01-20,0
EQ-0193,2025-01-20,0
EQ-0342,2025-01-20,0
EQ-0088,2025-01-21,0
EQ-0262,2025-01-21,1
EQ-0119,2025-01-21,0
EQ-0276,2025-01-21,1
EQ-0071,2025-01-21,0
EQ-0063,2025-01-21,1
EQ-0209,2025-01-21,0
EQ-0218,2025-01-21,0
EQ-0105,2025-01-21,0
EQ-0277,2025-01-21,0
EQ-0115,2025-01-21,0
EQ-0413,2025-01-21,0
EQ-0021,2025-01-21,1
EQ-0156,2025-01-21,0
EQ-0251,2025-01-21,0
EQ-0387,2025-01-21,0
EQ-0208,2025-01-22,0
EQ-0167,2025-01-22,0
EQ-0308,2025-01-22,0
EQ-0229,2025-01-22,0
EQ-0158,2025-01-22,0
EQ-0396,2025-01-22,0
EQ-0266,2025-01-22,0
EQ-0438,2025-01-22,0
EQ-0011,2025-01-22,0
EQ-0028,2025-01-22,0
EQ-0309,2025-01-22,1
EQ-0196,2025-01-22,0
EQ-0089,2025-01-22,1
EQ-0046,2025-01-22,1
EQ-0383,2025-01-22,0
EQ-0127,2025-01-23,0
EQ-0056,2025-01-23,0
EQ-0300,2025-01-23,0
EQ-0421,2025-01-23,0
EQ-0382,2025-01-23,0
EQ-0286,2025-01-23,0
EQ-0180,2025-01-23,0
EQ-0250,2025-01-23,0
EQ-0375,2025-01-23,0
EQ-0433,2025-01-23,0
EQ-0379,2025-01-23,0
EQ-0122,2025-01-23,0
EQ-0236,2025-01-23,0
EQ-0191,2025-01-23,0
EQ-0380,2025-01-23,0
EQ-0173,2025-01-23,0
EQ-0023,2025-01-24,0
EQ-0060,2025-01-24,0
EQ-0313,2025-01-24,0
EQ-0395,2025-01-24,0
EQ-0177,2025-01-24,0
EQ-0013,2025-01-24,0
EQ-0244,2025-01-24,0
EQ-0205,2025-01-24,0
EQ-0114,2025-01-24,0
EQ-0175,2025-01-24,0
EQ-0036,2025-01-24,0
EQ-0005,2025-01-24,0
EQ-0356,2025-01-24,0
EQ-0260,2025-01-24,1
EQ-0001,2025-01-24,0
EQ-0436,2025-01-24,0
EQ-0252,2025-01-24,0
EQ-0389,2025-01-24,0
EQ-0031,2025-01-24,0
EQ-0271,2025-01-24,0
EQ-0037,2025-01-25,0
EQ-0409,2025-01-25,0
EQ-0395,2025-01-25,0
EQ-0388,2025-01-25,0
EQ-0151,2025-01-25,0
EQ-0210,2025-01-25,1
EQ-0125,2025-01-25,0
EQ-0195,2025-01-25,0
EQ-0285,2025-01-25,0
EQ-0075,2025-01-25,0
EQ-0394,2025-01-25,0
EQ-0172,2025-01-25,0
EQ-0014,2025-01-25,0
EQ-0310,2025-01-25,0
EQ-0246,2025-01-26,0
EQ-0329,2025-01-26,0
EQ-0369,2025-01-26,0
EQ-0190,2025-01-26,0
EQ-0377,2025-01-26,0
EQ-0222,2025-01-26,0
EQ-0076,2025-01-26,0
EQ-0161,2025-01-26,0
EQ-0128,2025-01-26,1
EQ-0120,2025-01-26,0
EQ-0278,2025-01-26,0
EQ-0039,2025-01-26,0
EQ-0182,2025-01-26,0
EQ-0187,2025-01-26,0
EQ-0066,2025-01-26,0
EQ-0343,2025-01-26,0
EQ-0156,2025-01-26,0
EQ-0068,2025-01-26,0
EQ-0403,2025-01-26,0
EQ-0179,2025-01-26,0
EQ-0020,2025-01-26,0
EQ-0083,2025-01-26,0
EQ-0346,2025-01-26,0
EQ-0040,2025-01-26,0
EQ-0038,2025-01-26,0
EQ-0142,2025-01-27,0
EQ-0232,2025-01-27,0
EQ-0130,2025-01-27,0
EQ-0234,2025-01-27,0
EQ-0131,2025-01-27,0
EQ-0360,2025-01-27,0
EQ-0243,2025-01-27,0
EQ-0069,2025-01-27,0
EQ-0070,2025-01-27,0
EQ-0228,2025-01-27,0
EQ-0143,2025-01-27,0
EQ-0051,2025-01-27,0
EQ-0392,2025-01-27,0
EQ-0008,2025-01-27,0
EQ-0148,2025-01-27,0
EQ-0012,2025-01-27,0
EQ-0260,2025-01-27,1
EQ-0004,2025-01-27,0
EQ-0002,2025-01-27,0
EQ-0369,2025-01-27,0
EQ-0186,2025-01-27,1
EQ-0057,2025-01-27,0
EQ-0426,2025-01-27,0
EQ-0093,2025-01-27,0
EQ-0023,2025-01-27,0
EQ-0414,2025-01-28,0
EQ-0029,2025-01-28,0
EQ-0362,2025-01-28,0
EQ-0039,2025-01-28,0
EQ-0374,2025-01-28,0
EQ-0376,2025-01-28,1
EQ-0139,2025-01-28,0
EQ-0411,2025-01-28,0
EQ-0380,2025-01-28,0
EQ-0279,2025-01-28,0
EQ-0061,2025-01-28,0
EQ-0388,2025-01-28,0
EQ-0058,2025-01-28,0
EQ-0201,2025-01-28,0
EQ-0319,2025-01-28,0
EQ-0074,2025-01-28,1
EQ-0178,2025-01-28,0
EQ-0324,2025-01-29,0
EQ-0082,2025-01-29,0
EQ-0022,2025-01-29,1
EQ-0245,2025-01-29,0
EQ-0339,2025-01-29,0
EQ-0257,2025-01-29,0
EQ-0174,2025-01-29,0
EQ-0294,2025-01-29,0
EQ-0028,2025-01-29,0
EQ-0401,2025-01-29,0
EQ-0317,2025-01-29,0
EQ-0067,2025-01-30,0
EQ-0102,2025-01-30,0
EQ-0437,2025-01-30,0
EQ-0353,2025-01-30,0
EQ-0317,2025-01-30,0
EQ-0030,2025-01-30,0
EQ-0086,2025-01-30,0
EQ-0055,2025-01-30,0
EQ-0181,2025-01-30,0
EQ-0157,2025-01-30,0
EQ-0432,2025-01-30,0
EQ-0214,2025-01-30,0
EQ-0390,2025-01-30,0
EQ-0137,2025-01-30,0
EQ-0184,2025-01-30,0
EQ-0386,2025-01-30,0
EQ-0113,2025-01-30,0
EQ-0049,2025-01-30,1
EQ-0094,2025-01-30,0
EQ-0293,2025-01-30,0
EQ-0051,2025-01-30,0
EQ-0265,2025-01-31,0
EQ-0014,2025-01-31,0
EQ-0264,2025-01-31,0
EQ-0327,2025-01-31,0
EQ-0393,2025-01-31,0
EQ-0035,2025-01-31,0
EQ-0147,2025-01-31,0
EQ-0366,2025-01-31,0
EQ-0220,2025-01-31,0
EQ-0012,2025-01-31,0
EQ-0234,2025-01-31,0
EQ-0035,2025-02-01,0
EQ-0161,2025-02-01,0
EQ-0355,2025-02-01,0
EQ-0373,2025-02-01,0
EQ-0154,2025-02-01,0
EQ-0067,2025-02-01,0
EQ-0341,2025-02-01,0
EQ-0406,2025-02-01,0
EQ-0278,2025-02-01,0
EQ-0146,2025-02-01,0
EQ-0112,2025-02-01,0
EQ-0156,2025-02-01,0
EQ-0038,2025-02-01,0
EQ-0207,2025-02-01,0
EQ-0235,2025-02-01,0
EQ-0424,2025-02-01,0
EQ-0078,2025-02-01,0
EQ-0009,2025-02-01,0
EQ-0214,2025-02-01,0
EQ-0191,2025-02-01,0
EQ-0077,2025-02-01,0
EQ-0267,2025-02-02,0
EQ-0162,2025-02-02,0
EQ-0031,2025-02-02,0
EQ-0011,2025-02-02,0
EQ-0190,2025-02-02,0
EQ-0344,2025-02-02,0
EQ-0152,2025-02-02,0
EQ-0300,2025-02-02,0
EQ-0185,2025-02-02,0
EQ-0424,2025-02-02,0
EQ-0423,2025-02-02,0
EQ-0373,2025-02-02,0
EQ-0271,2025-02-02,0
EQ-0165,2025-02-02,0
EQ-0283,2025-02-02,0
EQ-0393,2025-02-02,0
EQ-0309,2025-02-02,1
EQ-0295,2025-02-02,0
EQ-0264,2025-02-02,0
EQ-0016,2025-02-02,0
EQ-0429,2025-02-02,0
EQ-0137,2025-02-02,0
EQ-0253,2025-02-02,0
EQ-0371,2025-02-02,0
EQ-0036,2025-02-02,0
EQ-0064,2025-02-03,0
EQ-0065,2025-02-03,0
EQ-0039,2025-02-03,0
EQ-0108,2025-02-03,0
EQ-0119,2025-02-03,0
EQ-0129,2025-02-03,0
EQ-0145,2025-02-03,0
EQ-0173,2025-02-03,0
EQ-0405,2025-02-03,0
EQ-0337,2025-02-03,0
EQ-0379,2025-02-03,0
EQ-0124,2025-02-03,0
EQ-0437,2025-02-03,0
EQ-0178,2025-02-03,0
EQ-0420,2025-02-03,0
EQ-0370,2025-02-03,0
EQ-0412,2025-02-03,0
EQ-0224,2025-02-03,0
EQ-0290,2025-02-03,0
EQ-0221,2025-02-03,0
EQ-0318,2025-02-03,0
EQ-0131,2025-02-03,0
EQ-0048,2025-02-03,0
EQ-0399,2025-02-03,1
EQ-0020,2025-02-03,0
EQ-0100,2025-02-03,0
EQ-0096,2025-02-03,0
EQ-0210,2025-02-04,1
EQ-0040,2025-02-04,0
EQ-0106,2025-02-04,0
EQ-0136,2025-02-04,0
EQ-0056,2025-02-04,0
EQ-0234,2025-02-04,0
EQ-0203,2025-02-04,0
EQ-0158,2025-02-04,0
EQ-0427,2025-02-04,0
EQ-0194,2025-02-04,0
EQ-0278,2025-02-04,0
EQ-0063,2025-02-04,0
EQ-0179,2025-02-04,0
EQ-0432,2025-02-04,0
EQ-0223,2025-02-04,0
EQ-0144,2025-02-04,0
EQ-0296,2025-02-04,0
EQ-0256,2025-02-04,0
EQ-0265,2025-02-05,0
EQ-0342,2025-02-05,0
EQ-0378,2025-02-05,0
EQ-0015,2025-02-05,0
EQ-0110,2025-02-05,0
EQ-0153,2025-02-05,0
EQ-0053,2025-02-05,0
EQ-0391,2025-02-05,0
EQ-0002,2025-02-05,0
EQ-0259,2025-02-05,0
EQ-0201,2025-02-05,0
EQ-0079,2025-02-05,1
EQ-0293,2025-02-05,0
EQ-0282,2025-02-05,0
EQ-0175,2025-02-06,0
EQ-0010,2025-02-06,0
EQ-0033,2025-02-06,0
EQ-0158,2025-02-06,0
EQ-0047,2025-02-06,0
EQ-0396,2025-02-06,0
EQ-0308,2025-02-06,0
EQ-0027,2025-02-06,0
EQ-0352,2025-02-06,1
EQ-0031,2025-02-06,0
EQ-0233,2025-02-06,0
EQ-0045,2025-02-06,0
EQ-0351,2025-02-06,0
EQ-0206,2025-02-06,0
EQ-0258,2025-02-06,0
EQ-0061,2025-02-06,0
EQ-0046,2025-02-06,1
EQ-0154,2025-02-06,0
EQ-0274,2025-02-06,0
EQ-0122,2025-02-07,0
EQ-0252,2025-02-07,0
EQ-0390,2025-02-07,0
EQ-0018,2025-02-07,0
EQ-0378,2025-02-07,0
EQ-0346,2025-02-07,0
EQ-0117,2025-02-07,0
EQ-0074,2025-02-07,1
EQ-0426,2025-02-07,0
EQ-0391,2025-02-07,0
EQ-0364,2025-02-07,0
EQ-0306,2025-02-07,0
EQ-0368,2025-02-07,0
EQ-0130,2025-02-07,0
EQ-0155,2025-02-07,0
EQ-0195,2025-02-07,0
EQ-0013,2025-02-07,0
EQ-0030,2025-02-07,0
EQ-0421,2025-02-07,0
EQ-0418,2025-02-07,0
EQ-0060,2025-02-08,0
EQ-0316,2025-02-08,0
EQ-0335,2025-02-08,0
EQ-0009,2025-02-08,0
EQ-0113,2025-02-08,0
EQ-0222,2025-02-08,0
EQ-0302,2025-02-08,0
EQ-0397,2025-02-08,0
EQ-0026,2025-02-08,0
EQ-0186,2025-02-08,1
EQ-0304,2025-02-08,0
EQ-0192,2025-02-08,0
EQ-0064,2025-02-08,0
EQ-0280,2025-02-08,1
EQ-0277,2025-02-08,0
EQ-0059,2025-02-08,0
EQ-0204,2025-02-08,0
EQ-0374,2025-02-08,0
EQ-0257,2025-02-08,0
EQ-0168,2025-02-08,0
EQ-0061,2025-02-08,0
EQ-0408,2025-02-08,0
EQ-0416,2025-02-08,0
EQ-0126,2025-02-08,0
EQ-0268,2025-02-08,0
EQ-0144,2025-02-08,0
EQ-0024,2025-02-08,0
EQ-0269,2025-02-08,0
EQ-0068,2025-02-09,0
EQ-0279,2025-02-09,0
EQ-0126,2025-02-09,0
EQ-0266,2025-02-09,0
EQ-0393,2025-02-09,0
EQ-0046,2025-02-09,1
EQ-0042,2025-02-09,0
EQ-0402,2025-02-09,0
EQ-0311,2025-02-09,0
EQ-0147,2025-02-09,0
EQ-0254,2025-02-09,0
EQ-0377,2025-02-09,0
EQ-0172,2025-02-09,0
EQ-0019,2025-02-09,0
EQ-0037,2025-02-10,0
EQ-0075,2025-02-10,0
EQ-0425,2025-02-10,0
EQ-0151,2025-02-10,0
EQ-0020,2025-02-10,0
EQ-0281,2025-02-10,0
EQ-0065,2025-02-10,0
EQ-0371,2025-02-10,0
EQ-0350,2025-02-10,0
EQ-0212,2025-02-10,0
EQ-0162,2025-02-10,0
EQ-0044,2025-02-10,0
EQ-0005,2025-02-10,0
EQ-0094,2025-02-10,0
EQ-0047,2025-02-10,0
EQ-0088,2025-02-10,0
EQ-0432,2025-02-10,0
EQ-0427,2025-02-10,0
EQ-0330,2025-02-10,0
EQ-0084,2025-02-11,0
EQ-0234,2025-02-11,0
EQ-0071,2025-02-11,0
EQ-0305,2025-02-11,0
EQ-0225,2025-02-11,0
EQ-0294,2025-02-11,0
EQ-0183,2025-02-11,0
EQ-0315,2025-02-11,0
EQ-0404,2025-02-11,0
EQ-0056,2025-02-11,0
EQ-0428,2025-02-11,0
EQ-0128,2025-02-11,1
EQ-0193,2025-02-11,0
EQ-0091,2025-02-11,0
EQ-0400,2025-02-11,0
EQ-0085,2025-02-11,0
EQ-0073,2025-02-12,0
EQ-0196,2025-02-12,0
EQ-0060,2025-02-12,0
EQ-0356,2025-02-12,0
EQ-0050,2025-02-12,0
EQ-0080,2025-02-12,0
EQ-0307,2025-02-12,0
EQ-0437,2025-02-12,0
EQ-0345,2025-02-12,0
EQ-0227,2025-02-12,0
EQ-0231,2025-02-12,0
EQ-0092,2025-02-12,1
EQ-0362,2025-02-12,0
EQ-0025,2025-02-12,0
EQ-0029,2025-02-12,1
EQ-0163,2025-02-12,0
EQ-0055,2025-02-12,0
EQ-0329,2025-02-12,0
EQ-0411,2025-02-13,0
EQ-0174,2025-02-13,0
EQ-0127,2025-02-13,0
EQ-0150,2025-02-13,0
EQ-0016,2025-02-13,0
EQ-0390,2025-02-13,0
EQ-0157,2025-02-13,0
EQ-0361,2025-02-13,0
EQ-0286,2025-02-13,0
EQ-0379,2025-02-13,0
EQ-0032,2025-02-13,0
EQ-0175,2025-02-13,0
EQ-0164,2025-02-13,0
EQ-0086,2025-02-13,0
EQ-0001,2025-02-13,0
EQ-0217,2025-02-13,0
EQ-0422,2025-02-13,0
EQ-0409,2025-02-13,0
EQ-0365,2025-02-13,0
EQ-0198,2025-02-13,0
EQ-0045,2025-02-13,0
EQ-0044,2025-02-13,0
EQ-0416,2025-02-13,0
EQ-0099,2025-02-13,0
EQ-0413,2025-02-14,0
EQ-0213,2025-02-14,0
EQ-0287,2025-02-14,0
EQ-0239,2025-02-14,0
EQ-0387,2025-02-14,0
EQ-0262,2025-02-14,0
EQ-0093,2025-02-14,0
EQ-0052,2025-02-14,0
EQ-0114,2025-02-14,0
EQ-0184,2025-02-14,0
EQ-0167,2025-02-14,0
EQ-0007,2025-02-14,0
EQ-0053,2025-02-14,0
EQ-0178,2025-02-14,0
EQ-0259,2025-02-14,0
EQ-0228,2025-02-14,0
EQ-0302,2025-02-14,0
EQ-0066,2025-02-14,0
EQ-0152,2025-02-14,0
EQ-0164,2025-02-14,0
EQ-0298,2025-02-14,0
EQ-0261,2025-02-15,0
EQ-0069,2025-02-15,0
EQ-0003,2025-02-15,0
EQ-0040,2025-02-15,0
EQ-0339,2025-02-15,0
EQ-0139,2025-02-15,0
EQ-0244,2025-02-15,0
EQ-0324,2025-02-15,0
EQ-0156,2025-02-15,0
EQ-0022,2025-02-15,1
EQ-0431,2025-02-15,0
EQ-0209,2025-02-15,0
EQ-0201,2025-02-15,0
EQ-0266,2025-02-15,0
EQ-0383,2025-02-15,0
EQ-0260,2025-02-15,1
EQ-0354,2025-02-15,0
EQ-0438,2025-02-15,0
EQ-0017,2025-02-15,0
EQ-0033,2025-02-15,0
EQ-0050,2025-02-15,0
EQ-0177,2025-02-16,0
EQ-0317,2025-02-16,0
EQ-0153,2025-02-16,0
EQ-0241,2025-02-16,0
EQ-0023,2025-02-16,0
EQ-0123,2025-02-16,0
EQ-0348,2025-02-16,0
EQ-0165,2025-02-16,0
EQ-0360,2025-02-16,0
EQ-0006,2025-02-16,0
EQ-0220,2025-02-16,0
EQ-0170,2025-02-16,0
EQ-0027,2025-02-16,0
EQ-0374,2025-02-16,0
EQ-0070,2025-02-16,0
EQ-0057,2025-02-17,0
EQ-0268,2025-02-17,0
EQ-0236,2025-02-17,0
EQ-0083,2025-02-17,0
EQ-0430,2025-02-17,0
EQ-0331,2025-02-17,0
EQ-0163,2025-02-17,0
EQ-0067,2025-02-17,0
EQ-0159,2025-02-17,0
EQ-0103,2025-02-17,0
EQ-0072,2025-02-17,0
EQ-0172,2025-02-17,0
EQ-0403,2025-02-17,0
EQ-0312,2025-02-17,0
EQ-0380,2025-02-17,0
EQ-0134,2025-02-17,0
EQ-0273,2025-02-17,0
EQ-0115,2025-02-17,0
EQ-0002,2025-02-18,0
EQ-0267,2025-02-18,0
EQ-0043,2025-02-18,0
EQ-0369,2025-02-18,0
EQ-0107,2025-02-18,0
EQ-0138,2025-02-18,0
EQ-0392,2025-02-18,0
EQ-0319,2025-02-18,0
EQ-0261,2025-02-18,0
EQ-0069,2025-02-18,0
EQ-0388,2025-02-18,0
EQ-0433,2025-02-18,0
EQ-0160,2025-02-18,0
EQ-0090,2025-02-18,0
EQ-0105,2025-02-18,0
EQ-0398,2025-02-18,0
EQ-0036,2025-02-18,0
EQ-0004,2025-02-18,0
EQ-0274,2025-02-19,0
EQ-0003,2025-02-19,0
EQ-0245,2025-02-19,0
EQ-0263,2025-02-19,0
EQ-0289,2025-02-19,0
EQ-0176,2025-02-19,0
EQ-0388,2025-02-19,0
EQ-0034,2025-02-19,0
EQ-0380,2025-02-19,0
EQ-0314,2025-02-19,0
EQ-0237,2025-02-19,0
EQ-0273,2025-02-19,0
EQ-0284,2025-02-19,0
EQ-0133,2025-02-19,0
EQ-0272,2025-02-19,0
EQ-0157,2025-02-19,0
EQ-0395,2025-02-19,0
EQ-0381,2025-02-19,0
EQ-0414,2025-02-19,0
EQ-0062,2025-02-19,0
EQ-0166,2025-02-20,0
EQ-0382,2025-02-20,0
EQ-0252,2025-02-20,0
EQ-0317,2025-02-20,0
EQ-0336,2025-02-20,0
EQ-0321,2025-02-20,0
EQ-0366,2025-02-20,0
EQ-0254,2025-02-20,0
EQ-0087,2025-02-20,0
EQ-0098,2025-02-20,0
EQ-0395,2025-02-20,0
EQ-0265,2025-02-20,0
EQ-0101,2025-02-20,0
EQ-0244,2025-02-20,0
EQ-0316,2025-02-20,0
EQ-0028,2025-02-20,0
EQ-0242,2025-02-20,0
EQ-0347,2025-02-21,0
EQ-0081,2025-02-21,0
EQ-0174,2025-02-21,0
EQ-0415,2025-02-21,0
EQ-0326,2025-02-21,0
EQ-0076,2025-02-21,0
EQ-0189,2025-02-21,0
EQ-0169,2025-02-21,0
EQ-0389,2025-02-21,0
EQ-0365,2025-02-21,0
EQ-0247,2025-02-21,0
EQ-0226,2025-02-22,0
EQ-0023,2025-02-22,0
EQ-0384,2025-02-22,0
EQ-0301,2025-02-22,0
EQ-0363,2025-02-22,0
EQ-0051,2025-02-22,0
EQ-0142,2025-02-22,0
EQ-0177,2025-02-22,0
EQ-0407,2025-02-22,0
EQ-0333,2025-02-22,0
EQ-0205,2025-02-22,1
EQ-0148,2025-02-22,0
EQ-0381,2025-02-22,0
EQ-0088,2025-02-22,0
EQ-0392,2025-02-22,0
EQ-0150,2025-02-22,0
EQ-0240,2025-02-22,0
EQ-0292,2025-02-22,0
EQ-0132,2025-02-22,0
EQ-0005,2025-02-23,0
EQ-0181,2025-02-23,0
EQ-0214,2025-02-23,0
EQ-0043,2025-02-23,0
EQ-0121,2025-02-23,1
EQ-0249,2025-02-23,0
EQ-0015,2025-02-23,0
EQ-0417,2025-02-23,0
EQ-0337,2025-02-23,0
EQ-0320,2025-02-23,0
EQ-0238,2025-02-23,0
EQ-0141,2025-02-23,0
EQ-0435,2025-02-23,0
EQ-0111,2025-02-23,0
EQ-0066,2025-02-23,0
EQ-0166,2025-02-23,0
EQ-0382,2025-02-23,0
EQ-0276,2025-02-23,1
EQ-0389,2025-02-23,0
EQ-0012,2025-02-23,0
EQ-0236,2025-02-23,0
EQ-0279,2025-02-23,0
EQ-0180,2025-02-23,0
EQ-0082,2025-02-23,0
EQ-0323,2025-02-23,0
EQ-0280,2025-02-23,1
EQ-0216,2025-02-23,0
EQ-0039,2025-02-24,0
EQ-0001,2025-02-24,0
EQ-0251,2025-02-24,0
EQ-0008,2025-02-24,0
EQ-0436,2025-02-24,0
EQ-0434,2025-02-24,0
EQ-0128,2025-02-24,1
EQ-0104,2025-02-24,0
EQ-0058,2025-02-24,0
EQ-0143,2025-02-24,0
EQ-0385,2025-02-24,0
EQ-0310,2025-02-24,0
EQ-0366,2025-02-24,0
EQ-0116,2025-02-24,0
EQ-0211,2025-02-24,0
EQ-0376,2025-02-24,1
EQ-0155,2025-02-24,0
EQ-0041,2025-02-24,0
EQ-0394,2025-02-24,0
EQ-0120,2025-02-24,0
EQ-0188,2025-02-24,0
EQ-0010,2025-02-24,0
EQ-0387,2025-02-24,0
EQ-0372,2025-02-24,1
EQ-0191,2025-02-24,0
EQ-0134,2025-02-25,0
EQ-0281,2025-02-25,0
EQ-0049,2025-02-25,0
EQ-0367,2025-02-25,0
EQ-0291,2025-02-25,0
EQ-0325,2025-02-25,0
EQ-0151,2025-02-25,0
EQ-0202,2025-02-25,0
EQ-0218,2025-02-25,0
EQ-0197,2025-02-25,0
EQ-0182,2025-02-25,0
EQ-0055,2025-02-25,0
EQ-0263,2025-02-25,0
EQ-0410,2025-02-25,0
EQ-0208,2025-02-25,0
EQ-0243,2025-02-25,0
EQ-0377,2025-02-25,0
EQ-0181,2025-02-26,0
EQ-0394,2025-02-26,0
EQ-0187,2025-02-26,0
EQ-0434,2025-02-26,0
EQ-0401,2025-02-26,0
EQ-0369,2025-02-26,0
EQ-0299,2025-02-26,0
EQ-0109,2025-02-26,0
EQ-0331,2025-02-26,0
EQ-0232,2025-02-26,0
EQ-0110,2025-02-26,0
EQ-0173,2025-02-26,0
EQ-0328,2025-02-26,0
EQ-0203,2025-02-26,0
EQ-0097,2025-02-26,0
EQ-0042,2025-02-26,0
EQ-0051,2025-02-26,0
EQ-0102,2025-02-26,0
EQ-0125,2025-02-26,0
EQ-0255,2025-02-26,0
EQ-0052,2025-02-26,0
EQ-0276,2025-02-26,1
EQ-0358,2025-02-26,0
EQ-0171,2025-02-26,0
EQ-0159,2025-02-26,0
EQ-0439,2025-02-26,0
EQ-0095,2025-02-27,0
EQ-0054,2025-02-27,0
EQ-0419,2025-02-27,0
EQ-0135,2025-02-27,0
EQ-0022,2025-02-27,1
EQ-0402,2025-02-27,0
EQ-0275,2025-02-27,0
EQ-0297,2025-02-27,0
EQ-0149,2025-02-27,0
EQ-0246,2025-02-27,0
EQ-0014,2025-02-27,0
EQ-0199,2025-02-27,0
EQ-0288,2025-02-27,0
EQ-0260,2025-02-27,0
EQ-0062,2025-02-27,0
EQ-0008,2025-02-27,0
EQ-0349,2025-02-27,0
EQ-0262,2025-02-27,0
EQ-0375,2025-02-27,0
EQ-0431,2025-02-27,0
EQ-0270,2025-02-27,0
EQ-0359,2025-02-27,0
EQ-0200,2025-02-27,0
EQ-0215,2025-02-27,0
EQ-0285,2025-02-27,0
EQ-0093,2025-02-27,0
EQ-0063,2025-02-28,0
EQ-0014,2025-02-28,0
EQ-0343,2025-02-28,0
EQ-0049,2025-02-28,0
EQ-0048,2025-02-28,0
EQ-0148,2025-02-28,0
EQ-0332,2025-02-28,1
EQ-0219,2025-02-28,1
EQ-0021,2025-02-28,0
EQ-0028,2025-02-28,0
EQ-0257,2025-02-28,0
EQ-0013,2025-02-28,0
EQ-0357,2025-02-28,0
EQ-0394,2025-03-01,0
EQ-0001,2025-03-01,0
EQ-0037,2025-03-01,0
EQ-0053,2025-03-01,0
EQ-0273,2025-03-01,0
EQ-0090,2025-03-01,0
EQ-0009,2025-03-01,0
EQ-0211,2025-03-01,0
EQ-0293,2025-03-01,0
EQ-0155,2025-03-01,0
EQ-0267,2025-03-01,0
EQ-0072,2025-03-01,0
EQ-0134,2025-03-01,0
EQ-0029,2025-03-01,1
EQ-0283,2025-03-01,0
EQ-0095,2025-03-01,0
EQ-0388,2025-03-02,0
EQ-0274,2025-03-02,0
EQ-0053,2025-03-02,0
EQ-0036,2025-03-02,0
EQ-0327,2025-03-02,0
EQ-0406,2025-03-02,0
EQ-0261,2025-03-02,0
EQ-0223,2025-03-02,0
EQ-0181,2025-03-02,0
EQ-0295,2025-03-02,0
EQ-0316,2025-03-02,0
EQ-0234,2025-03-02,0
EQ-0422,2025-03-02,0
EQ-0150,2025-03-02,0
EQ-0236,2025-03-02,0
EQ-0038,2025-03-02,0
EQ-0011,2025-03-02,0
EQ-0300,2025-03-02,0
EQ-0419,2025-03-03,0
EQ-0304,2025-03-03,0
EQ-0369,2025-03-03,0
EQ-0302,2025-03-03,0
EQ-0426,2025-03-03,0
EQ-0379,2025-03-03,0
EQ-0257,2025-03-03,0
EQ-0042,2025-03-03,0
EQ-0261,2025-03-03,0
EQ-0256,2025-03-03,0
EQ-0124,2025-03-03,0
EQ-0047,2025-03-03,0
EQ-0077,2025-03-03,0
EQ-0075,2025-03-03,0
EQ-0149,2025-03-03,0
EQ-0043,2025-03-03,0
EQ-0230,2025-03-03,0
EQ-0210,2025-03-03,0
EQ-0434,2025-03-03,0
EQ-0207,2025-03-03,0
EQ-0154,2025-03-03,0
EQ-0192,2025-03-03,0
EQ-0393,2025-03-04,0
EQ-0282,2025-03-04,0
EQ-0121,2025-03-04,1
EQ-0371,2025-03-04,0
EQ-0312,2025-03-04,0
EQ-0339,2025-03-04,0
EQ-0432,2025-03-04,0
EQ-0163,2025-03-04,0
EQ-0329,2025-03-04,0
EQ-0402,2025-03-04,0
EQ-0093,2025-03-04,0
EQ-0318,2025-03-04,0
EQ-0017,2025-03-04,0
EQ-0235,2025-03-04,0
EQ-0197,2025-03-04,0
EQ-0040,2025-03-04,0
EQ-0034,2025-03-04,0
EQ-0378,2025-03-05,0
EQ-0028,2025-03-05,0
EQ-0027,2025-03-05,0
EQ-0076,2025-03-05,0
EQ-0036,2025-03-05,0
EQ-0270,2025-03-05,0
EQ-0252,2025-03-05,0
EQ-0361,2025-03-05,0
EQ-0157,2025-03-05,0
EQ-0009,2025-03-05,0
EQ-0341,2025-03-05,0
EQ-0142,2025-03-05,0
EQ-0120,2025-03-05,0
EQ-0367,2025-03-05,0
EQ-0201,2025-03-05,0
EQ-0001,2025-03-05,0
EQ-0102,2025-03-05,1
EQ-0331,2025-03-05,0
EQ-0061,2025-03-05,0
EQ-0346,2025-03-05,0
EQ-0084,2025-03-05,0
EQ-0092,2025-03-06,1
EQ-0101,2025-03-06,0
EQ-0275,2025-03-06,0
EQ-0214,2025-03-06,0
EQ-0373,2025-03-06,0
EQ-0289,2025-03-06,0
EQ-0345,2025-03-06,0
EQ-0203,2025-03-06,0
EQ-0202,2025-03-06,0
EQ-0027,2025-03-06,0
EQ-0360,2025-03-06,0
EQ-0316,2025-03-06,0
EQ-0168,2025-03-06,0
EQ-0382,2025-03-06,0
EQ-0333,2025-03-06,0
EQ-0134,2025-03-06,0
EQ-0363,2025-03-07,0
EQ-0314,2025-03-07,0
EQ-0012,2025-03-07,0
EQ-0152,2025-03-07,0
EQ-0032,2025-03-07,0
EQ-0297,2025-03-07,0
EQ-0114,2025-03-07,0
EQ-0178,2025-03-07,0
EQ-0225,2025-03-07,0
EQ-0227,2025-03-07,0
EQ-0175,2025-03-07,0
EQ-0206,2025-03-07,0
EQ-0186,2025-03-07,1
EQ-0371,2025-03-07,0
EQ-0439,2025-03-07,0
EQ-0007,2025-03-07,0
EQ-0389,2025-03-08,0
EQ-0161,2025-03-08,0
EQ-0236,2025-03-08,0
EQ-0069,2025-03-08,0
EQ-0164,2025-03-08,0
EQ-0377,2025-03-08,0
EQ-0153,2025-03-08,0
EQ-0390,2025-03-08,0
EQ-0264,2025-03-08,0
EQ-0172,2025-03-08,0
EQ-0352,2025-03-08,1
EQ-0044,2025-03-08,0
EQ-0438,2025-03-08,0
EQ-0317,2025-03-08,0
EQ-0280,2025-03-08,1
EQ-0254,2025-03-08,0
EQ-0386,2025-03-09,0
EQ-0328,2025-03-09,0
EQ-0093,2025-03-09,0
EQ-0201,2025-03-09,0
EQ-0229,2025-03-09,0
EQ-0155,2025-03-09,0
EQ-0059,2025-03-09,0
EQ-0402,2025-03-09,0
EQ-0196,2025-03-09,0
EQ-0379,2025-03-09,0
EQ-0022,2025-03-09,1
EQ-0255,2025-03-09,0
EQ-0054,2025-03-09,0
EQ-0055,2025-03-09,0
EQ-0136,2025-03-09,0
EQ-0064,2025-03-09,0
EQ-0222,2025-03-09,0
EQ-0218,2025-03-09,0
EQ-0424,2025-03-09,0
EQ-0252,2025-03-09,0
EQ-0356,2025-03-09,0
EQ-0281,2025-03-10,0
EQ-0423,2025-03-10,0
EQ-0112,2025-03-10,0
EQ-0266,2025-03-10,0
EQ-0378,2025-03-10,0
EQ-0279,2025-03-10,0
EQ-0128,2025-03-10,0
EQ-0239,2025-03-10,0
EQ-0064,2025-03-10,0
EQ-0240,2025-03-10,0
EQ-0010,2025-03-10,0
EQ-0099,2025-03-10,0
EQ-0243,2025-03-10,0
EQ-0083,2025-03-10,0
EQ-0238,2025-03-10,0
EQ-0391,2025-03-11,0
EQ-0408,2025-03-11,0
EQ-0248,2025-03-11,0
EQ-0259,2025-03-11,0
EQ-0080,2025-03-11,0
EQ-0137,2025-03-11,0
EQ-0039,2025-03-11,0
EQ-0403,2025-03-11,0
EQ-0242,2025-03-11,0
EQ-0194,2025-03-11,0
EQ-0004,2025-03-11,0
EQ-0313,2025-03-11,0
EQ-0162,2025-03-11,0
EQ-0024,2025-03-11,0
EQ-0002,2025-03-11,0
EQ-0433,2025-03-11,0
EQ-0322,2025-03-11,0
EQ-0051,2025-03-11,0
EQ-0198,2025-03-11,0
EQ-0306,2025-03-11,0
EQ-0056,2025-03-11,1
EQ-0042,2025-03-11,0
EQ-0016,2025-03-12,0
EQ-0226,2025-03-12,0
EQ-0254,2025-03-12,0
EQ-0387,2025-03-12,0
EQ-0335,2025-03-12,0
EQ-0267,2025-03-12,0
EQ-0405,2025-03-12,0
EQ-0410,2025-03-12,0
EQ-0151,2025-03-12,0
EQ-0182,2025-03-12,0
EQ-0050,2025-03-12,0
EQ-0268,2025-03-12,0
EQ-0244,2025-03-13,0
EQ-0105,2025-03-13,0
EQ-0216,2025-03-13,0
EQ-0366,2025-03-13,0
EQ-0268,2025-03-13,0
EQ-0394,2025-03-13,0
EQ-0170,2025-03-13,0
EQ-0094,2025-03-13,0
EQ-0005,2025-03-13,0
EQ-0276,2025-03-13,1
EQ-0277,2025-03-13,0
EQ-0165,2025-03-13,0
EQ-0262,2025-03-13,0
EQ-0285,2025-03-13,0
EQ-0228,2025-03-13,0
EQ-0151,2025-03-13,0
EQ-0157,2025-03-13,0
EQ-0411,2025-03-14,0
EQ-0051,2025-03-14,0
EQ-0265,2025-03-14,0
EQ-0383,2025-03-14,0
EQ-0321,2025-03-14,0
EQ-0049,2025-03-14,0
EQ-0023,2025-03-14,0
EQ-0253,2025-03-14,0
EQ-0030,2025-03-14,0
EQ-0070,2025-03-14,0
EQ-0150,2025-03-14,0
EQ-0337,2025-03-14,0
EQ-0338,2025-03-14,0
EQ-0013,2025-03-14,0
EQ-0296,2025-03-14,0
EQ-0048,2025-03-14,0
EQ-0040,2025-03-14,0
EQ-0016,2025-03-14,0
EQ-0109,2025-03-14,0
EQ-0052,2025-03-15,0
EQ-0400,2025-03-15,0
EQ-0395,2025-03-15,0
EQ-0298,2025-03-15,0
EQ-0162,2025-03-15,0
EQ-0265,2025-03-15,0
EQ-0118,2025-03-15,0
EQ-0007,2025-03-15,0
EQ-0046,2025-03-15,0
EQ-0355,2025-03-15,0
EQ-0177,2025-03-15,0
EQ-0340,2025-03-15,0
EQ-0065,2025-03-15,0
EQ-0348,2025-03-15,0
EQ-0069,2025-03-15,0
EQ-0204,2025-03-15,0
EQ-0191,2025-03-15,0
EQ-0279,2025-03-15,0
EQ-0005,2025-03-15,0
EQ-0047,2025-03-15,0
EQ-0266,2025-03-16,0
EQ-0190,2025-03-16,0
EQ-0415,2025-03-16,1
EQ-0014,2025-03-16,0
EQ-0154,2025-03-16,0
EQ-0180,2025-03-16,0
EQ-0334,2025-03-16,0
EQ-0179,2025-03-16,0
EQ-0407,2025-03-16,0
EQ-0331,2025-03-16,0
EQ-0052,2025-03-16,0
EQ-0365,2025-03-16,0
EQ-0063,2025-03-16,0
EQ-0163,2025-03-16,0
EQ-0294,2025-03-16,0
EQ-0288,2025-03-16,0
EQ-0165,2025-03-16,0
EQ-0048,2025-03-16,0
EQ-0156,2025-03-16,0
EQ-0299,2025-03-16,0
EQ-0213,2025-03-16,0
EQ-0133,2025-03-16,0
EQ-0081,2025-03-16,0
EQ-0431,2025-03-16,0
EQ-0002,2025-03-16,0
EQ-0397,2025-03-17,0
EQ-0380,2025-03-17,0
EQ-0246,2025-03-17,0
EQ-0433,2025-03-17,0
EQ-0234,2025-03-17,0
EQ-0232,2025-03-17,0
EQ-0365,2025-03-17,0
EQ-0424,2025-03-17,0
EQ-0126,2025-03-17,0
EQ-0200,2025-03-17,0
EQ-0113,2025-03-17,0
EQ-0374,2025-03-17,0
EQ-0187,2025-03-17,0
EQ-0071,2025-03-17,0
EQ-0427,2025-03-17,0
EQ-0337,2025-03-17,0
EQ-0082,2025-03-17,0
EQ-0358,2025-03-17,0
EQ-0166,2025-03-17,1
EQ-0003,2025-03-17,0
EQ-0026,2025-03-17,0
EQ-0437,2025-03-18,0
EQ-0391,2025-03-18,0
EQ-0271,2025-03-18,0
EQ-0181,2025-03-18,0
EQ-0110,2025-03-18,0
EQ-0141,2025-03-18,0
EQ-0089,2025-03-18,0
EQ-0276,2025-03-18,1
EQ-0060,2025-03-18,0
EQ-0131,2025-03-18,0
EQ-0062,2025-03-18,0
EQ-0357,2025-03-18,0
EQ-0116,2025-03-18,0
EQ-0046,2025-03-18,0
EQ-0392,2025-03-18,0
EQ-0215,2025-03-18,0
EQ-0420,2025-03-18,0
EQ-0173,2025-03-18,0
EQ-0008,2025-03-19,0
EQ-0430,2025-03-19,0
EQ-0159,2025-03-19,0
EQ-0404,2025-03-19,0
EQ-0259,2025-03-19,0
EQ-0063,2025-03-19,0
EQ-0111,2025-03-19,0
EQ-0011,2025-03-19,0
EQ-0412,2025-03-19,0
EQ-0260,2025-03-19,0
EQ-0176,2025-03-19,0
EQ-0038,2025-03-19,0
EQ-0066,2025-03-19,0
EQ-0169,2025-03-19,0
EQ-0144,2025-03-19,0
EQ-0220,2025-03-19,0
EQ-0019,2025-03-19,0
EQ-0021,2025-03-19,0
EQ-0431,2025-03-19,0
EQ-0143,2025-03-19,0
EQ-0127,2025-03-19,0
EQ-0184,2025-03-20,0
EQ-0263,2025-03-20,0
EQ-0219,2025-03-20,0
EQ-0343,2025-03-20,0
EQ-0353,2025-03-20,0
EQ-0434,2025-03-20,0
EQ-0139,2025-03-20,0
EQ-0249,2025-03-20,0
EQ-0039,2025-03-20,0
EQ-0369,2025-03-20,0
EQ-0152,2025-03-20,0
EQ-0214,2025-03-20,0
EQ-0172,2025-03-20,0
EQ-0130,2025-03-20,0
EQ-0326,2025-03-20,0
EQ-0049,2025-03-20,0
EQ-0241,2025-03-20,0
EQ-0416,2025-03-20,0
EQ-0274,2025-03-20,0
EQ-0159,2025-03-20,0
EQ-0370,2025-03-20,0
EQ-0384,2025-03-20,0
EQ-0185,2025-03-21,0
EQ-0174,2025-03-21,0
EQ-0399,2025-03-21,1
EQ-0128,2025-03-21,0
EQ-0100,2025-03-21,0
EQ-0104,2025-03-21,0
EQ-0205,2025-03-21,1
EQ-0148,2025-03-21,0
EQ-0437,2025-03-21,0
EQ-0158,2025-03-21,0
EQ-0302,2025-03-21,0
EQ-0025,2025-03-21,0
EQ-0315,2025-03-21,0
EQ-0146,2025-03-21,0
EQ-0375,2025-03-21,0
EQ-0164,2025-03-22,1
EQ-0395,2025-03-22,0
EQ-0381,2025-03-22,0
EQ-0028,2025-03-22,0
EQ-0260,2025-03-22,0
EQ-0347,2025-03-22,0
EQ-0045,2025-03-22,0
EQ-0175,2025-03-22,0
EQ-0191,2025-03-22,0
EQ-0257,2025-03-22,0
EQ-0073,2025-03-22,0
EQ-0088,2025-03-22,0
EQ-0435,2025-03-22,0
EQ-0122,2025-03-22,0
EQ-0373,2025-03-22,0
EQ-0015,2025-03-22,0
EQ-0311,2025-03-22,0
EQ-0421,2025-03-23,0
EQ-0033,2025-03-23,0
EQ-0396,2025-03-23,0
EQ-0126,2025-03-23,0
EQ-0043,2025-03-23,0
EQ-0436,2025-03-23,0
EQ-0097,2025-03-23,0
EQ-0418,2025-03-23,0
EQ-0167,2025-03-23,0
EQ-0020,2025-03-23,0
EQ-0392,2025-03-23,0
EQ-0382,2025-03-23,0
EQ-0409,2025-03-23,0
EQ-0119,2025-03-23,0
EQ-0086,2025-03-23,0
EQ-0212,2025-03-23,0
EQ-0147,2025-03-23,0
EQ-0037,2025-03-23,0
EQ-0217,2025-03-23,0
EQ-0309,2025-03-23,0
EQ-0074,2025-03-23,1
EQ-0284,2025-03-23,0
EQ-0317,2025-03-23,0
EQ-0123,2025-03-24,0
EQ-0171,2025-03-24,0
EQ-0098,2025-03-24,0
EQ-0385,2025-03-24,0
EQ-0287,2025-03-24,0
EQ-0158,2025-03-24,0
EQ-0085,2025-03-24,0
EQ-0413,2025-03-24,0
EQ-0387,2025-03-24,0
EQ-0179,2025-03-24,0
EQ-0208,2025-03-24,0
EQ-0067,2025-03-24,0
EQ-0195,2025-03-24,0
EQ-0091,2025-03-24,0
EQ-0263,2025-03-24,0
EQ-0310,2025-03-24,0
EQ-0045,2025-03-24,0
EQ-0330,2025-03-24,0
EQ-0278,2025-03-24,0
EQ-0290,2025-03-24,0
EQ-0193,2025-03-24,0
EQ-0281,2025-03-24,0
EQ-0174,2025-03-24,0
EQ-0319,2025-03-24,0
EQ-0307,2025-03-25,0
EQ-0057,2025-03-25,0
EQ-0372,2025-03-25,0
EQ-0349,2025-03-25,0
EQ-0058,2025-03-25,0
EQ-0308,2025-03-25,0
EQ-0262,2025-03-25,0
EQ-0366,2025-03-25,0
EQ-0189,2025-03-25,0
EQ-0425,2025-03-25,0
EQ-0280,2025-03-25,1
EQ-0065,2025-03-25,0
EQ-0429,2025-03-25,0
EQ-0156,2025-03-25,0
EQ-0020,2025-03-25,0
EQ-0041,2025-03-25,0
EQ-0278,2025-03-26,0
EQ-0272,2025-03-26,0
EQ-0247,2025-03-26,0
EQ-0183,2025-03-26,0
EQ-0015,2025-03-26,0
EQ-0332,2025-03-26,0
EQ-0022,2025-03-26,1
EQ-0209,2025-03-26,0
EQ-0250,2025-03-26,0
EQ-0135,2025-03-26,0
EQ-0362,2025-03-26,0
EQ-0023,2025-03-27,0
EQ-0414,2025-03-27,0
EQ-0417,2025-03-27,0
EQ-0390,2025-03-27,0
EQ-0018,2025-03-27,0
EQ-0061,2025-03-27,0
EQ-0031,2025-03-27,0
EQ-0110,2025-03-27,0
EQ-0033,2025-03-27,0
EQ-0088,2025-03-27,0
EQ-0354,2025-03-27,0
EQ-0344,2025-03-27,0
EQ-0203,2025-03-27,1
EQ-0244,2025-03-27,0
EQ-0010,2025-03-27,0
EQ-0153,2025-03-28,0
EQ-0367,2025-03-28,0
EQ-0060,2025-03-28,0
EQ-0237,2025-03-28,0
EQ-0050,2025-03-28,1
EQ-0258,2025-03-28,0
EQ-0044,2025-03-28,0
EQ-0376,2025-03-28,0
EQ-0388,2025-03-28,0
EQ-0291,2025-03-28,0
EQ-0055,2025-03-28,0
EQ-0096,2025-03-29,0
EQ-0178,2025-03-29,0
EQ-0148,2025-03-29,0
EQ-0427,2025-03-29,0
EQ-0377,2025-03-29,0
EQ-0432,2025-03-29,0
EQ-0087,2025-03-29,0
EQ-0117,2025-03-29,0
EQ-0160,2025-03-29,0
EQ-0177,2025-03-29,0
EQ-0068,2025-03-29,0
EQ-0173,2025-03-29,0
EQ-0013,2025-03-30,0
EQ-0012,2025-03-30,0
EQ-0056,2025-03-30,1
EQ-0062,2025-03-30,0
EQ-0144,2025-03-30,0
EQ-0166,2025-03-30,1
EQ-0221,2025-03-30,0
EQ-0359,2025-03-30,0
EQ-0381,2025-03-30,0
EQ-0106,2025-03-30,0
EQ-0324,2025-03-30,0
EQ-0107,2025-03-30,0
EQ-0374,2025-03-30,0
EQ-0138,2025-03-30,0
EQ-0368,2025-03-30,0
EQ-0233,2025-03-30,0
EQ-0364,2025-03-30,0
EQ-0079,2025-03-31,0
EQ-0129,2025-03-31,0
EQ-0014,2025-03-31,0
EQ-0066,2025-03-31,0
EQ-0224,2025-03-31,0
EQ-0140,2025-03-31,0
EQ-0401,2025-03-31,0
EQ-0031,2025-03-31,0
EQ-0199,2025-03-31,0
EQ-0273,2025-03-31,0
EQ-0342,2025-03-31,0
EQ-0305,2025-03-31,0
EQ-0292,2025-03-31,0
EQ-0286,2025-03-31,0
EQ-0108,2025-03-31,0
EQ-0067,2025-03-31,0
EQ-0393,2025-03-31,0
EQ-0125,2025-03-31,0
EQ-0433,2025-04-01,0
EQ-0067,2025-04-01,0
EQ-0139,2025-04-01,0
EQ-0271,2025-04-01,0
EQ-0311,2025-04-01,0
EQ-0428,2025-04-01,0
EQ-0048,2025-04-01,0
EQ-0011,2025-04-01,0
EQ-0409,2025-04-01,0
EQ-0286,2025-04-01,0
EQ-0066,2025-04-01,0
EQ-0110,2025-04-01,0
EQ-0201,2025-04-01,0
EQ-0014,2025-04-01,0
EQ-0176,2025-04-01,0
EQ-0317,2025-04-02,0
EQ-0100,2025-04-02,0
EQ-0069,2025-04-02,0
EQ-0031,2025-04-02,0
EQ-0340,2025-04-02,0
EQ-0101,2025-04-02,0
EQ-0280,2025-04-02,1
EQ-0424,2025-04-02,0
EQ-0053,2025-04-02,0
EQ-0432,2025-04-02,0
EQ-0003,2025-04-02,0
EQ-0419,2025-04-02,0
EQ-0266,2025-04-02,0
EQ-0365,2025-04-02,0
EQ-0175,2025-04-02,0
EQ-0355,2025-04-02,0
EQ-0391,2025-04-02,0
EQ-0132,2025-04-02,0
EQ-0181,2025-04-02,0
EQ-0005,2025-04-03,0
EQ-0060,2025-04-03,0
EQ-0246,2025-04-03,0
EQ-0224,2025-04-03,0
EQ-0436,2025-04-03,0
EQ-0179,2025-04-03,0
EQ-0389,2025-04-03,0
EQ-0169,2025-04-03,0
EQ-0345,2025-04-03,0
EQ-0043,2025-04-03,0
EQ-0167,2025-04-03,0
EQ-0305,2025-04-03,0
EQ-0056,2025-04-03,1
EQ-0112,2025-04-03,0
EQ-0157,2025-04-03,0
EQ-0183,2025-04-03,0
EQ-0099,2025-04-03,0
EQ-0390,2025-04-03,0
EQ-0377,2025-04-03,0
EQ-0381,2025-04-03,0
EQ-0038,2025-04-03,0
EQ-0144,2025-04-03,0
EQ-0055,2025-04-04,0
EQ-0279,2025-04-04,0
EQ-0080,2025-04-04,0
EQ-0128,2025-04-04,0
EQ-0114,2025-04-04,0
EQ-0272,2025-04-04,0
EQ-0404,2025-04-04,0
EQ-0416,2025-04-04,0
EQ-0162,2025-04-04,0
EQ-0136,2025-04-04,0
EQ-0234,2025-04-04,0
EQ-0213,2025-04-04,0
EQ-0365,2025-04-04,0
EQ-0062,2025-04-04,0
EQ-0237,2025-04-04,0
EQ-0126,2025-04-04,0
EQ-0124,2025-04-04,1
EQ-0073,2025-04-04,0
EQ-0189,2025-04-04,0
EQ-0015,2025-04-04,0
EQ-0382,2025-04-05,0
EQ-0195,2025-04-05,0
EQ-0265,2025-04-05,0
EQ-0267,2025-04-05,0
EQ-0143,2025-04-05,0
EQ-0383,2025-04-05,0
EQ-0312,2025-04-05,0
EQ-0402,2025-04-05,0
EQ-0204,2025-04-05,0
EQ-0155,2025-04-05,0
EQ-0279,2025-04-05,0
EQ-0375,2025-04-06,0
EQ-0050,2025-04-06,1
EQ-0303,2025-04-06,1
EQ-0089,2025-04-06,0
EQ-0038,2025-04-06,0
EQ-0301,2025-04-06,0
EQ-0396,2025-04-06,0
EQ-0400,2025-04-06,0
EQ-0281,2025-04-06,0
EQ-0011,2025-04-06,0
EQ-0019,2025-04-06,0
EQ-0337,2025-04-06,0
EQ-0373,2025-04-06,0
EQ-0190,2025-04-06,0
EQ-0160,2025-04-07,0
EQ-0259,2025-04-07,0
EQ-0228,2025-04-07,0
EQ-0322,2025-04-07,0
EQ-0009,2025-04-07,0
EQ-0406,2025-04-07,0
EQ-0052,2025-04-07,0
EQ-0369,2025-04-07,0
EQ-0046,2025-04-07,0
EQ-0435,2025-04-07,0
EQ-0307,2025-04-07,0
EQ-0413,2025-04-07,0
EQ-0096,2025-04-07,0
EQ-0207,2025-04-07,0
EQ-0002,2025-04-07,0
EQ-0135,2025-04-07,0
EQ-0154,2025-04-07,0
EQ-0134,2025-04-07,0
EQ-0437,2025-04-07,0
EQ-0357,2025-04-07,0
EQ-0363,2025-04-08,0
EQ-0257,2025-04-08,0
EQ-0394,2025-04-08,0
EQ-0262,2025-04-08,0
EQ-0392,2025-04-08,0
EQ-0300,2025-04-08,0
EQ-0248,2025-04-08,0
EQ-0253,2025-04-08,0
EQ-0236,2025-04-08,0
EQ-0197,2025-04-08,0
EQ-0046,2025-04-08,0
EQ-0162,2025-04-08,0
EQ-0331,2025-04-08,0
EQ-0291,2025-04-08,0
EQ-0004,2025-04-09,0
EQ-0247,2025-04-09,0
EQ-0105,2025-04-09,0
EQ-0022,2025-04-09,1
EQ-0289,2025-04-09,0
EQ-0026,2025-04-09,0
EQ-0386,2025-04-09,0
EQ-0379,2025-04-09,0
EQ-0394,2025-04-09,0
EQ-0172,2025-04-09,0
EQ-0434,2025-04-09,0
EQ-0348,2025-04-09,0
EQ-0321,2025-04-09,0
EQ-0333,2025-04-09,0
EQ-0423,2025-04-09,0
EQ-0304,2025-04-09,0
EQ-0266,2025-04-09,0
EQ-0170,2025-04-09,0
EQ-0184,2025-04-09,0
EQ-0263,2025-04-09,0
EQ-0077,2025-04-09,0
EQ-0227,2025-04-09,0
EQ-0095,2025-04-10,0
EQ-0066,2025-04-10,0
EQ-0313,2025-04-10,0
EQ-0265,2025-04-10,0
EQ-0403,2025-04-10,0
EQ-0025,2025-04-10,0
EQ-0049,2025-04-10,1
EQ-0270,2025-04-10,0
EQ-0068,2025-04-10,0
EQ-0103,2025-04-10,0
EQ-0354,2025-04-10,0
EQ-0299,2025-04-10,0
EQ-0433,2025-04-10,0
EQ-0084,2025-04-10,0
EQ-0379,2025-04-10,0
EQ-0425,2025-04-10,0
EQ-0426,2025-04-11,0
EQ-0085,2025-04-11,0
EQ-0061,2025-04-11,0
EQ-0220,2025-04-11,0
EQ-0013,2025-04-11,0
EQ-0087,2025-04-11,0
EQ-0163,2025-04-11,0
EQ-0146,2025-04-11,0
EQ-0381,2025-04-11,0
EQ-0032,2025-04-11,0
EQ-0069,2025-04-12,0
EQ-0054,2025-04-12,0
EQ-0314,2025-04-12,0
EQ-0416,2025-04-12,0
EQ-0177,2025-04-12,0
EQ-0260,2025-04-12,0
EQ-0358,2025-04-12,0
EQ-0370,2025-04-12,0
EQ-0434,2025-04-12,0
EQ-0343,2025-04-12,0
EQ-0148,2025-04-12,0
EQ-0144,2025-04-12,0
EQ-0012,2025-04-12,0
EQ-0344,2025-04-12,0
EQ-0417,2025-04-12,0
EQ-0352,2025-04-12,1
EQ-0062,2025-04-13,0
EQ-0149,2025-04-13,0
EQ-0397,2025-04-13,0
EQ-0044,2025-04-13,0
EQ-0273,2025-04-13,0
EQ-0166,2025-04-13,1
EQ-0053,2025-04-13,0
EQ-0090,2025-04-13,0
EQ-0338,2025-04-13,0
EQ-0377,2025-04-13,0
EQ-0063,2025-04-13,0
EQ-0323,2025-04-13,0
EQ-0006,2025-04-13,0
EQ-0252,2025-04-13,0
EQ-0118,2025-04-13,0
EQ-0039,2025-04-13,0
EQ-0148,2025-04-14,0
EQ-0174,2025-04-14,0
EQ-0287,2025-04-14,0
EQ-0380,2025-04-14,0
EQ-0113,2025-04-14,0
EQ-0072,2025-04-14,0
EQ-0050,2025-04-14,1
EQ-0194,2025-04-14,0
EQ-0151,2025-04-14,0
EQ-0391,2025-04-14,0
EQ-0418,2025-04-14,0
EQ-0424,2025-04-14,0
EQ-0267,2025-04-14,0
EQ-0278,2025-04-14,0
EQ-0367,2025-04-14,0
EQ-0158,2025-04-14,0
EQ-0402,2025-04-14,0
EQ-0374,2025-04-14,0
EQ-0353,2025-04-14,0
EQ-0226,2025-04-14,0
EQ-0208,2025-04-14,0
EQ-0336,2025-04-14,0
EQ-0274,2025-04-15,0
EQ-0138,2025-04-15,0
EQ-0088,2025-04-15,0
EQ-0067,2025-04-15,0
EQ-0055,2025-04-15,0
EQ-0216,2025-04-15,0
EQ-0140,2025-04-15,0
EQ-0240,2025-04-15,0
EQ-0049,2025-04-15,1
EQ-0293,2025-04-15,1
EQ-0255,2025-04-15,0
EQ-0058,2025-04-15,0
EQ-0203,2025-04-15,1
EQ-0439,2025-04-15,0
EQ-0268,2025-04-15,0
EQ-0156,2025-04-15,0
EQ-0395,2025-04-15,0
EQ-0173,2025-04-15,0
EQ-0221,2025-04-15,1
EQ-0378,2025-04-15,0
EQ-0432,2025-04-15,0
EQ-0309,2025-04-15,1
EQ-0302,2025-04-15,0
EQ-0035,2025-04-15,0
EQ-0199,2025-04-16,1
EQ-0020,2025-04-16,0
EQ-0252,2025-04-16,0
EQ-0230,2025-04-16,0
EQ-0178,2025-04-16,0
EQ-0201,2025-04-16,0
EQ-0275,2025-04-16,0
EQ-0332,2025-04-16,0
EQ-0179,2025-04-16,0
EQ-0327,2025-04-16,0
EQ-0147,2025-04-16,0
EQ-0263,2025-04-16,0
EQ-0232,2025-04-16,0
EQ-0295,2025-04-17,0
EQ-0223,2025-04-17,0
EQ-0001,2025-04-17,1
EQ-0071,2025-04-17,0
EQ-0076,2025-04-17,0
EQ-0245,2025-04-17,0
EQ-0251,2025-04-17,0
EQ-0222,2025-04-17,0
EQ-0298,2025-04-17,0
EQ-0390,2025-04-17,0
EQ-0164,2025-04-17,1
EQ-0083,2025-04-17,0
EQ-0191,2025-04-17,0
EQ-0185,2025-04-17,0
EQ-0257,2025-04-17,0
EQ-0360,2025-04-17,0
EQ-0007,2025-04-17,0
EQ-0110,2025-04-17,0
EQ-0388,2025-04-18,0
EQ-0227,2025-04-18,0
EQ-0414,2025-04-18,0
EQ-0078,2025-04-18,0
EQ-0369,2025-04-18,0
EQ-0288,2025-04-18,0
EQ-0093,2025-04-18,0
EQ-0111,2025-04-18,0
EQ-0081,2025-04-18,0
EQ-0040,2025-04-18,0
EQ-0137,2025-04-18,0
EQ-0173,2025-04-18,0
EQ-0037,2025-04-18,1
EQ-0042,2025-04-18,0
EQ-0009,2025-04-18,0
EQ-0389,2025-04-18,0
EQ-0292,2025-04-18,0
EQ-0196,2025-04-18,0
EQ-0151,2025-04-18,0
EQ-0064,2025-04-18,0
EQ-0154,2025-04-19,0
EQ-0399,2025-04-19,0
EQ-0427,2025-04-19,0
EQ-0329,2025-04-19,0
EQ-0214,2025-04-19,0
EQ-0186,2025-04-19,0
EQ-0361,2025-04-19,0
EQ-0393,2025-04-19,0
EQ-0371,2025-04-19,0
EQ-0020,2025-04-19,0
EQ-0156,2025-04-19,0
EQ-0239,2025-04-19,1
EQ-0387,2025-04-19,0
EQ-0029,2025-04-19,1
EQ-0043,2025-04-19,0
EQ-0161,2025-04-19,0
EQ-0211,2025-04-19,0
EQ-0065,2025-04-19,0
EQ-0133,2025-04-19,0
EQ-0283,2025-04-19,0
EQ-0052,2025-04-20,0
EQ-0060,2025-04-20,0
EQ-0202,2025-04-20,0
EQ-0244,2025-04-20,0
EQ-0431,2025-04-20,1
EQ-0362,2025-04-20,0
EQ-0091,2025-04-20,0
EQ-0023,2025-04-20,0
EQ-0342,2025-04-20,0
EQ-0129,2025-04-20,0
EQ-0356,2025-04-20,0
EQ-0249,2025-04-20,0
EQ-0347,2025-04-20,0
EQ-0243,2025-04-20,0
EQ-0316,2025-04-20,1
EQ-0306,2025-04-20,0
EQ-0335,2025-04-20,0
EQ-0241,2025-04-20,0
EQ-0254,2025-04-20,0
EQ-0121,2025-04-20,0
EQ-0315,2025-04-20,0
EQ-0256,2025-04-21,0
EQ-0012,2025-04-21,0
EQ-0429,2025-04-21,0
EQ-0411,2025-04-21,0
EQ-0233,2025-04-21,0
EQ-0274,2025-04-21,0
EQ-0150,2025-04-21,0
EQ-0374,2025-04-21,0
EQ-0405,2025-04-21,0
EQ-0431,2025-04-21,1
EQ-0153,2025-04-21,0
EQ-0027,2025-04-21,0
EQ-0349,2025-04-21,0
EQ-0339,2025-04-21,0
EQ-0366,2025-04-21,0
EQ-0438,2025-04-21,0
EQ-0244,2025-04-22,0
EQ-0254,2025-04-22,0
EQ-0036,2025-04-22,0
EQ-0392,2025-04-22,0
EQ-0395,2025-04-22,0
EQ-0119,2025-04-22,0
EQ-0175,2025-04-22,0
EQ-0007,2025-04-22,0
EQ-0005,2025-04-22,0
EQ-0125,2025-04-22,0
EQ-0033,2025-04-22,0
EQ-0256,2025-04-22,0
EQ-0002,2025-04-22,0
EQ-0131,2025-04-22,0
EQ-0192,2025-04-22,1
EQ-0430,2025-04-22,0
EQ-0034,2025-04-22,0
EQ-0008,2025-04-22,0
EQ-0028,2025-04-23,0
EQ-0350,2025-04-23,0
EQ-0422,2025-04-23,0
EQ-0427,2025-04-23,0
EQ-0015,2025-04-23,0
EQ-0269,2025-04-23,0
EQ-0152,2025-04-23,0
EQ-0047,2025-04-23,0
EQ-0229,2025-04-23,0
EQ-0310,2025-04-23,0
EQ-0171,2025-04-23,0
EQ-0048,2025-04-23,0
EQ-0203,2025-04-23,1
EQ-0180,2025-04-23,0
EQ-0380,2025-04-23,0
EQ-0061,2025-04-23,0
EQ-0330,2025-04-23,0
EQ-0115,2025-04-23,0
EQ-0410,2025-04-23,0
EQ-0297,2025-04-23,0
EQ-0165,2025-04-23,0
EQ-0281,2025-04-23,0
EQ-0122,2025-04-23,0
EQ-0166,2025-04-23,1
EQ-0116,2025-04-24,0
EQ-0031,2025-04-24,0
EQ-0276,2025-04-24,0
EQ-0209,2025-04-24,0
EQ-0145,2025-04-24,0
EQ-0082,2025-04-24,0
EQ-0212,2025-04-24,0
EQ-0158,2025-04-24,0
EQ-0178,2025-04-24,0
EQ-0018,2025-04-24,0
EQ-0225,2025-04-24,0
EQ-0128,2025-04-24,0
EQ-0037,2025-04-24,1
EQ-0320,2025-04-24,0
EQ-0150,2025-04-24,0
EQ-0181,2025-04-24,0
EQ-0159,2025-04-24,0
EQ-0290,2025-04-24,0
EQ-0420,2025-04-24,0
EQ-0285,2025-04-24,0
EQ-0107,2025-04-24,0
EQ-0326,2025-04-24,0
EQ-0141,2025-04-24,0
EQ-0163,2025-04-24,0
EQ-0157,2025-04-24,0
EQ-0324,2025-04-25,0
EQ-0064,2025-04-25,0
EQ-0164,2025-04-25,1
EQ-0120,2025-04-25,0
EQ-0214,2025-04-25,0
EQ-0126,2025-04-25,0
EQ-0276,2025-04-25,0
EQ-0217,2025-04-25,0
EQ-0385,2025-04-25,0
EQ-0142,2025-04-25,0
EQ-0013,2025-04-25,0
EQ-0206,2025-04-25,0
EQ-0010,2025-04-25,0
EQ-0079,2025-04-25,0
EQ-0277,2025-04-25,0
EQ-0238,2025-04-25,0
EQ-0056,2025-04-25,1
EQ-0280,2025-04-25,1
EQ-0010,2025-04-26,0
EQ-0412,2025-04-26,0
EQ-0177,2025-04-26,0
EQ-0242,2025-04-26,0
EQ-0437,2025-04-26,0
EQ-0174,2025-04-26,0
EQ-0308,2025-04-26,0
EQ-0051,2025-04-26,0
EQ-0008,2025-04-26,0
EQ-0040,2025-04-26,0
EQ-0165,2025-04-26,0
EQ-0415,2025-04-26,1
EQ-0108,2025-04-26,0
EQ-0359,2025-04-26,0
EQ-0408,2025-04-26,0
EQ-0104,2025-04-26,0
EQ-0407,2025-04-26,0
EQ-0393,2025-04-26,0
EQ-0094,2025-04-26,1
EQ-0398,2025-04-27,0
EQ-0334,2025-04-27,0
EQ-0218,2025-04-27,0
EQ-0264,2025-04-27,0
EQ-0057,2025-04-27,0
EQ-0215,2025-04-27,0
EQ-0030,2025-04-27,0
EQ-0130,2025-04-27,0
EQ-0188,2025-04-27,0
EQ-0366,2025-04-27,0
EQ-0346,2025-04-27,1
EQ-0278,2025-04-27,0
EQ-0262,2025-04-27,0
EQ-0033,2025-04-27,0
EQ-0191,2025-04-27,0
EQ-0368,2025-04-27,0
EQ-0198,2025-04-27,0
EQ-0260,2025-04-27,0
EQ-0373,2025-04-27,0
EQ-0017,2025-04-27,0
EQ-0106,2025-04-28,0
EQ-0319,2025-04-28,0
EQ-0074,2025-04-28,0
EQ-0001,2025-04-28,1
EQ-0376,2025-04-28,0
EQ-0273,2025-04-28,0
EQ-0341,2025-04-28,0
EQ-0378,2025-04-28,0
EQ-0070,2025-04-28,0
EQ-0065,2025-04-28,0
EQ-0092,2025-04-28,1
EQ-0086,2025-04-28,0
EQ-0234,2025-04-28,0
EQ-0044,2025-04-28,0
EQ-0259,2025-04-28,0
EQ-0250,2025-04-28,0
EQ-0039,2025-04-28,0
EQ-0016,2025-04-28,0
EQ-0401,2025-04-28,0
EQ-0387,2025-04-28,0
EQ-0117,2025-04-28,0
EQ-0047,2025-04-28,0
EQ-0059,2025-04-28,0
EQ-0371,2025-04-29,0
EQ-0325,2025-04-29,0
EQ-0261,2025-04-29,0
EQ-0152,2025-04-29,0
EQ-0168,2025-04-29,0
EQ-0016,2025-04-29,0
EQ-0093,2025-04-29,0
EQ-0294,2025-04-29,0
EQ-0282,2025-04-29,0
EQ-0317,2025-04-29,1
EQ-0331,2025-04-29,0
EQ-0200,2025-04-29,0
EQ-0023,2025-04-29,0
EQ-0014,2025-04-29,0
EQ-0367,2025-04-29,0
EQ-0193,2025-04-29,0
EQ-0088,2025-04-29,0
EQ-0205,2025-04-29,1
EQ-0296,2025-04-29,0
EQ-0182,2025-04-29,0
EQ-0328,2025-04-29,0
EQ-0219,2025-04-30,0
EQ-0155,2025-04-30,0
EQ-0258,2025-04-30,0
EQ-0045,2025-04-30,0
EQ-0337,2025-04-30,0
EQ-0102,2025-04-30,1
EQ-0318,2025-04-30,0
EQ-0028,2025-04-30,0
EQ-0351,2025-04-30,0
EQ-0075,2025-04-30,0
EQ-0051,2025-04-30,0
EQ-0236,2025-04-30,0
EQ-0302,2025-04-30,0
EQ-0015,2025-05-01,0
EQ-0427,2025-05-01,1
EQ-0031,2025-05-01,0
EQ-0394,2025-05-01,0
EQ-0169,2025-05-01,0
EQ-0019,2025-05-01,0
EQ-0369,2025-05-01,0
EQ-0374,2025-05-01,0
EQ-0432,2025-05-01,0
EQ-0211,2025-05-01,0
EQ-0405,2025-05-01,0
EQ-0337,2025-05-01,0
EQ-0079,2025-05-01,0
EQ-0127,2025-05-01,0
EQ-0007,2025-05-01,0
EQ-0232,2025-05-01,0
EQ-0277,2025-05-01,0
EQ-0253,2025-05-01,0
EQ-0001,2025-05-02,1
EQ-0424,2025-05-02,0
EQ-0411,2025-05-02,0
EQ-0261,2025-05-02,0
EQ-0064,2025-05-02,0
EQ-0099,2025-05-02,0
EQ-0152,2025-05-02,0
EQ-0207,2025-05-02,0
EQ-0175,2025-05-02,0
EQ-0402,2025-05-02,0
EQ-0172,2025-05-02,0
EQ-0278,2025-05-02,0
EQ-0056,2025-05-02,1
EQ-0114,2025-05-02,0
EQ-0072,2025-05-03,0
EQ-0228,2025-05-03,0
EQ-0356,2025-05-03,0
EQ-0234,2025-05-03,0
EQ-0205,2025-05-03,1
EQ-0150,2025-05-03,0
EQ-0038,2025-05-03,0
EQ-0047,2025-05-03,0
EQ-0233,2025-05-03,0
EQ-0296,2025-05-03,0
EQ-0117,2025-05-03,0
EQ-0322,2025-05-03,0
EQ-0321,2025-05-03,0
EQ-0434,2025-05-03,0
EQ-0178,2025-05-03,0
EQ-0418,2025-05-03,0
EQ-0008,2025-05-03,0
EQ-0421,2025-05-03,0
EQ-0385,2025-05-03,0
EQ-0246,2025-05-04,0
EQ-0291,2025-05-04,0
EQ-0151,2025-05-04,0
EQ-0307,2025-05-04,0
EQ-0287,2025-05-04,0
EQ-0331,2025-05-04,0
EQ-0324,2025-05-04,0
EQ-0293,2025-05-04,1
EQ-0045,2025-05-04,0
EQ-0084,2025-05-04,0
EQ-0067,2025-05-04,0
EQ-0276,2025-05-04,0
EQ-0274,2025-05-04,0
EQ-0316,2025-05-04,1
EQ-0218,2025-05-05,0
EQ-0023,2025-05-05,0
EQ-0379,2025-05-05,0
EQ-0348,2025-05-05,0
EQ-0140,2025-05-05,0
EQ-0171,2025-05-05,0
EQ-0393,2025-05-05,0
EQ-0216,2025-05-05,0
EQ-0068,2025-05-05,0
EQ-0366,2025-05-05,0
EQ-0044,2025-05-05,0
EQ-0168,2025-05-05,0
EQ-0190,2025-05-05,0
EQ-0375,2025-05-05,0
EQ-0061,2025-05-05,0
EQ-0338,2025-05-05,0
EQ-0262,2025-05-05,0
EQ-0069,2025-05-05,0
EQ-0219,2025-05-05,0
EQ-0367,2025-05-06,0
EQ-0436,2025-05-06,0
EQ-0389,2025-05-06,0
EQ-0007,2025-05-06,0
EQ-0048,2025-05-06,0
EQ-0051,2025-05-06,0
EQ-0401,2025-05-06,0
EQ-0177,2025-05-06,0
EQ-0167,2025-05-06,0
EQ-0433,2025-05-06,0
EQ-0042,2025-05-06,0
EQ-0155,2025-05-06,0
EQ-0403,2025-05-06,0
EQ-0165,2025-05-06,0
EQ-0173,2025-05-06,0
EQ-0323,2025-05-06,1
EQ-0040,2025-05-06,0
EQ-0404,2025-05-06,0
EQ-0105,2025-05-06,0
EQ-0137,2025-05-06,0
EQ-0210,2025-05-06,0
EQ-0080,2025-05-06,0
EQ-0163,2025-05-06,0
EQ-0435,2025-05-06,0
EQ-0317,2025-05-06,1
EQ-0115,2025-05-06,0
EQ-0387,2025-05-07,0
EQ-0021,2025-05-07,0
EQ-0362,2025-05-07,0
EQ-0108,2025-05-07,0
EQ-0370,2025-05-07,0
EQ-0118,2025-05-07,0
EQ-0156,2025-05-07,0
EQ-0295,2025-05-07,0
EQ-0382,2025-05-07,0
EQ-0328,2025-05-07,0
EQ-0316,2025-05-07,1
EQ-0425,2025-05-07,0
EQ-0001,2025-05-07,1
EQ-0129,2025-05-07,0
EQ-0163,2025-05-07,0
EQ-0394,2025-05-07,0
EQ-0260,2025-05-07,0
EQ-0433,2025-05-07,0
EQ-0242,2025-05-08,0
EQ-0058,2025-05-08,0
EQ-0275,2025-05-08,0
EQ-0238,2025-05-08,1
EQ-0148,2025-05-08,0
EQ-0024,2025-05-08,0
EQ-0282,2025-05-08,0
EQ-0160,2025-05-08,0
EQ-0432,2025-05-08,0
EQ-0062,2025-05-08,0
EQ-0196,2025-05-08,0
EQ-0125,2025-05-08,0
EQ-0268,2025-05-08,0
EQ-0198,2025-05-08,0
EQ-0380,2025-05-08,0
EQ-0126,2025-05-08,0
EQ-0301,2025-05-08,0
EQ-0036,2025-05-09,0
EQ-0013,2025-05-09,0
EQ-0281,2025-05-09,0
EQ-0265,2025-05-09,0
EQ-0368,2025-05-09,0
EQ-0067,2025-05-09,0
EQ-0267,2025-05-09,0
EQ-0320,2025-05-09,0
EQ-0220,2025-05-09,0
EQ-0156,2025-05-09,0
EQ-0182,2025-05-09,0
EQ-0136,2025-05-09,0
EQ-0345,2025-05-09,0
EQ-0060,2025-05-09,0
EQ-0047,2025-05-09,0
EQ-0236,2025-05-09,0
EQ-0033,2025-05-10,0
EQ-0087,2025-05-10,0
EQ-0350,2025-05-10,0
EQ-0037,2025-05-10,1
EQ-0076,2025-05-10,0
EQ-0111,2025-05-10,0
EQ-0100,2025-05-10,0
EQ-0045,2025-05-10,0
EQ-0327,2025-05-10,0
EQ-0018,2025-05-10,0
EQ-0179,2025-05-10,0
EQ-0378,2025-05-10,0
EQ-0093,2025-05-10,0
EQ-0050,2025-05-10,1
EQ-0245,2025-05-10,0
EQ-0034,2025-05-10,0
EQ-0347,2025-05-10,0
EQ-0215,2025-05-10,0
EQ-0141,2025-05-10,0
EQ-0428,2025-05-10,0
EQ-0393,2025-05-10,0
EQ-0313,2025-05-11,0
EQ-0223,2025-05-11,0
EQ-0049,2025-05-11,1
EQ-0339,2025-05-11,0
EQ-0312,2025-05-11,0
EQ-0247,2025-05-11,0
EQ-0409,2025-05-11,0
EQ-0255,2025-05-11,0
EQ-0329,2025-05-11,0
EQ-0260,2025-05-11,1
EQ-0265,2025-05-11,0
EQ-0427,2025-05-11,1
EQ-0377,2025-05-11,0
EQ-0044,2025-05-11,0
EQ-0107,2025-05-11,1
EQ-0008,2025-05-11,0
EQ-0051,2025-05-11,0
EQ-0061,2025-05-11,0
EQ-0389,2025-05-11,0
EQ-0379,2025-05-11,0
EQ-0181,2025-05-11,0
EQ-0395,2025-05-12,0
EQ-0030,2025-05-12,0
EQ-0010,2025-05-12,0
EQ-0271,2025-05-12,1
EQ-0410,2025-05-12,1
EQ-0413,2025-05-12,0
EQ-0371,2025-05-12,0
EQ-0267,2025-05-12,0
EQ-0333,2025-05-12,0
EQ-0431,2025-05-12,1
EQ-0071,2025-05-12,0
EQ-0195,2025-05-12,0
EQ-0378,2025-05-12,0
EQ-0200,2025-05-12,0
EQ-0078,2025-05-12,0
EQ-0372,2025-05-12,0
EQ-0208,2025-05-12,0
EQ-0311,2025-05-12,0
EQ-0227,2025-05-12,0
EQ-0257,2025-05-12,0
EQ-0004,2025-05-13,0
EQ-0162,2025-05-13,0
EQ-0269,2025-05-13,0
EQ-0056,2025-05-13,1
EQ-0186,2025-05-13,1
EQ-0414,2025-05-13,0
EQ-0243,2025-05-13,0
EQ-0095,2025-05-13,1
EQ-0437,2025-05-13,0
EQ-0264,2025-05-13,0
EQ-0340,2025-05-13,0
EQ-0259,2025-05-13,0
EQ-0285,2025-05-13,0
EQ-0159,2025-05-13,0
EQ-0006,2025-05-13,0
EQ-0065,2025-05-14,0
EQ-0041,2025-05-14,0
EQ-0050,2025-05-14,1
EQ-0032,2025-05-14,0
EQ-0191,2025-05-14,0
EQ-0060,2025-05-14,0
EQ-0304,2025-05-14,0
EQ-0297,2025-05-14,0
EQ-0146,2025-05-14,0
EQ-0161,2025-05-14,0
EQ-0310,2025-05-14,0
EQ-0097,2025-05-14,0
EQ-0268,2025-05-14,0
EQ-0274,2025-05-14,0
EQ-0011,2025-05-14,0
EQ-0003,2025-05-14,0
EQ-0390,2025-05-14,0
EQ-0280,2025-05-14,1
EQ-0143,2025-05-14,0
EQ-0138,2025-05-14,0
EQ-0225,2025-05-15,0
EQ-0406,2025-05-15,0
EQ-0128,2025-05-15,0
EQ-0229,2025-05-15,0
EQ-0181,2025-05-15,0
EQ-0397,2025-05-15,0
EQ-0159,2025-05-15,0
EQ-0391,2025-05-15,0
EQ-0046,2025-05-15,1
EQ-0020,2025-05-15,0
EQ-0038,2025-05-15,0
EQ-0162,2025-05-15,0
EQ-0330,2025-05-15,0
EQ-0174,2025-05-15,0
EQ-0054,2025-05-15,0
EQ-0380,2025-05-15,0
EQ-0011,2025-05-16,0
EQ-0244,2025-05-16,0
EQ-0309,2025-05-16,1
EQ-0002,2025-05-16,0
EQ-0089,2025-05-16,1
EQ-0349,2025-05-16,0
EQ-0366,2025-05-16,0
EQ-0166,2025-05-16,1
EQ-0303,2025-05-16,1
EQ-0012,2025-05-17,0
EQ-0230,2025-05-17,0
EQ-0387,2025-05-17,0
EQ-0150,2025-05-17,0
EQ-0412,2025-05-17,0
EQ-0354,2025-05-17,0
EQ-0201,2025-05-17,0
EQ-0272,2025-05-17,0
EQ-0014,2025-05-17,0
EQ-0134,2025-05-17,0
EQ-0302,2025-05-17,0
EQ-0439,2025-05-17,0
EQ-0179,2025-05-17,0
EQ-0204,2025-05-18,0
EQ-0103,2025-05-18,0
EQ-0308,2025-05-18,0
EQ-0424,2025-05-18,0
EQ-0351,2025-05-18,0
EQ-0342,2025-05-18,0
EQ-0214,2025-05-18,0
EQ-0082,2025-05-18,0
EQ-0124,2025-05-18,1
EQ-0319,2025-05-18,0
EQ-0121,2025-05-18,0
EQ-0158,2025-05-18,0
EQ-0234,2025-05-18,0
EQ-0212,2025-05-18,0
EQ-0305,2025-05-18,0
EQ-0145,2025-05-18,0
EQ-0383,2025-05-18,0
EQ-0400,2025-05-18,0
EQ-0395,2025-05-19,0
EQ-0020,2025-05-19,0
EQ-0398,2025-05-19,0
EQ-0037,2025-05-19,1
EQ-0036,2025-05-19,0
EQ-0357,2025-05-19,0
EQ-0026,2025-05-19,0
EQ-0028,2025-05-19,0
EQ-0176,2025-05-19,0
EQ-0109,2025-05-19,0
EQ-0123,2025-05-19,0
EQ-0257,2025-05-19,0
EQ-0344,2025-05-19,0
EQ-0009,2025-05-19,0
EQ-0016,2025-05-19,0
EQ-0359,2025-05-19,0
EQ-0194,2025-05-19,0
EQ-0300,2025-05-20,0
EQ-0022,2025-05-20,1
EQ-0392,2025-05-20,0
EQ-0420,2025-05-20,0
EQ-0039,2025-05-20,0
EQ-0206,2025-05-20,0
EQ-0131,2025-05-20,0
EQ-0027,2025-05-20,0
EQ-0278,2025-05-20,0
EQ-0376,2025-05-20,0
EQ-0365,2025-05-20,0
EQ-0074,2025-05-20,0
EQ-0152,2025-05-20,0
EQ-0043,2025-05-20,0
EQ-0180,2025-05-20,0
EQ-0134,2025-05-20,0
EQ-0178,2025-05-20,0
EQ-0069,2025-05-20,0
EQ-0088,2025-05-20,0
EQ-0065,2025-05-20,0
EQ-0022,2025-05-21,1
EQ-0209,2025-05-21,0
EQ-0431,2025-05-21,1
EQ-0346,2025-05-21,1
EQ-0164,2025-05-21,1
EQ-0158,2025-05-21,0
EQ-0042,2025-05-21,0
EQ-0430,2025-05-21,0
EQ-0031,2025-05-21,0
EQ-0331,2025-05-21,0
EQ-0120,2025-05-21,0
EQ-0335,2025-05-21,0
EQ-0193,2025-05-21,0
EQ-0049,2025-05-21,1
EQ-0003,2025-05-22,0
EQ-0017,2025-05-22,0
EQ-0039,2025-05-22,0
EQ-0188,2025-05-22,1
EQ-0101,2025-05-22,0
EQ-0221,2025-05-22,1
EQ-0251,2025-05-22,0
EQ-0358,2025-05-22,0
EQ-0423,2025-05-22,0
EQ-0276,2025-05-22,0
EQ-0422,2025-05-22,0
EQ-0147,2025-05-22,0
EQ-0157,2025-05-22,0
EQ-0066,2025-05-22,0
EQ-0077,2025-05-22,0
EQ-0170,2025-05-22,0
EQ-0258,2025-05-22,0
EQ-0270,2025-05-22,0
EQ-0102,2025-05-22,1
EQ-0231,2025-05-22,0
EQ-0128,2025-05-22,0
EQ-0122,2025-05-22,0
EQ-0027,2025-05-23,0
EQ-0217,2025-05-23,0
EQ-0392,2025-05-23,0
EQ-0388,2025-05-23,0
EQ-0438,2025-05-23,0
EQ-0325,2025-05-23,0
EQ-0213,2025-05-23,0
EQ-0386,2025-05-23,0
EQ-0098,2025-05-23,0
EQ-0135,2025-05-23,0
EQ-0033,2025-05-23,0
EQ-0224,2025-05-23,0
EQ-0241,2025-05-23,0
EQ-0334,2025-05-23,0
EQ-0250,2025-05-23,0
EQ-0066,2025-05-23,0
EQ-0052,2025-05-23,0
EQ-0289,2025-05-23,0
EQ-0189,2025-05-23,0
EQ-0239,2025-05-23,1
EQ-0281,2025-05-24,0
EQ-0184,2025-05-24,0
EQ-0144,2025-05-24,0
EQ-0318,2025-05-24,0
EQ-0191,2025-05-24,0
EQ-0173,2025-05-24,0
EQ-0164,2025-05-24,1
EQ-0302,2025-05-24,0
EQ-0402,2025-05-24,0
EQ-0112,2025-05-24,0
EQ-0381,2025-05-24,0
EQ-0419,2025-05-24,0
EQ-0261,2025-05-24,0
EQ-0192,2025-05-24,1
EQ-0369,2025-05-24,0
EQ-0172,2025-05-24,0
EQ-0227,2025-05-24,0
EQ-0249,2025-05-24,0
EQ-0081,2025-05-24,0
EQ-0029,2025-05-24,0
EQ-0364,2025-05-24,0
EQ-0174,2025-05-24,0
EQ-0002,2025-05-24,0
EQ-0025,2025-05-25,0
EQ-0298,2025-05-25,0
EQ-0326,2025-05-25,0
EQ-0336,2025-05-25,0
EQ-0106,2025-05-25,0
EQ-0153,2025-05-25,0
EQ-0363,2025-05-25,0
EQ-0012,2025-05-25,0
EQ-0073,2025-05-25,0
EQ-0317,2025-05-25,1
EQ-0263,2025-05-25,0
EQ-0353,2025-05-25,0
EQ-0373,2025-05-25,0
EQ-0343,2025-05-25,0
EQ-0005,2025-05-25,0
EQ-0279,2025-05-25,0
EQ-0119,2025-05-25,0
EQ-0290,2025-05-25,0
EQ-0093,2025-05-26,1
EQ-0096,2025-05-26,0
EQ-0092,2025-05-26,0
EQ-0086,2025-05-26,0
EQ-0273,2025-05-26,0
EQ-0088,2025-05-26,0
EQ-0256,2025-05-26,0
EQ-0009,2025-05-26,0
EQ-0040,2025-05-26,0
EQ-0367,2025-05-26,0
EQ-0426,2025-05-26,0
EQ-0151,2025-05-26,0
EQ-0005,2025-05-26,0
EQ-0416,2025-05-26,0
EQ-0360,2025-05-26,0
EQ-0154,2025-05-26,0
EQ-0314,2025-05-26,0
EQ-0052,2025-05-26,0
EQ-0237,2025-05-27,0
EQ-0391,2025-05-27,0
EQ-0175,2025-05-27,0
EQ-0388,2025-05-27,0
EQ-0155,2025-05-27,0
EQ-0023,2025-05-27,0
EQ-0053,2025-05-27,0
EQ-0015,2025-05-27,0
EQ-0028,2025-05-27,0
EQ-0013,2025-05-27,0
EQ-0262,2025-05-27,0
EQ-0203,2025-05-27,1
EQ-0132,2025-05-27,0
EQ-0292,2025-05-27,0
EQ-0153,2025-05-27,0
EQ-0130,2025-05-27,1
EQ-0408,2025-05-27,0
EQ-0185,2025-05-27,0
EQ-0315,2025-05-27,0
EQ-0139,2025-05-28,0
EQ-0284,2025-05-28,0
EQ-0288,2025-05-28,0
EQ-0415,2025-05-28,1
EQ-0062,2025-05-28,0
EQ-0382,2025-05-28,0
EQ-0201,2025-05-28,0
EQ-0374,2025-05-28,0
EQ-0252,2025-05-28,0
EQ-0355,2025-05-28,0
EQ-0222,2025-05-28,0
EQ-0390,2025-05-28,0
EQ-0240,2025-05-28,0
EQ-0429,2025-05-28,0
EQ-0048,2025-05-28,0
EQ-0202,2025-05-28,0
EQ-0417,2025-05-28,0
EQ-0091,2025-05-29,0
EQ-0377,2025-05-29,0
EQ-0203,2025-05-29,1
EQ-0332,2025-05-29,0
EQ-0177,2025-05-29,0
EQ-0256,2025-05-29,0
EQ-0014,2025-05-29,0
EQ-0148,2025-05-29,0
EQ-0252,2025-05-29,0
EQ-0053,2025-05-29,0
EQ-0299,2025-05-29,0
EQ-0046,2025-05-29,1
EQ-0373,2025-05-29,0
EQ-0075,2025-05-29,0
EQ-0279,2025-05-29,0
EQ-0085,2025-05-29,0
EQ-0010,2025-05-29,0
EQ-0113,2025-05-29,0
EQ-0059,2025-05-30,0
EQ-0266,2025-05-30,0
EQ-0055,2025-05-30,0
EQ-0286,2025-05-30,0
EQ-0199,2025-05-30,1
EQ-0110,2025-05-30,0
EQ-0283,2025-05-30,0
EQ-0280,2025-05-30,0
EQ-0090,2025-05-30,0
EQ-0197,2025-05-30,0
EQ-0399,2025-05-30,0
EQ-0094,2025-05-30,1
EQ-0306,2025-05-30,0
EQ-0361,2025-05-30,0
EQ-0248,2025-05-30,0
EQ-0434,2025-05-30,0
EQ-0035,2025-05-30,0
EQ-0254,2025-05-30,0
EQ-0396,2025-05-30,0
EQ-0063,2025-05-30,0
EQ-0259,2025-05-30,0
EQ-0183,2025-05-30,0
EQ-0144,2025-05-30,0
EQ-0337,2025-05-30,0
EQ-0294,2025-05-31,0
EQ-0083,2025-05-31,0
EQ-0070,2025-05-31,0
EQ-0043,2025-05-31,0
EQ-0235,2025-05-31,0
EQ-0244,2025-05-31,0
EQ-0341,2025-05-31,0
EQ-0254,2025-05-31,0
EQ-0214,2025-05-31,0
EQ-0352,2025-05-31,0
EQ-0142,2025-05-31,0
EQ-0437,2025-05-31,0
EQ-0384,2025-05-31,1
EQ-0261,2025-06-01,0
EQ-0087,2025-06-01,0
EQ-0238,2025-06-01,1
EQ-0048,2025-06-01,0
EQ-0383,2025-06-01,0
EQ-0385,2025-06-01,0
EQ-0158,2025-06-01,0
EQ-0264,2025-06-01,0
EQ-0316,2025-06-01,1
EQ-0027,2025-06-01,0
EQ-0193,2025-06-01,0
EQ-0354,2025-06-01,0
EQ-0122,2025-06-02,0
EQ-0427,2025-06-02,1
EQ-0239,2025-06-02,1
EQ-0164,2025-06-02,1
EQ-0074,2025-06-02,0
EQ-0197,2025-06-02,0
EQ-0307,2025-06-02,0
EQ-0135,2025-06-02,0
EQ-0112,2025-06-02,0
EQ-0412,2025-06-02,0
EQ-0408,2025-06-02,0
EQ-0009,2025-06-02,0
EQ-0236,2025-06-02,0
EQ-0356,2025-06-02,0
EQ-0323,2025-06-02,1
EQ-0177,2025-06-02,0
EQ-0209,2025-06-02,0
EQ-0126,2025-06-02,0
EQ-0022,2025-06-03,1
EQ-0011,2025-06-03,0
EQ-0067,2025-06-03,0
EQ-0114,2025-06-03,0
EQ-0227,2025-06-03,0
EQ-0395,2025-06-03,0
EQ-0170,2025-06-03,0
EQ-0173,2025-06-03,0
EQ-0125,2025-06-03,0
EQ-0120,2025-06-03,0
EQ-0316,2025-06-03,1
EQ-0080,2025-06-03,1
EQ-0397,2025-06-03,0
EQ-0111,2025-06-03,0
EQ-0415,2025-06-03,0
EQ-0401,2025-06-03,0
EQ-0438,2025-06-03,0
EQ-0043,2025-06-03,0
EQ-0240,2025-06-03,0
EQ-0303,2025-06-03,1
EQ-0387,2025-06-03,0
EQ-0234,2025-06-03,0
EQ-0270,2025-06-04,0
EQ-0222,2025-06-04,0
EQ-0150,2025-06-04,0
EQ-0333,2025-06-04,0
EQ-0244,2025-06-04,0
EQ-0416,2025-06-04,0
EQ-0288,2025-06-04,0
EQ-0060,2025-06-04,0
EQ-0369,2025-06-04,0
EQ-0231,2025-06-04,0
EQ-0210,2025-06-04,0
EQ-0062,2025-06-04,0
EQ-0033,2025-06-04,0
EQ-0268,2025-06-04,0
EQ-0182,2025-06-04,0
EQ-0166,2025-06-04,0
EQ-0419,2025-06-04,0
EQ-0110,2025-06-04,0
EQ-0393,2025-06-04,0
EQ-0267,2025-06-04,0
EQ-0214,2025-06-05,0
EQ-0269,2025-06-05,0
EQ-0068,2025-06-05,0
EQ-0155,2025-06-05,0
EQ-0251,2025-06-05,0
EQ-0399,2025-06-05,0
EQ-0367,2025-06-05,0
EQ-0331,2025-06-05,0
EQ-0157,2025-06-05,0
EQ-0089,2025-06-05,1
EQ-0428,2025-06-05,0
EQ-0413,2025-06-05,0
EQ-0218,2025-06-05,0
EQ-0389,2025-06-05,0
EQ-0233,2025-06-05,0
EQ-0322,2025-06-05,0
EQ-0423,2025-06-05,0
EQ-0374,2025-06-05,0
EQ-0150,2025-06-05,0
EQ-0201,2025-06-06,0
EQ-0287,2025-06-06,0
EQ-0145,2025-06-06,0
EQ-0191,2025-06-06,0
EQ-0298,2025-06-06,0
EQ-0001,2025-06-06,1
EQ-0367,2025-06-06,0
EQ-0008,2025-06-06,0
EQ-0065,2025-06-06,0
EQ-0346,2025-06-06,1
EQ-0335,2025-06-06,0
EQ-0117,2025-06-06,0
EQ-0340,2025-06-06,0
EQ-0436,2025-06-06,0
EQ-0332,2025-06-06,0
EQ-0321,2025-06-07,0
EQ-0050,2025-06-07,1
EQ-0180,2025-06-07,0
EQ-0047,2025-06-07,0
EQ-0373,2025-06-07,0
EQ-0184,2025-06-07,0
EQ-0053,2025-06-07,0
EQ-0142,2025-06-07,0
EQ-0406,2025-06-07,0
EQ-0261,2025-06-07,0
EQ-0292,2025-06-07,0
EQ-0131,2025-06-07,0
EQ-0174,2025-06-07,0
EQ-0308,2025-06-07,0
EQ-0046,2025-06-07,1
EQ-0119,2025-06-07,0
EQ-0221,2025-06-07,1
EQ-0289,2025-06-08,0
EQ-0076,2025-06-08,0
EQ-0181,2025-06-08,0
EQ-0013,2025-06-08,0
EQ-0393,2025-06-08,0
EQ-0016,2025-06-08,0
EQ-0194,2025-06-08,0
EQ-0219,2025-06-08,0
EQ-0042,2025-06-08,0
EQ-0257,2025-06-08,0
EQ-0018,2025-06-08,0
EQ-0241,2025-06-08,0
EQ-0267,2025-06-08,0
EQ-0157,2025-06-08,0
EQ-0228,2025-06-08,0
EQ-0038,2025-06-08,0
EQ-0040,2025-06-08,0
EQ-0009,2025-06-08,0
EQ-0379,2025-06-09,0
EQ-0092,2025-06-09,0
EQ-0345,2025-06-09,0
EQ-0226,2025-06-09,0
EQ-0096,2025-06-09,0
EQ-0364,2025-06-09,0
EQ-0248,2025-06-09,0
EQ-0265,2025-06-09,0
EQ-0302,2025-06-09,0
EQ-0220,2025-06-09,0
EQ-0134,2025-06-09,0
EQ-0329,2025-06-09,0
EQ-0273,2025-06-09,0
EQ-0156,2025-06-09,0
EQ-0410,2025-06-09,1
EQ-0015,2025-06-09,0
EQ-0039,2025-06-10,0
EQ-0102,2025-06-10,0
EQ-0338,2025-06-10,0
EQ-0395,2025-06-10,0
EQ-0082,2025-06-10,0
EQ-0278,2025-06-10,0
EQ-0165,2025-06-10,0
EQ-0358,2025-06-10,0
EQ-0297,2025-06-10,0
EQ-0353,2025-06-10,0
EQ-0380,2025-06-10,0
EQ-0134,2025-06-10,0
EQ-0431,2025-06-10,1
EQ-0271,2025-06-10,1
EQ-0176,2025-06-11,0
EQ-0282,2025-06-11,0
EQ-0048,2025-06-11,0
EQ-0106,2025-06-11,0
EQ-0162,2025-06-11,0
EQ-0003,2025-06-11,1
EQ-0252,2025-06-11,0
EQ-0207,2025-06-11,0
EQ-0007,2025-06-11,0
EQ-0362,2025-06-11,0
EQ-0051,2025-06-11,0
EQ-0046,2025-06-11,1
EQ-0347,2025-06-11,0
EQ-0029,2025-06-11,0
EQ-0064,2025-06-11,0
EQ-0010,2025-06-11,0
EQ-0349,2025-06-11,0
EQ-0328,2025-06-11,0
EQ-0229,2025-06-11,0
EQ-0203,2025-06-11,1
EQ-0394,2025-06-12,0
EQ-0030,2025-06-12,0
EQ-0178,2025-06-12,0
EQ-0172,2025-06-12,0
EQ-0010,2025-06-12,0
EQ-0085,2025-06-12,0
EQ-0098,2025-06-12,0
EQ-0028,2025-06-12,0
EQ-0151,2025-06-12,0
EQ-0155,2025-06-12,0
EQ-0050,2025-06-12,0
EQ-0273,2025-06-12,0
EQ-0024,2025-06-12,0
EQ-0375,2025-06-12,0
EQ-0256,2025-06-12,0
EQ-0023,2025-06-12,0
EQ-0192,2025-06-13,0
EQ-0334,2025-06-13,0
EQ-0284,2025-06-13,0
EQ-0378,2025-06-13,0
EQ-0007,2025-06-13,0
EQ-0012,2025-06-13,0
EQ-0118,2025-06-13,0
EQ-0179,2025-06-13,0
EQ-0127,2025-06-13,0
EQ-0154,2025-06-13,0
EQ-0061,2025-06-13,0
EQ-0355,2025-06-13,0
EQ-0001,2025-06-13,1
EQ-0370,2025-06-14,0
EQ-0175,2025-06-14,0
EQ-0049,2025-06-14,1
EQ-0206,2025-06-14,0
EQ-0040,2025-06-14,0
EQ-0054,2025-06-14,0
EQ-0002,2025-06-14,0
EQ-0055,2025-06-14,0
EQ-0425,2025-06-14,0
EQ-0044,2025-06-14,1
EQ-0301,2025-06-14,0
EQ-0249,2025-06-14,0
EQ-0095,2025-06-14,1
EQ-0071,2025-06-14,0
EQ-0402,2025-06-14,0
EQ-0254,2025-06-14,0
EQ-0140,2025-06-14,0
EQ-0391,2025-06-14,0
EQ-0144,2025-06-14,0
EQ-0097,2025-06-14,0
EQ-0019,2025-06-14,0
EQ-0037,2025-06-14,1
EQ-0390,2025-06-14,0
EQ-0327,2025-06-15,0
EQ-0256,2025-06-15,0
EQ-0115,2025-06-15,0
EQ-0063,2025-06-15,0
EQ-0187,2025-06-15,0
EQ-0161,2025-06-15,0
EQ-0041,2025-06-15,0
EQ-0311,2025-06-15,0
EQ-0066,2025-06-15,0
EQ-0043,2025-06-15,0
EQ-0388,2025-06-15,1
EQ-0160,2025-06-15,0
EQ-0159,2025-06-15,0
EQ-0433,2025-06-15,0
EQ-0434,2025-06-15,0
EQ-0016,2025-06-15,0
EQ-0062,2025-06-15,0
EQ-0418,2025-06-15,0
EQ-0169,2025-06-15,0
EQ-0006,2025-06-15,0
EQ-0400,2025-06-15,0
EQ-0394,2025-06-15,0
EQ-0427,2025-06-16,1
EQ-0123,2025-06-16,0
EQ-0378,2025-06-16,0
EQ-0392,2025-06-16,0
EQ-0330,2025-06-16,0
EQ-0361,2025-06-16,0
EQ-0357,2025-06-16,0
EQ-0203,2025-06-16,1
EQ-0211,2025-06-16,0
EQ-0128,2025-06-16,0
EQ-0281,2025-06-16,0
EQ-0437,2025-06-16,0
EQ-0116,2025-06-16,0
EQ-0059,2025-06-16,0
EQ-0426,2025-06-16,0
EQ-0133,2025-06-16,0
EQ-0430,2025-06-16,0
EQ-0414,2025-06-16,0
EQ-0093,2025-06-16,1
EQ-0163,2025-06-16,0
EQ-0153,2025-06-16,0
EQ-0366,2025-06-17,0
EQ-0158,2025-06-17,0
EQ-0014,2025-06-17,0
EQ-0379,2025-06-17,0
EQ-0359,2025-06-17,0
EQ-0371,2025-06-17,0
EQ-0069,2025-06-17,0
EQ-0409,2025-06-17,0
EQ-0431,2025-06-17,1
EQ-0136,2025-06-17,0
EQ-0304,2025-06-17,0
EQ-0420,2025-06-17,0
EQ-0387,2025-06-17,0
EQ-0376,2025-06-17,0
EQ-0302,2025-06-17,0
EQ-0272,2025-06-17,0
EQ-0389,2025-06-17,0
EQ-0380,2025-06-17,0
EQ-0058,2025-06-17,0
EQ-0281,2025-06-18,0
EQ-0086,2025-06-18,0
EQ-0144,2025-06-18,0
EQ-0344,2025-06-18,0
EQ-0195,2025-06-18,0
EQ-0034,2025-06-18,0
EQ-0138,2025-06-18,0
EQ-0084,2025-06-18,0
EQ-0365,2025-06-18,0
EQ-0366,2025-06-18,0
EQ-0053,2025-06-18,0
EQ-0373,2025-06-18,0
EQ-0404,2025-06-18,0
EQ-0124,2025-06-18,1
EQ-0088,2025-06-18,0
EQ-0152,2025-06-19,0
EQ-0411,2025-06-19,0
EQ-0342,2025-06-19,0
EQ-0331,2025-06-19,0
EQ-0149,2025-06-19,0
EQ-0368,2025-06-19,0
EQ-0437,2025-06-19,0
EQ-0265,2025-06-19,0
EQ-0255,2025-06-19,0
EQ-0337,2025-06-19,0
EQ-0172,2025-06-19,0
EQ-0382,2025-06-19,0
EQ-0429,2025-06-19,0
EQ-0038,2025-06-19,0
EQ-0105,2025-06-19,0
EQ-0260,2025-06-19,1
EQ-0374,2025-06-19,0
EQ-0088,2025-06-19,0
EQ-0242,2025-06-19,0
EQ-0266,2025-06-19,0
EQ-0027,2025-06-19,0
EQ-0033,2025-06-20,0
EQ-0295,2025-06-20,0
EQ-0026,2025-06-20,0
EQ-0168,2025-06-20,0
EQ-0257,2025-06-20,0
EQ-0435,2025-06-20,0
EQ-0039,2025-06-20,0
EQ-0262,2025-06-20,0
EQ-0100,2025-06-20,0
EQ-0003,2025-06-20,1
EQ-0002,2025-06-20,0
EQ-0388,2025-06-20,1
EQ-0090,2025-06-20,0
EQ-0293,2025-06-20,1
EQ-0252,2025-06-20,0
EQ-0230,2025-06-20,0
EQ-0065,2025-06-20,0
EQ-0190,2025-06-20,0
EQ-0162,2025-06-20,0
EQ-0047,2025-06-21,0
EQ-0390,2025-06-21,0
EQ-0348,2025-06-21,0
EQ-0036,2025-06-21,0
EQ-0208,2025-06-21,0
EQ-0439,2025-06-21,0
EQ-0130,2025-06-21,1
EQ-0156,2025-06-21,0
EQ-0109,2025-06-21,0
EQ-0177,2025-06-21,0
EQ-0291,2025-06-21,0
EQ-0352,2025-06-21,0
EQ-0277,2025-06-21,0
EQ-0276,2025-06-21,0
EQ-0151,2025-06-21,0
EQ-0309,2025-06-21,1
EQ-0163,2025-06-21,0
EQ-0108,2025-06-21,0
EQ-0300,2025-06-21,0
EQ-0223,2025-06-21,1
EQ-0285,2025-06-22,0
EQ-0217,2025-06-22,1
EQ-0147,2025-06-22,0
EQ-0070,2025-06-22,0
EQ-0416,2025-06-22,0
EQ-0148,2025-06-22,0
EQ-0244,2025-06-22,0
EQ-0279,2025-06-22,0
EQ-0294,2025-06-22,1
EQ-0337,2025-06-22,0
EQ-0078,2025-06-22,0
EQ-0032,2025-06-22,0
EQ-0021,2025-06-22,0
EQ-0171,2025-06-23,0
EQ-0213,2025-06-23,0
EQ-0020,2025-06-23,0
EQ-0005,2025-06-23,0
EQ-0204,2025-06-23,0
EQ-0234,2025-06-23,0
EQ-0051,2025-06-23,0
EQ-0299,2025-06-23,0
EQ-0121,2025-06-23,0
EQ-0141,2025-06-23,0
EQ-0014,2025-06-23,0
EQ-0405,2025-06-23,0
EQ-0061,2025-06-23,0
EQ-0360,2025-06-23,0
EQ-0013,2025-06-23,0
EQ-0159,2025-06-23,0
EQ-0243,2025-06-24,0
EQ-0094,2025-06-24,1
EQ-0167,2025-06-24,0
EQ-0384,2025-06-24,0
EQ-0315,2025-06-24,0
EQ-0432,2025-06-24,0
EQ-0386,2025-06-24,0
EQ-0189,2025-06-24,0
EQ-0036,2025-06-24,0
EQ-0152,2025-06-24,0
EQ-0173,2025-06-24,0
EQ-0107,2025-06-24,1
EQ-0052,2025-06-24,0
EQ-0262,2025-06-24,0
EQ-0063,2025-06-24,0
EQ-0310,2025-06-24,0
EQ-0392,2025-06-24,0
EQ-0079,2025-06-24,0
EQ-0247,2025-06-24,0
EQ-0200,2025-06-24,0
EQ-0022,2025-06-24,1
EQ-0181,2025-06-24,0
EQ-0028,2025-06-24,0
EQ-0056,2025-06-24,0
EQ-0305,2025-06-24,0
EQ-0407,2025-06-25,0
EQ-0424,2025-06-25,0
EQ-0324,2025-06-25,0
EQ-0146,2025-06-25,0
EQ-0403,2025-06-25,1
EQ-0073,2025-06-25,0
EQ-0225,2025-06-25,0
EQ-0183,2025-06-25,0
EQ-0319,2025-06-25,0
EQ-0012,2025-06-25,0
EQ-0279,2025-06-25,0
EQ-0031,2025-06-25,0
EQ-0060,2025-06-25,0
EQ-0398,2025-06-25,1
EQ-0266,2025-06-25,0
EQ-0044,2025-06-25,1
EQ-0237,2025-06-25,0
EQ-0154,2025-06-26,0
EQ-0434,2025-06-26,0
EQ-0186,2025-06-26,1
EQ-0205,2025-06-26,0
EQ-0025,2025-06-26,0
EQ-0164,2025-06-26,0
EQ-0276,2025-06-26,0
EQ-0280,2025-06-26,0
EQ-0214,2025-06-26,0
EQ-0104,2025-06-26,0
EQ-0336,2025-06-26,0
EQ-0126,2025-06-26,0
EQ-0064,2025-06-26,0
EQ-0274,2025-06-26,0
EQ-0165,2025-06-26,0
EQ-0286,2025-06-26,0
EQ-0290,2025-06-27,1
EQ-0268,2025-06-27,0
EQ-0314,2025-06-27,0
EQ-0325,2025-06-27,1
EQ-0278,2025-06-27,0
EQ-0075,2025-06-27,0
EQ-0042,2025-06-27,0
EQ-0093,2025-06-27,1
EQ-0045,2025-06-27,0
EQ-0055,2025-06-27,0
EQ-0391,2025-06-27,0
EQ-0259,2025-06-27,0
EQ-0369,2025-06-27,0
EQ-0283,2025-06-27,0
EQ-0188,2025-06-27,1
EQ-0260,2025-06-27,1
EQ-0275,2025-06-27,0
EQ-0306,2025-06-27,0
EQ-0137,2025-06-27,0
EQ-0110,2025-06-27,0
EQ-0067,2025-06-27,0
EQ-0224,2025-06-27,0
EQ-0417,2025-06-27,0
EQ-0424,2025-06-27,0
EQ-0132,2025-06-27,0
EQ-0371,2025-06-28,0
EQ-0318,2025-06-28,0
EQ-0350,2025-06-28,0
EQ-0235,2025-06-28,0
EQ-0175,2025-06-28,0
EQ-0382,2025-06-28,0
EQ-0341,2025-06-28,0
EQ-0296,2025-06-28,0
EQ-0023,2025-06-28,0
EQ-0216,2025-06-28,1
EQ-0377,2025-06-28,0
EQ-0103,2025-06-28,0
EQ-0402,2025-06-28,0
EQ-0317,2025-06-28,1
EQ-0201,2025-06-28,0
EQ-0236,2025-06-28,0
EQ-0179,2025-06-28,0
EQ-0258,2025-06-28,0
EQ-0280,2025-06-29,0
EQ-0049,2025-06-29,0
EQ-0031,2025-06-29,0
EQ-0377,2025-06-29,0
EQ-0101,2025-06-29,0
EQ-0077,2025-06-29,0
EQ-0091,2025-06-29,0
EQ-0317,2025-06-29,1
EQ-0250,2025-06-29,0
EQ-0113,2025-06-29,0
EQ-0035,2025-06-29,0
EQ-0381,2025-06-29,0
EQ-0365,2025-06-29,0
EQ-0312,2025-06-29,0
EQ-0072,2025-06-29,0
EQ-0196,2025-06-29,0
EQ-0253,2025-06-29,0
EQ-0254,2025-06-30,0
EQ-0015,2025-06-30,0
EQ-0045,2025-06-30,0
EQ-0191,2025-06-30,0
EQ-0339,2025-06-30,0
EQ-0005,2025-06-30,0
EQ-0011,2025-06-30,0
EQ-0320,2025-06-30,0
EQ-0008,2025-06-30,0
EQ-0212,2025-06-30,0
EQ-0174,2025-06-30,0
EQ-0037,2025-06-30,1
EQ-0017,2025-06-30,0
EQ-0433,2025-06-30,0
EQ-0066,2025-06-30,0
EQ-0227,2025-06-30,0
EQ-0139,2025-06-30,0
EQ-0263,2025-06-30,0
EQ-0343,2025-06-30,0
EQ-0069,2025-06-30,0
EQ-0393,2025-07-01,0
EQ-0365,2025-07-01,0
EQ-0012,2025-07-01,0
EQ-0427,2025-07-01,1
EQ-0395,2025-07-01,0
EQ-0007,2025-07-01,0
EQ-0270,2025-07-01,0
EQ-0114,2025-07-01,0
EQ-0290,2025-07-01,1
EQ-0163,2025-07-01,0
EQ-0059,2025-07-01,0
EQ-0006,2025-07-01,0
EQ-0175,2025-07-01,0
EQ-0439,2025-07-01,0
EQ-0191,2025-07-01,0
EQ-0131,2025-07-01,0
EQ-0329,2025-07-02,0
EQ-0015,2025-07-02,0
EQ-0337,2025-07-02,0
EQ-0390,2025-07-02,0
EQ-0014,2025-07-02,0
EQ-0027,2025-07-02,0
EQ-0238,2025-07-02,1
EQ-0044,2025-07-02,1
EQ-0424,2025-07-02,0
EQ-0033,2025-07-02,0
EQ-0423,2025-07-02,0
EQ-0259,2025-07-02,0
EQ-0045,2025-07-02,0
EQ-0312,2025-07-02,0
EQ-0209,2025-07-02,0
EQ-0004,2025-07-02,0
EQ-0085,2025-07-02,0
EQ-0072,2025-07-02,0
EQ-0088,2025-07-02,0
EQ-0083,2025-07-02,0
EQ-0076,2025-07-02,0
EQ-0157,2025-07-03,0
EQ-0109,2025-07-03,0
EQ-0191,2025-07-03,0
EQ-0048,2025-07-03,0
EQ-0207,2025-07-03,0
EQ-0084,2025-07-03,0
EQ-0143,2025-07-03,0
EQ-0005,2025-07-03,0
EQ-0195,2025-07-03,0
EQ-0219,2025-07-03,0
EQ-0116,2025-07-03,0
EQ-0363,2025-07-03,0
EQ-0022,2025-07-03,1
EQ-0110,2025-07-03,0
EQ-0263,2025-07-03,0
EQ-0227,2025-07-03,0
EQ-0037,2025-07-03,1
EQ-0159,2025-07-04,0
EQ-0285,2025-07-04,0
EQ-0257,2025-07-04,0
EQ-0100,2025-07-04,0
EQ-0403,2025-07-04,1
EQ-0140,2025-07-04,0
EQ-0014,2025-07-04,0
EQ-0404,2025-07-04,0
EQ-0237,2025-07-04,0
EQ-0365,2025-07-04,0
EQ-0356,2025-07-04,0
EQ-0244,2025-07-04,0
EQ-0189,2025-07-04,0
EQ-0152,2025-07-04,0
EQ-0384,2025-07-04,0
EQ-0288,2025-07-04,0
EQ-0279,2025-07-04,0
EQ-0022,2025-07-04,0
EQ-0203,2025-07-05,0
EQ-0176,2025-07-05,0
EQ-0062,2025-07-05,0
EQ-0334,2025-07-05,0
EQ-0350,2025-07-05,0
EQ-0345,2025-07-05,0
EQ-0407,2025-07-05,0
EQ-0436,2025-07-05,0
EQ-0077,2025-07-05,0
EQ-0225,2025-07-05,0
EQ-0251,2025-07-05,0
EQ-0287,2025-07-05,0
EQ-0373,2025-07-05,0
EQ-0147,2025-07-05,0
EQ-0380,2025-07-05,0
EQ-0374,2025-07-05,0
EQ-0199,2025-07-06,1
EQ-0015,2025-07-06,0
EQ-0203,2025-07-06,0
EQ-0049,2025-07-06,0
EQ-0340,2025-07-06,0
EQ-0001,2025-07-06,0
EQ-0430,2025-07-06,0
EQ-0371,2025-07-06,0
EQ-0320,2025-07-06,0
EQ-0273,2025-07-06,0
EQ-0039,2025-07-06,0
EQ-0351,2025-07-06,0
EQ-0136,2025-07-06,0
EQ-0121,2025-07-06,0
EQ-0123,2025-07-06,0
EQ-0231,2025-07-06,0
EQ-0266,2025-07-06,0
EQ-0355,2025-07-06,0
EQ-0181,2025-07-06,0
EQ-0222,2025-07-06,0
EQ-0092,2025-07-06,0
EQ-0224,2025-07-06,0
EQ-0294,2025-07-07,1
EQ-0397,2025-07-07,0
EQ-0132,2025-07-07,0
EQ-0255,2025-07-07,0
EQ-0048,2025-07-07,0
EQ-0062,2025-07-07,0
EQ-0002,2025-07-07,0
EQ-0276,2025-07-07,0
EQ-0009,2025-07-07,0
EQ-0181,2025-07-07,0
EQ-0029,2025-07-07,0
EQ-0055,2025-07-07,0
EQ-0016,2025-07-07,1
EQ-0096,2025-07-07,0
EQ-0410,2025-07-07,1
EQ-0327,2025-07-07,0
EQ-0373,2025-07-07,0
EQ-0371,2025-07-08,0
EQ-0367,2025-07-08,0
EQ-0234,2025-07-08,0
EQ-0012,2025-07-08,0
EQ-0291,2025-07-08,0
EQ-0336,2025-07-08,0
EQ-0047,2025-07-08,0
EQ-0163,2025-07-08,0
EQ-0372,2025-07-08,0
EQ-0378,2025-07-08,0
EQ-0348,2025-07-08,0
EQ-0216,2025-07-09,1
EQ-0292,2025-07-09,0
EQ-0164,2025-07-09,0
EQ-0069,2025-07-09,0
EQ-0171,2025-07-09,0
EQ-0281,2025-07-09,0
EQ-0280,2025-07-09,0
EQ-0042,2025-07-09,0
EQ-0245,2025-07-09,0
EQ-0213,2025-07-09,0
EQ-0120,2025-07-09,0
EQ-0388,2025-07-09,1
EQ-0341,2025-07-10,0
EQ-0067,2025-07-10,0
EQ-0293,2025-07-10,1
EQ-0028,2025-07-10,0
EQ-0177,2025-07-10,0
EQ-0400,2025-07-10,0
EQ-0267,2025-07-10,0
EQ-0405,2025-07-10,0
EQ-0008,2025-07-10,0
EQ-0381,2025-07-10,0
EQ-0247,2025-07-10,0
EQ-0050,2025-07-10,1
EQ-0232,2025-07-10,0
EQ-0151,2025-07-10,0
EQ-0184,2025-07-11,0
EQ-0172,2025-07-11,0
EQ-0212,2025-07-11,0
EQ-0024,2025-07-11,0
EQ-0429,2025-07-11,0
EQ-0265,2025-07-11,0
EQ-0252,2025-07-11,0
EQ-0391,2025-07-11,0
EQ-0067,2025-07-11,0
EQ-0286,2025-07-11,0
EQ-0248,2025-07-11,0
EQ-0186,2025-07-11,1
EQ-0374,2025-07-11,0
EQ-0417,2025-07-12,0
EQ-0135,2025-07-12,0
EQ-0201,2025-07-12,0
EQ-0125,2025-07-12,0
EQ-0258,2025-07-12,0
EQ-0433,2025-07-12,0
EQ-0434,2025-07-12,0
EQ-0162,2025-07-12,0
EQ-0063,2025-07-12,0
EQ-0239,2025-07-12,0
EQ-0278,2025-07-12,0
EQ-0043,2025-07-12,0
EQ-0338,2025-07-12,0
EQ-0306,2025-07-12,0
EQ-0128,2025-07-12,0
EQ-0185,2025-07-12,0
EQ-0416,2025-07-12,0
EQ-0194,2025-07-12,0
EQ-0174,2025-07-13,0
EQ-0091,2025-07-13,0
EQ-0435,2025-07-13,0
EQ-0346,2025-07-13,1
EQ-0111,2025-07-13,0
EQ-0382,2025-07-13,0
EQ-0421,2025-07-13,0
EQ-0424,2025-07-13,0
EQ-0173,2025-07-13,0
EQ-0235,2025-07-13,0
EQ-0310,2025-07-13,0
EQ-0082,2025-07-13,0
EQ-0089,2025-07-13,1
EQ-0070,2025-07-13,0
EQ-0013,2025-07-13,0
EQ-0269,2025-07-13,0
EQ-0263,2025-07-13,0
EQ-0036,2025-07-13,0
EQ-0040,2025-07-13,0
EQ-0117,2025-07-13,0
EQ-0020,2025-07-13,0
EQ-0119,2025-07-13,0
EQ-0319,2025-07-14,0
EQ-0389,2025-07-14,0
EQ-0409,2025-07-14,0
EQ-0432,2025-07-14,0
EQ-0272,2025-07-14,0
EQ-0366,2025-07-14,0
EQ-0332,2025-07-14,0
EQ-0211,2025-07-14,0
EQ-0066,2025-07-14,0
EQ-0031,2025-07-14,0
EQ-0134,2025-07-14,0
EQ-0043,2025-07-14,0
EQ-0178,2025-07-14,0
EQ-0267,2025-07-14,0
EQ-0349,2025-07-14,0
EQ-0144,2025-07-14,0
EQ-0408,2025-07-14,0
EQ-0415,2025-07-14,0
EQ-0260,2025-07-14,1
EQ-0175,2025-07-14,0
EQ-0434,2025-07-14,0
EQ-0425,2025-07-14,0
EQ-0064,2025-07-14,0
EQ-0328,2025-07-14,0
EQ-0377,2025-07-14,0
EQ-0049,2025-07-15,0
EQ-0097,2025-07-15,0
EQ-0314,2025-07-15,0
EQ-0017,2025-07-15,0
EQ-0159,2025-07-15,0
EQ-0166,2025-07-15,0
EQ-0197,2025-07-15,0
EQ-0032,2025-07-15,0
EQ-0045,2025-07-15,0
EQ-0107,2025-07-15,1
EQ-0376,2025-07-15,0
EQ-0165,2025-07-15,0
EQ-0003,2025-07-15,1
EQ-0106,2025-07-15,0
EQ-0256,2025-07-15,0
EQ-0071,2025-07-16,0
EQ-0031,2025-07-16,0
EQ-0262,2025-07-16,0
EQ-0166,2025-07-16,0
EQ-0278,2025-07-16,0
EQ-0183,2025-07-16,0
EQ-0298,2025-07-16,0
EQ-0142,2025-07-16,0
EQ-0317,2025-07-16,1
EQ-0315,2025-07-16,0
EQ-0279,2025-07-16,0
EQ-0215,2025-07-16,0
EQ-0056,2025-07-16,0
EQ-0337,2025-07-16,0
EQ-0068,2025-07-16,0
EQ-0330,2025-07-16,0
EQ-0061,2025-07-16,0
EQ-0150,2025-07-16,0
EQ-0167,2025-07-16,0
EQ-0093,2025-07-17,1
EQ-0226,2025-07-17,0
EQ-0158,2025-07-17,0
EQ-0155,2025-07-17,1
EQ-0051,2025-07-17,0
EQ-0156,2025-07-17,0
EQ-0401,2025-07-17,0
EQ-0390,2025-07-17,0
EQ-0179,2025-07-17,0
EQ-0053,2025-07-17,0
EQ-0416,2025-07-17,0
EQ-0065,2025-07-17,0
EQ-0036,2025-07-17,0
EQ-0025,2025-07-17,0
EQ-0382,2025-07-17,0
EQ-0138,2025-07-17,0
EQ-0217,2025-07-17,1
EQ-0137,2025-07-17,0
EQ-0148,2025-07-17,0
EQ-0010,2025-07-17,0
EQ-0344,2025-07-17,0
EQ-0406,2025-07-17,0
EQ-0398,2025-07-17,1
EQ-0118,2025-07-17,0
EQ-0170,2025-07-17,0
EQ-0284,2025-07-17,0
EQ-0277,2025-07-17,0
EQ-0023,2025-07-18,0
EQ-0271,2025-07-18,1
EQ-0154,2025-07-18,0
EQ-0302,2025-07-18,0
EQ-0318,2025-07-18,0
EQ-0066,2025-07-18,0
EQ-0206,2025-07-18,0
EQ-0383,2025-07-18,0
EQ-0392,2025-07-18,0
EQ-0110,2025-07-18,0
EQ-0412,2025-07-18,0
EQ-0188,2025-07-18,1
EQ-0165,2025-07-18,0
EQ-0156,2025-07-18,0
EQ-0354,2025-07-18,0
EQ-0402,2025-07-18,0
EQ-0052,2025-07-18,0
EQ-0193,2025-07-18,0
EQ-0047,2025-07-19,0
EQ-0402,2025-07-19,0
EQ-0301,2025-07-19,0
EQ-0128,2025-07-19,0
EQ-0127,2025-07-19,0
EQ-0299,2025-07-19,0
EQ-0060,2025-07-19,0
EQ-0146,2025-07-19,0
EQ-0230,2025-07-19,0
EQ-0273,2025-07-19,0
EQ-0395,2025-07-19,0
EQ-0034,2025-07-19,0
EQ-0102,2025-07-19,0
EQ-0065,2025-07-19,0
EQ-0046,2025-07-19,1
EQ-0055,2025-07-19,0
EQ-0160,2025-07-20,0
EQ-0316,2025-07-20,0
EQ-0411,2025-07-20,0
EQ-0295,2025-07-20,0
EQ-0311,2025-07-20,0
EQ-0381,2025-07-20,0
EQ-0033,2025-07-20,0
EQ-0368,2025-07-20,0
EQ-0061,2025-07-20,0
EQ-0437,2025-07-20,0
EQ-0305,2025-07-20,0
EQ-0262,2025-07-20,0
EQ-0261,2025-07-20,0
EQ-0283,2025-07-21,0
EQ-0220,2025-07-21,0
EQ-0432,2025-07-21,0
EQ-0233,2025-07-21,0
EQ-0322,2025-07-21,1
EQ-0392,2025-07-21,0
EQ-0130,2025-07-21,1
EQ-0413,2025-07-21,0
EQ-0241,2025-07-21,0
EQ-0367,2025-07-21,0
EQ-0331,2025-07-21,0
EQ-0437,2025-07-21,0
EQ-0196,2025-07-21,0
EQ-0010,2025-07-21,0
EQ-0020,2025-07-21,0
EQ-0180,2025-07-21,0
EQ-0081,2025-07-21,0
EQ-0214,2025-07-22,0
EQ-0377,2025-07-22,0
EQ-0433,2025-07-22,0
EQ-0088,2025-07-22,0
EQ-0261,2025-07-22,0
EQ-0104,2025-07-22,0
EQ-0414,2025-07-22,0
EQ-0342,2025-07-22,0
EQ-0260,2025-07-22,1
EQ-0369,2025-07-22,0
EQ-0178,2025-07-22,0
EQ-0074,2025-07-22,0
EQ-0393,2025-07-22,0
EQ-0073,2025-07-22,0
EQ-0254,2025-07-22,0
EQ-0297,2025-07-22,0
EQ-0134,2025-07-22,0
EQ-0187,2025-07-22,0
EQ-0054,2025-07-22,0
EQ-0280,2025-07-22,0
EQ-0360,2025-07-22,0
EQ-0200,2025-07-22,0
EQ-0244,2025-07-23,0
EQ-0087,2025-07-23,0
EQ-0300,2025-07-23,0
EQ-0075,2025-07-23,0
EQ-0274,2025-07-23,0
EQ-0056,2025-07-23,0
EQ-0190,2025-07-23,0
EQ-0303,2025-07-23,0
EQ-0057,2025-07-23,0
EQ-0358,2025-07-23,0
EQ-0007,2025-07-23,0
EQ-0028,2025-07-23,0
EQ-0281,2025-07-23,0
EQ-0060,2025-07-23,0
EQ-0016,2025-07-23,1
EQ-0013,2025-07-23,0
EQ-0352,2025-07-23,0
EQ-0152,2025-07-23,0
EQ-0236,2025-07-23,0
EQ-0026,2025-07-23,0
EQ-0011,2025-07-24,0
EQ-0343,2025-07-24,0
EQ-0309,2025-07-24,0
EQ-0149,2025-07-24,0
EQ-0375,2025-07-24,0
EQ-0236,2025-07-24,0
EQ-0041,2025-07-24,0
EQ-0153,2025-07-24,0
EQ-0086,2025-07-24,0
EQ-0202,2025-07-24,0
EQ-0308,2025-07-24,0
EQ-0079,2025-07-24,0
EQ-0268,2025-07-24,0
EQ-0112,2025-07-24,0
EQ-0113,2025-07-24,0
EQ-0038,2025-07-24,0
EQ-0168,2025-07-24,0
EQ-0250,2025-07-24,0
EQ-0256,2025-07-24,0
EQ-0282,2025-07-24,0
EQ-0122,2025-07-25,0
EQ-0228,2025-07-25,0
EQ-0240,2025-07-25,0
EQ-0204,2025-07-25,0
EQ-0257,2025-07-25,0
EQ-0427,2025-07-25,1
EQ-0313,2025-07-25,0
EQ-0052,2025-07-25,0
EQ-0426,2025-07-25,0
EQ-0229,2025-07-25,0
EQ-0242,2025-07-25,0
EQ-0046,2025-07-25,1
EQ-0307,2025-07-25,1
EQ-0380,2025-07-25,0
EQ-0124,2025-07-25,0
EQ-0252,2025-07-25,0
EQ-0223,2025-07-25,1
EQ-0431,2025-07-26,0
EQ-0353,2025-07-26,0
EQ-0364,2025-07-26,0
EQ-0333,2025-07-26,0
EQ-0362,2025-07-26,0
EQ-0001,2025-07-26,0
EQ-0035,2025-07-26,0
EQ-0182,2025-07-26,0
EQ-0394,2025-07-26,0
EQ-0205,2025-07-26,0
EQ-0389,2025-07-26,0
EQ-0331,2025-07-26,0
EQ-0246,2025-07-26,0
EQ-0304,2025-07-26,0
EQ-0126,2025-07-26,1
EQ-0179,2025-07-26,0
EQ-0335,2025-07-26,0
EQ-0095,2025-07-27,1
EQ-0169,2025-07-27,0
EQ-0214,2025-07-27,0
EQ-0039,2025-07-27,0
EQ-0221,2025-07-27,1
EQ-0254,2025-07-27,0
EQ-0347,2025-07-27,0
EQ-0044,2025-07-27,1
EQ-0164,2025-07-27,0
EQ-0339,2025-07-27,0
EQ-0141,2025-07-27,0
EQ-0094,2025-07-27,0
EQ-0099,2025-07-27,0
EQ-0021,2025-07-27,0
EQ-0366,2025-07-27,0
EQ-0302,2025-07-27,0
EQ-0153,2025-07-27,0
EQ-0105,2025-07-27,0
EQ-0008,2025-07-27,0
EQ-0005,2025-07-27,0
EQ-0326,2025-07-27,1
EQ-0385,2025-07-27,1
EQ-0274,2025-07-27,0
EQ-0157,2025-07-28,0
EQ-0011,2025-07-28,0
EQ-0428,2025-07-28,0
EQ-0378,2025-07-28,0
EQ-0253,2025-07-28,0
EQ-0325,2025-07-28,1
EQ-0148,2025-07-28,0
EQ-0042,2025-07-28,0
EQ-0387,2025-07-28,0
EQ-0103,2025-07-28,0
EQ-0266,2025-07-28,0
EQ-0150,2025-07-28,0
EQ-0058,2025-07-28,0
EQ-0151,2025-07-28,0
EQ-0316,2025-07-28,0
EQ-0391,2025-07-28,0
EQ-0275,2025-07-28,0
EQ-0126,2025-07-29,1
EQ-0227,2025-07-29,0
EQ-0243,2025-07-29,0
EQ-0317,2025-07-29,0
EQ-0321,2025-07-29,0
EQ-0129,2025-07-29,0
EQ-0115,2025-07-29,0
EQ-0064,2025-07-29,0
EQ-0154,2025-07-29,0
EQ-0192,2025-07-29,0
EQ-0218,2025-07-29,0
EQ-0172,2025-07-29,0
EQ-0419,2025-07-29,0
EQ-0002,2025-07-29,0
EQ-0090,2025-07-29,0
EQ-0133,2025-07-30,0
EQ-0037,2025-07-30,0
EQ-0145,2025-07-30,0
EQ-0177,2025-07-30,0
EQ-0234,2025-07-30,0
EQ-0420,2025-07-30,0
EQ-0388,2025-07-30,1
EQ-0438,2025-07-30,0
EQ-0396,2025-07-30,0
EQ-0387,2025-07-30,0
EQ-0361,2025-07-30,0
EQ-0259,2025-07-30,0
EQ-0161,2025-07-30,0
EQ-0098,2025-07-30,0
EQ-0394,2025-07-30,0
EQ-0155,2025-07-30,1
EQ-0018,2025-07-30,0
EQ-0431,2025-07-30,0
EQ-0003,2025-07-30,1
EQ-0265,2025-07-30,0
EQ-0019,2025-07-30,0
EQ-0198,2025-07-31,0
EQ-0069,2025-07-31,0
EQ-0027,2025-07-31,0
EQ-0038,2025-07-31,0
EQ-0422,2025-07-31,0
EQ-0080,2025-07-31,1
EQ-0210,2025-07-31,0
EQ-0144,2025-07-31,0
EQ-0208,2025-07-31,0
EQ-0359,2025-07-31,0
EQ-0379,2025-07-31,0
EQ-0399,2025-07-31,0
EQ-0009,2025-07-31,0
EQ-0357,2025-07-31,0
EQ-0296,2025-07-31,1
EQ-0030,2025-07-31,0
EQ-0175,2025-08-01,0
EQ-0419,2025-08-01,0
EQ-0204,2025-08-01,0
EQ-0087,2025-08-01,0
EQ-0153,2025-08-01,0
EQ-0129,2025-08-01,0
EQ-0258,2025-08-01,0
EQ-0416,2025-08-01,0
EQ-0196,2025-08-01,0
EQ-0329,2025-08-01,0
EQ-0179,2025-08-01,0
EQ-0407,2025-08-01,0
EQ-0413,2025-08-02,0
EQ-0214,2025-08-02,0
EQ-0161,2025-08-02,0
EQ-0062,2025-08-02,0
EQ-0411,2025-08-02,0
EQ-0351,2025-08-02,0
EQ-0076,2025-08-02,0
EQ-0020,2025-08-02,0
EQ-0243,2025-08-02,0
EQ-0122,2025-08-02,0
EQ-0142,2025-08-02,0
EQ-0416,2025-08-02,0
EQ-0403,2025-08-02,1
EQ-0042,2025-08-02,0
EQ-0118,2025-08-02,0
EQ-0064,2025-08-02,0
EQ-0375,2025-08-02,0
EQ-0406,2025-08-02,0
EQ-0241,2025-08-02,0
EQ-0174,2025-08-02,0
EQ-0384,2025-08-02,0
EQ-0126,2025-08-03,1
EQ-0282,2025-08-03,0
EQ-0381,2025-08-03,0
EQ-0128,2025-08-03,0
EQ-0433,2025-08-03,0
EQ-0180,2025-08-03,0
EQ-0144,2025-08-03,0
EQ-0143,2025-08-03,0
EQ-0045,2025-08-03,0
EQ-0392,2025-08-03,0
EQ-0374,2025-08-04,0
EQ-0272,2025-08-04,0
EQ-0050,2025-08-04,1
EQ-0046,2025-08-04,1
EQ-0306,2025-08-04,0
EQ-0420,2025-08-04,0
EQ-0390,2025-08-04,0
EQ-0203,2025-08-04,0
EQ-0010,2025-08-04,0
EQ-0335,2025-08-05,0
EQ-0082,2025-08-05,0
EQ-0133,2025-08-05,0
EQ-0399,2025-08-05,0
EQ-0127,2025-08-05,0
EQ-0271,2025-08-05,0
EQ-0344,2025-08-05,0
EQ-0165,2025-08-05,0
EQ-0412,2025-08-05,0
EQ-0313,2025-08-05,0
EQ-0431,2025-08-05,0
EQ-0279,2025-08-05,0
EQ-0371,2025-08-05,0
EQ-0264,2025-08-05,0
EQ-0011,2025-08-05,0
EQ-0170,2025-08-05,0
EQ-0262,2025-08-05,0
EQ-0083,2025-08-05,0
EQ-0178,2025-08-05,0
EQ-0125,2025-08-06,0
EQ-0121,2025-08-06,0
EQ-0394,2025-08-06,0
EQ-0408,2025-08-06,0
EQ-0090,2025-08-06,0
EQ-0365,2025-08-06,1
EQ-0436,2025-08-06,0
EQ-0260,2025-08-06,1
EQ-0427,2025-08-06,0
EQ-0364,2025-08-06,0
EQ-0348,2025-08-06,0
EQ-0028,2025-08-06,0
EQ-0374,2025-08-06,0
EQ-0041,2025-08-06,0
EQ-0105,2025-08-07,0
EQ-0381,2025-08-07,0
EQ-0397,2025-08-07,0
EQ-0333,2025-08-07,0
EQ-0066,2025-08-07,0
EQ-0046,2025-08-07,0
EQ-0331,2025-08-07,0
EQ-0360,2025-08-07,0
EQ-0341,2025-08-07,0
EQ-0080,2025-08-07,1
EQ-0179,2025-08-07,0
EQ-0372,2025-08-07,0
EQ-0047,2025-08-07,0
EQ-0178,2025-08-07,0
EQ-0227,2025-08-07,0
EQ-0358,2025-08-07,0
EQ-0062,2025-08-07,0
EQ-0296,2025-08-07,1
EQ-0088,2025-08-08,0
EQ-0095,2025-08-08,0
EQ-0167,2025-08-08,0
EQ-0422,2025-08-08,0
EQ-0001,2025-08-08,0
EQ-0013,2025-08-08,0
EQ-0061,2025-08-08,0
EQ-0349,2025-08-08,0
EQ-0110,2025-08-08,0
EQ-0141,2025-08-08,0
EQ-0305,2025-08-08,0
EQ-0086,2025-08-08,0
EQ-0230,2025-08-08,0
EQ-0063,2025-08-08,0
EQ-0020,2025-08-08,0
EQ-0199,2025-08-08,0
EQ-0192,2025-08-08,0
EQ-0016,2025-08-08,1
EQ-0248,2025-08-08,0
EQ-0354,2025-08-08,0
EQ-0068,2025-08-08,1
EQ-0245,2025-08-08,0
EQ-0074,2025-08-08,0
EQ-0237,2025-08-08,0
EQ-0212,2025-08-09,1
EQ-0435,2025-08-09,0
EQ-0309,2025-08-09,0
EQ-0429,2025-08-09,0
EQ-0044,2025-08-09,1
EQ-0225,2025-08-09,0
EQ-0093,2025-08-09,1
EQ-0008,2025-08-09,0
EQ-0031,2025-08-09,0
EQ-0410,2025-08-09,0
EQ-0022,2025-08-09,0
EQ-0057,2025-08-09,0
EQ-0200,2025-08-09,0
EQ-0186,2025-08-09,0
EQ-0026,2025-08-09,0
EQ-0314,2025-08-09,0
EQ-0171,2025-08-09,0
EQ-0134,2025-08-09,0
EQ-0343,2025-08-10,0
EQ-0236,2025-08-10,0
EQ-0409,2025-08-10,0
EQ-0160,2025-08-10,0
EQ-0116,2025-08-10,0
EQ-0261,2025-08-10,0
EQ-0115,2025-08-10,0
EQ-0289,2025-08-10,0
EQ-0315,2025-08-10,0
EQ-0050,2025-08-10,1
EQ-0025,2025-08-10,0
EQ-0055,2025-08-10,0
EQ-0221,2025-08-10,1
EQ-0266,2025-08-10,0
EQ-0434,2025-08-10,0
EQ-0163,2025-08-10,0
EQ-0144,2025-08-11,0
EQ-0162,2025-08-11,0
EQ-0158,2025-08-11,0
EQ-0380,2025-08-11,0
EQ-0425,2025-08-11,0
EQ-0355,2025-08-11,0
EQ-0051,2025-08-11,0
EQ-0432,2025-08-11,0
EQ-0015,2025-08-11,0
EQ-0236,2025-08-11,0
EQ-0283,2025-08-11,0
EQ-0366,2025-08-11,0
EQ-0174,2025-08-11,0
EQ-0326,2025-08-11,1
EQ-0148,2025-08-12,0
EQ-0101,2025-08-12,0
EQ-0415,2025-08-12,0
EQ-0039,2025-08-12,0
EQ-0164,2025-08-12,0
EQ-0040,2025-08-12,0
EQ-0092,2025-08-12,0
EQ-0156,2025-08-12,0
EQ-0421,2025-08-12,0
EQ-0216,2025-08-12,0
EQ-0297,2025-08-12,0
EQ-0376,2025-08-12,0
EQ-0231,2025-08-12,0
EQ-0234,2025-08-12,0
EQ-0132,2025-08-12,0
EQ-0077,2025-08-12,0
EQ-0266,2025-08-12,0
EQ-0387,2025-08-12,0
EQ-0395,2025-08-12,0
EQ-0220,2025-08-12,0
EQ-0377,2025-08-12,0
EQ-0187,2025-08-13,0
EQ-0269,2025-08-13,0
EQ-0154,2025-08-13,0
EQ-0228,2025-08-13,0
EQ-0056,2025-08-13,0
EQ-0100,2025-08-13,0
EQ-0387,2025-08-13,0
EQ-0022,2025-08-13,0
EQ-0308,2025-08-13,0
EQ-0316,2025-08-13,0
EQ-0345,2025-08-13,0
EQ-0332,2025-08-13,0
EQ-0109,2025-08-13,0
EQ-0291,2025-08-13,0
EQ-0300,2025-08-13,0
EQ-0234,2025-08-13,0
EQ-0380,2025-08-13,0
EQ-0301,2025-08-13,0
EQ-0023,2025-08-13,0
EQ-0328,2025-08-13,1
EQ-0256,2025-08-13,0
EQ-0063,2025-08-14,0
EQ-0252,2025-08-14,0
EQ-0393,2025-08-14,1
EQ-0310,2025-08-14,0
EQ-0111,2025-08-14,0
EQ-0302,2025-08-14,0
EQ-0033,2025-08-14,0
EQ-0211,2025-08-14,0
EQ-0066,2025-08-14,0
EQ-0286,2025-08-14,0
EQ-0373,2025-08-14,0
EQ-0131,2025-08-14,0
EQ-0018,2025-08-14,0
EQ-0126,2025-08-14,1
EQ-0222,2025-08-14,0
EQ-0042,2025-08-14,0
EQ-0322,2025-08-14,1
EQ-0276,2025-08-14,0
EQ-0210,2025-08-14,0
EQ-0417,2025-08-14,1
EQ-0259,2025-08-14,0
EQ-0401,2025-08-14,0
EQ-0048,2025-08-14,0
EQ-0382,2025-08-14,0
EQ-0032,2025-08-14,0
EQ-0389,2025-08-14,0
EQ-0312,2025-08-14,1
EQ-0362,2025-08-14,0
EQ-0386,2025-08-14,0
EQ-0304,2025-08-14,0
EQ-0165,2025-08-14,0
EQ-0108,2025-08-15,0
EQ-0159,2025-08-15,0
EQ-0056,2025-08-15,0
EQ-0134,2025-08-15,0
EQ-0257,2025-08-15,0
EQ-0175,2025-08-15,0
EQ-0029,2025-08-15,0
EQ-0014,2025-08-15,0
EQ-0069,2025-08-15,0
EQ-0190,2025-08-15,0
EQ-0219,2025-08-15,0
EQ-0084,2025-08-15,0
EQ-0112,2025-08-15,0
EQ-0033,2025-08-16,0
EQ-0287,2025-08-16,0
EQ-0259,2025-08-16,0
EQ-0172,2025-08-16,0
EQ-0426,2025-08-16,0
EQ-0327,2025-08-16,0
EQ-0136,2025-08-16,0
EQ-0373,2025-08-16,0
EQ-0189,2025-08-16,0
EQ-0053,2025-08-16,0
EQ-0276,2025-08-16,0
EQ-0337,2025-08-16,0
EQ-0254,2025-08-16,0
EQ-0367,2025-08-16,0
EQ-0203,2025-08-16,0
EQ-0194,2025-08-16,0
EQ-0267,2025-08-17,0
EQ-0336,2025-08-17,0
EQ-0240,2025-08-17,0
EQ-0433,2025-08-17,0
EQ-0369,2025-08-17,0
EQ-0040,2025-08-17,0
EQ-0288,2025-08-17,0
EQ-0035,2025-08-17,0
EQ-0268,2025-08-17,0
EQ-0224,2025-08-17,0
EQ-0177,2025-08-17,0
EQ-0432,2025-08-17,0
EQ-0071,2025-08-17,0
EQ-0089,2025-08-18,0
EQ-0427,2025-08-18,0
EQ-0383,2025-08-18,0
EQ-0097,2025-08-18,0
EQ-0153,2025-08-18,0
EQ-0177,2025-08-18,0
EQ-0239,2025-08-18,0
EQ-0402,2025-08-18,0
EQ-0039,2025-08-18,0
EQ-0337,2025-08-18,0
EQ-0215,2025-08-18,0
EQ-0098,2025-08-18,0
EQ-0113,2025-08-18,0
EQ-0226,2025-08-18,0
EQ-0257,2025-08-18,0
EQ-0197,2025-08-18,0
EQ-0157,2025-08-18,0
EQ-0320,2025-08-18,0
EQ-0340,2025-08-18,0
EQ-0428,2025-08-18,0
EQ-0361,2025-08-19,0
EQ-0205,2025-08-19,0
EQ-0157,2025-08-19,0
EQ-0036,2025-08-19,0
EQ-0395,2025-08-19,0
EQ-0155,2025-08-19,1
EQ-0350,2025-08-19,0
EQ-0191,2025-08-19,0
EQ-0252,2025-08-19,0
EQ-0201,2025-08-19,0
EQ-0244,2025-08-19,0
EQ-0321,2025-08-19,0
EQ-0198,2025-08-19,0
EQ-0162,2025-08-20,0
EQ-0119,2025-08-20,0
EQ-0085,2025-08-20,0
EQ-0145,2025-08-20,0
EQ-0128,2025-08-20,0
EQ-0173,2025-08-20,0
EQ-0185,2025-08-20,0
EQ-0284,2025-08-20,0
EQ-0037,2025-08-20,0
EQ-0388,2025-08-20,1
EQ-0317,2025-08-20,0
EQ-0325,2025-08-20,1
EQ-0065,2025-08-20,0
EQ-0307,2025-08-20,1
EQ-0163,2025-08-20,0
EQ-0438,2025-08-20,0
EQ-0280,2025-08-20,0
EQ-0281,2025-08-20,0
EQ-0059,2025-08-20,0
EQ-0017,2025-08-20,0
EQ-0263,2025-08-20,0
EQ-0023,2025-08-20,0
EQ-0232,2025-08-21,0
EQ-0319,2025-08-21,0
EQ-0437,2025-08-21,0
EQ-0043,2025-08-21,0
EQ-0367,2025-08-21,0
EQ-0031,2025-08-21,0
EQ-0201,2025-08-21,0
EQ-0273,2025-08-21,0
EQ-0110,2025-08-21,0
EQ-0060,2025-08-21,1
EQ-0094,2025-08-21,0
EQ-0318,2025-08-21,0
EQ-0260,2025-08-21,1
EQ-0277,2025-08-22,0
EQ-0099,2025-08-22,0
EQ-0164,2025-08-22,0
EQ-0424,2025-08-22,0
EQ-0391,2025-08-22,0
EQ-0051,2025-08-22,0
EQ-0209,2025-08-22,0
EQ-0207,2025-08-22,0
EQ-0028,2025-08-22,0
EQ-0106,2025-08-22,0
EQ-0378,2025-08-22,0
EQ-0012,2025-08-22,0
EQ-0302,2025-08-22,0
EQ-0188,2025-08-22,0
EQ-0396,2025-08-22,0
EQ-0261,2025-08-22,0
EQ-0003,2025-08-22,1
EQ-0067,2025-08-23,0
EQ-0007,2025-08-23,0
EQ-0148,2025-08-23,0
EQ-0398,2025-08-23,1
EQ-0393,2025-08-23,1
EQ-0168,2025-08-23,0
EQ-0010,2025-08-23,0
EQ-0352,2025-08-23,0
EQ-0414,2025-08-23,0
EQ-0405,2025-08-23,0
EQ-0388,2025-08-23,1
EQ-0357,2025-08-23,0
EQ-0012,2025-08-23,0
EQ-0021,2025-08-23,0
EQ-0379,2025-08-23,0
EQ-0400,2025-08-23,0
EQ-0005,2025-08-23,0
EQ-0339,2025-08-23,0
EQ-0130,2025-08-23,0
EQ-0158,2025-08-23,0
EQ-0334,2025-08-23,0
EQ-0249,2025-08-23,1
EQ-0295,2025-08-23,0
EQ-0331,2025-08-23,0
EQ-0034,2025-08-23,0
EQ-0247,2025-08-23,0
EQ-0003,2025-08-23,0
EQ-0058,2025-08-24,0
EQ-0093,2025-08-24,0
EQ-0229,2025-08-24,0
EQ-0213,2025-08-24,0
EQ-0404,2025-08-24,0
EQ-0047,2025-08-24,0
EQ-0214,2025-08-24,0
EQ-0431,2025-08-24,0
EQ-0273,2025-08-24,0
EQ-0004,2025-08-24,0
EQ-0338,2025-08-24,0
EQ-0049,2025-08-24,0
EQ-0316,2025-08-24,0
EQ-0274,2025-08-24,0
EQ-0052,2025-08-24,0
EQ-0030,2025-08-24,0
EQ-0075,2025-08-24,0
EQ-0081,2025-08-24,0
EQ-0140,2025-08-24,0
EQ-0268,2025-08-24,0
EQ-0208,2025-08-24,0
EQ-0027,2025-08-24,0
EQ-0027,2025-08-25,0
EQ-0137,2025-08-25,0
EQ-0391,2025-08-25,0
EQ-0181,2025-08-25,0
EQ-0371,2025-08-25,0
EQ-0015,2025-08-25,0
EQ-0377,2025-08-25,0
EQ-0378,2025-08-25,0
EQ-0135,2025-08-25,0
EQ-0251,2025-08-25,0
EQ-0069,2025-08-25,0
EQ-0280,2025-08-25,0
EQ-0006,2025-08-25,0
EQ-0150,2025-08-25,0
EQ-0149,2025-08-25,0
EQ-0038,2025-08-25,0
EQ-0104,2025-08-25,0
EQ-0255,2025-08-25,0
EQ-0102,2025-08-25,0
EQ-0049,2025-08-25,0
EQ-0070,2025-08-25,0
EQ-0120,2025-08-25,0
EQ-0382,2025-08-26,0
EQ-0008,2025-08-26,0
EQ-0146,2025-08-26,0
EQ-0311,2025-08-26,0
EQ-0298,2025-08-26,0
EQ-0250,2025-08-26,0
EQ-0238,2025-08-26,0
EQ-0139,2025-08-26,0
EQ-0060,2025-08-26,1
EQ-0052,2025-08-26,0
EQ-0402,2025-08-26,0
EQ-0347,2025-08-26,0
EQ-0016,2025-08-26,1
EQ-0256,2025-08-26,0
EQ-0246,2025-08-26,0
EQ-0159,2025-08-26,0
EQ-0054,2025-08-26,0
EQ-0324,2025-08-26,0
EQ-0353,2025-08-26,0
EQ-0369,2025-08-26,0
EQ-0114,2025-08-27,0
EQ-0048,2025-08-27,0
EQ-0009,2025-08-27,0
EQ-0437,2025-08-27,0
EQ-0181,2025-08-27,0
EQ-0172,2025-08-27,0
EQ-0253,2025-08-27,1
EQ-0275,2025-08-27,0
EQ-0152,2025-08-27,0
EQ-0365,2025-08-27,1
EQ-0055,2025-08-27,0
EQ-0065,2025-08-27,0
EQ-0183,2025-08-27,0
EQ-0390,2025-08-27,0
EQ-0002,2025-08-27,0
EQ-0173,2025-08-27,0
EQ-0107,2025-08-27,0
EQ-0184,2025-08-27,0
EQ-0147,2025-08-27,0
EQ-0124,2025-08-27,0
EQ-0423,2025-08-28,0
EQ-0064,2025-08-28,0
EQ-0270,2025-08-28,0
EQ-0317,2025-08-28,0
EQ-0434,2025-08-28,0
EQ-0155,2025-08-28,1
EQ-0202,2025-08-28,0
EQ-0014,2025-08-28,0
EQ-0117,2025-08-28,0
EQ-0166,2025-08-28,0
EQ-0394,2025-08-28,0
EQ-0281,2025-08-29,0
EQ-0263,2025-08-29,0
EQ-0088,2025-08-29,0
EQ-0079,2025-08-29,0
EQ-0151,2025-08-29,0
EQ-0013,2025-08-29,0
EQ-0242,2025-08-29,0
EQ-0123,2025-08-29,0
EQ-0002,2025-08-29,0
EQ-0254,2025-08-29,0
EQ-0193,2025-08-29,0
EQ-0007,2025-08-29,0
EQ-0292,2025-08-29,0
EQ-0138,2025-08-29,0
EQ-0279,2025-08-29,0
EQ-0024,2025-08-29,0
EQ-0278,2025-08-29,0
EQ-0265,2025-08-29,0
EQ-0096,2025-08-29,0
EQ-0223,2025-08-29,0
EQ-0293,2025-08-29,0
EQ-0206,2025-08-30,0
EQ-0218,2025-08-30,0
EQ-0359,2025-08-30,0
EQ-0244,2025-08-30,0
EQ-0037,2025-08-30,0
EQ-0370,2025-08-30,0
EQ-0009,2025-08-30,0
EQ-0072,2025-08-30,0
EQ-0267,2025-08-30,0
EQ-0294,2025-08-30,1
EQ-0019,2025-08-30,0
EQ-0154,2025-08-30,0
EQ-0151,2025-08-30,0
EQ-0078,2025-08-30,0
EQ-0233,2025-08-30,0
EQ-0001,2025-08-30,0
EQ-0043,2025-08-30,0
EQ-0379,2025-08-30,0
EQ-0103,2025-08-31,0
EQ-0356,2025-08-31,0
EQ-0389,2025-08-31,0
EQ-0285,2025-08-31,0
EQ-0045,2025-08-31,0
EQ-0169,2025-08-31,1
EQ-0385,2025-08-31,1
EQ-0392,2025-08-31,0
EQ-0418,2025-08-31,0
EQ-0330,2025-08-31,0
EQ-0036,2025-08-31,0
EQ-0150,2025-08-31,0
EQ-0303,2025-08-31,0
EQ-0176,2025-08-31,0
EQ-0195,2025-08-31,0
EQ-0323,2025-08-31,0
EQ-0156,2025-08-31,0
EQ-0227,2025-08-31,0
EQ-0430,2025-08-31,0
EQ-0299,2025-08-31,0
EQ-0191,2025-08-31,0
EQ-0136,2025-09-01,0
EQ-0052,2025-09-01,0
EQ-0395,2025-09-01,0
EQ-0163,2025-09-01,0
EQ-0227,2025-09-01,0
EQ-0106,2025-09-01,0
EQ-0155,2025-09-01,1
EQ-0251,2025-09-01,0
EQ-0154,2025-09-01,0
EQ-0113,2025-09-01,0
EQ-0145,2025-09-01,0
EQ-0378,2025-09-01,0
EQ-0288,2025-09-01,0
EQ-0150,2025-09-01,0
EQ-0261,2025-09-01,0
EQ-0077,2025-09-01,0
EQ-0336,2025-09-01,0
EQ-0090,2025-09-01,0
EQ-0103,2025-09-01,0
EQ-0338,2025-09-01,0
EQ-0434,2025-09-01,0
EQ-0149,2025-09-01,0
EQ-0347,2025-09-01,0
EQ-0354,2025-09-02,0
EQ-0159,2025-09-02,0
EQ-0391,2025-09-02,0
EQ-0389,2025-09-02,0
EQ-0405,2025-09-02,0
EQ-0315,2025-09-02,0
EQ-0218,2025-09-02,0
EQ-0310,2025-09-02,0
EQ-0373,2025-09-02,0
EQ-0042,2025-09-02,0
EQ-0281,2025-09-02,0
EQ-0078,2025-09-02,0
EQ-0065,2025-09-02,0
EQ-0350,2025-09-02,0
EQ-0072,2025-09-02,0
EQ-0256,2025-09-02,0
EQ-0242,2025-09-02,0
EQ-0300,2025-09-02,0
EQ-0110,2025-09-02,0
EQ-0334,2025-09-02,0
EQ-0047,2025-09-03,0
EQ-0184,2025-09-03,0
EQ-0152,2025-09-03,0
EQ-0125,2025-09-03,0
EQ-0091,2025-09-03,0
EQ-0166,2025-09-03,0
EQ-0327,2025-09-03,0
EQ-0159,2025-09-03,0
EQ-0339,2025-09-03,0
EQ-0158,2025-09-03,0
EQ-0016,2025-09-03,1
EQ-0025,2025-09-03,0
EQ-0062,2025-09-03,0
EQ-0098,2025-09-03,0
EQ-0069,2025-09-03,0
EQ-0071,2025-09-03,0
EQ-0067,2025-09-03,0
EQ-0245,2025-09-04,0
EQ-0033,2025-09-04,0
EQ-0312,2025-09-04,1
EQ-0050,2025-09-04,1
EQ-0214,2025-09-04,0
EQ-0006,2025-09-04,0
EQ-0294,2025-09-04,1
EQ-0323,2025-09-04,0
EQ-0233,2025-09-04,0
EQ-0239,2025-09-04,0
EQ-0063,2025-09-04,0
EQ-0084,2025-09-04,0
EQ-0117,2025-09-04,0
EQ-0118,2025-09-04,0
EQ-0279,2025-09-04,0
EQ-0040,2025-09-04,0
EQ-0247,2025-09-05,0
EQ-0278,2025-09-05,0
EQ-0375,2025-09-05,0
EQ-0105,2025-09-05,0
EQ-0337,2025-09-05,0
EQ-0289,2025-09-05,0
EQ-0229,2025-09-05,0
EQ-0376,2025-09-05,0
EQ-0387,2025-09-05,0
EQ-0367,2025-09-05,0
EQ-0434,2025-09-05,0
EQ-0330,2025-09-05,0
EQ-0007,2025-09-05,0
EQ-0206,2025-09-05,0
EQ-0298,2025-09-05,0
EQ-0011,2025-09-05,0
EQ-0358,2025-09-05,0
EQ-0028,2025-09-05,0
EQ-0179,2025-09-05,0
EQ-0116,2025-09-05,0
EQ-0427,2025-09-05,0
EQ-0236,2025-09-06,0
EQ-0094,2025-09-06,0
EQ-0069,2025-09-06,0
EQ-0293,2025-09-06,0
EQ-0261,2025-09-06,0
EQ-0432,2025-09-06,0
EQ-0185,2025-09-06,0
EQ-0095,2025-09-06,0
EQ-0151,2025-09-06,0
EQ-0016,2025-09-06,1
EQ-0292,2025-09-06,0
EQ-0365,2025-09-06,1
EQ-0190,2025-09-06,0
EQ-0415,2025-09-06,0
EQ-0172,2025-09-06,0
EQ-0266,2025-09-07,0
EQ-0012,2025-09-07,0
EQ-0140,2025-09-07,0
EQ-0036,2025-09-07,0
EQ-0224,2025-09-07,0
EQ-0042,2025-09-07,0
EQ-0076,2025-09-07,0
EQ-0057,2025-09-07,0
EQ-0189,2025-09-07,0
EQ-0038,2025-09-07,0
EQ-0135,2025-09-07,0
EQ-0047,2025-09-07,0
EQ-0009,2025-09-07,0
EQ-0348,2025-09-07,0
EQ-0237,2025-09-07,0
EQ-0305,2025-09-07,0
EQ-0102,2025-09-07,0
EQ-0384,2025-09-07,0
EQ-0027,2025-09-07,0
EQ-0008,2025-09-07,0
EQ-0274,2025-09-08,0
EQ-0213,2025-09-08,0
EQ-0152,2025-09-08,0
EQ-0211,2025-09-08,0
EQ-0110,2025-09-08,0
EQ-0355,2025-09-08,0
EQ-0037,2025-09-08,0
EQ-0250,2025-09-08,0
EQ-0322,2025-09-08,1
EQ-0174,2025-09-08,0
EQ-0380,2025-09-08,0
EQ-0011,2025-09-08,0
EQ-0120,2025-09-08,0
EQ-0248,2025-09-08,0
EQ-0257,2025-09-08,0
EQ-0364,2025-09-08,0
EQ-0003,2025-09-08,0
EQ-0265,2025-09-08,0
EQ-0097,2025-09-08,0
EQ-0134,2025-09-08,0
EQ-0166,2025-09-08,0
EQ-0133,2025-09-08,0
EQ-0388,2025-09-08,0
EQ-0204,2025-09-08,0
EQ-0126,2025-09-09,1
EQ-0286,2025-09-09,0
EQ-0262,2025-09-09,0
EQ-0132,2025-09-09,0
EQ-0191,2025-09-09,0
EQ-0236,2025-09-09,0
EQ-0408,2025-09-09,0
EQ-0019,2025-09-09,0
EQ-0324,2025-09-09,0
EQ-0093,2025-09-09,0
EQ-0270,2025-09-09,0
EQ-0127,2025-09-09,0
EQ-0230,2025-09-09,0
EQ-0406,2025-09-09,0
EQ-0438,2025-09-09,0
EQ-0344,2025-09-09,0
EQ-0372,2025-09-09,0
EQ-0030,2025-09-09,0
EQ-0373,2025-09-09,0
EQ-0108,2025-09-10,0
EQ-0028,2025-09-10,0
EQ-0168,2025-09-10,0
EQ-0260,2025-09-10,1
EQ-0439,2025-09-10,0
EQ-0232,2025-09-10,0
EQ-0379,2025-09-10,0
EQ-0032,2025-09-10,0
EQ-0066,2025-09-10,0
EQ-0314,2025-09-10,0
EQ-0221,2025-09-10,0
EQ-0157,2025-09-10,0
EQ-0144,2025-09-10,0
EQ-0128,2025-09-10,0
EQ-0419,2025-09-10,0
EQ-0390,2025-09-10,0
EQ-0391,2025-09-10,0
EQ-0119,2025-09-11,0
EQ-0164,2025-09-11,0
EQ-0101,2025-09-11,0
EQ-0258,2025-09-11,0
EQ-0424,2025-09-11,0
EQ-0397,2025-09-11,0
EQ-0046,2025-09-11,0
EQ-0014,2025-09-11,0
EQ-0002,2025-09-11,0
EQ-0112,2025-09-11,0
EQ-0256,2025-09-11,0
EQ-0366,2025-09-11,0
EQ-0104,2025-09-11,0
EQ-0092,2025-09-11,0
EQ-0295,2025-09-11,0
EQ-0007,2025-09-11,0
EQ-0382,2025-09-11,0
EQ-0201,2025-09-11,0
EQ-0418,2025-09-11,0
EQ-0385,2025-09-11,1
EQ-0172,2025-09-11,0
EQ-0173,2025-09-11,0
EQ-0060,2025-09-11,1
EQ-0080,2025-09-11,0
EQ-0055,2025-09-11,0
EQ-0253,2025-09-12,1
EQ-0050,2025-09-12,1
EQ-0175,2025-09-12,0
EQ-0297,2025-09-12,0
EQ-0058,2025-09-12,0
EQ-0335,2025-09-12,0
EQ-0342,2025-09-12,0
EQ-0409,2025-09-12,0
EQ-0003,2025-09-12,0
EQ-0074,2025-09-12,0
EQ-0433,2025-09-12,0
EQ-0420,2025-09-12,0
EQ-0387,2025-09-12,0
EQ-0010,2025-09-12,0
EQ-0222,2025-09-12,0
EQ-0307,2025-09-12,1
EQ-0169,2025-09-12,1
EQ-0254,2025-09-12,0
EQ-0234,2025-09-12,0
EQ-0392,2025-09-12,0
EQ-0075,2025-09-13,0
EQ-0088,2025-09-13,0
EQ-0215,2025-09-13,0
EQ-0318,2025-09-13,0
EQ-0035,2025-09-13,0
EQ-0401,2025-09-13,0
EQ-0056,2025-09-13,0
EQ-0407,2025-09-13,0
EQ-0430,2025-09-13,0
EQ-0284,2025-09-13,0
EQ-0151,2025-09-13,0
EQ-0269,2025-09-13,1
EQ-0263,2025-09-14,0
EQ-0163,2025-09-14,0
EQ-0423,2025-09-14,0
EQ-0165,2025-09-14,0
EQ-0291,2025-09-14,0
EQ-0023,2025-09-14,0
EQ-0045,2025-09-14,0
EQ-0369,2025-09-14,0
EQ-0055,2025-09-14,0
EQ-0162,2025-09-14,0
EQ-0193,2025-09-14,0
EQ-0073,2025-09-14,0
EQ-0227,2025-09-14,0
EQ-0273,2025-09-14,0
EQ-0167,2025-09-14,0
EQ-0278,2025-09-14,0
EQ-0359,2025-09-14,0
EQ-0121,2025-09-14,0
EQ-0139,2025-09-14,0
EQ-0416,2025-09-15,0
EQ-0431,2025-09-15,0
EQ-0308,2025-09-15,0
EQ-0070,2025-09-15,0
EQ-0111,2025-09-15,0
EQ-0178,2025-09-15,0
EQ-0299,2025-09-15,0
EQ-0179,2025-09-15,0
EQ-0015,2025-09-15,0
EQ-0004,2025-09-15,0
EQ-0131,2025-09-15,0
EQ-0368,2025-09-15,0
EQ-0087,2025-09-15,0
EQ-0277,2025-09-16,0
EQ-0262,2025-09-16,0
EQ-0001,2025-09-16,0
EQ-0259,2025-09-16,0
EQ-0374,2025-09-16,0
EQ-0027,2025-09-16,0
EQ-0162,2025-09-16,0
EQ-0437,2025-09-16,0
EQ-0175,2025-09-16,0
EQ-0296,2025-09-16,1
EQ-0394,2025-09-16,0
EQ-0257,2025-09-16,0
EQ-0123,2025-09-16,0
EQ-0143,2025-09-16,0
EQ-0411,2025-09-16,0
EQ-0422,2025-09-16,0
EQ-0380,2025-09-17,0
EQ-0398,2025-09-17,1
EQ-0128,2025-09-17,0
EQ-0107,2025-09-17,0
EQ-0053,2025-09-17,0
EQ-0303,2025-09-17,0
EQ-0079,2025-09-17,0
EQ-0421,2025-09-17,0
EQ-0223,2025-09-17,0
EQ-0388,2025-09-17,0
EQ-0156,2025-09-17,0
EQ-0033,2025-09-17,0
EQ-0268,2025-09-17,0
EQ-0020,2025-09-17,0
EQ-0252,2025-09-17,0
EQ-0065,2025-09-17,0
EQ-0337,2025-09-18,0
EQ-0045,2025-09-18,0
EQ-0187,2025-09-18,0
EQ-0216,2025-09-18,0
EQ-0059,2025-09-18,0
EQ-0093,2025-09-18,0
EQ-0043,2025-09-18,0
EQ-0207,2025-09-18,0
EQ-0044,2025-09-18,0
EQ-0023,2025-09-18,0
EQ-0067,2025-09-18,0
EQ-0012,2025-09-18,0
EQ-0212,2025-09-18,1
EQ-0362,2025-09-18,0
EQ-0052,2025-09-18,0
EQ-0304,2025-09-18,0
EQ-0199,2025-09-18,0
EQ-0225,2025-09-18,0
EQ-0165,2025-09-18,0
EQ-0061,2025-09-18,0
EQ-0217,2025-09-18,0
EQ-0276,2025-09-18,0
EQ-0265,2025-09-19,0
EQ-0244,2025-09-19,0
EQ-0203,2025-09-19,0
EQ-0410,2025-09-19,0
EQ-0013,2025-09-19,0
EQ-0083,2025-09-19,0
EQ-0086,2025-09-19,0
EQ-0325,2025-09-19,0
EQ-0382,2025-09-19,0
EQ-0306,2025-09-19,0
EQ-0412,2025-09-19,0
EQ-0302,2025-09-19,0
EQ-0049,2025-09-19,0
EQ-0141,2025-09-19,0
EQ-0174,2025-09-19,0
EQ-0416,2025-09-19,0
EQ-0320,2025-09-19,0
EQ-0272,2025-09-19,0
EQ-0051,2025-09-19,0
EQ-0345,2025-09-19,0
EQ-0053,2025-09-20,0
EQ-0109,2025-09-20,0
EQ-0100,2025-09-20,0
EQ-0275,2025-09-20,0
EQ-0252,2025-09-20,0
EQ-0316,2025-09-20,0
EQ-0137,2025-09-20,0
EQ-0389,2025-09-20,0
EQ-0181,2025-09-20,0
EQ-0428,2025-09-20,1
EQ-0198,2025-09-20,0
EQ-0115,2025-09-20,0
EQ-0377,2025-09-20,0
EQ-0144,2025-09-20,0
EQ-0280,2025-09-20,0
EQ-0048,2025-09-21,0
EQ-0393,2025-09-21,1
EQ-0009,2025-09-21,0
EQ-0021,2025-09-21,0
EQ-0130,2025-09-21,0
EQ-0343,2025-09-21,0
EQ-0010,2025-09-21,0
EQ-0150,2025-09-21,0
EQ-0018,2025-09-21,0
EQ-0378,2025-09-21,0
EQ-0282,2025-09-21,0
EQ-0200,2025-09-21,1
EQ-0208,2025-09-21,0
EQ-0180,2025-09-21,0
EQ-0156,2025-09-21,0
EQ-0435,2025-09-21,0
EQ-0240,2025-09-21,0
EQ-0437,2025-09-21,0
EQ-0124,2025-09-21,0
EQ-0051,2025-09-21,0
EQ-0181,2025-09-21,0
EQ-0425,2025-09-21,0
EQ-0064,2025-09-22,0
EQ-0417,2025-09-22,1
EQ-0276,2025-09-22,0
EQ-0182,2025-09-22,0
EQ-0367,2025-09-22,0
EQ-0197,2025-09-22,0
EQ-0205,2025-09-22,0
EQ-0365,2025-09-22,1
EQ-0244,2025-09-22,0
EQ-0146,2025-09-22,0
EQ-0148,2025-09-22,0
EQ-0264,2025-09-22,0
EQ-0260,2025-09-22,1
EQ-0302,2025-09-22,0
EQ-0060,2025-09-22,1
EQ-0202,2025-09-22,0
EQ-0056,2025-09-22,0
EQ-0061,2025-09-22,0
EQ-0328,2025-09-22,1
EQ-0022,2025-09-22,0
EQ-0241,2025-09-22,0
EQ-0371,2025-09-22,0
EQ-0392,2025-09-22,0
EQ-0114,2025-09-23,0
EQ-0170,2025-09-23,0
EQ-0201,2025-09-23,0
EQ-0231,2025-09-23,0
EQ-0234,2025-09-23,0
EQ-0039,2025-09-23,0
EQ-0246,2025-09-23,0
EQ-0014,2025-09-23,0
EQ-0085,2025-09-23,0
EQ-0013,2025-09-23,0
EQ-0426,2025-09-23,0
EQ-0126,2025-09-23,1
EQ-0413,2025-09-23,0
EQ-0396,2025-09-23,0
EQ-0326,2025-09-23,1
EQ-0066,2025-09-23,0
EQ-0274,2025-09-23,0
EQ-0424,2025-09-23,0
EQ-0002,2025-09-24,0
EQ-0394,2025-09-24,0
EQ-0129,2025-09-24,0
EQ-0366,2025-09-24,0
EQ-0429,2025-09-24,0
EQ-0436,2025-09-24,0
EQ-0036,2025-09-24,0
EQ-0164,2025-09-24,0
EQ-0301,2025-09-24,0
EQ-0191,2025-09-24,0
EQ-0088,2025-09-24,0
EQ-0267,2025-09-24,0
EQ-0041,2025-09-24,0
EQ-0209,2025-09-24,0
EQ-0340,2025-09-24,0
EQ-0031,2025-09-24,0
EQ-0383,2025-09-24,1
EQ-0157,2025-09-24,0
EQ-0427,2025-09-25,0
EQ-0134,2025-09-25,0
EQ-0331,2025-09-25,0
EQ-0255,2025-09-25,0
EQ-0148,2025-09-25,0
EQ-0414,2025-09-25,0
EQ-0188,2025-09-25,0
EQ-0099,2025-09-25,0
EQ-0226,2025-09-25,0
EQ-0026,2025-09-25,0
EQ-0173,2025-09-25,0
EQ-0177,2025-09-25,0
EQ-0313,2025-09-25,0
EQ-0183,2025-09-25,0
EQ-0005,2025-09-25,0
EQ-0379,2025-09-25,0
EQ-0081,2025-09-25,0
EQ-0319,2025-09-25,0
EQ-0024,2025-09-25,0
EQ-0361,2025-09-25,0
EQ-0176,2025-09-25,0
EQ-0015,2025-09-26,0
EQ-0431,2025-09-26,0
EQ-0040,2025-09-26,0
EQ-0243,2025-09-26,0
EQ-0403,2025-09-26,0
EQ-0329,2025-09-26,0
EQ-0155,2025-09-26,0
EQ-0332,2025-09-26,0
EQ-0235,2025-09-26,0
EQ-0393,2025-09-26,1
EQ-0147,2025-09-26,0
EQ-0381,2025-09-26,0
EQ-0142,2025-09-26,0
EQ-0290,2025-09-26,0
EQ-0048,2025-09-26,0
EQ-0005,2025-09-26,0
EQ-0049,2025-09-27,0
EQ-0360,2025-09-27,0
EQ-0331,2025-09-27,0
EQ-0064,2025-09-27,0
EQ-0122,2025-09-27,0
EQ-0054,2025-09-27,0
EQ-0317,2025-09-27,0
EQ-0316,2025-09-27,0
EQ-0399,2025-09-27,0
EQ-0266,2025-09-27,0
EQ-0309,2025-09-27,0
EQ-0044,2025-09-27,0
EQ-0370,2025-09-27,0
EQ-0369,2025-09-27,0
EQ-0374,2025-09-27,0
EQ-0263,2025-09-27,0
EQ-0153,2025-09-27,0
EQ-0194,2025-09-27,0
EQ-0432,2025-09-27,0
EQ-0267,2025-09-27,0
EQ-0089,2025-09-28,0
EQ-0271,2025-09-28,0
EQ-0160,2025-09-28,0
EQ-0220,2025-09-28,0
EQ-0192,2025-09-28,0
EQ-0219,2025-09-28,0
EQ-0154,2025-09-28,0
EQ-0022,2025-09-28,0
EQ-0254,2025-09-28,0
EQ-0333,2025-09-28,0
EQ-0020,2025-09-28,0
EQ-0390,2025-09-28,0
EQ-0404,2025-09-28,0
EQ-0214,2025-09-28,0
EQ-0381,2025-09-28,0
EQ-0177,2025-09-28,0
EQ-0346,2025-09-28,0
EQ-0349,2025-09-28,0
EQ-0063,2025-09-29,0
EQ-0402,2025-09-29,0
EQ-0043,2025-09-29,0
EQ-0228,2025-09-29,0
EQ-0008,2025-09-29,0
EQ-0062,2025-09-29,0
EQ-0259,2025-09-29,0
EQ-0029,2025-09-29,0
EQ-0017,2025-09-29,0
EQ-0341,2025-09-29,0
EQ-0038,2025-09-29,0
EQ-0280,2025-09-29,0
EQ-0268,2025-09-29,0
EQ-0178,2025-09-29,0
EQ-0171,2025-09-29,0
EQ-0281,2025-09-29,0
EQ-0287,2025-09-30,0
EQ-0238,2025-09-30,0
EQ-0153,2025-09-30,0
EQ-0321,2025-09-30,0
EQ-0161,2025-09-30,0
EQ-0037,2025-09-30,0
EQ-0001,2025-09-30,0
EQ-0249,2025-09-30,1
EQ-0317,2025-09-30,0
EQ-0311,2025-09-30,0
EQ-0285,2025-09-30,0
EQ-0363,2025-09-30,0
EQ-0068,2025-09-30,1
EQ-0039,2025-09-30,0
EQ-0433,2025-09-30,0
EQ-0196,2025-09-30,0
EQ-0353,2025-09-30,0
EQ-0203,2025-09-30,0
EQ-0290,2025-10-01,0
EQ-0027,2025-10-01,0
EQ-0227,2025-10-01,0
EQ-0413,2025-10-01,0
EQ-0165,2025-10-01,0
EQ-0086,2025-10-01,0
EQ-0425,2025-10-01,0
EQ-0378,2025-10-01,0
EQ-0182,2025-10-02,0
EQ-0280,2025-10-02,0
EQ-0257,2025-10-02,0
EQ-0175,2025-10-02,0
EQ-0375,2025-10-02,0
EQ-0274,2025-10-02,0
EQ-0045,2025-10-02,0
EQ-0092,2025-10-02,0
EQ-0372,2025-10-02,0
EQ-0284,2025-10-02,1
EQ-0276,2025-10-02,0
EQ-0020,2025-10-02,0
EQ-0409,2025-10-02,0
EQ-0136,2025-10-02,0
EQ-0366,2025-10-02,0
EQ-0359,2025-10-02,0
EQ-0301,2025-10-02,0
EQ-0218,2025-10-02,0
EQ-0394,2025-10-03,0
EQ-0075,2025-10-03,0
EQ-0436,2025-10-03,0
EQ-0109,2025-10-03,0
EQ-0010,2025-10-03,0
EQ-0392,2025-10-03,0
EQ-0427,2025-10-03,0
EQ-0062,2025-10-03,0
EQ-0016,2025-10-03,0
EQ-0230,2025-10-03,0
EQ-0058,2025-10-03,0
EQ-0093,2025-10-03,0
EQ-0309,2025-10-03,0
EQ-0371,2025-10-03,0
EQ-0422,2025-10-03,0
EQ-0072,2025-10-03,0
EQ-0249,2025-10-03,1
EQ-0153,2025-10-03,0
EQ-0330,2025-10-03,0
EQ-0099,2025-10-03,0
EQ-0393,2025-10-03,1
EQ-0025,2025-10-04,0
EQ-0011,2025-10-04,0
EQ-0081,2025-10-04,0
EQ-0434,2025-10-04,0
EQ-0234,2025-10-04,0
EQ-0382,2025-10-04,0
EQ-0406,2025-10-04,0
EQ-0250,2025-10-04,0
EQ-0342,2025-10-04,0
EQ-0163,2025-10-04,0
EQ-0124,2025-10-04,0
EQ-0028,2025-10-05,0
EQ-0258,2025-10-05,0
EQ-0437,2025-10-05,0
EQ-0180,2025-10-05,0
EQ-0247,2025-10-05,0
EQ-0369,2025-10-05,0
EQ-0005,2025-10-05,0
EQ-0376,2025-10-05,0
EQ-0283,2025-10-05,0
EQ-0392,2025-10-05,0
EQ-0408,2025-10-05,0
EQ-0260,2025-10-05,0
EQ-0335,2025-10-05,0
EQ-0348,2025-10-05,0
EQ-0357,2025-10-05,0
EQ-0177,2025-10-05,0
EQ-0297,2025-10-05,0
EQ-0169,2025-10-05,1
EQ-0431,2025-10-05,0
EQ-0351,2025-10-05,0
EQ-0314,2025-10-05,0
EQ-0316,2025-10-05,0
EQ-0033,2025-10-05,0
EQ-0070,2025-10-05,0
EQ-0278,2025-10-05,0
EQ-0426,2025-10-06,0
EQ-0433,2025-10-06,0
EQ-0137,2025-10-06,0
EQ-0244,2025-10-06,0
EQ-0029,2025-10-06,0
EQ-0077,2025-10-06,0
EQ-0410,2025-10-06,0
EQ-0202,2025-10-06,0
EQ-0128,2025-10-06,0
EQ-0050,2025-10-06,0
EQ-0337,2025-10-06,0
EQ-0235,2025-10-06,0
EQ-0153,2025-10-06,0
EQ-0071,2025-10-06,0
EQ-0286,2025-10-06,0
EQ-0356,2025-10-06,0
EQ-0097,2025-10-06,0
EQ-0424,2025-10-06,0
EQ-0261,2025-10-07,0
EQ-0306,2025-10-07,0
EQ-0046,2025-10-07,0
EQ-0253,2025-10-07,1
EQ-0036,2025-10-07,0
EQ-0088,2025-10-07,0
EQ-0337,2025-10-07,0
EQ-0270,2025-10-07,0
EQ-0236,2025-10-07,0
EQ-0308,2025-10-07,0
EQ-0418,2025-10-07,0
EQ-0226,2025-10-07,0
EQ-0146,2025-10-07,0
EQ-0060,2025-10-07,1
EQ-0008,2025-10-07,0
EQ-0221,2025-10-07,0
EQ-0305,2025-10-07,0
EQ-0416,2025-10-07,0
EQ-0051,2025-10-07,0
EQ-0166,2025-10-07,0
EQ-0260,2025-10-07,0
EQ-0233,2025-10-07,0
EQ-0002,2025-10-07,0
EQ-0020,2025-10-07,0
EQ-0173,2025-10-07,0
EQ-0355,2025-10-07,0
EQ-0240,2025-10-07,0
EQ-0338,2025-10-07,0
EQ-0188,2025-10-07,0
EQ-0399,2025-10-07,0
EQ-0299,2025-10-08,0
EQ-0155,2025-10-08,0
EQ-0281,2025-10-08,0
EQ-0400,2025-10-08,0
EQ-0282,2025-10-08,0
EQ-0209,2025-10-08,0
EQ-0266,2025-10-08,0
EQ-0186,2025-10-08,0
EQ-0113,2025-10-08,0
EQ-0005,2025-10-08,0
EQ-0011,2025-10-08,0
EQ-0061,2025-10-08,0
EQ-0374,2025-10-08,0
EQ-0313,2025-10-08,0
EQ-0082,2025-10-08,0
EQ-0200,2025-10-08,1
EQ-0067,2025-10-08,0
EQ-0174,2025-10-09,0
EQ-0403,2025-10-09,0
EQ-0304,2025-10-09,0
EQ-0387,2025-10-09,0
EQ-0191,2025-10-09,0
EQ-0317,2025-10-09,0
EQ-0101,2025-10-09,0
EQ-0079,2025-10-09,0
EQ-0034,2025-10-09,0
EQ-0331,2025-10-09,0
EQ-0041,2025-10-09,0
EQ-0060,2025-10-09,1
EQ-0069,2025-10-09,0
EQ-0389,2025-10-09,0
EQ-0002,2025-10-09,0
EQ-0108,2025-10-09,0
EQ-0244,2025-10-10,0
EQ-0145,2025-10-10,0
EQ-0411,2025-10-10,0
EQ-0031,2025-10-10,0
EQ-0036,2025-10-10,0
EQ-0158,2025-10-10,0
EQ-0057,2025-10-10,0
EQ-0191,2025-10-10,0
EQ-0281,2025-10-10,0
EQ-0365,2025-10-10,0
EQ-0063,2025-10-10,0
EQ-0232,2025-10-10,0
EQ-0178,2025-10-10,0
EQ-0069,2025-10-10,0
EQ-0166,2025-10-10,0
EQ-0201,2025-10-10,0
EQ-0112,2025-10-10,0
EQ-0391,2025-10-10,0
EQ-0013,2025-10-10,0
EQ-0008,2025-10-10,0
EQ-0279,2025-10-10,0
EQ-0143,2025-10-11,0
EQ-0287,2025-10-11,0
EQ-0402,2025-10-11,0
EQ-0048,2025-10-11,0
EQ-0347,2025-10-11,0
EQ-0435,2025-10-11,0
EQ-0206,2025-10-11,0
EQ-0078,2025-10-11,0
EQ-0009,2025-10-11,0
EQ-0382,2025-10-11,0
EQ-0415,2025-10-11,0
EQ-0064,2025-10-11,0
EQ-0062,2025-10-11,0
EQ-0037,2025-10-11,0
EQ-0172,2025-10-11,0
EQ-0154,2025-10-11,0
EQ-0193,2025-10-11,0
EQ-0174,2025-10-12,0
EQ-0141,2025-10-12,0
EQ-0183,2025-10-12,0
EQ-0432,2025-10-12,0
EQ-0252,2025-10-12,0
EQ-0173,2025-10-12,0
EQ-0404,2025-10-12,0
EQ-0369,2025-10-12,0
EQ-0006,2025-10-12,0
EQ-0363,2025-10-12,0
EQ-0402,2025-10-12,0
EQ-0149,2025-10-12,0
EQ-0370,2025-10-12,0
EQ-0380,2025-10-12,0
EQ-0231,2025-10-12,0
EQ-0390,2025-10-12,0
EQ-0106,2025-10-12,0
EQ-0383,2025-10-12,1
EQ-0165,2025-10-12,0
EQ-0254,2025-10-12,0
EQ-0416,2025-10-12,0
EQ-0275,2025-10-13,1
EQ-0255,2025-10-13,0
EQ-0234,2025-10-13,0
EQ-0001,2025-10-13,0
EQ-0437,2025-10-13,0
EQ-0187,2025-10-13,0
EQ-0009,2025-10-13,0
EQ-0276,2025-10-13,0
EQ-0073,2025-10-13,0
EQ-0117,2025-10-13,0
EQ-0374,2025-10-13,0
EQ-0361,2025-10-14,0
EQ-0021,2025-10-14,0
EQ-0371,2025-10-14,0
EQ-0068,2025-10-14,1
EQ-0134,2025-10-14,0
EQ-0334,2025-10-14,0
EQ-0350,2025-10-14,0
EQ-0003,2025-10-14,0
EQ-0019,2025-10-14,0
EQ-0038,2025-10-14,0
EQ-0051,2025-10-14,0
EQ-0085,2025-10-14,0
EQ-0388,2025-10-14,0
EQ-0049,2025-10-14,0
EQ-0316,2025-10-15,0
EQ-0315,2025-10-15,0
EQ-0259,2025-10-15,0
EQ-0203,2025-10-15,0
EQ-0027,2025-10-15,0
EQ-0096,2025-10-15,0
EQ-0116,2025-10-15,0
EQ-0407,2025-10-15,0
EQ-0156,2025-10-15,0
EQ-0168,2025-10-15,0
EQ-0344,2025-10-15,0
EQ-0091,2025-10-15,0
EQ-0219,2025-10-15,0
EQ-0007,2025-10-15,0
EQ-0300,2025-10-15,1
EQ-0424,2025-10-15,0
EQ-0038,2025-10-15,0
EQ-0054,2025-10-15,0
EQ-0171,2025-10-15,0
EQ-0274,2025-10-15,0
EQ-0151,2025-10-15,0
EQ-0144,2025-10-15,0
EQ-0100,2025-10-15,0
EQ-0358,2025-10-15,0
EQ-0104,2025-10-15,0
EQ-0267,2025-10-16,0
EQ-0159,2025-10-16,0
EQ-0133,2025-10-16,0
EQ-0142,2025-10-16,0
EQ-0302,2025-10-16,0
EQ-0367,2025-10-16,0
EQ-0242,2025-10-16,0
EQ-0245,2025-10-16,0
EQ-0280,2025-10-16,0
EQ-0129,2025-10-16,1
EQ-0365,2025-10-16,0
EQ-0288,2025-10-16,1
EQ-0042,2025-10-16,0
EQ-0179,2025-10-16,0
EQ-0252,2025-10-16,0
EQ-0063,2025-10-16,0
EQ-0207,2025-10-17,0
EQ-0135,2025-10-17,0
EQ-0420,2025-10-17,0
EQ-0248,2025-10-17,1
EQ-0379,2025-10-17,0
EQ-0140,2025-10-17,0
EQ-0293,2025-10-17,0
EQ-0272,2025-10-17,0
EQ-0291,2025-10-17,0
EQ-0179,2025-10-17,0
EQ-0095,2025-10-17,0
EQ-0162,2025-10-17,0
EQ-0326,2025-10-17,1
EQ-0377,2025-10-17,0
EQ-0331,2025-10-17,0
EQ-0210,2025-10-17,0
EQ-0220,2025-10-17,0
EQ-0015,2025-10-18,0
EQ-0152,2025-10-18,0
EQ-0261,2025-10-18,0
EQ-0048,2025-10-18,0
EQ-0339,2025-10-18,0
EQ-0329,2025-10-18,0
EQ-0429,2025-10-18,0
EQ-0397,2025-10-18,0
EQ-0055,2025-10-18,0
EQ-0150,2025-10-18,0
EQ-0333,2025-10-18,0
EQ-0056,2025-10-18,0
EQ-0432,2025-10-18,0
EQ-0377,2025-10-18,0
EQ-0332,2025-10-18,0
EQ-0381,2025-10-18,0
EQ-0159,2025-10-18,0
EQ-0428,2025-10-18,1
EQ-0012,2025-10-18,0
EQ-0157,2025-10-18,0
EQ-0160,2025-10-18,0
EQ-0401,2025-10-19,0
EQ-0123,2025-10-19,0
EQ-0268,2025-10-19,0
EQ-0189,2025-10-19,0
EQ-0107,2025-10-19,1
EQ-0214,2025-10-19,0
EQ-0285,2025-10-19,0
EQ-0423,2025-10-19,0
EQ-0251,2025-10-19,0
EQ-0199,2025-10-19,0
EQ-0345,2025-10-19,0
EQ-0198,2025-10-19,0
EQ-0039,2025-10-19,0
EQ-0396,2025-10-19,0
EQ-0120,2025-10-19,0
EQ-0144,2025-10-19,0
EQ-0395,2025-10-19,0
EQ-0208,2025-10-19,0
EQ-0289,2025-10-20,0
EQ-0257,2025-10-20,0
EQ-0126,2025-10-20,0
EQ-0074,2025-10-20,0
EQ-0176,2025-10-20,0
EQ-0065,2025-10-20,0
EQ-0032,2025-10-20,0
EQ-0114,2025-10-20,0
EQ-0346,2025-10-20,0
EQ-0254,2025-10-20,0
EQ-0391,2025-10-20,0
EQ-0192,2025-10-20,0
EQ-0201,2025-10-20,0
EQ-0296,2025-10-20,0
EQ-0412,2025-10-20,0
EQ-0246,2025-10-21,0
EQ-0059,2025-10-21,0
EQ-0014,2025-10-21,0
EQ-0381,2025-10-21,0
EQ-0111,2025-10-21,0
EQ-0310,2025-10-21,0
EQ-0016,2025-10-21,0
EQ-0216,2025-10-21,0
EQ-0277,2025-10-21,0
EQ-0028,2025-10-21,0
EQ-0017,2025-10-21,0
EQ-0181,2025-10-21,0
EQ-0212,2025-10-21,0
EQ-0263,2025-10-21,0
EQ-0321,2025-10-21,0
EQ-0128,2025-10-21,0
EQ-0167,2025-10-21,0
EQ-0001,2025-10-21,0
EQ-0040,2025-10-21,0
EQ-0241,2025-10-21,0
EQ-0012,2025-10-22,0
EQ-0194,2025-10-22,0
EQ-0421,2025-10-22,0
EQ-0227,2025-10-22,0
EQ-0004,2025-10-22,0
EQ-0302,2025-10-22,0
EQ-0362,2025-10-22,0
EQ-0327,2025-10-22,0
EQ-0434,2025-10-22,0
EQ-0066,2025-10-22,0
EQ-0389,2025-10-22,0
EQ-0373,2025-10-22,0
EQ-0158,2025-10-22,0
EQ-0388,2025-10-22,0
EQ-0325,2025-10-22,0
EQ-0222,2025-10-22,0
EQ-0164,2025-10-22,0
EQ-0256,2025-10-22,0
EQ-0023,2025-10-22,0
EQ-0320,2025-10-23,1
EQ-0033,2025-10-23,0
EQ-0431,2025-10-23,0
EQ-0172,2025-10-23,0
EQ-0125,2025-10-23,0
EQ-0225,2025-10-23,0
EQ-0024,2025-10-23,0
EQ-0238,2025-10-23,0
EQ-0307,2025-10-23,0
EQ-0134,2025-10-23,0
EQ-0197,2025-10-23,0
EQ-0386,2025-10-24,0
EQ-0398,2025-10-24,1
EQ-0366,2025-10-24,0
EQ-0311,2025-10-24,0
EQ-0319,2025-10-24,0
EQ-0228,2025-10-24,0
EQ-0323,2025-10-24,0
EQ-0324,2025-10-24,0
EQ-0439,2025-10-24,0
EQ-0185,2025-10-24,0
EQ-0127,2025-10-24,0
EQ-0055,2025-10-24,0
EQ-0126,2025-10-24,0
EQ-0151,2025-10-24,0
EQ-0119,2025-10-24,0
EQ-0087,2025-10-25,0
EQ-0322,2025-10-25,0
EQ-0343,2025-10-25,0
EQ-0427,2025-10-25,0
EQ-0010,2025-10-25,0
EQ-0349,2025-10-25,1
EQ-0271,2025-10-25,0
EQ-0163,2025-10-25,0
EQ-0170,2025-10-25,0
EQ-0103,2025-10-25,0
EQ-0267,2025-10-26,0
EQ-0236,2025-10-26,0
EQ-0088,2025-10-26,0
EQ-0043,2025-10-26,0
EQ-0295,2025-10-26,0
EQ-0368,2025-10-26,0
EQ-0259,2025-10-26,0
EQ-0217,2025-10-26,0
EQ-0031,2025-10-26,0
EQ-0067,2025-10-26,0
EQ-0148,2025-10-26,0
EQ-0047,2025-10-26,0
EQ-0224,2025-10-26,0
EQ-0215,2025-10-26,0
EQ-0003,2025-10-26,0
EQ-0162,2025-10-26,0
EQ-0052,2025-10-26,0
EQ-0385,2025-10-26,0
EQ-0147,2025-10-26,0
EQ-0378,2025-10-26,0
EQ-0318,2025-10-26,0
EQ-0204,2025-10-26,0
EQ-0341,2025-10-27,0
EQ-0093,2025-10-27,0
EQ-0213,2025-10-27,0
EQ-0118,2025-10-27,0
EQ-0278,2025-10-27,0
EQ-0393,2025-10-27,1
EQ-0098,2025-10-27,0
EQ-0229,2025-10-27,0
EQ-0154,2025-10-27,0
EQ-0130,2025-10-27,0
EQ-0279,2025-10-27,0
EQ-0317,2025-10-27,0
EQ-0053,2025-10-27,0
EQ-0303,2025-10-27,0
EQ-0265,2025-10-27,0
EQ-0273,2025-10-27,0
EQ-0181,2025-10-27,0
EQ-0214,2025-10-27,0
EQ-0269,2025-10-27,1
EQ-0395,2025-10-27,0
EQ-0360,2025-10-27,0
EQ-0294,2025-10-28,0
EQ-0379,2025-10-28,0
EQ-0007,2025-10-28,0
EQ-0045,2025-10-28,0
EQ-0026,2025-10-28,0
EQ-0292,2025-10-28,0
EQ-0022,2025-10-28,0
EQ-0433,2025-10-28,0
EQ-0190,2025-10-28,0
EQ-0175,2025-10-28,0
EQ-0265,2025-10-28,0
EQ-0094,2025-10-28,0
EQ-0157,2025-10-28,0
EQ-0387,2025-10-28,0
EQ-0023,2025-10-28,0
EQ-0384,2025-10-28,0
EQ-0328,2025-10-28,1
EQ-0122,2025-10-28,0
EQ-0014,2025-10-28,0
EQ-0138,2025-10-28,0
EQ-0150,2025-10-28,0
EQ-0013,2025-10-28,0
EQ-0053,2025-10-28,0
EQ-0419,2025-10-28,0
EQ-0367,2025-10-29,0
EQ-0139,2025-10-29,0
EQ-0155,2025-10-29,0
EQ-0030,2025-10-29,0
EQ-0354,2025-10-29,0
EQ-0035,2025-10-29,0
EQ-0164,2025-10-29,0
EQ-0056,2025-10-29,0
EQ-0380,2025-10-29,0
EQ-0268,2025-10-29,0
EQ-0405,2025-10-29,0
EQ-0042,2025-10-30,0
EQ-0211,2025-10-30,0
EQ-0044,2025-10-30,0
EQ-0047,2025-10-30,0
EQ-0312,2025-10-30,0
EQ-0156,2025-10-30,0
EQ-0052,2025-10-30,0
EQ-0262,2025-10-30,0
EQ-0102,2025-10-30,0
EQ-0184,2025-10-30,0
EQ-0336,2025-10-30,0
EQ-0273,2025-10-30,0
EQ-0152,2025-10-30,0
EQ-0264,2025-10-30,0
EQ-0417,2025-10-30,1
EQ-0110,2025-10-30,0
EQ-0178,2025-10-30,0
EQ-0161,2025-10-31,0
EQ-0394,2025-10-31,0
EQ-0110,2025-10-31,0
EQ-0132,2025-10-31,0
EQ-0066,2025-10-31,0
EQ-0237,2025-10-31,0
EQ-0083,2025-10-31,0
EQ-0022,2025-10-31,0
EQ-0340,2025-10-31,0
EQ-0262,2025-10-31,0
EQ-0364,2025-10-31,0
EQ-0256,2025-10-31,0
EQ-0243,2025-10-31,0
EQ-0203,2025-10-31,0
EQ-0266,2025-10-31,0
EQ-0115,2025-10-31,0
EQ-0121,2025-10-31,0
EQ-0050,2025-10-31,0
EQ-0438,2025-10-31,0
EQ-0148,2025-10-31,0
EQ-0049,2025-11-01,0
EQ-0289,2025-11-01,0
EQ-0066,2025-11-01,0
EQ-0060,2025-11-01,1
EQ-0186,2025-11-01,0
EQ-0033,2025-11-01,0
EQ-0165,2025-11-01,0
EQ-0354,2025-11-01,0
EQ-0163,2025-11-01,0
EQ-0128,2025-11-01,0
EQ-0261,2025-11-01,0
EQ-0157,2025-11-01,0
EQ-0019,2025-11-01,0
EQ-0274,2025-11-01,0
EQ-0366,2025-11-01,0
EQ-0371,2025-11-01,0
EQ-0302,2025-11-01,0
EQ-0182,2025-11-01,0
EQ-0069,2025-11-01,0
EQ-0228,2025-11-02,0
EQ-0084,2025-11-02,0
EQ-0379,2025-11-02,0
EQ-0167,2025-11-02,0
EQ-0031,2025-11-02,0
EQ-0034,2025-11-02,0
EQ-0428,2025-11-02,1
EQ-0317,2025-11-02,0
EQ-0161,2025-11-02,0
EQ-0281,2025-11-02,0
EQ-0369,2025-11-02,0
EQ-0245,2025-11-02,0
EQ-0015,2025-11-02,0
EQ-0002,2025-11-03,0
EQ-0309,2025-11-03,0
EQ-0120,2025-11-03,0
EQ-0128,2025-11-03,0
EQ-0158,2025-11-03,0
EQ-0157,2025-11-03,0
EQ-0393,2025-11-03,0
EQ-0013,2025-11-03,0
EQ-0012,2025-11-03,0
EQ-0104,2025-11-03,0
EQ-0209,2025-11-03,0
EQ-0063,2025-11-03,0
EQ-0204,2025-11-03,0
EQ-0173,2025-11-03,0
EQ-0390,2025-11-03,0
EQ-0275,2025-11-04,1
EQ-0165,2025-11-04,0
EQ-0010,2025-11-04,0
EQ-0180,2025-11-04,0
EQ-0425,2025-11-04,0
EQ-0266,2025-11-04,0
EQ-0227,2025-11-04,0
EQ-0052,2025-11-04,0
EQ-0151,2025-11-04,0
EQ-0434,2025-11-04,0
EQ-0408,2025-11-04,0
EQ-0145,2025-11-04,0
EQ-0123,2025-11-04,0
EQ-0270,2025-11-04,0
EQ-0268,2025-11-04,0
EQ-0065,2025-11-04,0
EQ-0028,2025-11-04,0
EQ-0386,2025-11-04,0
EQ-0117,2025-11-04,0
EQ-0279,2025-11-04,0
EQ-0389,2025-11-05,0
EQ-0385,2025-11-05,0
EQ-0008,2025-11-05,0
EQ-0059,2025-11-05,0
EQ-0293,2025-11-05,0
EQ-0044,2025-11-05,0
EQ-0392,2025-11-05,0
EQ-0075,2025-11-05,0
EQ-0101,2025-11-05,0
EQ-0258,2025-11-05,0
EQ-0097,2025-11-05,0
EQ-0299,2025-11-05,0
EQ-0158,2025-11-05,0
EQ-0164,2025-11-05,0
EQ-0429,2025-11-05,0
EQ-0189,2025-11-06,0
EQ-0402,2025-11-06,0
EQ-0367,2025-11-06,0
EQ-0322,2025-11-06,0
EQ-0115,2025-11-06,0
EQ-0349,2025-11-06,1
EQ-0042,2025-11-06,0
EQ-0018,2025-11-06,0
EQ-0372,2025-11-06,0
EQ-0152,2025-11-06,0
EQ-0312,2025-11-06,0
EQ-0179,2025-11-06,0
EQ-0350,2025-11-06,0
EQ-0269,2025-11-06,1
EQ-0046,2025-11-07,0
EQ-0307,2025-11-07,0
EQ-0361,2025-11-07,0
EQ-0016,2025-11-07,0
EQ-0313,2025-11-07,0
EQ-0334,2025-11-07,0
EQ-0203,2025-11-07,0
EQ-0012,2025-11-07,0
EQ-0205,2025-11-07,0
EQ-0093,2025-11-07,1
EQ-0055,2025-11-07,0
EQ-0339,2025-11-07,0
EQ-0298,2025-11-07,0
EQ-0305,2025-11-07,0
EQ-0118,2025-11-07,0
EQ-0061,2025-11-07,0
EQ-0148,2025-11-07,0
EQ-0320,2025-11-07,1
EQ-0003,2025-11-07,0
EQ-0214,2025-11-07,0
EQ-0134,2025-11-07,0
EQ-0135,2025-11-08,0
EQ-0424,2025-11-08,0
EQ-0102,2025-11-08,0
EQ-0066,2025-11-08,0
EQ-0036,2025-11-08,0
EQ-0175,2025-11-08,0
EQ-0399,2025-11-08,0
EQ-0039,2025-11-08,0
EQ-0278,2025-11-08,0
EQ-0030,2025-11-08,0
EQ-0107,2025-11-08,1
EQ-0037,2025-11-08,0
EQ-0280,2025-11-08,0
EQ-0148,2025-11-08,0
EQ-0224,2025-11-08,0
EQ-0255,2025-11-08,0
EQ-0225,2025-11-08,0
EQ-0043,2025-11-08,0
EQ-0234,2025-11-09,0
EQ-0257,2025-11-09,0
EQ-0387,2025-11-09,0
EQ-0382,2025-11-09,0
EQ-0391,2025-11-09,0
EQ-0273,2025-11-09,0
EQ-0021,2025-11-09,0
EQ-0433,2025-11-09,0
EQ-0112,2025-11-09,0
EQ-0211,2025-11-09,0
EQ-0362,2025-11-09,0
EQ-0087,2025-11-09,0
EQ-0054,2025-11-09,0
EQ-0424,2025-11-09,0
EQ-0031,2025-11-09,0
EQ-0201,2025-11-09,0
EQ-0126,2025-11-09,0
EQ-0025,2025-11-09,0
EQ-0318,2025-11-09,0
EQ-0147,2025-11-09,0
EQ-0244,2025-11-09,0
EQ-0374,2025-11-10,0
EQ-0405,2025-11-10,0
EQ-0376,2025-11-10,0
EQ-0164,2025-11-10,0
EQ-0364,2025-11-10,0
EQ-0011,2025-11-10,0
EQ-0371,2025-11-10,0
EQ-0022,2025-11-10,0
EQ-0303,2025-11-10,0
EQ-0191,2025-11-10,0
EQ-0214,2025-11-10,0
EQ-0331,2025-11-10,0
EQ-0221,2025-11-10,0
EQ-0330,2025-11-10,0
EQ-0005,2025-11-10,0
EQ-0131,2025-11-10,0
EQ-0181,2025-11-10,0
EQ-0239,2025-11-10,0
EQ-0406,2025-11-10,0
EQ-0137,2025-11-10,0
EQ-0400,2025-11-10,0
EQ-0156,2025-11-10,0
EQ-0150,2025-11-10,0
EQ-0234,2025-11-11,0
EQ-0080,2025-11-11,0
EQ-0397,2025-11-11,0
EQ-0276,2025-11-11,0
EQ-0053,2025-11-11,0
EQ-0006,2025-11-11,0
EQ-0067,2025-11-11,0
EQ-0051,2025-11-11,0
EQ-0029,2025-11-11,0
EQ-0308,2025-11-11,0
EQ-0295,2025-11-11,0
EQ-0129,2025-11-11,1
EQ-0373,2025-11-11,0
EQ-0282,2025-11-11,0
EQ-0226,2025-11-11,0
EQ-0430,2025-11-11,0
EQ-0265,2025-11-11,0
EQ-0141,2025-11-11,0
EQ-0393,2025-11-12,0
EQ-0027,2025-11-12,0
EQ-0365,2025-11-12,0
EQ-0144,2025-11-12,0
EQ-0337,2025-11-12,0
EQ-0005,2025-11-12,0
EQ-0263,2025-11-12,0
EQ-0103,2025-11-12,0
EQ-0363,2025-11-12,0
EQ-0001,2025-11-12,0
EQ-0013,2025-11-12,0
EQ-0402,2025-11-12,0
EQ-0036,2025-11-12,0
EQ-0098,2025-11-12,0
EQ-0274,2025-11-12,0
EQ-0068,2025-11-12,0
EQ-0412,2025-11-12,0
EQ-0140,2025-11-12,0
EQ-0266,2025-11-12,0
EQ-0002,2025-11-13,0
EQ-0094,2025-11-13,0
EQ-0159,2025-11-13,0
EQ-0260,2025-11-13,0
EQ-0139,2025-11-13,0
EQ-0081,2025-11-13,0
EQ-0223,2025-11-13,0
EQ-0373,2025-11-13,0
EQ-0061,2025-11-13,0
EQ-0254,2025-11-13,0
EQ-0037,2025-11-13,0
EQ-0171,2025-11-13,0
EQ-0360,2025-11-13,0
EQ-0316,2025-11-14,1
EQ-0247,2025-11-14,0
EQ-0253,2025-11-14,1
EQ-0359,2025-11-14,0
EQ-0422,2025-11-14,0
EQ-0355,2025-11-14,0
EQ-0336,2025-11-14,0
EQ-0047,2025-11-14,0
EQ-0004,2025-11-14,0
EQ-0169,2025-11-14,0
EQ-0319,2025-11-14,0
EQ-0368,2025-11-14,0
EQ-0028,2025-11-14,0
EQ-0202,2025-11-14,0
EQ-0243,2025-11-14,0
EQ-0380,2025-11-15,0
EQ-0173,2025-11-15,0
EQ-0014,2025-11-15,0
EQ-0049,2025-11-15,0
EQ-0414,2025-11-15,0
EQ-0203,2025-11-15,0
EQ-0433,2025-11-15,0
EQ-0326,2025-11-15,0
EQ-0113,2025-11-15,0
EQ-0407,2025-11-15,0
EQ-0291,2025-11-15,0
EQ-0009,2025-11-15,0
EQ-0127,2025-11-15,0
EQ-0340,2025-11-15,0
EQ-0332,2025-11-15,0
EQ-0150,2025-11-15,0
EQ-0236,2025-11-15,0
EQ-0404,2025-11-15,0
EQ-0144,2025-11-15,0
EQ-0055,2025-11-15,0
EQ-0110,2025-11-16,0
EQ-0188,2025-11-16,0
EQ-0177,2025-11-16,0
EQ-0121,2025-11-16,0
EQ-0172,2025-11-16,0
EQ-0257,2025-11-16,0
EQ-0015,2025-11-16,0
EQ-0379,2025-11-16,0
EQ-0434,2025-11-16,0
EQ-0220,2025-11-16,0
EQ-0365,2025-11-16,0
EQ-0056,2025-11-16,0
EQ-0184,2025-11-16,0
EQ-0040,2025-11-16,0
EQ-0092,2025-11-16,0
EQ-0389,2025-11-16,0
EQ-0207,2025-11-16,0
EQ-0166,2025-11-16,0
EQ-0316,2025-11-16,1
EQ-0091,2025-11-16,0
EQ-0244,2025-11-16,0
EQ-0052,2025-11-16,0
EQ-0421,2025-11-16,0
EQ-0432,2025-11-17,0
EQ-0146,2025-11-17,0
EQ-0384,2025-11-17,0
EQ-0039,2025-11-17,0
EQ-0192,2025-11-17,0
EQ-0210,2025-11-17,0
EQ-0136,2025-11-17,1
EQ-0353,2025-11-17,0
EQ-0327,2025-11-17,0
EQ-0262,2025-11-17,0
EQ-0314,2025-11-17,0
EQ-0063,2025-11-17,0
EQ-0217,2025-11-17,0
EQ-0409,2025-11-17,0
EQ-0415,2025-11-17,0
EQ-0124,2025-11-17,0
EQ-0160,2025-11-17,0
EQ-0154,2025-11-18,0
EQ-0284,2025-11-18,1
EQ-0062,2025-11-18,0
EQ-0378,2025-11-18,0
EQ-0151,2025-11-18,0
EQ-0020,2025-11-18,0
EQ-0251,2025-11-18,0
EQ-0009,2025-11-18,0
EQ-0394,2025-11-18,0
EQ-0321,2025-11-18,0
EQ-0095,2025-11-18,0
EQ-0172,2025-11-18,0
EQ-0237,2025-11-18,0
EQ-0357,2025-11-18,0
EQ-0352,2025-11-18,0
EQ-0194,2025-11-18,0
EQ-0351,2025-11-18,0
EQ-0038,2025-11-18,0
EQ-0111,2025-11-18,0
EQ-0023,2025-11-19,0
EQ-0067,2025-11-19,0
EQ-0338,2025-11-19,0
EQ-0436,2025-11-19,0
EQ-0323,2025-11-19,0
EQ-0263,2025-11-19,0
EQ-0341,2025-11-19,0
EQ-0076,2025-11-19,0
EQ-0089,2025-11-19,0
EQ-0230,2025-11-19,0
EQ-0280,2025-11-19,0
EQ-0281,2025-11-19,0
EQ-0026,2025-11-19,0
EQ-0175,2025-11-19,0
EQ-0069,2025-11-19,0
EQ-0410,2025-11-19,0
EQ-0278,2025-11-19,0
EQ-0259,2025-11-19,0
EQ-0122,2025-11-19,0
EQ-0358,2025-11-20,0
EQ-0191,2025-11-20,0
EQ-0056,2025-11-20,0
EQ-0301,2025-11-20,0
EQ-0254,2025-11-20,0
EQ-0435,2025-11-20,0
EQ-0047,2025-11-20,0
EQ-0077,2025-11-20,0
EQ-0235,2025-11-20,0
EQ-0206,2025-11-20,1
EQ-0050,2025-11-20,0
EQ-0264,2025-11-20,0
EQ-0238,2025-11-20,0
EQ-0246,2025-11-20,0
EQ-0427,2025-11-20,0
EQ-0159,2025-11-20,0
EQ-0437,2025-11-20,0
EQ-0072,2025-11-20,0
EQ-0381,2025-11-20,0
EQ-0200,2025-11-20,1
EQ-0292,2025-11-20,0
EQ-0046,2025-11-20,0
EQ-0300,2025-11-20,1
EQ-0001,2025-11-21,0
EQ-0227,2025-11-21,0
EQ-0256,2025-11-21,0
EQ-0088,2025-11-21,0
EQ-0439,2025-11-21,0
EQ-0279,2025-11-21,0
EQ-0348,2025-11-21,0
EQ-0100,2025-11-21,0
EQ-0272,2025-11-21,0
EQ-0276,2025-11-21,0
EQ-0017,2025-11-21,0
EQ-0271,2025-11-21,0
EQ-0378,2025-11-21,0
EQ-0333,2025-11-21,0
EQ-0426,2025-11-21,0
EQ-0070,2025-11-21,0
EQ-0366,2025-11-21,0
EQ-0233,2025-11-22,1
EQ-0419,2025-11-22,0
EQ-0155,2025-11-22,0
EQ-0411,2025-11-22,1
EQ-0437,2025-11-22,0
EQ-0248,2025-11-22,1
EQ-0273,2025-11-22,0
EQ-0374,2025-11-22,0
EQ-0290,2025-11-22,0
EQ-0288,2025-11-22,1
EQ-0020,2025-11-22,0
EQ-0085,2025-11-22,0
EQ-0315,2025-11-22,0
EQ-0325,2025-11-22,0
EQ-0304,2025-11-22,0
EQ-0193,2025-11-22,0
EQ-0287,2025-11-22,0
EQ-0170,2025-11-22,0
EQ-0126,2025-11-22,0
EQ-0367,2025-11-22,0
EQ-0023,2025-11-22,0
EQ-0153,2025-11-22,0
EQ-0014,2025-11-23,0
EQ-0199,2025-11-23,0
EQ-0343,2025-11-23,0
EQ-0162,2025-11-23,0
EQ-0267,2025-11-23,0
EQ-0079,2025-11-23,0
EQ-0252,2025-11-23,0
EQ-0088,2025-11-23,0
EQ-0125,2025-11-23,0
EQ-0045,2025-11-23,0
EQ-0396,2025-11-23,0
EQ-0178,2025-11-23,0
EQ-0108,2025-11-23,0
EQ-0201,2025-11-23,0
EQ-0174,2025-11-23,0
EQ-0344,2025-11-23,0
EQ-0310,2025-11-24,0
EQ-0043,2025-11-24,0
EQ-0042,2025-11-24,0
EQ-0218,2025-11-24,0
EQ-0392,2025-11-24,0
EQ-0003,2025-11-24,0
EQ-0041,2025-11-24,0
EQ-0420,2025-11-24,0
EQ-0138,2025-11-24,0
EQ-0040,2025-11-24,0
EQ-0078,2025-11-24,0
EQ-0024,2025-11-24,0
EQ-0286,2025-11-24,0
EQ-0431,2025-11-24,0
EQ-0427,2025-11-24,0
EQ-0249,2025-11-24,0
EQ-0027,2025-11-24,0
EQ-0045,2025-11-24,0
EQ-0154,2025-11-25,0
EQ-0267,2025-11-25,0
EQ-0179,2025-11-25,0
EQ-0416,2025-11-25,0
EQ-0149,2025-11-25,0
EQ-0212,2025-11-25,0
EQ-0213,2025-11-25,0
EQ-0208,2025-11-25,0
EQ-0048,2025-11-25,0
EQ-0232,2025-11-25,0
EQ-0297,2025-11-25,0
EQ-0178,2025-11-25,0
EQ-0380,2025-11-25,0
EQ-0074,2025-11-25,0
EQ-0116,2025-11-25,0
EQ-0216,2025-11-25,0
EQ-0090,2025-11-25,0
EQ-0277,2025-11-25,0
EQ-0432,2025-11-25,0
EQ-0391,2025-11-25,0
EQ-0163,2025-11-25,0
EQ-0183,2025-11-25,0
EQ-0369,2025-11-25,0
EQ-0222,2025-11-25,0
EQ-0328,2025-11-25,1
EQ-0423,2025-11-26,0
EQ-0007,2025-11-26,0
EQ-0048,2025-11-26,0
EQ-0394,2025-11-26,0
EQ-0285,2025-11-26,0
EQ-0250,2025-11-26,0
EQ-0032,2025-11-26,0
EQ-0262,2025-11-26,0
EQ-0335,2025-11-26,0
EQ-0195,2025-11-26,0
EQ-0431,2025-11-26,0
EQ-0130,2025-11-26,0
EQ-0418,2025-11-26,0
EQ-0395,2025-11-26,0
EQ-0050,2025-11-26,0
EQ-0156,2025-11-26,0
EQ-0403,2025-11-26,0
EQ-0082,2025-11-26,0
EQ-0022,2025-11-26,0
EQ-0133,2025-11-26,0
EQ-0181,2025-11-26,0
EQ-0215,2025-11-27,0
EQ-0152,2025-11-27,0
EQ-0166,2025-11-27,0
EQ-0260,2025-11-27,0
EQ-0311,2025-11-27,0
EQ-0187,2025-11-27,0
EQ-0058,2025-11-27,0
EQ-0231,2025-11-27,0
EQ-0134,2025-11-27,0
EQ-0236,2025-11-27,0
EQ-0331,2025-11-27,0
EQ-0083,2025-11-27,0
EQ-0093,2025-11-27,1
EQ-0197,2025-11-27,0
EQ-0106,2025-11-27,0
EQ-0398,2025-11-27,0
EQ-0168,2025-11-27,0
EQ-0377,2025-11-27,0
EQ-0035,2025-11-27,0
EQ-0132,2025-11-27,0
EQ-0342,2025-11-27,0
EQ-0038,2025-11-27,0
EQ-0265,2025-11-28,0
EQ-0086,2025-11-28,0
EQ-0252,2025-11-28,0
EQ-0413,2025-11-28,0
EQ-0438,2025-11-28,0
EQ-0064,2025-11-28,0
EQ-0381,2025-11-28,0
EQ-0007,2025-11-28,0
EQ-0071,2025-11-28,0
EQ-0060,2025-11-28,0
EQ-0185,2025-11-28,0
EQ-0011,2025-11-28,0
EQ-0296,2025-11-28,0
EQ-0008,2025-11-28,0
EQ-0306,2025-11-28,0
EQ-0324,2025-11-28,0
EQ-0416,2025-11-29,0
EQ-0317,2025-11-29,0
EQ-0240,2025-11-29,0
EQ-0268,2025-11-29,0
EQ-0283,2025-11-29,0
EQ-0401,2025-11-29,0
EQ-0417,2025-11-29,0
EQ-0153,2025-11-29,0
EQ-0337,2025-11-29,0
EQ-0259,2025-11-29,0
EQ-0064,2025-11-29,0
EQ-0162,2025-11-29,0
EQ-0143,2025-11-29,0
EQ-0388,2025-11-29,0
EQ-0062,2025-11-29,0
EQ-0065,2025-11-29,0
EQ-0387,2025-11-29,0
EQ-0219,2025-11-29,0
EQ-0190,2025-11-30,0
EQ-0073,2025-11-30,0
EQ-0105,2025-11-30,0
EQ-0329,2025-11-30,0
EQ-0174,2025-11-30,0
EQ-0356,2025-11-30,0
EQ-0346,2025-11-30,1
EQ-0110,2025-11-30,0
EQ-0242,2025-11-30,0
EQ-0370,2025-11-30,0
EQ-0261,2025-11-30,0
EQ-0096,2025-11-30,0
EQ-0241,2025-11-30,0
EQ-0377,2025-11-30,0
EQ-0256,2025-11-30,0
EQ-0033,2025-11-30,0
EQ-0302,2025-11-30,0
EQ-0390,2025-11-30,0
EQ-0150,2025-12-01,0
EQ-0395,2025-12-01,0
EQ-0118,2025-12-01,0
EQ-0267,2025-12-01,0
EQ-0266,2025-12-01,0
EQ-0291,2025-12-01,0
EQ-0148,2025-12-01,0
EQ-0163,2025-12-01,0
EQ-0231,2025-12-01,0
EQ-0437,2025-12-01,0
EQ-0179,2025-12-01,0
EQ-0085,2025-12-01,0
EQ-0099,2025-12-01,0
EQ-0079,2025-12-01,0
EQ-0063,2025-12-01,0
EQ-0191,2025-12-01,0
EQ-0060,2025-12-01,0
EQ-0423,2025-12-01,0
EQ-0172,2025-12-01,0
EQ-0378,2025-12-01,0
EQ-0387,2025-12-01,0
EQ-0325,2025-12-01,0
EQ-0008,2025-12-02,0
EQ-0293,2025-12-02,0
EQ-0244,2025-12-02,0
EQ-0169,2025-12-02,0
EQ-0242,2025-12-02,0
EQ-0354,2025-12-02,0
EQ-0159,2025-12-02,0
EQ-0080,2025-12-02,0
EQ-0226,2025-12-02,0
EQ-0303,2025-12-02,0
EQ-0316,2025-12-02,1
EQ-0374,2025-12-02,0
EQ-0227,2025-12-02,0
EQ-0177,2025-12-02,0
EQ-0383,2025-12-02,1
EQ-0060,2025-12-02,0
EQ-0175,2025-12-03,0
EQ-0283,2025-12-03,0
EQ-0110,2025-12-03,0
EQ-0234,2025-12-03,0
EQ-0360,2025-12-03,0
EQ-0422,2025-12-03,0
EQ-0044,2025-12-03,0
EQ-0102,2025-12-03,0
EQ-0363,2025-12-03,0
EQ-0230,2025-12-03,0
EQ-0120,2025-12-03,0
EQ-0371,2025-12-03,0
EQ-0243,2025-12-03,0
EQ-0379,2025-12-03,0
EQ-0135,2025-12-03,0
EQ-0182,2025-12-03,0
EQ-0393,2025-12-03,0
EQ-0045,2025-12-03,0
EQ-0006,2025-12-03,0
EQ-0174,2025-12-03,0
EQ-0092,2025-12-03,0
EQ-0140,2025-12-03,0
EQ-0439,2025-12-04,0
EQ-0159,2025-12-04,0
EQ-0067,2025-12-04,0
EQ-0107,2025-12-04,1
EQ-0154,2025-12-04,0
EQ-0186,2025-12-04,0
EQ-0403,2025-12-04,0
EQ-0251,2025-12-04,0
EQ-0097,2025-12-04,0
EQ-0263,2025-12-04,0
EQ-0308,2025-12-04,0
EQ-0295,2025-12-04,0
EQ-0257,2025-12-04,0
EQ-0129,2025-12-04,1
EQ-0011,2025-12-04,0
EQ-0266,2025-12-04,0
EQ-0155,2025-12-04,0
EQ-0041,2025-12-04,0
EQ-0175,2025-12-04,0
EQ-0302,2025-12-05,0
EQ-0167,2025-12-05,0
EQ-0345,2025-12-05,0
EQ-0406,2025-12-05,0
EQ-0053,2025-12-05,0
EQ-0225,2025-12-05,0
EQ-0106,2025-12-05,0
EQ-0014,2025-12-05,0
EQ-0160,2025-12-06,0
EQ-0294,2025-12-06,0
EQ-0164,2025-12-06,0
EQ-0046,2025-12-06,0
EQ-0170,2025-12-06,0
EQ-0201,2025-12-06,0
EQ-0010,2025-12-06,0
EQ-0036,2025-12-06,0
EQ-0279,2025-12-06,0
EQ-0115,2025-12-06,0
EQ-0268,2025-12-06,0
EQ-0389,2025-12-06,0
EQ-0241,2025-12-06,0
EQ-0232,2025-12-06,0
EQ-0380,2025-12-06,0
EQ-0221,2025-12-06,0
EQ-0424,2025-12-06,0
EQ-0316,2025-12-06,1
EQ-0391,2025-12-06,0
EQ-0173,2025-12-06,0
EQ-0254,2025-12-07,0
EQ-0265,2025-12-07,0
EQ-0075,2025-12-07,0
EQ-0284,2025-12-07,1
EQ-0110,2025-12-07,0
EQ-0053,2025-12-07,0
EQ-0094,2025-12-07,0
EQ-0086,2025-12-07,0
EQ-0337,2025-12-07,0
EQ-0091,2025-12-07,0
EQ-0113,2025-12-07,0
EQ-0051,2025-12-07,0
EQ-0149,2025-12-07,0
EQ-0104,2025-12-07,0
EQ-0045,2025-12-07,0
EQ-0005,2025-12-07,0
EQ-0093,2025-12-07,1
EQ-0236,2025-12-07,0
EQ-0246,2025-12-07,0
EQ-0188,2025-12-07,0
EQ-0319,2025-12-07,0
EQ-0100,2025-12-07,0
EQ-0399,2025-12-07,0
EQ-0157,2025-12-07,0
EQ-0327,2025-12-08,0
EQ-0150,2025-12-08,0
EQ-0413,2025-12-08,0
EQ-0298,2025-12-08,0
EQ-0046,2025-12-08,0
EQ-0042,2025-12-08,0
EQ-0329,2025-12-08,0
EQ-0152,2025-12-08,0
EQ-0416,2025-12-08,0
EQ-0378,2025-12-08,0
EQ-0125,2025-12-08,0
EQ-0137,2025-12-08,0
EQ-0173,2025-12-08,0
EQ-0377,2025-12-08,0
EQ-0418,2025-12-08,0
EQ-0366,2025-12-08,0
EQ-0386,2025-12-08,0
EQ-0341,2025-12-08,0
EQ-0214,2025-12-08,0
EQ-0157,2025-12-08,0
EQ-0409,2025-12-08,0
EQ-0020,2025-12-08,0
EQ-0217,2025-12-09,0
EQ-0379,2025-12-09,0
EQ-0071,2025-12-09,0
EQ-0016,2025-12-09,0
EQ-0392,2025-12-09,0
EQ-0278,2025-12-09,0
EQ-0234,2025-12-09,0
EQ-0274,2025-12-09,0
EQ-0256,2025-12-09,0
EQ-0331,2025-12-09,0
EQ-0275,2025-12-09,1
EQ-0002,2025-12-09,0
EQ-0162,2025-12-09,0
EQ-0429,2025-12-09,0
EQ-0321,2025-12-09,0
EQ-0133,2025-12-09,0
EQ-0062,2025-12-09,0
EQ-0172,2025-12-09,0
EQ-0273,2025-12-10,0
EQ-0388,2025-12-10,0
EQ-0263,2025-12-10,0
EQ-0043,2025-12-10,0
EQ-0318,2025-12-10,0
EQ-0373,2025-12-10,0
EQ-0218,2025-12-10,0
EQ-0328,2025-12-10,0
EQ-0313,2025-12-10,0
EQ-0215,2025-12-10,0
EQ-0035,2025-12-10,0
EQ-0269,2025-12-10,1
EQ-0402,2025-12-10,0
EQ-0161,2025-12-11,0
EQ-0358,2025-12-11,0
EQ-0191,2025-12-11,0
EQ-0031,2025-12-11,0
EQ-0276,2025-12-11,0
EQ-0370,2025-12-11,0
EQ-0138,2025-12-11,0
EQ-0088,2025-12-11,0
EQ-0047,2025-12-11,0
EQ-0380,2025-12-11,0
EQ-0435,2025-12-11,0
EQ-0431,2025-12-11,0
EQ-0090,2025-12-11,0
EQ-0326,2025-12-11,0
EQ-0357,2025-12-11,0
EQ-0123,2025-12-11,0
EQ-0116,2025-12-11,0
EQ-0220,2025-12-11,0
EQ-0315,2025-12-11,0
EQ-0208,2025-12-11,0
EQ-0111,2025-12-11,0
EQ-0027,2025-12-11,0
EQ-0317,2025-12-11,0
EQ-0069,2025-12-11,0
EQ-0274,2025-12-11,0
EQ-0061,2025-12-11,0
EQ-0024,2025-12-11,0
EQ-0235,2025-12-11,0
EQ-0261,2025-12-11,0
EQ-0247,2025-12-12,0
EQ-0009,2025-12-12,0
EQ-0249,2025-12-12,0
EQ-0039,2025-12-12,0
EQ-0015,2025-12-12,0
EQ-0340,2025-12-12,0
EQ-0372,2025-12-12,0
EQ-0050,2025-12-12,0
EQ-0401,2025-12-12,0
EQ-0411,2025-12-12,1
EQ-0334,2025-12-12,0
EQ-0037,2025-12-12,0
EQ-0285,2025-12-12,0
EQ-0196,2025-12-12,0
EQ-0025,2025-12-12,0
EQ-0428,2025-12-12,1
EQ-0301,2025-12-13,0
EQ-0143,2025-12-13,0
EQ-0417,2025-12-13,0
EQ-0074,2025-12-13,0
EQ-0236,2025-12-13,0
EQ-0059,2025-12-13,0
EQ-0314,2025-12-13,0
EQ-0402,2025-12-13,0
EQ-0181,2025-12-13,0
EQ-0245,2025-12-13,0
EQ-0290,2025-12-13,0
EQ-0203,2025-12-13,0
EQ-0114,2025-12-13,0
EQ-0021,2025-12-13,0
EQ-0134,2025-12-14,0
EQ-0419,2025-12-14,0
EQ-0049,2025-12-14,0
EQ-0300,2025-12-14,1
EQ-0098,2025-12-14,0
EQ-0068,2025-12-14,0
EQ-0205,2025-12-14,0
EQ-0213,2025-12-14,0
EQ-0168,2025-12-14,0
EQ-0323,2025-12-14,0
EQ-0048,2025-12-14,0
EQ-0177,2025-12-14,0
EQ-0317,2025-12-14,0
EQ-0270,2025-12-14,0
EQ-0390,2025-12-14,0
EQ-0153,2025-12-14,0
EQ-0052,2025-12-14,0
EQ-0014,2025-12-14,0
EQ-0289,2025-12-14,0
EQ-0343,2025-12-14,0
EQ-0258,2025-12-15,0
EQ-0212,2025-12-15,0
EQ-0055,2025-12-15,0
EQ-0033,2025-12-15,0
EQ-0259,2025-12-15,0
EQ-0260,2025-12-15,0
EQ-0058,2025-12-15,0
EQ-0375,2025-12-15,0
EQ-0057,2025-12-15,0
EQ-0356,2025-12-15,0
EQ-0393,2025-12-15,0
EQ-0391,2025-12-15,0
EQ-0362,2025-12-15,0
EQ-0261,2025-12-15,0
EQ-0371,2025-12-15,0
EQ-0109,2025-12-15,0
EQ-0369,2025-12-15,0
EQ-0067,2025-12-15,0
EQ-0392,2025-12-15,0
EQ-0209,2025-12-15,0
EQ-0302,2025-12-15,0
EQ-0185,2025-12-15,0
EQ-0430,2025-12-15,0
EQ-0253,2025-12-15,1
EQ-0141,2025-12-16,0
EQ-0207,2025-12-16,0
EQ-0165,2025-12-16,0
EQ-0051,2025-12-16,0
EQ-0297,2025-12-16,0
EQ-0382,2025-12-16,0
EQ-0228,2025-12-16,0
EQ-0433,2025-12-16,0
EQ-0064,2025-12-16,0
EQ-0082,2025-12-16,0
EQ-0181,2025-12-16,0
EQ-0066,2025-12-16,0
EQ-0305,2025-12-16,0
EQ-0101,2025-12-16,0
EQ-0309,2025-12-17,0
EQ-0282,2025-12-17,0
EQ-0381,2025-12-17,0
EQ-0299,2025-12-17,0
EQ-0374,2025-12-17,0
EQ-0390,2025-12-17,0
EQ-0330,2025-12-17,0
EQ-0250,2025-12-17,0
EQ-0288,2025-12-17,1
EQ-0156,2025-12-17,0
EQ-0190,2025-12-17,0
EQ-0018,2025-12-17,0
EQ-0119,2025-12-17,0
EQ-0050,2025-12-17,0
EQ-0394,2025-12-17,0
EQ-0415,2025-12-17,0
EQ-0335,2025-12-17,0
EQ-0254,2025-12-17,0
EQ-0351,2025-12-17,0
EQ-0019,2025-12-18,0
EQ-0281,2025-12-18,0
EQ-0164,2025-12-18,0
EQ-0211,2025-12-18,0
EQ-0056,2025-12-18,0
EQ-0179,2025-12-18,0
EQ-0095,2025-12-18,0
EQ-0233,2025-12-18,1
EQ-0400,2025-12-18,0
EQ-0195,2025-12-18,0
EQ-0238,2025-12-18,0
EQ-0421,2025-12-18,0
EQ-0332,2025-12-18,0
EQ-0028,2025-12-18,0
EQ-0163,2025-12-18,0
EQ-0130,2025-12-18,0
EQ-0040,2025-12-18,0
EQ-0127,2025-12-18,0
EQ-0359,2025-12-18,0
EQ-0262,2025-12-18,1
EQ-0405,2025-12-18,0
EQ-0433,2025-12-19,0
EQ-0216,2025-12-19,0
EQ-0131,2025-12-19,0
EQ-0013,2025-12-19,0
EQ-0011,2025-12-19,0
EQ-0042,2025-12-19,0
EQ-0134,2025-12-19,0
EQ-0397,2025-12-19,0
EQ-0365,2025-12-19,0
EQ-0350,2025-12-19,0
EQ-0192,2025-12-19,0
EQ-0248,2025-12-19,1
EQ-0087,2025-12-19,0
EQ-0010,2025-12-19,0
EQ-0280,2025-12-19,0
EQ-0105,2025-12-19,0
EQ-0103,2025-12-19,0
EQ-0389,2025-12-19,0
EQ-0007,2025-12-19,0
EQ-0174,2025-12-19,0
EQ-0055,2025-12-20,0
EQ-0338,2025-12-20,0
EQ-0281,2025-12-20,0
EQ-0287,2025-12-20,0
EQ-0154,2025-12-20,0
EQ-0180,2025-12-20,0
EQ-0020,2025-12-20,0
EQ-0204,2025-12-20,0
EQ-0361,2025-12-20,0
EQ-0307,2025-12-20,0
EQ-0004,2025-12-20,0
EQ-0023,2025-12-20,0
EQ-0339,2025-12-20,0
EQ-0153,2025-12-20,0
EQ-0276,2025-12-20,1
EQ-0062,2025-12-20,0
EQ-0165,2025-12-20,0
EQ-0152,2025-12-20,0
EQ-0373,2025-12-20,0
EQ-0139,2025-12-21,0
EQ-0096,2025-12-21,0
EQ-0117,2025-12-21,0
EQ-0267,2025-12-21,0
EQ-0219,2025-12-21,0
EQ-0262,2025-12-21,1
EQ-0304,2025-12-21,0
EQ-0425,2025-12-21,0
EQ-0398,2025-12-21,0
EQ-0166,2025-12-21,0
EQ-0278,2025-12-21,0
EQ-0156,2025-12-21,0
EQ-0037,2025-12-22,0
EQ-0022,2025-12-22,0
EQ-0066,2025-12-22,0
EQ-0342,2025-12-22,0
EQ-0227,2025-12-22,0
EQ-0023,2025-12-22,0
EQ-0229,2025-12-22,0
EQ-0047,2025-12-22,0
EQ-0069,2025-12-22,0
EQ-0224,2025-12-22,0
EQ-0271,2025-12-22,0
EQ-0151,2025-12-22,0
EQ-0420,2025-12-22,0
EQ-0424,2025-12-22,0
EQ-0214,2025-12-22,0
EQ-0063,2025-12-22,0
EQ-0412,2025-12-22,0
EQ-0252,2025-12-22,0
EQ-0434,2025-12-22,0
EQ-0310,2025-12-23,0
EQ-0076,2025-12-23,0
EQ-0009,2025-12-23,0
EQ-0155,2025-12-23,0
EQ-0065,2025-12-23,0
EQ-0016,2025-12-23,0
EQ-0240,2025-12-23,0
EQ-0144,2025-12-23,0
EQ-0038,2025-12-23,0
EQ-0394,2025-12-23,0
EQ-0396,2025-12-23,0
EQ-0331,2025-12-23,0
EQ-0187,2025-12-23,0
EQ-0437,2025-12-23,0
EQ-0048,2025-12-23,0
EQ-0084,2025-12-23,0
EQ-0128,2025-12-24,0
EQ-0005,2025-12-24,0
EQ-0366,2025-12-24,0
EQ-0001,2025-12-24,0
EQ-0260,2025-12-24,0
EQ-0031,2025-12-24,0
EQ-0089,2025-12-24,0
EQ-0162,2025-12-24,0
EQ-0022,2025-12-24,0
EQ-0027,2025-12-24,0
EQ-0200,2025-12-24,0
EQ-0257,2025-12-24,0
EQ-0348,2025-12-24,0
EQ-0202,2025-12-24,0
EQ-0197,2025-12-24,0
EQ-0064,2025-12-25,0
EQ-0088,2025-12-25,0
EQ-0032,2025-12-25,0
EQ-0039,2025-12-25,0
EQ-0083,2025-12-25,0
EQ-0007,2025-12-25,0
EQ-0171,2025-12-25,0
EQ-0043,2025-12-25,0
EQ-0273,2025-12-25,0
EQ-0203,2025-12-25,0
EQ-0280,2025-12-25,0
EQ-0255,2025-12-25,0
EQ-0237,2025-12-25,0
EQ-0199,2025-12-25,0
EQ-0427,2025-12-25,0
EQ-0013,2025-12-25,0
EQ-0382,2025-12-25,0
EQ-0436,2025-12-25,0
EQ-0124,2025-12-25,0
EQ-0147,2025-12-25,0
EQ-0038,2025-12-25,0
EQ-0426,2025-12-26,0
EQ-0311,2025-12-26,0
EQ-0416,2025-12-26,0
EQ-0367,2025-12-26,0
EQ-0145,2025-12-26,0
EQ-0003,2025-12-26,0
EQ-0178,2025-12-26,0
EQ-0193,2025-12-26,0
EQ-0306,2025-12-26,0
EQ-0438,2025-12-26,0
EQ-0054,2025-12-26,0
EQ-0324,2025-12-26,0
EQ-0015,2025-12-26,0
EQ-0385,2025-12-26,0
EQ-0122,2025-12-26,0
EQ-0320,2025-12-27,1
EQ-0189,2025-12-27,0
EQ-0201,2025-12-27,0
EQ-0365,2025-12-27,0
EQ-0355,2025-12-27,0
EQ-0376,2025-12-27,0
EQ-0252,2025-12-27,0
EQ-0337,2025-12-27,0
EQ-0044,2025-12-27,0
EQ-0077,2025-12-27,0
EQ-0387,2025-12-27,0
EQ-0112,2025-12-27,0
EQ-0012,2025-12-27,0
EQ-0333,2025-12-27,0
EQ-0056,2025-12-27,0
EQ-0128,2025-12-27,0
EQ-0368,2025-12-27,0
EQ-0194,2025-12-27,0
EQ-0349,2025-12-27,1
EQ-0178,2025-12-28,0
EQ-0265,2025-12-28,0
EQ-0036,2025-12-28,0
EQ-0410,2025-12-28,0
EQ-0296,2025-12-28,0
EQ-0078,2025-12-28,0
EQ-0427,2025-12-28,0
EQ-0347,2025-12-28,0
EQ-0292,2025-12-28,0
EQ-0346,2025-12-28,1
EQ-0312,2025-12-28,0
EQ-0148,2025-12-28,0
EQ-0108,2025-12-28,0
EQ-0344,2025-12-28,0
EQ-0381,2025-12-28,0
EQ-0144,2025-12-28,0
EQ-0286,2025-12-28,0
EQ-0132,2025-12-28,0
EQ-0012,2025-12-28,0
EQ-0239,2025-12-28,0
EQ-0431,2025-12-28,0
EQ-0256,2025-12-28,0
EQ-0017,2025-12-29,0
EQ-0434,2025-12-29,0
EQ-0176,2025-12-29,0
EQ-0388,2025-12-29,0
EQ-0166,2025-12-29,0
EQ-0052,2025-12-29,0
EQ-0158,2025-12-29,0
EQ-0432,2025-12-29,0
EQ-0408,2025-12-29,0
EQ-0081,2025-12-29,0
EQ-0414,2025-12-29,0
EQ-0377,2025-12-29,0
EQ-0028,2025-12-29,0
EQ-0136,2025-12-29,1
EQ-0384,2025-12-29,0
EQ-0126,2025-12-29,0
EQ-0029,2025-12-29,0
EQ-0003,2025-12-29,0
EQ-0268,2025-12-29,0
EQ-0049,2025-12-29,0
EQ-0146,2025-12-29,0
EQ-0322,2025-12-29,0
EQ-0367,2025-12-30,0
EQ-0244,2025-12-30,0
EQ-0121,2025-12-30,0
EQ-0158,2025-12-30,0
EQ-0277,2025-12-30,0
EQ-0432,2025-12-30,0
EQ-0065,2025-12-30,0
EQ-0072,2025-12-30,0
EQ-0279,2025-12-30,0
EQ-0259,2025-12-30,0
EQ-0070,2025-12-30,0
EQ-0002,2025-12-30,0
EQ-0093,2025-12-30,1
EQ-0364,2025-12-30,0
EQ-0395,2025-12-31,0
EQ-0353,2025-12-31,0
EQ-0142,2025-12-31,0
EQ-0151,2025-12-31,0
EQ-0369,2025-12-31,0
EQ-0040,2025-12-31,0
EQ-0126,2025-12-31,0
EQ-0061,2025-12-31,0
EQ-0336,2025-12-31,0
EQ-0073,2025-12-31,0
EQ-0093,2026-01-01,1
EQ-0379,2026-01-01,0
EQ-0380,2026-01-01,0
EQ-0162,2026-01-01,0
EQ-0172,2026-01-01,0
EQ-0408,2026-01-01,0
EQ-0134,2026-01-01,0
EQ-0362,2026-01-01,0
EQ-0126,2026-01-01,0
EQ-0025,2026-01-01,0
EQ-0109,2026-01-01,0
EQ-0142,2026-01-01,0
EQ-0178,2026-01-01,0
EQ-0039,2026-01-01,0
EQ-0085,2026-01-01,0
EQ-0083,2026-01-01,0
EQ-0393,2026-01-01,0
EQ-0377,2026-01-01,0
EQ-0047,2026-01-01,0
EQ-0115,2026-01-01,0
EQ-0252,2026-01-02,0
EQ-0158,2026-01-02,0
EQ-0415,2026-01-02,0
EQ-0341,2026-01-02,0
EQ-0380,2026-01-02,0
EQ-0334,2026-01-02,0
EQ-0245,2026-01-02,0
EQ-0394,2026-01-02,0
EQ-0326,2026-01-02,0
EQ-0094,2026-01-02,0
EQ-0421,2026-01-02,0
EQ-0153,2026-01-02,0
EQ-0188,2026-01-02,0
EQ-0143,2026-01-02,0
EQ-0150,2026-01-02,0
EQ-0277,2026-01-02,0
EQ-0050,2026-01-02,0
EQ-0234,2026-01-03,0
EQ-0396,2026-01-03,0
EQ-0049,2026-01-03,0
EQ-0304,2026-01-03,0
EQ-0041,2026-01-03,0
EQ-0055,2026-01-03,0
EQ-0035,2026-01-03,0
EQ-0159,2026-01-03,0
EQ-0395,2026-01-03,0
EQ-0331,2026-01-03,0
EQ-0179,2026-01-03,0
EQ-0242,2026-01-03,0
EQ-0048,2026-01-03,0
EQ-0066,2026-01-03,0
EQ-0340,2026-01-03,0
EQ-0432,2026-01-03,0
EQ-0365,2026-01-03,0
EQ-0373,2026-01-03,0
EQ-0257,2026-01-03,0
EQ-0138,2026-01-04,0
EQ-0299,2026-01-04,0
EQ-0331,2026-01-04,0
EQ-0127,2026-01-04,0
EQ-0413,2026-01-04,0
EQ-0077,2026-01-04,0
EQ-0356,2026-01-04,0
EQ-0110,2026-01-04,0
EQ-0282,2026-01-04,0
EQ-0225,2026-01-04,0
EQ-0400,2026-01-04,0
EQ-0067,2026-01-04,0
EQ-0148,2026-01-04,0
EQ-0093,2026-01-04,1
EQ-0296,2026-01-04,0
EQ-0431,2026-01-05,0
EQ-0436,2026-01-05,0
EQ-0276,2026-01-05,1
EQ-0008,2026-01-05,0
EQ-0087,2026-01-05,0
EQ-0193,2026-01-05,0
EQ-0036,2026-01-05,0
EQ-0393,2026-01-05,0
EQ-0207,2026-01-05,0
EQ-0161,2026-01-05,0
EQ-0437,2026-01-05,0
EQ-0055,2026-01-05,0
EQ-0378,2026-01-05,0
EQ-0303,2026-01-05,0
EQ-0405,2026-01-05,0
EQ-0124,2026-01-05,0
EQ-0049,2026-01-06,0
EQ-0042,2026-01-06,0
EQ-0429,2026-01-06,0
EQ-0366,2026-01-06,0
EQ-0157,2026-01-06,0
EQ-0191,2026-01-06,0
EQ-0361,2026-01-06,0
EQ-0395,2026-01-06,0
EQ-0096,2026-01-06,0
EQ-0339,2026-01-06,0
EQ-0029,2026-01-06,0
EQ-0264,2026-01-06,1
EQ-0374,2026-01-06,0
EQ-0038,2026-01-06,0
EQ-0262,2026-01-06,1
EQ-0105,2026-01-06,0
EQ-0265,2026-01-06,0
EQ-0110,2026-01-06,0
EQ-0141,2026-01-06,0
EQ-0370,2026-01-06,0
EQ-0132,2026-01-06,0
EQ-0022,2026-01-06,0
EQ-0198,2026-01-06,0
EQ-0390,2026-01-07,0
EQ-0128,2026-01-07,0
EQ-0386,2026-01-07,0
EQ-0336,2026-01-07,0
EQ-0249,2026-01-07,0
EQ-0306,2026-01-07,0
EQ-0009,2026-01-07,0
EQ-0270,2026-01-07,0
EQ-0045,2026-01-07,0
EQ-0434,2026-01-07,0
EQ-0030,2026-01-07,0
EQ-0107,2026-01-07,1
EQ-0260,2026-01-07,0
EQ-0070,2026-01-07,0
EQ-0309,2026-01-07,0
EQ-0165,2026-01-08,0
EQ-0373,2026-01-08,0
EQ-0023,2026-01-08,0
EQ-0391,2026-01-08,0
EQ-0180,2026-01-08,0
EQ-0435,2026-01-08,0
EQ-0419,2026-01-08,0
EQ-0018,2026-01-08,0
EQ-0164,2026-01-08,0
EQ-0097,2026-01-08,0
EQ-0307,2026-01-08,0
EQ-0046,2026-01-08,0
EQ-0129,2026-01-09,0
EQ-0285,2026-01-09,0
EQ-0104,2026-01-09,0
EQ-0091,2026-01-09,0
EQ-0301,2026-01-09,0
EQ-0414,2026-01-09,0
EQ-0181,2026-01-09,0
EQ-0278,2026-01-09,0
EQ-0402,2026-01-09,0
EQ-0239,2026-01-09,0
EQ-0323,2026-01-09,0
EQ-0014,2026-01-09,0
EQ-0079,2026-01-09,0
EQ-0102,2026-01-09,0
EQ-0191,2026-01-09,0
EQ-0397,2026-01-09,0
EQ-0076,2026-01-09,0
EQ-0200,2026-01-09,0
EQ-0090,2026-01-09,0
EQ-0120,2026-01-09,0
EQ-0051,2026-01-09,0
EQ-0274,2026-01-09,0
EQ-0175,2026-01-09,0
EQ-0067,2026-01-09,0
EQ-0176,2026-01-09,0
EQ-0363,2026-01-09,0
EQ-0255,2026-01-10,0
EQ-0212,2026-01-10,0
EQ-0382,2026-01-10,0
EQ-0281,2026-01-10,0
EQ-0378,2026-01-10,0
EQ-0174,2026-01-10,0
EQ-0318,2026-01-10,0
EQ-0315,2026-01-10,0
EQ-0194,2026-01-10,0
EQ-0053,2026-01-10,0
EQ-0012,2026-01-10,0
EQ-0086,2026-01-10,0
EQ-0216,2026-01-10,0
EQ-0313,2026-01-10,0
EQ-0081,2026-01-10,0
EQ-0196,2026-01-10,0
EQ-0001,2026-01-10,0
EQ-0192,2026-01-10,0
EQ-0061,2026-01-11,0
EQ-0153,2026-01-11,0
EQ-0007,2026-01-11,0
EQ-0268,2026-01-11,0
EQ-0197,2026-01-11,0
EQ-0034,2026-01-11,0
EQ-0044,2026-01-11,0
EQ-0046,2026-01-11,0
EQ-0227,2026-01-11,0
EQ-0022,2026-01-11,0
EQ-0221,2026-01-11,0
EQ-0063,2026-01-11,0
EQ-0367,2026-01-11,0
EQ-0100,2026-01-11,0
EQ-0009,2026-01-11,0
EQ-0235,2026-01-11,0
EQ-0189,2026-01-12,0
EQ-0263,2026-01-12,0
EQ-0316,2026-01-12,1
EQ-0241,2026-01-12,0
EQ-0337,2026-01-12,0
EQ-0292,2026-01-12,0
EQ-0377,2026-01-12,0
EQ-0351,2026-01-12,0
EQ-0020,2026-01-12,0
EQ-0065,2026-01-12,0
EQ-0016,2026-01-12,0
EQ-0108,2026-01-12,0
EQ-0033,2026-01-12,0
EQ-0084,2026-01-12,0
EQ-0431,2026-01-12,0
EQ-0344,2026-01-12,0
EQ-0352,2026-01-12,0
EQ-0048,2026-01-12,0
EQ-0053,2026-01-12,0
EQ-0423,2026-01-13,0
EQ-0280,2026-01-13,0
EQ-0387,2026-01-13,0
EQ-0075,2026-01-13,0
EQ-0137,2026-01-13,0
EQ-0371,2026-01-13,0
EQ-0271,2026-01-13,0
EQ-0058,2026-01-13,0
EQ-0011,2026-01-13,0
EQ-0005,2026-01-13,0
EQ-0267,2026-01-13,0
EQ-0279,2026-01-13,0
EQ-0099,2026-01-13,0
EQ-0020,2026-01-13,0
EQ-0026,2026-01-13,1
EQ-0201,2026-01-13,0
EQ-0040,2026-01-13,0
EQ-0171,2026-01-13,0
EQ-0133,2026-01-13,0
EQ-0275,2026-01-14,0
EQ-0438,2026-01-14,0
EQ-0038,2026-01-14,0
EQ-0128,2026-01-14,0
EQ-0047,2026-01-14,0
EQ-0273,2026-01-14,0
EQ-0156,2026-01-14,0
EQ-0243,2026-01-14,0
EQ-0013,2026-01-14,0
EQ-0149,2026-01-14,0
EQ-0064,2026-01-14,0
EQ-0244,2026-01-14,0
EQ-0158,2026-01-14,0
EQ-0220,2026-01-14,0
EQ-0360,2026-01-14,0
EQ-0389,2026-01-14,0
EQ-0065,2026-01-14,0
EQ-0305,2026-01-14,0
EQ-0391,2026-01-15,0
EQ-0177,2026-01-15,0
EQ-0320,2026-01-15,1
EQ-0092,2026-01-15,0
EQ-0019,2026-01-15,0
EQ-0262,2026-01-15,1
EQ-0261,2026-01-15,0
EQ-0321,2026-01-15,0
EQ-0042,2026-01-15,0
EQ-0003,2026-01-15,0
EQ-0402,2026-01-15,0
EQ-0269,2026-01-16,0
EQ-0056,2026-01-16,0
EQ-0394,2026-01-16,0
EQ-0088,2026-01-16,0
EQ-0164,2026-01-16,0
EQ-0302,2026-01-16,0
EQ-0190,2026-01-16,0
EQ-0182,2026-01-16,0
EQ-0294,2026-01-16,0
EQ-0267,2026-01-16,0
EQ-0199,2026-01-16,0
EQ-0044,2026-01-16,0
EQ-0163,2026-01-16,0
EQ-0080,2026-01-16,0
EQ-0089,2026-01-16,0
EQ-0259,2026-01-16,0
EQ-0150,2026-01-16,0
EQ-0250,2026-01-16,0
EQ-0428,2026-01-16,0
EQ-0156,2026-01-16,0
EQ-0274,2026-01-17,0
EQ-0037,2026-01-17,0
EQ-0369,2026-01-17,0
EQ-0006,2026-01-17,0
EQ-0157,2026-01-17,0
EQ-0268,2026-01-17,0
EQ-0113,2026-01-17,0
EQ-0319,2026-01-17,0
EQ-0338,2026-01-17,0
EQ-0327,2026-01-17,0
EQ-0186,2026-01-17,0
EQ-0353,2026-01-17,0
EQ-0367,2026-01-17,0
EQ-0061,2026-01-17,0
EQ-0001,2026-01-17,0
EQ-0114,2026-01-17,0
EQ-0381,2026-01-18,0
EQ-0002,2026-01-18,0
EQ-0023,2026-01-18,0
EQ-0040,2026-01-18,0
EQ-0152,2026-01-18,0
EQ-0407,2026-01-18,0
EQ-0330,2026-01-18,0
EQ-0031,2026-01-18,0
EQ-0135,2026-01-18,0
EQ-0410,2026-01-18,0
EQ-0392,2026-01-18,0
EQ-0045,2026-01-18,0
EQ-0217,2026-01-18,0
EQ-0232,2026-01-18,0
EQ-0159,2026-01-18,0
EQ-0366,2026-01-18,0
EQ-0016,2026-01-18,0
EQ-0302,2026-01-18,0
EQ-0178,2026-01-18,0
EQ-0014,2026-01-18,0
EQ-0071,2026-01-18,0
EQ-0258,2026-01-18,0
EQ-0311,2026-01-18,0
EQ-0259,2026-01-19,0
EQ-0345,2026-01-19,0
EQ-0256,2026-01-19,0
EQ-0028,2026-01-19,0
EQ-0155,2026-01-19,0
EQ-0293,2026-01-19,0
EQ-0062,2026-01-19,0
EQ-0181,2026-01-19,0
EQ-0063,2026-01-19,0
EQ-0381,2026-01-19,0
EQ-0416,2026-01-19,0
EQ-0024,2026-01-19,0
EQ-0145,2026-01-19,0
EQ-0290,2026-01-20,1
EQ-0439,2026-01-20,0
EQ-0214,2026-01-20,0
EQ-0078,2026-01-20,0
EQ-0383,2026-01-20,0
EQ-0210,2026-01-20,0
EQ-0368,2026-01-20,0
EQ-0265,2026-01-20,0
EQ-0043,2026-01-20,0
EQ-0228,2026-01-20,0
EQ-0204,2026-01-20,0
EQ-0411,2026-01-20,1
EQ-0205,2026-01-20,0
EQ-0062,2026-01-20,0
EQ-0122,2026-01-20,0
EQ-0160,2026-01-20,0
EQ-0420,2026-01-20,0
EQ-0291,2026-01-20,0
EQ-0125,2026-01-20,0
EQ-0238,2026-01-20,0
EQ-0374,2026-01-20,0
EQ-0276,2026-01-20,1
EQ-0256,2026-01-20,0
EQ-0433,2026-01-20,0
EQ-0146,2026-01-20,0
EQ-0123,2026-01-21,0
EQ-0166,2026-01-21,0
EQ-0119,2026-01-21,0
EQ-0335,2026-01-21,0
EQ-0227,2026-01-21,0
EQ-0401,2026-01-21,0
EQ-0066,2026-01-21,0
EQ-0389,2026-01-21,0
EQ-0144,2026-01-21,0
EQ-0280,2026-01-21,0
EQ-0223,2026-01-21,0
EQ-0037,2026-01-21,0
EQ-0379,2026-01-21,0
EQ-0254,2026-01-21,0
EQ-0388,2026-01-21,0
EQ-0012,2026-01-21,0
EQ-0011,2026-01-21,0
EQ-0140,2026-01-21,0
EQ-0173,2026-01-21,0
EQ-0266,2026-01-22,0
EQ-0359,2026-01-22,0
EQ-0056,2026-01-22,0
EQ-0432,2026-01-22,0
EQ-0175,2026-01-22,0
EQ-0057,2026-01-22,0
EQ-0151,2026-01-22,0
EQ-0398,2026-01-22,0
EQ-0082,2026-01-22,0
EQ-0387,2026-01-22,0
EQ-0027,2026-01-22,0
EQ-0147,2026-01-22,0
EQ-0308,2026-01-22,0
EQ-0050,2026-01-22,0
EQ-0254,2026-01-22,0
EQ-0168,2026-01-22,0
EQ-0031,2026-01-22,0
EQ-0208,2026-01-22,0
EQ-0418,2026-01-22,0
EQ-0426,2026-01-22,0
EQ-0412,2026-01-22,0
EQ-0350,2026-01-22,0
EQ-0134,2026-01-23,0
EQ-0106,2026-01-23,0
EQ-0007,2026-01-23,0
EQ-0203,2026-01-23,0
EQ-0328,2026-01-23,0
EQ-0404,2026-01-23,0
EQ-0069,2026-01-23,0
EQ-0206,2026-01-23,0
EQ-0043,2026-01-23,0
EQ-0388,2026-01-23,0
EQ-0152,2026-01-23,0
EQ-0317,2026-01-23,0
EQ-0052,2026-01-23,1
EQ-0184,2026-01-23,0
EQ-0244,2026-01-23,0
EQ-0166,2026-01-23,0
EQ-0170,2026-01-23,0
EQ-0177,2026-01-23,0
EQ-0281,2026-01-23,0
EQ-0324,2026-01-23,0
EQ-0417,2026-01-24,0
EQ-0273,2026-01-24,0
EQ-0052,2026-01-24,1
EQ-0427,2026-01-24,0
EQ-0195,2026-01-24,0
EQ-0060,2026-01-24,0
EQ-0236,2026-01-24,0
EQ-0187,2026-01-24,0
EQ-0111,2026-01-24,0
EQ-0337,2026-01-24,0
EQ-0154,2026-01-24,0
EQ-0015,2026-01-24,0
EQ-0013,2026-01-24,0
EQ-0148,2026-01-24,0
EQ-0130,2026-01-24,0
EQ-0032,2026-01-24,0
EQ-0298,2026-01-24,0
EQ-0424,2026-01-24,0
EQ-0139,2026-01-24,1
EQ-0059,2026-01-25,0
EQ-0224,2026-01-25,0
EQ-0117,2026-01-25,0
EQ-0260,2026-01-25,0
EQ-0310,2026-01-25,0
EQ-0237,2026-01-25,0
EQ-0126,2026-01-25,0
EQ-0202,2026-01-25,0
EQ-0036,2026-01-25,0
EQ-0425,2026-01-25,0
EQ-0098,2026-01-25,0
EQ-0409,2026-01-25,0
EQ-0103,2026-01-25,0
EQ-0283,2026-01-25,0
EQ-0005,2026-01-25,0
EQ-0008,2026-01-25,0
EQ-0372,2026-01-25,0
EQ-0165,2026-01-26,0
EQ-0060,2026-01-26,0
EQ-0364,2026-01-26,0
EQ-0010,2026-01-26,0
EQ-0371,2026-01-26,0
EQ-0286,2026-01-26,0
EQ-0203,2026-01-26,0
EQ-0073,2026-01-26,0
EQ-0246,2026-01-26,0
EQ-0261,2026-01-26,0
EQ-0433,2026-01-26,0
EQ-0422,2026-01-26,1
EQ-0039,2026-01-26,0
EQ-0174,2026-01-26,0
EQ-0288,2026-01-26,0
EQ-0300,2026-01-26,0
EQ-0144,2026-01-26,0
EQ-0406,2026-01-26,0
EQ-0183,2026-01-27,0
EQ-0272,2026-01-27,0
EQ-0155,2026-01-27,0
EQ-0004,2026-01-27,0
EQ-0355,2026-01-27,0
EQ-0251,2026-01-27,0
EQ-0329,2026-01-27,0
EQ-0382,2026-01-27,0
EQ-0349,2026-01-27,0
EQ-0027,2026-01-27,0
EQ-0437,2026-01-27,0
EQ-0162,2026-01-27,0
EQ-0358,2026-01-27,0
EQ-0101,2026-01-27,0
EQ-0416,2026-01-27,0
EQ-0211,2026-01-27,0
EQ-0068,2026-01-27,0
EQ-0118,2026-01-27,1
EQ-0248,2026-01-27,0
EQ-0213,2026-01-28,0
EQ-0375,2026-01-28,0
EQ-0263,2026-01-28,0
EQ-0332,2026-01-28,0
EQ-0231,2026-01-28,0
EQ-0074,2026-01-28,0
EQ-0279,2026-01-28,0
EQ-0230,2026-01-28,0
EQ-0343,2026-01-28,0
EQ-0233,2026-01-28,1
EQ-0136,2026-01-28,0
EQ-0169,2026-01-28,0
EQ-0236,2026-01-28,0
EQ-0284,2026-01-28,0
EQ-0218,2026-01-28,0
EQ-0257,2026-01-28,0
EQ-0252,2026-01-28,0
EQ-0054,2026-01-28,0
EQ-0403,2026-01-28,0
EQ-0172,2026-01-28,0
EQ-0240,2026-01-28,0
EQ-0369,2026-01-29,0
EQ-0179,2026-01-29,0
EQ-0316,2026-01-29,0
EQ-0424,2026-01-29,0
EQ-0247,2026-01-29,0
EQ-0021,2026-01-29,0
EQ-0201,2026-01-29,0
EQ-0354,2026-01-29,0
EQ-0116,2026-01-29,0
EQ-0234,2026-01-29,0
EQ-0342,2026-01-29,0
EQ-0266,2026-01-29,0
EQ-0173,2026-01-29,0
EQ-0163,2026-01-29,0
EQ-0384,2026-01-29,0
EQ-0112,2026-01-30,0
EQ-0151,2026-01-30,0
EQ-0390,2026-01-30,0
EQ-0348,2026-01-30,0
EQ-0209,2026-01-30,0
EQ-0347,2026-01-30,0
EQ-0392,2026-01-30,0
EQ-0357,2026-01-30,0
EQ-0002,2026-01-30,0
EQ-0033,2026-01-30,0
EQ-0219,2026-01-30,0
EQ-0229,2026-01-30,0
EQ-0095,2026-01-30,0
EQ-0028,2026-01-30,0
EQ-0121,2026-01-30,1
EQ-0226,2026-01-31,0
EQ-0214,2026-01-31,0
EQ-0289,2026-01-31,0
EQ-0069,2026-01-31,0
EQ-0015,2026-01-31,0
EQ-0385,2026-01-31,0
EQ-0312,2026-01-31,0
EQ-0376,2026-01-31,0
EQ-0297,2026-01-31,0
EQ-0167,2026-01-31,0
EQ-0427,2026-01-31,0
EQ-0185,2026-01-31,0
EQ-0399,2026-01-31,1
EQ-0333,2026-01-31,0
EQ-0317,2026-01-31,0
EQ-0287,2026-01-31,0
EQ-0430,2026-01-31,0
EQ-0064,2026-01-31,0
EQ-0003,2026-01-31,0
EQ-0346,2026-01-31,1
EQ-0295,2026-01-31,0
EQ-0198,2026-02-01,0
EQ-0252,2026-02-01,0
EQ-0400,2026-02-01,0
EQ-0438,2026-02-01,0
EQ-0125,2026-02-01,0
EQ-0003,2026-02-01,0
EQ-0268,2026-02-01,0
EQ-0309,2026-02-01,0
EQ-0064,2026-02-01,0
EQ-0159,2026-02-01,0
EQ-0274,2026-02-01,0
EQ-0275,2026-02-01,0
EQ-0060,2026-02-01,0
EQ-0311,2026-02-01,0
EQ-0242,2026-02-01,0
EQ-0314,2026-02-01,0
EQ-0248,2026-02-01,0
EQ-0134,2026-02-01,0
EQ-0427,2026-02-01,0
EQ-0414,2026-02-01,0
EQ-0397,2026-02-02,0
EQ-0262,2026-02-02,1
EQ-0095,2026-02-02,0
EQ-0424,2026-02-02,0
EQ-0380,2026-02-02,0
EQ-0322,2026-02-02,0
EQ-0203,2026-02-02,0
EQ-0033,2026-02-02,0
EQ-0305,2026-02-02,0
EQ-0294,2026-02-02,0
EQ-0108,2026-02-02,0
EQ-0276,2026-02-02,1
EQ-0026,2026-02-02,1
EQ-0269,2026-02-02,0
EQ-0057,2026-02-02,0
EQ-0382,2026-02-02,0
EQ-0220,2026-02-02,0
EQ-0176,2026-02-02,0
EQ-0067,2026-02-02,0
EQ-0014,2026-02-03,0
EQ-0003,2026-02-03,0
EQ-0215,2026-02-03,0
EQ-0395,2026-02-03,0
EQ-0335,2026-02-03,0
EQ-0213,2026-02-03,0
EQ-0399,2026-02-03,1
EQ-0122,2026-02-03,0
EQ-0156,2026-02-03,0
EQ-0412,2026-02-03,0
EQ-0029,2026-02-03,0
EQ-0337,2026-02-03,0
EQ-0090,2026-02-03,0
EQ-0225,2026-02-03,0
EQ-0202,2026-02-03,0
EQ-0053,2026-02-03,0
EQ-0424,2026-02-03,0
EQ-0154,2026-02-03,0
EQ-0010,2026-02-03,0
EQ-0043,2026-02-03,0
EQ-0254,2026-02-03,0
EQ-0037,2026-02-03,0
EQ-0327,2026-02-03,0
EQ-0114,2026-02-04,0
EQ-0001,2026-02-04,0
EQ-0017,2026-02-04,0
EQ-0415,2026-02-04,0
EQ-0374,2026-02-04,0
EQ-0222,2026-02-04,0
EQ-0416,2026-02-04,0
EQ-0251,2026-02-04,0
EQ-0061,2026-02-04,0
EQ-0060,2026-02-04,0
EQ-0342,2026-02-04,0
EQ-0036,2026-02-04,0
EQ-0390,2026-02-04,0
EQ-0012,2026-02-04,0
EQ-0267,2026-02-04,0
EQ-0165,2026-02-04,0
EQ-0387,2026-02-04,0
EQ-0069,2026-02-04,0
EQ-0137,2026-02-04,0
EQ-0226,2026-02-04,0
EQ-0382,2026-02-04,0
EQ-0298,2026-02-04,0
EQ-0274,2026-02-05,0
EQ-0042,2026-02-05,0
EQ-0115,2026-02-05,0
EQ-0118,2026-02-05,1
EQ-0126,2026-02-05,0
EQ-0240,2026-02-05,0
EQ-0217,2026-02-05,0
EQ-0241,2026-02-05,0
EQ-0203,2026-02-05,0
EQ-0425,2026-02-05,0
EQ-0022,2026-02-05,0
EQ-0058,2026-02-05,0
EQ-0002,2026-02-05,0
EQ-0284,2026-02-05,0
EQ-0055,2026-02-05,0
EQ-0177,2026-02-05,0
EQ-0080,2026-02-05,0
EQ-0048,2026-02-05,0
EQ-0035,2026-02-05,0
EQ-0318,2026-02-05,0
EQ-0140,2026-02-05,0
EQ-0070,2026-02-05,0
EQ-0196,2026-02-05,0
EQ-0355,2026-02-05,0
EQ-0406,2026-02-05,0
EQ-0407,2026-02-05,0
EQ-0293,2026-02-05,0
EQ-0179,2026-02-06,0
EQ-0221,2026-02-06,0
EQ-0227,2026-02-06,0
EQ-0288,2026-02-06,0
EQ-0178,2026-02-06,0
EQ-0391,2026-02-06,0
EQ-0052,2026-02-06,1
EQ-0433,2026-02-06,0
EQ-0304,2026-02-06,0
EQ-0110,2026-02-06,0
EQ-0369,2026-02-06,0
EQ-0348,2026-02-06,0
EQ-0155,2026-02-06,0
EQ-0075,2026-02-06,0
EQ-0053,2026-02-06,0
EQ-0099,2026-02-06,0
EQ-0174,2026-02-06,0
EQ-0120,2026-02-06,0
EQ-0163,2026-02-06,0
EQ-0282,2026-02-06,0
EQ-0199,2026-02-06,0
EQ-0013,2026-02-06,0
EQ-0021,2026-02-06,0
EQ-0367,2026-02-06,0
EQ-0285,2026-02-07,0
EQ-0119,2026-02-07,0
EQ-0009,2026-02-07,0
EQ-0205,2026-02-07,0
EQ-0066,2026-02-07,0
EQ-0195,2026-02-07,0
EQ-0085,2026-02-07,0
EQ-0019,2026-02-07,0
EQ-0254,2026-02-07,0
EQ-0338,2026-02-07,0
EQ-0040,2026-02-07,0
EQ-0280,2026-02-07,0
EQ-0165,2026-02-07,0
EQ-0259,2026-02-07,0
EQ-0365,2026-02-07,0
EQ-0101,2026-02-07,0
EQ-0181,2026-02-08,0
EQ-0045,2026-02-08,0
EQ-0065,2026-02-08,0
EQ-0164,2026-02-08,0
EQ-0023,2026-02-08,0
EQ-0260,2026-02-08,0
EQ-0103,2026-02-08,0
EQ-0032,2026-02-08,0
EQ-0050,2026-02-08,0
EQ-0097,2026-02-08,0
EQ-0234,2026-02-08,0
EQ-0325,2026-02-08,0
EQ-0031,2026-02-08,0
EQ-0336,2026-02-08,0
EQ-0008,2026-02-09,0
EQ-0130,2026-02-09,0
EQ-0265,2026-02-09,0
EQ-0416,2026-02-09,0
EQ-0366,2026-02-09,0
EQ-0419,2026-02-09,0
EQ-0009,2026-02-09,0
EQ-0184,2026-02-09,0
EQ-0193,2026-02-09,0
EQ-0312,2026-02-09,0
EQ-0046,2026-02-09,0
EQ-0136,2026-02-09,0
EQ-0429,2026-02-09,0
EQ-0418,2026-02-09,0
EQ-0016,2026-02-09,0
EQ-0054,2026-02-09,0
EQ-0317,2026-02-09,0
EQ-0244,2026-02-09,0
EQ-0181,2026-02-09,0
EQ-0170,2026-02-09,0
EQ-0326,2026-02-10,0
EQ-0409,2026-02-10,0
EQ-0182,2026-02-10,0
EQ-0197,2026-02-10,0
EQ-0289,2026-02-10,0
EQ-0100,2026-02-10,0
EQ-0319,2026-02-10,0
EQ-0040,2026-02-10,0
EQ-0020,2026-02-10,0
EQ-0345,2026-02-10,0
EQ-0344,2026-02-10,0
EQ-0173,2026-02-10,0
EQ-0081,2026-02-10,0
EQ-0339,2026-02-10,0
EQ-0433,2026-02-10,0
EQ-0160,2026-02-10,0
EQ-0264,2026-02-10,1
EQ-0001,2026-02-10,0
EQ-0052,2026-02-10,1
EQ-0116,2026-02-10,0
EQ-0063,2026-02-10,0
EQ-0028,2026-02-10,0
EQ-0362,2026-02-10,0
EQ-0381,2026-02-10,0
EQ-0168,2026-02-10,0
EQ-0179,2026-02-10,0
EQ-0208,2026-02-10,0
EQ-0396,2026-02-10,0
EQ-0169,2026-02-11,0
EQ-0263,2026-02-11,0
EQ-0365,2026-02-11,0
EQ-0045,2026-02-11,0
EQ-0361,2026-02-11,0
EQ-0034,2026-02-11,0
EQ-0383,2026-02-11,0
EQ-0276,2026-02-11,1
EQ-0091,2026-02-11,0
EQ-0388,2026-02-11,0
EQ-0375,2026-02-11,0
EQ-0051,2026-02-11,0
EQ-0373,2026-02-11,0
EQ-0020,2026-02-11,0
EQ-0328,2026-02-11,0
EQ-0161,2026-02-11,0
EQ-0104,2026-02-11,0
EQ-0149,2026-02-11,0
EQ-0253,2026-02-11,0
EQ-0259,2026-02-12,0
EQ-0227,2026-02-12,0
EQ-0258,2026-02-12,0
EQ-0084,2026-02-12,0
EQ-0123,2026-02-12,0
EQ-0051,2026-02-12,0
EQ-0380,2026-02-12,0
EQ-0189,2026-02-12,0
EQ-0008,2026-02-12,0
EQ-0401,2026-02-12,0
EQ-0011,2026-02-12,0
EQ-0065,2026-02-12,0
EQ-0206,2026-02-12,0
EQ-0163,2026-02-12,0
EQ-0431,2026-02-12,0
EQ-0316,2026-02-12,0
EQ-0228,2026-02-13,0
EQ-0068,2026-02-13,0
EQ-0280,2026-02-13,0
EQ-0177,2026-02-13,0
EQ-0393,2026-02-13,0
EQ-0218,2026-02-13,0
EQ-0252,2026-02-13,0
EQ-0300,2026-02-13,0
EQ-0144,2026-02-13,0
EQ-0044,2026-02-13,0
EQ-0113,2026-02-13,0
EQ-0056,2026-02-13,0
EQ-0295,2026-02-13,0
EQ-0151,2026-02-13,0
EQ-0007,2026-02-13,0
EQ-0321,2026-02-13,0
EQ-0157,2026-02-13,0
EQ-0426,2026-02-13,0
EQ-0038,2026-02-13,0
EQ-0153,2026-02-13,0
EQ-0231,2026-02-13,0
EQ-0214,2026-02-13,0
EQ-0216,2026-02-13,0
EQ-0427,2026-02-13,0
EQ-0403,2026-02-14,0
EQ-0139,2026-02-14,1
EQ-0011,2026-02-14,0
EQ-0306,2026-02-14,0
EQ-0393,2026-02-14,0
EQ-0050,2026-02-14,0
EQ-0331,2026-02-14,0
EQ-0302,2026-02-14,0
EQ-0150,2026-02-14,0
EQ-0436,2026-02-14,0
EQ-0341,2026-02-14,0
EQ-0005,2026-02-15,0
EQ-0315,2026-02-15,0
EQ-0192,2026-02-15,0
EQ-0117,2026-02-15,0
EQ-0366,2026-02-15,0
EQ-0373,2026-02-15,0
EQ-0364,2026-02-15,0
EQ-0267,2026-02-15,0
EQ-0340,2026-02-15,0
EQ-0316,2026-02-15,0
EQ-0437,2026-02-15,0
EQ-0347,2026-02-15,0
EQ-0281,2026-02-15,0
EQ-0357,2026-02-15,0
EQ-0247,2026-02-15,0
EQ-0411,2026-02-15,1
EQ-0266,2026-02-15,0
EQ-0250,2026-02-15,0
EQ-0391,2026-02-15,0
EQ-0078,2026-02-15,0
EQ-0331,2026-02-15,0
EQ-0392,2026-02-15,0
EQ-0145,2026-02-15,0
EQ-0002,2026-02-15,0
EQ-0049,2026-02-15,0
EQ-0138,2026-02-15,0
EQ-0378,2026-02-15,0
EQ-0234,2026-02-15,0
EQ-0183,2026-02-15,0
EQ-0061,2026-02-16,0
EQ-0073,2026-02-16,0
EQ-0334,2026-02-16,0
EQ-0404,2026-02-16,0
EQ-0265,2026-02-16,0
EQ-0201,2026-02-16,0
EQ-0211,2026-02-16,0
EQ-0262,2026-02-16,1
EQ-0135,2026-02-16,0
EQ-0038,2026-02-16,0
EQ-0434,2026-02-16,0
EQ-0049,2026-02-16,0
EQ-0410,2026-02-16,0
EQ-0256,2026-02-16,0
EQ-0142,2026-02-16,0
EQ-0374,2026-02-16,0
EQ-0387,2026-02-16,0
EQ-0330,2026-02-17,1
EQ-0188,2026-02-17,0
EQ-0413,2026-02-17,0
EQ-0432,2026-02-17,0
EQ-0151,2026-02-17,0
EQ-0363,2026-02-17,0
EQ-0352,2026-02-17,0
EQ-0028,2026-02-17,0
EQ-0392,2026-02-17,0
EQ-0256,2026-02-17,0
EQ-0066,2026-02-17,0
EQ-0105,2026-02-17,0
EQ-0308,2026-02-17,0
EQ-0126,2026-02-17,0
EQ-0039,2026-02-17,0
EQ-0283,2026-02-17,0
EQ-0351,2026-02-18,0
EQ-0204,2026-02-18,0
EQ-0111,2026-02-18,0
EQ-0022,2026-02-18,0
EQ-0044,2026-02-18,0
EQ-0158,2026-02-18,0
EQ-0299,2026-02-18,0
EQ-0039,2026-02-18,0
EQ-0236,2026-02-18,0
EQ-0148,2026-02-18,0
EQ-0358,2026-02-18,0
EQ-0175,2026-02-18,0
EQ-0010,2026-02-18,0
EQ-0394,2026-02-18,0
EQ-0439,2026-02-18,0
EQ-0150,2026-02-18,0
EQ-0368,2026-02-18,0
EQ-0110,2026-02-18,0
EQ-0378,2026-02-18,0
EQ-0166,2026-02-18,0
EQ-0072,2026-02-18,0
EQ-0350,2026-02-18,0
EQ-0004,2026-02-18,0
EQ-0132,2026-02-18,0
EQ-0434,2026-02-18,0
EQ-0435,2026-02-18,0
EQ-0109,2026-02-18,0
EQ-0069,2026-02-18,0
EQ-0207,2026-02-18,0
EQ-0323,2026-02-18,0
EQ-0349,2026-02-18,0
EQ-0303,2026-02-18,0
EQ-0076,2026-02-18,0
EQ-0388,2026-02-18,0
EQ-0292,2026-02-18,0
EQ-0313,2026-02-19,0
EQ-0121,2026-02-19,1
EQ-0431,2026-02-19,0
EQ-0148,2026-02-19,0
EQ-0210,2026-02-19,0
EQ-0377,2026-02-19,0
EQ-0194,2026-02-19,0
EQ-0024,2026-02-19,0
EQ-0162,2026-02-19,0
EQ-0133,2026-02-19,0
EQ-0064,2026-02-19,0
EQ-0007,2026-02-19,0
EQ-0018,2026-02-19,0
EQ-0079,2026-02-20,0
EQ-0405,2026-02-20,0
EQ-0016,2026-02-20,0
EQ-0270,2026-02-20,0
EQ-0087,2026-02-20,0
EQ-0062,2026-02-20,0
EQ-0027,2026-02-20,0
EQ-0144,2026-02-20,0
EQ-0074,2026-02-20,0
EQ-0310,2026-02-20,0
EQ-0389,2026-02-20,0
EQ-0386,2026-02-20,0
EQ-0134,2026-02-20,0
EQ-0402,2026-02-20,0
EQ-0423,2026-02-20,0
EQ-0353,2026-02-20,0
EQ-0273,2026-02-20,0
EQ-0281,2026-02-20,0
EQ-0143,2026-02-20,0
EQ-0245,2026-02-20,0
EQ-0059,2026-02-20,0
EQ-0129,2026-02-20,0
EQ-0367,2026-02-20,0
EQ-0214,2026-02-20,0
EQ-0279,2026-02-20,0
EQ-0006,2026-02-20,0
EQ-0244,2026-02-21,0
EQ-0159,2026-02-21,0
EQ-0381,2026-02-21,0
EQ-0173,2026-02-21,0
EQ-0180,2026-02-21,0
EQ-0337,2026-02-21,0
EQ-0025,2026-02-21,0
EQ-0175,2026-02-21,0
EQ-0233,2026-02-21,0
EQ-0249,2026-02-21,0
EQ-0088,2026-02-21,0
EQ-0243,2026-02-22,0
EQ-0056,2026-02-22,0
EQ-0102,2026-02-22,0
EQ-0379,2026-02-22,0
EQ-0255,2026-02-22,0
EQ-0047,2026-02-22,0
EQ-0155,2026-02-22,0
EQ-0307,2026-02-22,0
EQ-0279,2026-02-22,0
EQ-0212,2026-02-22,0
EQ-0346,2026-02-22,0
EQ-0402,2026-02-22,0
EQ-0131,2026-02-22,0
EQ-0093,2026-02-22,0
EQ-0260,2026-02-22,0
EQ-0062,2026-02-22,0
EQ-0432,2026-02-22,0
EQ-0033,2026-02-22,0
EQ-0324,2026-02-22,0
EQ-0172,2026-02-22,0
EQ-0201,2026-02-22,0
EQ-0088,2026-02-22,0
EQ-0127,2026-02-22,1
EQ-0112,2026-02-22,0
EQ-0257,2026-02-22,0
EQ-0077,2026-02-22,0
EQ-0229,2026-02-22,0
EQ-0128,2026-02-22,0
EQ-0287,2026-02-23,0
EQ-0055,2026-02-23,0
EQ-0238,2026-02-23,0
EQ-0277,2026-02-23,0
EQ-0390,2026-02-23,0
EQ-0291,2026-02-23,0
EQ-0354,2026-02-23,0
EQ-0356,2026-02-23,0
EQ-0107,2026-02-23,0
EQ-0013,2026-02-23,0
EQ-0296,2026-02-23,0
EQ-0273,2026-02-23,0
EQ-0272,2026-02-23,0
EQ-0005,2026-02-23,0
EQ-0369,2026-02-23,0
EQ-0082,2026-02-23,0
EQ-0371,2026-02-23,0
EQ-0209,2026-02-23,0
EQ-0379,2026-02-23,0
EQ-0185,2026-02-23,0
EQ-0186,2026-02-23,0
EQ-0360,2026-02-23,0
EQ-0178,2026-02-23,0
EQ-0083,2026-02-23,0
EQ-0152,2026-02-23,0
EQ-0266,2026-02-24,0
EQ-0286,2026-02-24,0
EQ-0093,2026-02-24,0
EQ-0067,2026-02-24,0
EQ-0246,2026-02-24,0
EQ-0376,2026-02-24,0
EQ-0158,2026-02-24,0
EQ-0377,2026-02-24,0
EQ-0343,2026-02-24,0
EQ-0153,2026-02-24,0
EQ-0023,2026-02-24,0
EQ-0190,2026-02-24,0
EQ-0031,2026-02-24,0
EQ-0394,2026-02-24,0
EQ-0124,2026-02-24,0
EQ-0166,2026-02-24,0
EQ-0232,2026-02-24,0
EQ-0302,2026-02-24,0
EQ-0036,2026-02-24,0
EQ-0235,2026-02-24,0
EQ-0147,2026-02-24,0
EQ-0271,2026-02-24,0
EQ-0332,2026-02-24,0
EQ-0320,2026-02-24,0
EQ-0430,2026-02-25,0
EQ-0268,2026-02-25,0
EQ-0096,2026-02-25,0
EQ-0187,2026-02-25,0
EQ-0167,2026-02-25,0
EQ-0408,2026-02-25,0
EQ-0042,2026-02-25,0
EQ-0092,2026-02-25,0
EQ-0015,2026-02-26,0
EQ-0106,2026-02-26,0
EQ-0191,2026-02-26,0
EQ-0152,2026-02-26,0
EQ-0420,2026-02-26,0
EQ-0278,2026-02-26,0
EQ-0156,2026-02-26,0
EQ-0422,2026-02-26,1
EQ-0317,2026-02-26,0
EQ-0236,2026-02-26,0
EQ-0174,2026-02-26,0
EQ-0164,2026-02-26,0
EQ-0257,2026-02-26,0
EQ-0146,2026-02-26,0
EQ-0333,2026-02-26,0
EQ-0219,2026-02-26,0
EQ-0398,2026-02-26,0
EQ-0290,2026-02-26,1
EQ-0389,2026-02-26,0
EQ-0329,2026-02-26,0
EQ-0071,2026-02-26,0
EQ-0043,2026-02-26,0
EQ-0278,2026-02-27,0
EQ-0030,2026-02-27,0
EQ-0063,2026-02-27,0
EQ-0041,2026-02-27,0
EQ-0171,2026-02-27,0
EQ-0224,2026-02-27,0
EQ-0237,2026-02-27,0
EQ-0263,2026-02-27,0
EQ-0094,2026-02-27,0
EQ-0015,2026-02-27,0
EQ-0371,2026-02-27,0
EQ-0230,2026-02-27,0
EQ-0395,2026-02-28,0
EQ-0089,2026-02-28,0
EQ-0162,2026-02-28,0
EQ-0261,2026-02-28,0
EQ-0417,2026-02-28,0
EQ-0428,2026-02-28,0
EQ-0372,2026-02-28,0
EQ-0048,2026-02-28,0
EQ-0370,2026-02-28,0
EQ-0086,2026-02-28,0
EQ-0223,2026-02-28,0
EQ-0212,2026-03-01,0
EQ-0277,2026-03-01,0
EQ-0279,2026-03-01,0
EQ-0122,2026-03-01,0
EQ-0213,2026-03-01,0
EQ-0357,2026-03-01,0
EQ-0010,2026-03-01,0
EQ-0403,2026-03-01,0
EQ-0331,2026-03-01,0
EQ-0238,2026-03-01,0
EQ-0202,2026-03-01,0
EQ-0310,2026-03-01,0
EQ-0135,2026-03-01,0
EQ-0057,2026-03-01,0
EQ-0020,2026-03-01,0
EQ-0336,2026-03-01,0
EQ-0378,2026-03-01,0
EQ-0214,2026-03-02,0
EQ-0244,2026-03-02,0
EQ-0075,2026-03-02,0
EQ-0364,2026-03-02,0
EQ-0405,2026-03-02,0
EQ-0261,2026-03-02,0
EQ-0044,2026-03-02,0
EQ-0392,2026-03-02,0
EQ-0072,2026-03-02,0
EQ-0371,2026-03-02,0
EQ-0091,2026-03-02,0
EQ-0005,2026-03-02,0
EQ-0003,2026-03-02,0
EQ-0319,2026-03-02,0
EQ-0151,2026-03-02,0
EQ-0097,2026-03-02,0
EQ-0391,2026-03-02,0
EQ-0264,2026-03-02,1
EQ-0110,2026-03-03,0
EQ-0267,2026-03-03,0
EQ-0175,2026-03-03,0
EQ-0024,2026-03-03,0
EQ-0084,2026-03-03,0
EQ-0352,2026-03-03,0
EQ-0416,2026-03-03,0
EQ-0192,2026-03-03,0
EQ-0043,2026-03-03,0
EQ-0022,2026-03-03,0
EQ-0038,2026-03-03,0
EQ-0030,2026-03-03,0
EQ-0028,2026-03-03,0
EQ-0341,2026-03-03,0
EQ-0342,2026-03-03,0
EQ-0156,2026-03-03,0
EQ-0395,2026-03-03,0
EQ-0268,2026-03-03,0
EQ-0331,2026-03-03,0
EQ-0306,2026-03-04,0
EQ-0196,2026-03-04,0
EQ-0276,2026-03-04,1
EQ-0436,2026-03-04,0
EQ-0148,2026-03-04,0
EQ-0105,2026-03-04,0
EQ-0434,2026-03-04,0
EQ-0297,2026-03-04,0
EQ-0106,2026-03-04,0
EQ-0248,2026-03-04,0
EQ-0360,2026-03-04,0
EQ-0129,2026-03-04,0
EQ-0153,2026-03-04,0
EQ-0221,2026-03-04,0
EQ-0338,2026-03-05,0
EQ-0064,2026-03-05,0
EQ-0250,2026-03-05,0
EQ-0109,2026-03-05,0
EQ-0278,2026-03-05,0
EQ-0229,2026-03-05,0
EQ-0125,2026-03-05,0
EQ-0308,2026-03-05,0
EQ-0254,2026-03-05,0
EQ-0166,2026-03-05,0
EQ-0045,2026-03-05,0
EQ-0251,2026-03-05,0
EQ-0260,2026-03-05,0
EQ-0320,2026-03-05,0
EQ-0394,2026-03-05,0
EQ-0128,2026-03-05,0
EQ-0434,2026-03-06,0
EQ-0363,2026-03-06,0
EQ-0329,2026-03-06,0
EQ-0189,2026-03-06,0
EQ-0351,2026-03-06,0
EQ-0236,2026-03-06,0
EQ-0353,2026-03-06,0
EQ-0281,2026-03-06,0
EQ-0191,2026-03-06,0
EQ-0371,2026-03-06,0
EQ-0424,2026-03-06,0
EQ-0355,2026-03-06,0
EQ-0313,2026-03-06,0
EQ-0408,2026-03-06,0
EQ-0220,2026-03-06,0
EQ-0090,2026-03-06,0
EQ-0275,2026-03-06,0
EQ-0119,2026-03-06,0
EQ-0429,2026-03-06,0
EQ-0219,2026-03-06,0
EQ-0127,2026-03-06,1
EQ-0273,2026-03-06,0
EQ-0036,2026-03-06,0
EQ-0358,2026-03-07,0
EQ-0204,2026-03-07,0
EQ-0025,2026-03-07,0
EQ-0389,2026-03-07,0
EQ-0070,2026-03-07,0
EQ-0006,2026-03-07,0
EQ-0133,2026-03-07,0
EQ-0305,2026-03-07,0
EQ-0176,2026-03-07,1
EQ-0245,2026-03-07,0
EQ-0114,2026-03-07,0
EQ-0116,2026-03-07,0
EQ-0348,2026-03-07,0
EQ-0010,2026-03-07,0
EQ-0393,2026-03-07,0
EQ-0008,2026-03-07,0
EQ-0261,2026-03-07,0
EQ-0402,2026-03-07,0
EQ-0037,2026-03-07,0
EQ-0309,2026-03-08,0
EQ-0432,2026-03-08,0
EQ-0416,2026-03-08,0
EQ-0154,2026-03-08,0
EQ-0240,2026-03-08,0
EQ-0037,2026-03-08,0
EQ-0387,2026-03-08,0
EQ-0130,2026-03-08,0
EQ-0178,2026-03-08,0
EQ-0093,2026-03-08,0
EQ-0048,2026-03-08,0
EQ-0431,2026-03-08,0
EQ-0200,2026-03-08,0
EQ-0158,2026-03-08,0
EQ-0078,2026-03-08,0
EQ-0418,2026-03-08,0
EQ-0159,2026-03-08,0
EQ-0032,2026-03-09,0
EQ-0400,2026-03-09,0
EQ-0113,2026-03-09,0
EQ-0258,2026-03-09,0
EQ-0092,2026-03-09,0
EQ-0256,2026-03-09,0
EQ-0088,2026-03-09,0
EQ-0377,2026-03-09,0
EQ-0060,2026-03-09,0
EQ-0379,2026-03-09,0
EQ-0235,2026-03-09,0
EQ-0412,2026-03-09,0
EQ-0382,2026-03-09,0
EQ-0013,2026-03-09,0
EQ-0195,2026-03-09,0
EQ-0138,2026-03-09,0
EQ-0302,2026-03-09,0
EQ-0255,2026-03-09,0
EQ-0388,2026-03-09,0
EQ-0218,2026-03-09,0
EQ-0387,2026-03-10,0
EQ-0099,2026-03-10,0
EQ-0182,2026-03-10,0
EQ-0146,2026-03-10,0
EQ-0040,2026-03-10,0
EQ-0042,2026-03-10,0
EQ-0065,2026-03-10,0
EQ-0339,2026-03-10,0
EQ-0257,2026-03-10,0
EQ-0366,2026-03-10,0
EQ-0344,2026-03-10,0
EQ-0343,2026-03-10,0
EQ-0414,2026-03-10,0
EQ-0211,2026-03-10,0
EQ-0302,2026-03-10,0
EQ-0033,2026-03-10,0
EQ-0407,2026-03-10,0
EQ-0166,2026-03-10,0
EQ-0201,2026-03-10,0
EQ-0069,2026-03-10,0
EQ-0154,2026-03-11,0
EQ-0020,2026-03-11,0
EQ-0056,2026-03-11,0
EQ-0217,2026-03-11,0
EQ-0290,2026-03-11,1
EQ-0411,2026-03-11,0
EQ-0013,2026-03-11,0
EQ-0174,2026-03-11,0
EQ-0023,2026-03-11,0
EQ-0107,2026-03-11,0
EQ-0383,2026-03-11,0
EQ-0049,2026-03-11,0
EQ-0222,2026-03-11,0
EQ-0017,2026-03-11,0
EQ-0048,2026-03-12,0
EQ-0230,2026-03-12,0
EQ-0066,2026-03-12,0
EQ-0246,2026-03-12,0
EQ-0285,2026-03-12,0
EQ-0141,2026-03-12,0
EQ-0194,2026-03-12,0
EQ-0368,2026-03-12,0
EQ-0019,2026-03-12,0
EQ-0132,2026-03-12,0
EQ-0179,2026-03-12,0
EQ-0043,2026-03-12,0
EQ-0081,2026-03-12,0
EQ-0321,2026-03-13,0
EQ-0039,2026-03-13,0
EQ-0268,2026-03-13,0
EQ-0359,2026-03-13,0
EQ-0144,2026-03-13,0
EQ-0140,2026-03-13,0
EQ-0102,2026-03-13,0
EQ-0180,2026-03-13,0
EQ-0365,2026-03-13,0
EQ-0334,2026-03-13,0
EQ-0160,2026-03-13,0
EQ-0233,2026-03-13,0
EQ-0273,2026-03-13,0
EQ-0256,2026-03-13,0
EQ-0340,2026-03-13,0
EQ-0390,2026-03-13,0
EQ-0265,2026-03-13,0
EQ-0190,2026-03-13,0
EQ-0307,2026-03-13,0
EQ-0168,2026-03-13,0
EQ-0009,2026-03-13,0
EQ-0375,2026-03-13,0
EQ-0162,2026-03-14,0
EQ-0270,2026-03-14,0
EQ-0001,2026-03-14,0
EQ-0041,2026-03-14,0
EQ-0177,2026-03-14,0
EQ-0345,2026-03-14,0
EQ-0181,2026-03-14,0
EQ-0419,2026-03-14,0
EQ-0227,2026-03-14,0
EQ-0439,2026-03-14,0
EQ-0079,2026-03-14,0
EQ-0186,2026-03-14,0
EQ-0337,2026-03-14,0
EQ-0234,2026-03-14,0
EQ-0157,2026-03-14,0
EQ-0164,2026-03-14,0
EQ-0417,2026-03-14,0
EQ-0312,2026-03-14,0
EQ-0365,2026-03-14,0
EQ-0082,2026-03-14,0
EQ-0076,2026-03-14,0
EQ-0438,2026-03-14,0
EQ-0316,2026-03-14,0
EQ-0427,2026-03-14,0
EQ-0374,2026-03-15,0
EQ-0259,2026-03-15,0
EQ-0056,2026-03-15,0
EQ-0304,2026-03-15,0
EQ-0399,2026-03-15,1
EQ-0193,2026-03-15,0
EQ-0061,2026-03-15,0
EQ-0279,2026-03-15,0
EQ-0031,2026-03-15,0
EQ-0263,2026-03-15,0
EQ-0015,2026-03-15,0
EQ-0252,2026-03-15,0
EQ-0007,2026-03-15,0
EQ-0110,2026-03-15,0
EQ-0300,2026-03-15,1
EQ-0257,2026-03-16,0
EQ-0165,2026-03-16,0
EQ-0087,2026-03-16,0
EQ-0386,2026-03-16,0
EQ-0086,2026-03-16,0
EQ-0381,2026-03-16,0
EQ-0349,2026-03-16,0
EQ-0011,2026-03-16,0
EQ-0247,2026-03-16,0
EQ-0262,2026-03-16,0
EQ-0391,2026-03-16,0
EQ-0029,2026-03-16,0
EQ-0155,2026-03-16,0
EQ-0276,2026-03-16,0
EQ-0150,2026-03-16,0
EQ-0046,2026-03-16,0
EQ-0003,2026-03-16,0
EQ-0425,2026-03-16,0
EQ-0148,2026-03-16,0
EQ-0406,2026-03-16,0
EQ-0318,2026-03-16,0
EQ-0183,2026-03-16,0
EQ-0431,2026-03-17,0
EQ-0021,2026-03-17,0
EQ-0291,2026-03-17,0
EQ-0426,2026-03-17,0
EQ-0060,2026-03-17,0
EQ-0095,2026-03-17,0
EQ-0163,2026-03-17,0
EQ-0262,2026-03-17,0
EQ-0372,2026-03-17,0
EQ-0051,2026-03-17,0
EQ-0423,2026-03-17,0
EQ-0379,2026-03-17,0
EQ-0322,2026-03-17,0
EQ-0280,2026-03-17,0
EQ-0199,2026-03-17,0
EQ-0266,2026-03-17,0
EQ-0145,2026-03-17,0
EQ-0430,2026-03-18,0
EQ-0223,2026-03-18,0
EQ-0299,2026-03-18,0
EQ-0267,2026-03-18,0
EQ-0205,2026-03-18,0
EQ-0011,2026-03-18,0
EQ-0108,2026-03-18,0
EQ-0031,2026-03-18,0
EQ-0294,2026-03-18,0
EQ-0123,2026-03-18,0
EQ-0131,2026-03-18,0
EQ-0027,2026-03-18,0
EQ-0203,2026-03-18,0
EQ-0134,2026-03-18,0
EQ-0395,2026-03-18,0
EQ-0026,2026-03-19,1
EQ-0181,2026-03-19,0
EQ-0367,2026-03-19,0
EQ-0292,2026-03-19,0
EQ-0366,2026-03-19,0
EQ-0409,2026-03-19,0
EQ-0401,2026-03-19,0
EQ-0035,2026-03-19,0
EQ-0283,2026-03-19,0
EQ-0117,2026-03-19,0
EQ-0047,2026-03-19,0
EQ-0033,2026-03-19,0
EQ-0121,2026-03-19,1
EQ-0185,2026-03-19,0
EQ-0179,2026-03-19,0
EQ-0014,2026-03-19,0
EQ-0111,2026-03-19,0
EQ-0053,2026-03-19,0
EQ-0301,2026-03-20,0
EQ-0028,2026-03-20,0
EQ-0210,2026-03-20,0
EQ-0153,2026-03-20,0
EQ-0067,2026-03-20,0
EQ-0356,2026-03-20,0
EQ-0259,2026-03-20,0
EQ-0062,2026-03-20,0
EQ-0350,2026-03-20,0
EQ-0323,2026-03-20,0
EQ-0381,2026-03-20,0
EQ-0045,2026-03-20,0
EQ-0188,2026-03-20,0
EQ-0187,2026-03-20,0
EQ-0158,2026-03-20,0
EQ-0241,2026-03-20,0
EQ-0164,2026-03-20,0
EQ-0389,2026-03-20,0
EQ-0074,2026-03-20,0
EQ-0433,2026-03-21,0
EQ-0039,2026-03-21,0
EQ-0159,2026-03-21,0
EQ-0167,2026-03-21,0
EQ-0225,2026-03-21,0
EQ-0260,2026-03-21,0
EQ-0016,2026-03-21,0
EQ-0347,2026-03-21,0
EQ-0236,2026-03-21,0
EQ-0361,2026-03-21,0
EQ-0027,2026-03-21,0
EQ-0177,2026-03-22,0
EQ-0050,2026-03-22,0
EQ-0150,2026-03-22,0
EQ-0392,2026-03-22,0
EQ-0147,2026-03-22,0
EQ-0271,2026-03-22,0
EQ-0073,2026-03-22,0
EQ-0137,2026-03-22,0
EQ-0253,2026-03-22,0
EQ-0265,2026-03-22,0
EQ-0388,2026-03-22,0
EQ-0169,2026-03-22,0
EQ-0103,2026-03-22,0
EQ-0065,2026-03-22,0
EQ-0274,2026-03-22,0
EQ-0432,2026-03-22,0
EQ-0335,2026-03-23,0
EQ-0088,2026-03-23,0
EQ-0227,2026-03-23,0
EQ-0269,2026-03-23,0
EQ-0380,2026-03-23,0
EQ-0226,2026-03-23,0
EQ-0083,2026-03-23,0
EQ-0053,2026-03-23,0
EQ-0012,2026-03-23,0
EQ-0038,2026-03-23,0
EQ-0274,2026-03-23,0
EQ-0293,2026-03-23,0
EQ-0415,2026-03-23,0
EQ-0410,2026-03-23,0
EQ-0069,2026-03-23,0
EQ-0018,2026-03-23,0
EQ-0243,2026-03-24,0
EQ-0143,2026-03-24,0
EQ-0333,2026-03-24,0
EQ-0382,2026-03-24,0
EQ-0049,2026-03-24,0
EQ-0303,2026-03-24,1
EQ-0198,2026-03-24,0
EQ-0203,2026-03-24,0
EQ-0325,2026-03-24,0
EQ-0413,2026-03-24,0
EQ-0173,2026-03-24,0
EQ-0063,2026-03-24,0
EQ-0376,2026-03-24,0
EQ-0316,2026-03-24,0
EQ-0066,2026-03-24,0
EQ-0052,2026-03-24,1
EQ-0314,2026-03-24,0
EQ-0346,2026-03-24,0
EQ-0162,2026-03-24,0
EQ-0050,2026-03-24,0
EQ-0008,2026-03-24,0
EQ-0428,2026-03-24,0
EQ-0397,2026-03-24,0
EQ-0007,2026-03-24,0
EQ-0373,2026-03-25,0
EQ-0172,2026-03-25,0
EQ-0161,2026-03-25,0
EQ-0175,2026-03-25,0
EQ-0280,2026-03-25,0
EQ-0022,2026-03-25,0
EQ-0328,2026-03-25,0
EQ-0068,2026-03-25,0
EQ-0362,2026-03-25,0
EQ-0367,2026-03-25,0
EQ-0152,2026-03-25,0
EQ-0005,2026-03-25,0
EQ-0214,2026-03-25,0
EQ-0281,2026-03-25,0
EQ-0317,2026-03-25,0
EQ-0393,2026-03-25,0
EQ-0002,2026-03-25,0
EQ-0197,2026-03-25,0
EQ-0104,2026-03-25,0
EQ-0001,2026-03-25,0
EQ-0058,2026-03-25,0
EQ-0096,2026-03-25,0
EQ-0324,2026-03-26,0
EQ-0063,2026-03-26,0
EQ-0071,2026-03-26,0
EQ-0215,2026-03-26,0
EQ-0374,2026-03-26,0
EQ-0034,2026-03-26,0
EQ-0165,2026-03-26,0
EQ-0232,2026-03-26,1
EQ-0149,2026-03-26,0
EQ-0254,2026-03-26,0
EQ-0216,2026-03-26,0
EQ-0437,2026-03-26,0
EQ-0184,2026-03-26,0
EQ-0298,2026-03-26,0
EQ-0178,2026-03-26,0
EQ-0067,2026-03-26,0
EQ-0385,2026-03-26,0
EQ-0422,2026-03-27,1
EQ-0420,2026-03-27,0
EQ-0369,2026-03-27,0
EQ-0377,2026-03-27,0
EQ-0224,2026-03-27,0
EQ-0023,2026-03-27,0
EQ-0118,2026-03-27,0
EQ-0286,2026-03-27,0
EQ-0278,2026-03-27,0
EQ-0004,2026-03-27,0
EQ-0296,2026-03-27,0
EQ-0327,2026-03-27,0
EQ-0272,2026-03-27,0
EQ-0427,2026-03-27,0
EQ-0042,2026-03-27,0
EQ-0047,2026-03-27,0
EQ-0435,2026-03-27,0
EQ-0402,2026-03-27,0
EQ-0046,2026-03-27,0
EQ-0054,2026-03-27,0
EQ-0282,2026-03-27,0
EQ-0157,2026-03-28,0
EQ-0124,2026-03-28,0
EQ-0369,2026-03-28,0
EQ-0156,2026-03-28,0
EQ-0089,2026-03-28,0
EQ-0172,2026-03-28,0
EQ-0404,2026-03-28,0
EQ-0134,2026-03-28,0
EQ-0080,2026-03-28,0
EQ-0139,2026-03-28,1
EQ-0055,2026-03-28,0
EQ-0061,2026-03-28,0
EQ-0288,2026-03-28,0
EQ-0249,2026-03-28,0
EQ-0380,2026-03-28,0
EQ-0093,2026-03-28,0
EQ-0337,2026-03-28,0
EQ-0009,2026-03-28,0
EQ-0044,2026-03-28,0
EQ-0191,2026-03-29,0
EQ-0332,2026-03-29,0
EQ-0433,2026-03-29,0
EQ-0064,2026-03-29,0
EQ-0315,2026-03-29,0
EQ-0174,2026-03-29,0
EQ-0120,2026-03-29,0
EQ-0173,2026-03-29,0
EQ-0163,2026-03-29,0
EQ-0208,2026-03-29,0
EQ-0201,2026-03-29,0
EQ-0424,2026-03-29,0
EQ-0100,2026-03-29,0
EQ-0234,2026-03-29,0
EQ-0244,2026-03-29,0
EQ-0012,2026-03-29,0
EQ-0128,2026-03-29,0
EQ-0252,2026-03-29,0
EQ-0373,2026-03-29,0
EQ-0094,2026-03-29,0
EQ-0396,2026-03-30,0
EQ-0228,2026-03-30,0
EQ-0055,2026-03-30,0
EQ-0384,2026-03-30,0
EQ-0284,2026-03-30,0
EQ-0098,2026-03-30,0
EQ-0242,2026-03-30,0
EQ-0394,2026-03-30,0
EQ-0170,2026-03-30,0
EQ-0016,2026-03-30,0
EQ-0115,2026-03-30,0
EQ-0014,2026-03-31,0
EQ-0209,2026-03-31,0
EQ-0354,2026-03-31,0
EQ-0237,2026-03-31,0
EQ-0151,2026-03-31,0
EQ-0062,2026-03-31,0
EQ-0390,2026-03-31,0
EQ-0077,2026-03-31,0
EQ-0295,2026-03-31,0
EQ-0142,2026-03-31,0
EQ-0036,2026-03-31,0
EQ-0101,2026-03-31,0
EQ-0059,2026-03-31,0
EQ-0266,2026-03-31,0
EQ-0398,2026-03-31,0
EQ-0421,2026-03-31,0
EQ-0437,2026-03-31,0
EQ-0126,2026-03-31,0
EQ-0231,2026-03-31,0
EQ-0051,2026-03-31,0
EQ-0254,2026-04-01,0
EQ-0155,2026-04-01,0
EQ-0238,2026-04-01,0
EQ-0373,2026-04-01,0
EQ-0011,2026-04-01,0
EQ-0378,2026-04-01,0
EQ-0391,2026-04-01,0
EQ-0331,2026-04-01,0
EQ-0420,2026-04-01,0
EQ-0161,2026-04-01,0
EQ-0048,2026-04-01,0
EQ-0006,2026-04-01,0
EQ-0177,2026-04-01,0
EQ-0381,2026-04-01,0
EQ-0236,2026-04-01,0
EQ-0050,2026-04-01,0
EQ-0019,2026-04-01,0
EQ-0255,2026-04-01,0
EQ-0164,2026-04-01,0
EQ-0003,2026-04-01,0
EQ-0399,2026-04-01,1
EQ-0295,2026-04-02,0
EQ-0044,2026-04-02,0
EQ-0314,2026-04-02,0
EQ-0073,2026-04-02,0
EQ-0320,2026-04-02,0
EQ-0422,2026-04-02,1
EQ-0302,2026-04-02,0
EQ-0144,2026-04-02,0
EQ-0367,2026-04-02,0
EQ-0039,2026-04-02,0
EQ-0292,2026-04-02,0
EQ-0148,2026-04-02,0
EQ-0081,2026-04-02,0
EQ-0203,2026-04-02,0
EQ-0369,2026-04-02,0
EQ-0134,2026-04-02,0
EQ-0067,2026-04-02,0
EQ-0274,2026-04-02,0
EQ-0050,2026-04-02,0
EQ-0023,2026-04-03,0
EQ-0043,2026-04-03,0
EQ-0224,2026-04-03,0
EQ-0074,2026-04-03,0
EQ-0377,2026-04-03,0
EQ-0016,2026-04-03,0
EQ-0372,2026-04-03,0
EQ-0158,2026-04-03,0
EQ-0027,2026-04-03,0
EQ-0248,2026-04-03,0
EQ-0173,2026-04-03,0
EQ-0207,2026-04-03,0
EQ-0013,2026-04-03,0
EQ-0367,2026-04-03,0
EQ-0107,2026-04-03,0
EQ-0326,2026-04-03,0
EQ-0427,2026-04-03,0
EQ-0002,2026-04-03,0
EQ-0115,2026-04-03,0
EQ-0059,2026-04-03,0
EQ-0202,2026-04-03,0
EQ-0286,2026-04-03,0
EQ-0126,2026-04-03,0
EQ-0368,2026-04-03,0
EQ-0434,2026-04-04,0
EQ-0091,2026-04-04,0
EQ-0153,2026-04-04,0
EQ-0175,2026-04-04,0
EQ-0375,2026-04-04,0
EQ-0305,2026-04-04,0
EQ-0416,2026-04-04,0
EQ-0124,2026-04-04,0
EQ-0108,2026-04-04,0
EQ-0182,2026-04-04,0
EQ-0223,2026-04-04,0
EQ-0158,2026-04-04,0
EQ-0105,2026-04-04,0
EQ-0267,2026-04-05,0
EQ-0146,2026-04-05,0
EQ-0016,2026-04-05,0
EQ-0331,2026-04-05,0
EQ-0322,2026-04-05,0
EQ-0156,2026-04-05,0
EQ-0335,2026-04-05,0
EQ-0179,2026-04-05,0
EQ-0395,2026-04-05,0
EQ-0434,2026-04-05,0
EQ-0362,2026-04-05,0
EQ-0192,2026-04-05,0
EQ-0289,2026-04-05,0
EQ-0437,2026-04-05,0
EQ-0378,2026-04-05,0
EQ-0083,2026-04-05,0
EQ-0116,2026-04-05,0
EQ-0414,2026-04-05,0
EQ-0431,2026-04-05,0
EQ-0021,2026-04-05,0
EQ-0048,2026-04-05,0
EQ-0423,2026-04-05,0
EQ-0353,2026-04-05,0
EQ-0211,2026-04-05,0
EQ-0154,2026-04-06,0
EQ-0052,2026-04-06,1
EQ-0219,2026-04-06,0
EQ-0221,2026-04-06,0
EQ-0032,2026-04-06,0
EQ-0040,2026-04-06,0
EQ-0290,2026-04-06,0
EQ-0168,2026-04-06,0
EQ-0427,2026-04-06,0
EQ-0392,2026-04-06,0
EQ-0265,2026-04-06,0
EQ-0402,2026-04-06,0
EQ-0235,2026-04-06,0
EQ-0252,2026-04-06,0
EQ-0339,2026-04-06,0
EQ-0366,2026-04-06,0
EQ-0337,2026-04-06,0
EQ-0381,2026-04-06,0
EQ-0141,2026-04-06,0
EQ-0244,2026-04-06,0
EQ-0241,2026-04-06,0
EQ-0348,2026-04-06,0
EQ-0408,2026-04-06,0
EQ-0242,2026-04-07,0
EQ-0123,2026-04-07,0
EQ-0058,2026-04-07,0
EQ-0316,2026-04-07,0
EQ-0266,2026-04-07,0
EQ-0376,2026-04-07,0
EQ-0243,2026-04-07,0
EQ-0225,2026-04-07,0
EQ-0279,2026-04-07,0
EQ-0278,2026-04-07,0
EQ-0379,2026-04-07,0
EQ-0284,2026-04-07,0
EQ-0007,2026-04-07,0
EQ-0181,2026-04-07,0
EQ-0342,2026-04-07,0
EQ-0273,2026-04-07,0
EQ-0315,2026-04-07,0
EQ-0065,2026-04-07,0
EQ-0064,2026-04-07,0
EQ-0077,2026-04-07,0
EQ-0303,2026-04-07,1
EQ-0371,2026-04-07,0
EQ-0176,2026-04-07,1
EQ-0179,2026-04-07,0
EQ-0011,2026-04-08,0
EQ-0276,2026-04-08,0
EQ-0090,2026-04-08,0
EQ-0388,2026-04-08,0
EQ-0150,2026-04-08,0
EQ-0268,2026-04-08,0
EQ-0419,2026-04-08,0
EQ-0062,2026-04-08,0
EQ-0280,2026-04-08,0
EQ-0001,2026-04-08,0
EQ-0228,2026-04-08,0
EQ-0028,2026-04-08,0
EQ-0416,2026-04-08,0
EQ-0344,2026-04-08,0
EQ-0051,2026-04-09,0
EQ-0259,2026-04-09,0
EQ-0054,2026-04-09,0
EQ-0424,2026-04-09,0
EQ-0438,2026-04-09,0
EQ-0345,2026-04-09,0
EQ-0118,2026-04-09,0
EQ-0410,2026-04-09,0
EQ-0277,2026-04-09,0
EQ-0003,2026-04-09,0
EQ-0134,2026-04-09,0
EQ-0436,2026-04-09,0
EQ-0029,2026-04-09,0
EQ-0069,2026-04-09,0
EQ-0297,2026-04-09,0
EQ-0036,2026-04-09,0
EQ-0281,2026-04-09,0
EQ-0008,2026-04-09,0
EQ-0332,2026-04-10,0
EQ-0023,2026-04-10,0
EQ-0350,2026-04-10,0
EQ-0033,2026-04-10,0
EQ-0222,2026-04-10,0
EQ-0363,2026-04-10,0
EQ-0188,2026-04-10,0
EQ-0111,2026-04-10,0
EQ-0053,2026-04-10,0
EQ-0133,2026-04-10,0
EQ-0217,2026-04-10,0
EQ-0218,2026-04-10,0
EQ-0180,2026-04-10,0
EQ-0193,2026-04-10,0
EQ-0230,2026-04-10,0
EQ-0258,2026-04-10,0
EQ-0099,2026-04-10,0
EQ-0166,2026-04-10,0
EQ-0154,2026-04-10,0
EQ-0231,2026-04-10,0
EQ-0139,2026-04-11,1
EQ-0407,2026-04-11,0
EQ-0169,2026-04-11,0
EQ-0324,2026-04-11,0
EQ-0145,2026-04-11,0
EQ-0130,2026-04-11,0
EQ-0008,2026-04-11,0
EQ-0127,2026-04-11,1
EQ-0126,2026-04-11,0
EQ-0082,2026-04-11,0
EQ-0283,2026-04-11,0
EQ-0262,2026-04-11,0
EQ-0263,2026-04-11,0
EQ-0045,2026-04-11,0
EQ-0356,2026-04-11,0
EQ-0005,2026-04-11,0
EQ-0352,2026-04-11,0
EQ-0429,2026-04-11,0
EQ-0393,2026-04-11,0
EQ-0147,2026-04-11,0
EQ-0214,2026-04-11,0
EQ-0432,2026-04-11,0
EQ-0113,2026-04-11,0
EQ-0151,2026-04-11,0
EQ-0102,2026-04-12,0
EQ-0085,2026-04-12,0
EQ-0341,2026-04-12,0
EQ-0093,2026-04-12,0
EQ-0101,2026-04-12,0
EQ-0370,2026-04-12,0
EQ-0045,2026-04-12,0
EQ-0009,2026-04-12,0
EQ-0260,2026-04-12,0
EQ-0234,2026-04-12,0
EQ-0268,2026-04-12,0
EQ-0226,2026-04-12,0
EQ-0052,2026-04-12,0
EQ-0205,2026-04-12,0
EQ-0151,2026-04-12,0
EQ-0036,2026-04-12,0
EQ-0300,2026-04-12,1
EQ-0306,2026-04-12,0
EQ-0294,2026-04-12,0
EQ-0132,2026-04-13,0
EQ-0002,2026-04-13,0
EQ-0165,2026-04-13,0
EQ-0232,2026-04-13,1
EQ-0028,2026-04-13,0
EQ-0172,2026-04-13,0
EQ-0135,2026-04-13,0
EQ-0208,2026-04-13,0
EQ-0038,2026-04-13,0
EQ-0330,2026-04-13,1
EQ-0057,2026-04-13,0
EQ-0299,2026-04-13,0
EQ-0433,2026-04-13,0
EQ-0174,2026-04-13,0
EQ-0194,2026-04-13,0
EQ-0439,2026-04-13,0
EQ-0387,2026-04-13,0
EQ-0371,2026-04-13,0
EQ-0382,2026-04-13,0
EQ-0403,2026-04-13,0
EQ-0373,2026-04-13,0
EQ-0072,2026-04-14,0
EQ-0366,2026-04-14,0
EQ-0148,2026-04-14,0
EQ-0071,2026-04-14,0
EQ-0183,2026-04-14,0
EQ-0190,2026-04-14,0
EQ-0049,2026-04-14,0
EQ-0400,2026-04-14,0
EQ-0184,2026-04-14,0
EQ-0402,2026-04-14,0
EQ-0125,2026-04-14,0
EQ-0164,2026-04-14,0
EQ-0020,2026-04-14,0
EQ-0316,2026-04-14,0
EQ-0413,2026-04-14,0
EQ-0298,2026-04-14,0
EQ-0237,2026-04-15,0
EQ-0337,2026-04-15,0
EQ-0109,2026-04-15,0
EQ-0308,2026-04-15,0
EQ-0390,2026-04-15,0
EQ-0017,2026-04-15,0
EQ-0061,2026-04-15,0
EQ-0117,2026-04-15,0
EQ-0261,2026-04-15,0
EQ-0296,2026-04-15,0
EQ-0114,2026-04-15,0
EQ-0025,2026-04-15,0
EQ-0266,2026-04-15,0
EQ-0374,2026-04-15,0
EQ-0210,2026-04-15,0
EQ-0199,2026-04-15,0
EQ-0197,2026-04-15,0
EQ-0377,2026-04-16,0
EQ-0056,2026-04-16,0
EQ-0173,2026-04-16,0
EQ-0338,2026-04-16,0
EQ-0396,2026-04-16,0
EQ-0280,2026-04-16,0
EQ-0024,2026-04-16,0
EQ-0062,2026-04-16,0
EQ-0042,2026-04-16,0
EQ-0334,2026-04-16,0
EQ-0014,2026-04-16,0
EQ-0389,2026-04-16,0
EQ-0187,2026-04-16,0
EQ-0293,2026-04-16,0
EQ-0239,2026-04-16,0
EQ-0070,2026-04-16,0
EQ-0271,2026-04-16,0
EQ-0433,2026-04-16,0
EQ-0010,2026-04-16,0
EQ-0405,2026-04-16,0
EQ-0317,2026-04-16,0
EQ-0319,2026-04-17,0
EQ-0240,2026-04-17,0
EQ-0013,2026-04-17,0
EQ-0309,2026-04-17,0
EQ-0140,2026-04-17,0
EQ-0220,2026-04-17,0
EQ-0425,2026-04-17,0
EQ-0195,2026-04-17,0
EQ-0393,2026-04-17,0
EQ-0355,2026-04-17,0
EQ-0060,2026-04-17,0
EQ-0087,2026-04-17,0
EQ-0046,2026-04-17,0
EQ-0178,2026-04-17,0
EQ-0191,2026-04-18,0
EQ-0287,2026-04-18,0
EQ-0246,2026-04-18,0
EQ-0349,2026-04-18,0
EQ-0100,2026-04-18,0
EQ-0329,2026-04-18,0
EQ-0310,2026-04-18,0
EQ-0328,2026-04-18,0
EQ-0066,2026-04-18,0
EQ-0264,2026-04-18,0
EQ-0321,2026-04-18,0
EQ-0204,2026-04-18,0
EQ-0078,2026-04-18,0
EQ-0409,2026-04-18,0
EQ-0093,2026-04-18,0
EQ-0301,2026-04-18,0
EQ-0384,2026-04-18,0
EQ-0430,2026-04-18,0
EQ-0037,2026-04-18,0
EQ-0327,2026-04-18,0
EQ-0259,2026-04-19,0
EQ-0153,2026-04-19,0
EQ-0360,2026-04-19,0
EQ-0155,2026-04-19,0
EQ-0005,2026-04-19,0
EQ-0157,2026-04-19,0
EQ-0037,2026-04-19,0
EQ-0386,2026-04-19,0
EQ-0302,2026-04-19,0
EQ-0412,2026-04-19,0
EQ-0167,2026-04-19,0
EQ-0086,2026-04-19,0
EQ-0119,2026-04-19,0
EQ-0347,2026-04-20,0
EQ-0067,2026-04-20,0
EQ-0267,2026-04-20,0
EQ-0391,2026-04-20,0
EQ-0040,2026-04-20,0
EQ-0275,2026-04-20,0
EQ-0351,2026-04-20,0
EQ-0051,2026-04-20,0
EQ-0120,2026-04-20,0
EQ-0249,2026-04-20,0
EQ-0094,2026-04-20,0
EQ-0144,2026-04-20,0
EQ-0398,2026-04-20,0
EQ-0323,2026-04-20,0
EQ-0009,2026-04-20,0
EQ-0152,2026-04-20,0
EQ-0076,2026-04-20,0
EQ-0060,2026-04-20,0
EQ-0336,2026-04-20,0
EQ-0229,2026-04-20,0
EQ-0166,2026-04-21,0
EQ-0278,2026-04-21,0
EQ-0311,2026-04-21,0
EQ-0061,2026-04-21,0
EQ-0257,2026-04-21,0
EQ-0437,2026-04-21,0
EQ-0142,2026-04-21,0
EQ-0136,2026-04-21,0
EQ-0096,2026-04-21,0
EQ-0263,2026-04-21,0
EQ-0022,2026-04-21,0
EQ-0026,2026-04-21,0
EQ-0431,2026-04-22,0
EQ-0041,2026-04-22,0
EQ-0216,2026-04-22,0
EQ-0213,2026-04-22,0
EQ-0346,2026-04-22,0
EQ-0397,2026-04-22,0
EQ-0137,2026-04-22,0
EQ-0291,2026-04-22,0
EQ-0261,2026-04-22,0
EQ-0172,2026-04-22,0
EQ-0001,2026-04-22,0
EQ-0162,2026-04-22,0
EQ-0034,2026-04-22,0
EQ-0149,2026-04-22,0
EQ-0250,2026-04-22,0
EQ-0066,2026-04-22,0
EQ-0152,2026-04-22,0
EQ-0233,2026-04-22,0
EQ-0365,2026-04-22,0
EQ-0227,2026-04-22,0
EQ-0359,2026-04-22,0
EQ-0039,2026-04-23,0
EQ-0128,2026-04-23,0
EQ-0254,2026-04-23,0
EQ-0047,2026-04-23,0
EQ-0392,2026-04-23,0
EQ-0084,2026-04-23,0
EQ-0010,2026-04-23,0
EQ-0394,2026-04-23,0
EQ-0428,2026-04-23,0
EQ-0379,2026-04-23,0
EQ-0042,2026-04-23,0
EQ-0390,2026-04-23,0
EQ-0138,2026-04-23,0
EQ-0165,2026-04-23,0
EQ-0159,2026-04-23,0
EQ-0404,2026-04-23,0
EQ-0389,2026-04-23,0
EQ-0150,2026-04-23,0
EQ-0406,2026-04-24,0
EQ-0163,2026-04-24,0
EQ-0103,2026-04-24,0
EQ-0369,2026-04-24,0
EQ-0394,2026-04-24,0
EQ-0260,2026-04-24,0
EQ-0055,2026-04-24,0
EQ-0095,2026-04-24,0
EQ-0281,2026-04-24,0
EQ-0047,2026-04-24,0
EQ-0186,2026-04-24,0
EQ-0143,2026-04-24,0
EQ-0279,2026-04-24,0
EQ-0382,2026-04-24,0
EQ-0380,2026-04-24,0
EQ-0214,2026-04-24,0
EQ-0157,2026-04-24,0
EQ-0178,2026-04-24,0
EQ-0244,2026-04-24,0
EQ-0435,2026-04-25,0
EQ-0049,2026-04-25,0
EQ-0014,2026-04-25,0
EQ-0004,2026-04-25,0
EQ-0131,2026-04-25,0
EQ-0215,2026-04-25,0
EQ-0043,2026-04-25,0
EQ-0033,2026-04-25,0
EQ-0053,2026-04-25,0
EQ-0333,2026-04-25,0
EQ-0262,2026-04-25,0
EQ-0015,2026-04-25,0
EQ-0307,2026-04-25,0
EQ-0181,2026-04-25,0
EQ-0022,2026-04-25,0
EQ-0177,2026-04-25,0
EQ-0343,2026-04-25,0
EQ-0112,2026-04-25,0
EQ-0380,2026-04-25,0
EQ-0044,2026-04-25,0
EQ-0426,2026-04-26,0
EQ-0092,2026-04-26,0
EQ-0015,2026-04-26,0
EQ-0200,2026-04-26,0
EQ-0245,2026-04-26,0
EQ-0421,2026-04-26,0
EQ-0358,2026-04-26,0
EQ-0088,2026-04-26,0
EQ-0265,2026-04-26,0
EQ-0252,2026-04-26,0
EQ-0282,2026-04-26,0
EQ-0357,2026-04-26,0
EQ-0098,2026-04-26,0
EQ-0247,2026-04-27,0
EQ-0387,2026-04-27,0
EQ-0227,2026-04-27,0
EQ-0012,2026-04-27,0
EQ-0253,2026-04-27,0
EQ-0256,2026-04-27,0
EQ-0236,2026-04-27,0
EQ-0055,2026-04-27,0
EQ-0383,2026-04-27,0
EQ-0063,2026-04-27,0
EQ-0156,2026-04-27,0
EQ-0163,2026-04-27,0
EQ-0075,2026-04-27,0
EQ-0170,2026-04-27,0
EQ-0035,2026-04-27,0
EQ-0106,2026-04-27,0
EQ-0185,2026-04-27,0
EQ-0417,2026-04-27,0
EQ-0088,2026-04-27,0
EQ-0031,2026-04-27,0
EQ-0191,2026-04-27,0
EQ-0020,2026-04-27,0
EQ-0206,2026-04-28,0
EQ-0318,2026-04-28,0
EQ-0068,2026-04-28,0
EQ-0270,2026-04-28,0
EQ-0030,2026-04-28,0
EQ-0312,2026-04-28,0
EQ-0162,2026-04-28,0
EQ-0374,2026-04-28,0
EQ-0354,2026-04-28,0
EQ-0203,2026-04-28,0
EQ-0027,2026-04-28,0
EQ-0128,2026-04-28,0
EQ-0365,2026-04-28,0
EQ-0080,2026-04-28,0
EQ-0317,2026-04-28,0
EQ-0121,2026-04-28,0
EQ-0097,2026-04-28,0
EQ-0212,2026-04-28,0
EQ-0171,2026-04-28,0
EQ-0361,2026-04-29,0
EQ-0069,2026-04-29,0
EQ-0122,2026-04-29,0
EQ-0110,2026-04-29,0
EQ-0056,2026-04-29,0
EQ-0251,2026-04-29,0
EQ-0256,2026-04-29,0
EQ-0201,2026-04-29,0
EQ-0234,2026-04-29,0
EQ-0064,2026-04-29,0
EQ-0174,2026-04-29,0
EQ-0432,2026-04-29,0
EQ-0063,2026-04-29,0
EQ-0276,2026-04-29,0
EQ-0313,2026-04-29,0
EQ-0175,2026-04-29,0
EQ-0269,2026-04-30,0
EQ-0129,2026-04-30,0
EQ-0388,2026-04-30,0
EQ-0031,2026-04-30,0
EQ-0257,2026-04-30,0
EQ-0273,2026-04-30,0
EQ-0110,2026-04-30,0
EQ-0401,2026-04-30,0
EQ-0198,2026-04-30,0
EQ-0196,2026-04-30,0
EQ-0012,2026-04-30,0
EQ-0046,2026-04-30,0
EQ-0272,2026-04-30,0
EQ-0079,2026-04-30,0
EQ-0395,2026-05-01,0
EQ-0433,2026-05-01,0
EQ-0103,2026-05-01,0
EQ-0424,2026-05-01,0
EQ-0014,2026-05-01,0
EQ-0356,2026-05-01,0
EQ-0038,2026-05-01,0
EQ-0090,2026-05-01,0
EQ-0284,2026-05-01,0
EQ-0377,2026-05-01,0
EQ-0315,2026-05-01,0
EQ-0164,2026-05-01,0
EQ-0316,2026-05-01,0
EQ-0158,2026-05-01,0
EQ-0049,2026-05-01,0
EQ-0066,2026-05-01,0
EQ-0134,2026-05-01,0
EQ-0420,2026-05-01,0
EQ-0368,2026-05-01,0
EQ-0007,2026-05-01,0
EQ-0157,2026-05-01,0
EQ-0121,2026-05-01,0
EQ-0098,2026-05-02,0
EQ-0128,2026-05-02,0
EQ-0009,2026-05-02,0
EQ-0114,2026-05-02,0
EQ-0402,2026-05-02,0
EQ-0247,2026-05-02,0
EQ-0234,2026-05-02,0
EQ-0093,2026-05-02,0
EQ-0231,2026-05-02,0
EQ-0201,2026-05-02,0
EQ-0239,2026-05-02,0
EQ-0119,2026-05-02,0
EQ-0362,2026-05-02,0
EQ-0262,2026-05-02,0
EQ-0380,2026-05-02,0
EQ-0023,2026-05-02,0
EQ-0345,2026-05-02,0
EQ-0268,2026-05-02,0
EQ-0025,2026-05-02,0
EQ-0369,2026-05-02,0
EQ-0039,2026-05-02,0
EQ-0288,2026-05-02,0
EQ-0290,2026-05-02,0
EQ-0292,2026-05-02,0
EQ-0043,2026-05-03,0
EQ-0214,2026-05-03,0
EQ-0040,2026-05-03,0
EQ-0280,2026-05-03,0
EQ-0171,2026-05-03,0
EQ-0431,2026-05-03,0
EQ-0028,2026-05-03,0
EQ-0148,2026-05-03,0
EQ-0144,2026-05-03,0
EQ-0141,2026-05-03,0
EQ-0126,2026-05-03,0
EQ-0353,2026-05-03,0
EQ-0097,2026-05-03,0
EQ-0182,2026-05-03,0
EQ-0031,2026-05-03,0
EQ-0051,2026-05-03,0
EQ-0255,2026-05-03,0
EQ-0433,2026-05-04,0
EQ-0167,2026-05-04,0
EQ-0218,2026-05-04,0
EQ-0252,2026-05-04,0
EQ-0013,2026-05-04,0
EQ-0393,2026-05-04,0
EQ-0343,2026-05-04,0
EQ-0392,2026-05-04,0
EQ-0034,2026-05-04,0
EQ-0150,2026-05-04,0
EQ-0178,2026-05-04,0
EQ-0380,2026-05-04,0
EQ-0096,2026-05-04,0
EQ-0234,2026-05-05,0
EQ-0238,2026-05-05,0
EQ-0176,2026-05-05,1
EQ-0008,2026-05-05,0
EQ-0348,2026-05-05,0
EQ-0271,2026-05-05,0
EQ-0174,2026-05-05,0
EQ-0406,2026-05-05,0
EQ-0418,2026-05-05,0
EQ-0428,2026-05-05,0
EQ-0210,2026-05-05,0
EQ-0374,2026-05-05,0
EQ-0257,2026-05-05,0
EQ-0281,2026-05-06,0
EQ-0065,2026-05-06,0
EQ-0196,2026-05-06,0
EQ-0394,2026-05-06,0
EQ-0371,2026-05-06,0
EQ-0155,2026-05-06,0
EQ-0036,2026-05-06,0
EQ-0056,2026-05-06,0
EQ-0165,2026-05-06,0
EQ-0020,2026-05-06,0
EQ-0341,2026-05-06,0
EQ-0059,2026-05-06,0
EQ-0404,2026-05-06,0
EQ-0359,2026-05-06,0
EQ-0089,2026-05-06,0
EQ-0001,2026-05-06,0
EQ-0022,2026-05-06,0
EQ-0003,2026-05-07,0
EQ-0016,2026-05-07,0
EQ-0120,2026-05-07,0
EQ-0151,2026-05-07,0
EQ-0041,2026-05-07,0
EQ-0127,2026-05-07,0
EQ-0113,2026-05-07,0
EQ-0337,2026-05-07,0
EQ-0260,2026-05-07,0
EQ-0153,2026-05-07,0
EQ-0400,2026-05-07,0
EQ-0372,2026-05-07,0
EQ-0094,2026-05-07,0
EQ-0158,2026-05-07,0
EQ-0367,2026-05-08,0
EQ-0149,2026-05-08,0
EQ-0265,2026-05-08,0
EQ-0139,2026-05-08,0
EQ-0263,2026-05-08,0
EQ-0381,2026-05-08,0
EQ-0286,2026-05-08,0
EQ-0350,2026-05-08,0
EQ-0222,2026-05-08,0
EQ-0116,2026-05-08,0
EQ-0009,2026-05-08,0
EQ-0214,2026-05-08,0
EQ-0330,2026-05-08,0
EQ-0369,2026-05-08,0
EQ-0425,2026-05-08,0
EQ-0055,2026-05-08,0
EQ-0100,2026-05-08,0
EQ-0037,2026-05-09,0
EQ-0077,2026-05-09,0
EQ-0379,2026-05-09,0
EQ-0079,2026-05-09,0
EQ-0067,2026-05-09,0
EQ-0328,2026-05-09,0
EQ-0190,2026-05-09,0
EQ-0164,2026-05-09,0
EQ-0248,2026-05-09,0
EQ-0066,2026-05-09,0
EQ-0276,2026-05-09,0
EQ-0392,2026-05-09,0
EQ-0409,2026-05-09,0
EQ-0246,2026-05-09,0
EQ-0011,2026-05-09,0
EQ-0019,2026-05-09,0
EQ-0291,2026-05-09,0
EQ-0256,2026-05-09,0
EQ-0051,2026-05-09,0
EQ-0005,2026-05-09,0
EQ-0130,2026-05-09,0
EQ-0001,2026-05-09,0
EQ-0298,2026-05-09,0
EQ-0012,2026-05-09,0
EQ-0175,2026-05-09,0
EQ-0375,2026-05-10,0
EQ-0307,2026-05-10,0
EQ-0047,2026-05-10,0
EQ-0297,2026-05-10,0
EQ-0110,2026-05-10,0
EQ-0268,2026-05-10,0
EQ-0354,2026-05-10,0
EQ-0240,2026-05-10,0
EQ-0152,2026-05-10,0
EQ-0156,2026-05-10,0
EQ-0052,2026-05-10,0
EQ-0317,2026-05-10,0
EQ-0046,2026-05-10,0
EQ-0142,2026-05-10,0
EQ-0040,2026-05-10,0
EQ-0023,2026-05-10,0
EQ-0258,2026-05-10,0
EQ-0241,2026-05-10,0
EQ-0388,2026-05-11,0
EQ-0325,2026-05-11,0
EQ-0322,2026-05-11,0
EQ-0203,2026-05-11,0
EQ-0050,2026-05-11,0
EQ-0390,2026-05-11,0
EQ-0244,2026-05-11,0
EQ-0062,2026-05-11,0
EQ-0155,2026-05-11,0
EQ-0389,2026-05-11,0
EQ-0321,2026-05-11,0
EQ-0405,2026-05-11,0
EQ-0186,2026-05-12,0
EQ-0163,2026-05-12,0
EQ-0281,2026-05-12,0
EQ-0057,2026-05-12,0
EQ-0308,2026-05-12,0
EQ-0236,2026-05-12,0
EQ-0209,2026-05-12,0
EQ-0104,2026-05-12,0
EQ-0429,2026-05-12,0
EQ-0107,2026-05-12,0
EQ-0257,2026-05-12,0
EQ-0381,2026-05-12,0
EQ-0175,2026-05-13,0
EQ-0427,2026-05-13,0
EQ-0122,2026-05-13,0
EQ-0432,2026-05-13,0
EQ-0002,2026-05-13,0
EQ-0043,2026-05-13,0
EQ-0274,2026-05-13,0
EQ-0048,2026-05-13,0
EQ-0191,2026-05-13,0
EQ-0223,2026-05-13,0
EQ-0243,2026-05-13,0
EQ-0166,2026-05-13,0
EQ-0135,2026-05-13,0
EQ-0128,2026-05-13,0
EQ-0199,2026-05-13,0
EQ-0197,2026-05-13,0
EQ-0092,2026-05-13,0
EQ-0276,2026-05-13,0
EQ-0161,2026-05-13,0
EQ-0393,2026-05-13,0
EQ-0124,2026-05-13,0
EQ-0179,2026-05-14,0
EQ-0436,2026-05-14,0
EQ-0427,2026-05-14,0
EQ-0299,2026-05-14,0
EQ-0020,2026-05-14,0
EQ-0269,2026-05-14,0
EQ-0261,2026-05-14,0
EQ-0351,2026-05-14,0
EQ-0285,2026-05-14,0
EQ-0376,2026-05-14,0
EQ-0378,2026-05-14,0
EQ-0314,2026-05-14,0
EQ-0088,2026-05-14,0
EQ-0044,2026-05-14,0
EQ-0414,2026-05-15,0
EQ-0046,2026-05-15,0
EQ-0032,2026-05-15,0
EQ-0085,2026-05-15,0
EQ-0181,2026-05-15,0
EQ-0227,2026-05-15,0
EQ-0313,2026-05-15,0
EQ-0187,2026-05-15,0
EQ-0367,2026-05-15,0
EQ-0166,2026-05-15,0
EQ-0105,2026-05-15,0
EQ-0279,2026-05-15,0
EQ-0168,2026-05-15,0
EQ-0295,2026-05-15,0
EQ-0259,2026-05-15,0
EQ-0278,2026-05-15,0
EQ-0300,2026-05-15,1
EQ-0015,2026-05-16,0
EQ-0347,2026-05-16,0
EQ-0159,2026-05-16,0
EQ-0357,2026-05-16,0
EQ-0044,2026-05-16,0
EQ-0262,2026-05-16,0
EQ-0177,2026-05-16,0
EQ-0265,2026-05-16,0
EQ-0035,2026-05-16,0
EQ-0056,2026-05-16,0
EQ-0027,2026-05-16,0
EQ-0073,2026-05-16,0
EQ-0275,2026-05-16,0
EQ-0273,2026-05-16,0
EQ-0219,2026-05-16,0
EQ-0204,2026-05-16,0
EQ-0144,2026-05-16,0
EQ-0408,2026-05-16,0
EQ-0112,2026-05-17,0
EQ-0061,2026-05-17,0
EQ-0320,2026-05-17,0
EQ-0432,2026-05-17,0
EQ-0282,2026-05-17,0
EQ-0172,2026-05-17,0
EQ-0346,2026-05-17,0
EQ-0305,2026-05-17,0
EQ-0042,2026-05-17,0
EQ-0216,2026-05-17,0
EQ-0109,2026-05-17,0
EQ-0129,2026-05-17,0
EQ-0205,2026-05-17,0
EQ-0382,2026-05-17,0
EQ-0366,2026-05-17,0
EQ-0272,2026-05-17,0
EQ-0402,2026-05-17,0
EQ-0163,2026-05-18,0
EQ-0317,2026-05-18,0
EQ-0024,2026-05-18,0
EQ-0342,2026-05-18,0
EQ-0005,2026-05-18,0
EQ-0126,2026-05-18,0
EQ-0201,2026-05-18,0
EQ-0371,2026-05-18,0
EQ-0415,2026-05-18,0
EQ-0403,2026-05-18,0
EQ-0395,2026-05-18,0
EQ-0352,2026-05-18,0
EQ-0267,2026-05-18,0
EQ-0273,2026-05-18,0
EQ-0002,2026-05-19,0
EQ-0110,2026-05-19,0
EQ-0132,2026-05-19,0
EQ-0364,2026-05-19,0
EQ-0245,2026-05-19,0
EQ-0296,2026-05-19,0
EQ-0338,2026-05-19,0
EQ-0152,2026-05-19,0
EQ-0294,2026-05-19,0
EQ-0154,2026-05-19,0
EQ-0184,2026-05-19,0
EQ-0185,2026-05-19,0
EQ-0250,2026-05-19,0
EQ-0260,2026-05-19,0
EQ-0412,2026-05-19,0
EQ-0365,2026-05-19,0
EQ-0088,2026-05-19,0
EQ-0302,2026-05-19,0
EQ-0401,2026-05-19,0
EQ-0397,2026-05-19,0
EQ-0366,2026-05-20,0
EQ-0143,2026-05-20,0
EQ-0323,2026-05-20,0
EQ-0253,2026-05-20,0
EQ-0075,2026-05-20,0
EQ-0047,2026-05-20,0
EQ-0383,2026-05-20,0
EQ-0252,2026-05-20,0
EQ-0060,2026-05-20,0
EQ-0188,2026-05-20,0
EQ-0279,2026-05-20,0
EQ-0173,2026-05-20,0
EQ-0207,2026-05-20,0
EQ-0054,2026-05-20,0
EQ-0434,2026-05-20,0
EQ-0055,2026-05-20,0
EQ-0169,2026-05-20,0
EQ-0227,2026-05-20,0
EQ-0229,2026-05-20,0
EQ-0012,2026-05-20,0
EQ-0387,2026-05-20,0
EQ-0264,2026-05-20,0
EQ-0062,2026-05-21,0
EQ-0421,2026-05-21,0
EQ-0148,2026-05-21,0
EQ-0261,2026-05-21,0
EQ-0430,2026-05-21,0
EQ-0053,2026-05-21,0
EQ-0213,2026-05-21,0
EQ-0014,2026-05-21,0
EQ-0026,2026-05-21,0
EQ-0039,2026-05-21,0
EQ-0391,2026-05-21,0
EQ-0138,2026-05-21,0
EQ-0076,2026-05-21,0
EQ-0045,2026-05-21,0
EQ-0373,2026-05-21,0
EQ-0067,2026-05-21,0
EQ-0150,2026-05-22,0
EQ-0251,2026-05-22,0
EQ-0086,2026-05-22,0
EQ-0270,2026-05-22,0
EQ-0189,2026-05-22,0
EQ-0178,2026-05-22,0
EQ-0156,2026-05-22,0
EQ-0008,2026-05-22,0
EQ-0289,2026-05-22,0
EQ-0147,2026-05-22,0
EQ-0417,2026-05-22,0
EQ-0301,2026-05-22,0
EQ-0259,2026-05-22,0
EQ-0200,2026-05-22,0
EQ-0125,2026-05-22,0
EQ-0031,2026-05-22,0
EQ-0335,2026-05-22,0
EQ-0083,2026-05-22,0
EQ-0004,2026-05-22,0
EQ-0018,2026-05-22,0
EQ-0068,2026-05-22,0
EQ-0384,2026-05-22,0
EQ-0244,2026-05-22,0
EQ-0049,2026-05-22,0
EQ-0030,2026-05-22,0
EQ-0324,2026-05-23,0
EQ-0115,2026-05-23,0
EQ-0183,2026-05-23,0
EQ-0208,2026-05-23,0
EQ-0069,2026-05-23,0
EQ-0287,2026-05-23,0
EQ-0202,2026-05-23,0
EQ-0093,2026-05-23,0
EQ-0087,2026-05-23,0
EQ-0133,2026-05-23,0
EQ-0416,2026-05-23,0
EQ-0045,2026-05-23,0
EQ-0015,2026-05-23,0
EQ-0225,2026-05-23,0
EQ-0236,2026-05-23,0
EQ-0331,2026-05-23,0
EQ-0153,2026-05-23,0
EQ-0370,2026-05-24,0
EQ-0165,2026-05-24,0
EQ-0017,2026-05-24,0
EQ-0278,2026-05-24,0
EQ-0327,2026-05-24,0
EQ-0254,2026-05-24,0
EQ-0195,2026-05-24,0
EQ-0386,2026-05-24,0
EQ-0215,2026-05-24,0
EQ-0413,2026-05-24,0
EQ-0172,2026-05-24,0
EQ-0374,2026-05-24,0
EQ-0228,2026-05-24,0
EQ-0061,2026-05-24,0
EQ-0212,2026-05-24,0
EQ-0235,2026-05-24,0
EQ-0007,2026-05-25,0
EQ-0198,2026-05-25,0
EQ-0065,2026-05-25,0
EQ-0078,2026-05-25,0
EQ-0099,2026-05-25,0
EQ-0312,2026-05-25,0
EQ-0416,2026-05-25,0
EQ-0388,2026-05-25,0
EQ-0052,2026-05-25,0
EQ-0373,2026-05-25,0
EQ-0391,2026-05-25,0
EQ-0102,2026-05-25,0
EQ-0220,2026-05-25,0
EQ-0162,2026-05-25,0
EQ-0332,2026-05-25,0
EQ-0378,2026-05-25,0
EQ-0423,2026-05-25,0
EQ-0003,2026-05-25,0
EQ-0177,2026-05-25,0
EQ-0331,2026-05-25,0
EQ-0303,2026-05-25,0
EQ-0154,2026-05-25,0
EQ-0058,2026-05-25,0
EQ-0266,2026-05-26,0
EQ-0410,2026-05-26,0
EQ-0340,2026-05-26,0
EQ-0398,2026-05-26,0
EQ-0411,2026-05-26,0
EQ-0162,2026-05-26,0
EQ-0274,2026-05-26,0
EQ-0382,2026-05-26,0
EQ-0053,2026-05-26,0
EQ-0063,2026-05-26,0
EQ-0072,2026-05-26,0
EQ-0134,2026-05-26,0
EQ-0013,2026-05-26,0
EQ-0064,2026-05-26,0
EQ-0091,2026-05-26,0
EQ-0311,2026-05-26,0
EQ-0160,2026-05-26,0
EQ-0070,2026-05-26,0
EQ-0389,2026-05-26,0
EQ-0337,2026-05-26,0
EQ-0309,2026-05-26,0
EQ-0038,2026-05-26,0
EQ-0191,2026-05-26,0
EQ-0304,2026-05-26,0
EQ-0256,2026-05-27,0
EQ-0377,2026-05-27,0
EQ-0069,2026-05-27,0
EQ-0349,2026-05-27,0
EQ-0387,2026-05-27,0
EQ-0181,2026-05-27,0
EQ-0293,2026-05-27,0
EQ-0180,2026-05-27,0
EQ-0042,2026-05-27,0
EQ-0036,2026-05-27,0
EQ-0310,2026-05-27,0
EQ-0217,2026-05-27,0
EQ-0145,2026-05-27,0
EQ-0336,2026-05-27,0
EQ-0407,2026-05-27,0
EQ-0437,2026-05-27,0
EQ-0277,2026-05-27,0
EQ-0170,2026-05-27,0
EQ-0010,2026-05-27,0
EQ-0394,2026-05-28,0
EQ-0064,2026-05-28,0
EQ-0232,2026-05-28,0
EQ-0224,2026-05-28,0
EQ-0399,2026-05-28,0
EQ-0254,2026-05-28,0
EQ-0344,2026-05-28,0
EQ-0358,2026-05-28,0
EQ-0021,2026-05-28,0
EQ-0193,2026-05-28,0
EQ-0118,2026-05-28,0
EQ-0333,2026-05-29,0
EQ-0316,2026-05-29,0
EQ-0029,2026-05-29,0
EQ-0385,2026-05-29,0
EQ-0319,2026-05-29,0
EQ-0048,2026-05-29,0
EQ-0106,2026-05-29,0
EQ-0280,2026-05-29,0
EQ-0242,2026-05-29,0
EQ-0431,2026-05-29,0
EQ-0131,2026-05-29,0
EQ-0074,2026-05-29,0
EQ-0206,2026-05-29,0
EQ-0363,2026-05-29,0
EQ-0419,2026-05-29,0
EQ-0006,2026-05-29,0
EQ-0027,2026-05-30,0
EQ-0037,2026-05-30,0
EQ-0329,2026-05-30,0
EQ-0360,2026-05-30,0
EQ-0435,2026-05-30,0
EQ-0326,2026-05-30,0
EQ-0302,2026-05-30,0
EQ-0060,2026-05-30,0
EQ-0010,2026-05-30,0
EQ-0101,2026-05-30,0
EQ-0174,2026-05-30,0
EQ-0396,2026-05-30,0
EQ-0266,2026-05-30,0
EQ-0111,2026-05-30,0
EQ-0022,2026-05-30,0
EQ-0434,2026-05-30,0
EQ-0318,2026-05-30,0
EQ-0249,2026-05-30,0
EQ-0136,2026-05-30,0
EQ-0437,2026-05-30,0
EQ-0230,2026-05-30,0
EQ-0173,2026-05-30,0
EQ-0203,2026-05-31,0
EQ-0283,2026-05-31,0
EQ-0123,2026-05-31,0
EQ-0361,2026-05-31,0
EQ-0339,2026-05-31,0
EQ-0211,2026-05-31,0
EQ-0159,2026-05-31,0
EQ-0267,2026-05-31,0
EQ-0117,2026-05-31,0
EQ-0263,2026-05-31,0
EQ-0146,2026-05-31,0
EQ-0080,2026-05-31,0
EQ-0365,2026-05-31,0
EQ-0071,2026-05-31,0
EQ-0157,2026-05-31,0
EQ-0438,2026-05-31,0
EQ-0050,2026-05-31,0
EQ-0422,2026-05-31,0
EQ-0095,2026-05-31,0
EQ-0033,2026-05-31,0
